location,latitude,longitude,region,source_file,hour,is_night,motion_intensity,seismic_value,thermal_delta,rf_burst_count,object_count,object_type,weather_code,speed_kmh,distance_border,anomaly_score,threat_level,is_false_positive
Galwan Valley,34.4,73.6,J&K LoC,RT_IOT2022.csv,12,0,0.0,0.0,6.67,0,0,DOS_SYN_HPING,0,0.0,1.0,1.0,CRITICAL,1
Kutch Gulf,23.0,68.9,Gujarat Coast,RT_IOT2022.csv,12,0,0.0,0.0,6.67,0,0,DOS_SYN_HPING,0,0.0,1.0,1.0,CRITICAL,1
Wagah Border,31.6,74.6,Punjab Sector,RT_IOT2022.csv,12,0,0.0,0.0,6.67,0,0,DOS_SYN_HPING,0,0.0,1.0,1.0,CRITICAL,1
Doklam Plateau,27.3,89.1,Sikkim Ridge,RT_IOT2022.csv,12,0,0.6205,0.0,6.67,0,0,MQTT_PUBLISH,0,0.0,1.0,1.0,CRITICAL,1
Doklam Plateau,27.3,89.1,Sikkim Ridge,RT_IOT2022.csv,12,0,0.0,0.0,6.67,0,0,DOS_SYN_HPING,0,0.0,1.0,1.0,CRITICAL,1
Rann of Kutch,23.9,70.0,Gujarat Coast,RT_IOT2022.csv,12,0,0.0,0.0,6.67,0,0,DOS_SYN_HPING,0,0.0,1.0,1.0,CRITICAL,1
Galwan Valley,34.4,73.6,J&K LoC,RT_IOT2022.csv,12,0,0.0,0.0,6.67,0,0,DOS_SYN_HPING,0,0.0,1.0,1.0,CRITICAL,1
Barmer Sector,25.7,71.4,Rajasthan Border,RT_IOT2022.csv,12,0,0.0,0.0,6.67,0,0,DOS_SYN_HPING,0,0.0,1.0,1.0,CRITICAL,1
Pangong Tso,33.7,78.9,Ladakh LAC,RT_IOT2022.csv,12,0,0.0,0.0,6.67,0,1,NMAP_XMAS_TREE_SCAN,0,0.0,1.0,1.0,CRITICAL,1
Galwan Valley,34.4,73.6,J&K LoC,RT_IOT2022.csv,12,0,0.0002,0.0,6.67,0,0,THING_SPEAK,0,0.0,1.0,1.0,CRITICAL,1
Nathula Pass,27.4,88.8,Sikkim Ridge,RT_IOT2022.csv,12,0,0.0,0.0,6.67,0,0,DOS_SYN_HPING,0,0.0,1.0,1.0,CRITICAL,1
Mizoram Border,22.7,92.7,Northeast Sector,RT_IOT2022.csv,12,0,0.0,0.0,6.67,0,0,DOS_SYN_HPING,0,0.0,1.0,1.0,CRITICAL,1
Kutch Gulf,23.0,68.9,Gujarat Coast,RT_IOT2022.csv,12,0,0.0,0.0,6.67,0,0,DOS_SYN_HPING,0,0.0,1.0,1.0,CRITICAL,1
Kutch Gulf,23.0,68.9,Gujarat Coast,RT_IOT2022.csv,12,0,0.0,0.0,6.67,0,0,NMAP_UDP_SCAN,0,0.0,1.0,1.0,CRITICAL,1
Barmer Sector,25.7,71.4,Rajasthan Border,RT_IOT2022.csv,12,0,0.0,0.0,6.67,0,0,DOS_SYN_HPING,0,0.0,1.0,1.0,CRITICAL,1
Kutch Gulf,23.0,68.9,Gujarat Coast,RT_IOT2022.csv,12,0,0.0005,0.0,6.67,0,0,THING_SPEAK,0,0.0,1.0,1.0,CRITICAL,1
Nathula Pass,27.4,88.8,Sikkim Ridge,RT_IOT2022.csv,12,0,0.0003,0.0,6.67,0,0,THING_SPEAK,0,0.0,1.0,1.0,CRITICAL,1
Galwan Valley,34.4,73.6,J&K LoC,RT_IOT2022.csv,12,0,0.0,0.0,6.67,0,0,DOS_SYN_HPING,0,0.0,1.0,1.0,CRITICAL,1
Rann of Kutch,23.9,70.0,Gujarat Coast,RT_IOT2022.csv,12,0,0.0,0.0,6.67,0,1,NMAP_XMAS_TREE_SCAN,0,0.0,1.0,1.0,CRITICAL,1
Doklam Plateau,27.3,89.1,Sikkim Ridge,RT_IOT2022.csv,12,0,0.0,0.0,6.67,0,0,DOS_SYN_HPING,0,0.0,1.0,1.0,CRITICAL,1
Nathula Pass,27.4,88.8,Sikkim Ridge,RT_IOT2022.csv,12,0,0.0,0.0,6.67,0,0,DOS_SYN_HPING,0,0.0,1.0,1.0,CRITICAL,1
Anjaw District,28.1,96.3,Arunachal Sector,RT_IOT2022.csv,12,0,0.0,0.0,6.67,0,0,DOS_SYN_HPING,0,0.0,1.0,1.0,CRITICAL,1
Siachen Glacier,35.5,76.9,Ladakh LAC,RT_IOT2022.csv,12,0,0.0,0.0,6.67,0,0,DOS_SYN_HPING,0,0.0,1.0,1.0,CRITICAL,1
Pir Panjal Range,33.5,74.2,J&K LoC,RT_IOT2022.csv,12,0,0.0,0.0,6.67,0,0,DOS_SYN_HPING,0,0.0,1.0,1.0,CRITICAL,1
Kutch Gulf,23.0,68.9,Gujarat Coast,RT_IOT2022.csv,12,0,0.0006,0.0,6.67,0,0,THING_SPEAK,0,0.0,1.0,1.0,CRITICAL,1
Wagah Border,31.6,74.6,Punjab Sector,RT_IOT2022.csv,12,0,0.0087,0.0,6.67,0,2,THING_SPEAK,0,0.0,1.0,1.0,CRITICAL,1
Doklam Plateau,27.3,89.1,Sikkim Ridge,RT_IOT2022.csv,12,0,0.0,0.0,6.67,0,0,DOS_SYN_HPING,0,0.0,1.0,1.0,CRITICAL,1
Rann of Kutch,23.9,70.0,Gujarat Coast,RT_IOT2022.csv,12,0,0.0,0.0,6.67,0,0,DOS_SYN_HPING,0,0.0,1.0,1.0,CRITICAL,1
Lipulekh Pass,30.2,80.3,Uttarakhand Pass,RT_IOT2022.csv,12,0,0.0,0.0,6.67,0,0,DOS_SYN_HPING,0,0.0,1.0,1.0,CRITICAL,1
Doklam Plateau,27.3,89.1,Sikkim Ridge,RT_IOT2022.csv,12,0,0.0,0.0,6.67,0,0,DOS_SYN_HPING,0,0.0,1.0,1.0,CRITICAL,1
Doklam Plateau,27.3,89.1,Sikkim Ridge,RT_IOT2022.csv,12,0,0.0,0.0,6.67,0,0,DOS_SYN_HPING,0,0.0,1.0,1.0,CRITICAL,1
Pangong Tso,33.7,78.9,Ladakh LAC,RT_IOT2022.csv,12,0,0.0,0.0,6.67,0,0,DOS_SYN_HPING,0,0.0,1.0,1.0,CRITICAL,1
Galwan Valley,34.4,73.6,J&K LoC,RT_IOT2022.csv,12,0,0.0,0.0,6.67,0,0,NMAP_TCP_SCAN,0,0.0,1.0,1.0,CRITICAL,1
Lipulekh Pass,30.2,80.3,Uttarakhand Pass,RT_IOT2022.csv,12,0,0.0,0.0,6.67,0,0,DOS_SYN_HPING,0,0.0,1.0,1.0,CRITICAL,1
Pir Panjal Range,33.5,74.2,J&K LoC,RT_IOT2022.csv,12,0,0.0,0.0,6.67,0,0,DOS_SYN_HPING,0,0.0,1.0,1.0,CRITICAL,1
Depsang Plains,35.1,77.8,Ladakh LAC,RT_IOT2022.csv,12,0,0.0,0.0,6.67,0,0,DOS_SYN_HPING,0,0.0,1.0,1.0,CRITICAL,1
Rann of Kutch,23.9,70.0,Gujarat Coast,RT_IOT2022.csv,12,0,0.0,0.0,6.67,0,0,DOS_SYN_HPING,0,0.0,1.0,1.0,CRITICAL,1
Rann of Kutch,23.9,70.0,Gujarat Coast,RT_IOT2022.csv,12,0,0.0,0.0,6.67,0,0,DOS_SYN_HPING,0,0.0,1.0,1.0,CRITICAL,1
Tawang Sector,27.6,91.9,Arunachal Sector,RT_IOT2022.csv,12,0,0.0,0.0,6.67,0,0,DOS_SYN_HPING,0,0.0,1.0,1.0,CRITICAL,1
Wagah Border,31.6,74.6,Punjab Sector,RT_IOT2022.csv,12,0,0.0,0.0,6.67,0,0,DOS_SYN_HPING,0,0.0,1.0,1.0,CRITICAL,1
Siachen Glacier,35.5,76.9,Ladakh LAC,RT_IOT2022.csv,12,0,0.0,0.0,6.67,0,0,DOS_SYN_HPING,0,0.0,1.0,1.0,CRITICAL,1
Kutch Gulf,23.0,68.9,Gujarat Coast,RT_IOT2022.csv,12,0,0.0,0.0,6.67,0,0,DOS_SYN_HPING,0,0.0,1.0,1.0,CRITICAL,1
Barmer Sector,25.7,71.4,Rajasthan Border,RT_IOT2022.csv,12,0,0.0,0.0,6.67,0,0,DOS_SYN_HPING,0,0.0,1.0,1.0,CRITICAL,1
Anjaw District,28.1,96.3,Arunachal Sector,RT_IOT2022.csv,12,0,0.2997,0.0,6.67,0,0,MQTT_PUBLISH,0,0.0,1.0,1.0,CRITICAL,1
Galwan Valley,34.4,73.6,J&K LoC,RT_IOT2022.csv,12,0,0.6197,0.0,6.67,0,0,MQTT_PUBLISH,0,0.0,1.0,1.0,CRITICAL,1
Mizoram Border,22.7,92.7,Northeast Sector,RT_IOT2022.csv,12,0,0.0,0.0,6.67,0,0,DOS_SYN_HPING,0,0.0,1.0,1.0,CRITICAL,1
Doklam Plateau,27.3,89.1,Sikkim Ridge,RT_IOT2022.csv,12,0,0.0,0.0,6.67,0,0,DOS_SYN_HPING,0,0.0,1.0,1.0,CRITICAL,1
Pir Panjal Range,33.5,74.2,J&K LoC,RT_IOT2022.csv,12,0,0.0,0.0,6.67,0,0,DOS_SYN_HPING,0,0.0,1.0,1.0,CRITICAL,1
Barmer Sector,25.7,71.4,Rajasthan Border,RT_IOT2022.csv,12,0,0.0,0.0,6.67,0,0,DOS_SYN_HPING,0,0.0,1.0,1.0,CRITICAL,1
Kutch Gulf,23.0,68.9,Gujarat Coast,RT_IOT2022.csv,12,0,0.0004,0.0,6.67,0,0,THING_SPEAK,0,0.0,1.0,1.0,CRITICAL,1
Kutch Gulf,23.0,68.9,Gujarat Coast,RT_IOT2022.csv,12,0,0.0,0.0,6.67,0,0,DOS_SYN_HPING,0,0.0,1.0,1.0,CRITICAL,1
Siachen Glacier,35.5,76.9,Ladakh LAC,RT_IOT2022.csv,12,0,0.0,0.0,6.67,0,0,DOS_SYN_HPING,0,0.0,1.0,1.0,CRITICAL,1
Anjaw District,28.1,96.3,Arunachal Sector,RT_IOT2022.csv,12,0,0.0,0.0,6.67,0,0,DOS_SYN_HPING,0,0.0,1.0,1.0,CRITICAL,1
Nathula Pass,27.4,88.8,Sikkim Ridge,RT_IOT2022.csv,12,0,0.0,0.0,6.67,0,0,DOS_SYN_HPING,0,0.0,1.0,1.0,CRITICAL,1
Nathula Pass,27.4,88.8,Sikkim Ridge,RT_IOT2022.csv,12,0,0.0,0.0,6.67,0,0,DOS_SYN_HPING,0,0.0,1.0,1.0,CRITICAL,1
Depsang Plains,35.1,77.8,Ladakh LAC,RT_IOT2022.csv,12,0,0.0,0.0,6.67,0,0,NMAP_TCP_SCAN,0,0.0,1.0,1.0,CRITICAL,1
Lipulekh Pass,30.2,80.3,Uttarakhand Pass,RT_IOT2022.csv,12,0,0.0,0.0,6.67,0,0,DOS_SYN_HPING,0,0.0,1.0,1.0,CRITICAL,1
Siachen Glacier,35.5,76.9,Ladakh LAC,RT_IOT2022.csv,12,0,0.0,0.0,6.67,0,0,DOS_SYN_HPING,0,0.0,1.0,1.0,CRITICAL,1
Kutch Gulf,23.0,68.9,Gujarat Coast,RT_IOT2022.csv,12,0,0.0008,0.0,6.67,0,0,ARP_POISIONING,0,0.0,1.0,1.0,CRITICAL,1
Barmer Sector,25.7,71.4,Rajasthan Border,RT_IOT2022.csv,12,0,0.0,0.0,6.67,0,0,DOS_SYN_HPING,0,0.0,1.0,1.0,CRITICAL,1
Pir Panjal Range,33.5,74.2,J&K LoC,RT_IOT2022.csv,12,0,0.0009,0.0,6.67,0,0,THING_SPEAK,0,0.0,1.0,1.0,CRITICAL,1
Kutch Gulf,23.0,68.9,Gujarat Coast,RT_IOT2022.csv,12,0,0.0,0.0,6.67,0,0,DOS_SYN_HPING,0,0.0,1.0,1.0,CRITICAL,1
Anjaw District,28.1,96.3,Arunachal Sector,RT_IOT2022.csv,12,0,0.0,0.0,6.67,0,0,DOS_SYN_HPING,0,0.0,1.0,1.0,CRITICAL,1
Mizoram Border,22.7,92.7,Northeast Sector,RT_IOT2022.csv,12,0,0.0,0.0,6.67,0,0,DOS_SYN_HPING,0,0.0,1.0,1.0,CRITICAL,1
Doklam Plateau,27.3,89.1,Sikkim Ridge,RT_IOT2022.csv,12,0,0.0,0.0,6.67,0,0,DOS_SYN_HPING,0,0.0,1.0,1.0,CRITICAL,1
Tawang Sector,27.6,91.9,Arunachal Sector,RT_IOT2022.csv,12,0,0.0,0.0,6.67,0,0,DOS_SYN_HPING,0,0.0,1.0,1.0,CRITICAL,1
Pir Panjal Range,33.5,74.2,J&K LoC,RT_IOT2022.csv,12,0,0.0,0.0,6.67,0,0,NMAP_UDP_SCAN,0,0.0,1.0,1.0,CRITICAL,1
Anjaw District,28.1,96.3,Arunachal Sector,RT_IOT2022.csv,12,0,0.0,0.0,6.67,0,0,DOS_SYN_HPING,0,0.0,1.0,1.0,CRITICAL,1
Galwan Valley,34.4,73.6,J&K LoC,RT_IOT2022.csv,12,0,0.3196,0.0,6.67,0,0,MQTT_PUBLISH,0,0.0,1.0,1.0,CRITICAL,1
Nathula Pass,27.4,88.8,Sikkim Ridge,RT_IOT2022.csv,12,0,0.0,0.0,6.67,0,0,DOS_SYN_HPING,0,0.0,1.0,1.0,CRITICAL,1
Kutch Gulf,23.0,68.9,Gujarat Coast,RT_IOT2022.csv,12,0,0.0,0.0,6.67,0,0,DOS_SYN_HPING,0,0.0,1.0,1.0,CRITICAL,1
Siachen Glacier,35.5,76.9,Ladakh LAC,RT_IOT2022.csv,12,0,0.0,0.0,6.67,0,0,DOS_SYN_HPING,0,0.0,1.0,1.0,CRITICAL,1
Doklam Plateau,27.3,89.1,Sikkim Ridge,RT_IOT2022.csv,12,0,0.0077,0.0,6.67,0,2,THING_SPEAK,0,0.0,1.0,1.0,CRITICAL,1
Galwan Valley,34.4,73.6,J&K LoC,RT_IOT2022.csv,12,0,0.0,0.0,6.67,0,0,NMAP_UDP_SCAN,0,0.0,1.0,1.0,CRITICAL,1
Barmer Sector,25.7,71.4,Rajasthan Border,RT_IOT2022.csv,12,0,0.6196,0.0,6.67,0,0,MQTT_PUBLISH,0,0.0,1.0,1.0,CRITICAL,1
Nathula Pass,27.4,88.8,Sikkim Ridge,RT_IOT2022.csv,12,0,0.0,0.0,6.67,0,0,DOS_SYN_HPING,0,0.0,1.0,1.0,CRITICAL,1
Tawang Sector,27.6,91.9,Arunachal Sector,RT_IOT2022.csv,12,0,0.0,0.0,6.67,0,0,DOS_SYN_HPING,0,0.0,1.0,1.0,CRITICAL,1
Pangong Tso,33.7,78.9,Ladakh LAC,RT_IOT2022.csv,12,0,0.0,0.0,6.67,0,0,DOS_SYN_HPING,0,0.0,1.0,1.0,CRITICAL,1
Lipulekh Pass,30.2,80.3,Uttarakhand Pass,RT_IOT2022.csv,12,0,0.0,0.0,6.67,0,0,DOS_SYN_HPING,0,0.0,1.0,1.0,CRITICAL,1
Barmer Sector,25.7,71.4,Rajasthan Border,RT_IOT2022.csv,12,0,0.0,0.0,6.67,0,0,ARP_POISIONING,0,0.0,1.0,1.0,CRITICAL,1
Mizoram Border,22.7,92.7,Northeast Sector,RT_IOT2022.csv,12,0,0.0,0.0,6.67,0,0,DOS_SYN_HPING,0,0.0,1.0,1.0,CRITICAL,1
Doklam Plateau,27.3,89.1,Sikkim Ridge,RT_IOT2022.csv,12,0,0.0,0.0,6.67,0,0,DOS_SYN_HPING,0,0.0,1.0,1.0,CRITICAL,1
Siachen Glacier,35.5,76.9,Ladakh LAC,RT_IOT2022.csv,12,0,0.0,0.0,6.67,0,0,NMAP_TCP_SCAN,0,0.0,1.0,1.0,CRITICAL,1
Rann of Kutch,23.9,70.0,Gujarat Coast,RT_IOT2022.csv,12,0,0.0,0.0,6.67,0,0,DOS_SYN_HPING,0,0.0,1.0,1.0,CRITICAL,1
Wagah Border,31.6,74.6,Punjab Sector,RT_IOT2022.csv,12,0,0.6213,0.0,6.67,0,0,MQTT_PUBLISH,0,0.0,1.0,1.0,CRITICAL,1
Barmer Sector,25.7,71.4,Rajasthan Border,RT_IOT2022.csv,12,0,0.0,0.0,6.67,0,0,DOS_SYN_HPING,0,0.0,1.0,1.0,CRITICAL,1
Galwan Valley,34.4,73.6,J&K LoC,RT_IOT2022.csv,12,0,0.3209,0.0,6.67,0,0,MQTT_PUBLISH,0,0.0,1.0,1.0,CRITICAL,1
Tawang Sector,27.6,91.9,Arunachal Sector,RT_IOT2022.csv,12,0,0.0,0.0,6.67,0,0,DOS_SYN_HPING,0,0.0,1.0,1.0,CRITICAL,1
Kutch Gulf,23.0,68.9,Gujarat Coast,RT_IOT2022.csv,12,0,0.0,0.0,6.67,0,0,DOS_SYN_HPING,0,0.0,1.0,1.0,CRITICAL,1
Rann of Kutch,23.9,70.0,Gujarat Coast,RT_IOT2022.csv,12,0,0.0,0.0,6.67,0,0,DOS_SYN_HPING,0,0.0,1.0,1.0,CRITICAL,1
Doklam Plateau,27.3,89.1,Sikkim Ridge,RT_IOT2022.csv,12,0,0.0,0.0,6.67,0,0,DOS_SYN_HPING,0,0.0,1.0,1.0,CRITICAL,1
Rann of Kutch,23.9,70.0,Gujarat Coast,RT_IOT2022.csv,12,0,0.0,0.0,6.67,0,0,DOS_SYN_HPING,0,0.0,1.0,1.0,CRITICAL,1
Rann of Kutch,23.9,70.0,Gujarat Coast,RT_IOT2022.csv,12,0,0.0,0.0,6.67,0,0,DOS_SYN_HPING,0,0.0,1.0,1.0,CRITICAL,1
Anjaw District,28.1,96.3,Arunachal Sector,RT_IOT2022.csv,12,0,0.0509,0.0,6.67,0,2,ARP_POISIONING,0,0.0,1.0,1.0,CRITICAL,1
Pir Panjal Range,33.5,74.2,J&K LoC,RT_IOT2022.csv,12,0,0.0,0.0,6.67,0,0,DOS_SYN_HPING,0,0.0,1.0,1.0,CRITICAL,1
Tawang Sector,27.6,91.9,Arunachal Sector,RT_IOT2022.csv,12,0,0.0,0.0,6.67,0,0,DOS_SYN_HPING,0,0.0,1.0,1.0,CRITICAL,1
Pangong Tso,33.7,78.9,Ladakh LAC,RT_IOT2022.csv,12,0,0.0,0.0,6.67,0,0,DOS_SYN_HPING,0,0.0,1.0,1.0,CRITICAL,1
Barmer Sector,25.7,71.4,Rajasthan Border,RT_IOT2022.csv,12,0,0.0,0.0,6.67,0,0,DOS_SYN_HPING,0,0.0,1.0,1.0,CRITICAL,1
Wagah Border,31.6,74.6,Punjab Sector,RT_IOT2022.csv,12,0,0.0,0.0,6.67,0,0,DOS_SYN_HPING,0,0.0,1.0,0.05,CRITICAL,1
Siachen Glacier,35.5,76.9,Ladakh LAC,RT_IOT2022.csv,12,0,0.0,0.0,6.67,0,0,NMAP_UDP_SCAN,0,0.0,1.0,1.0,CRITICAL,1
Rann of Kutch,23.9,70.0,Gujarat Coast,RT_IOT2022.csv,12,0,0.0,0.0,6.67,0,0,DOS_SYN_HPING,0,0.0,1.0,1.0,CRITICAL,1
Siachen Glacier,35.5,76.9,Ladakh LAC,RT_IOT2022.csv,12,0,0.0,0.0,6.67,0,0,DOS_SYN_HPING,0,0.0,1.0,1.0,CRITICAL,1
Rann of Kutch,23.9,70.0,Gujarat Coast,RT_IOT2022.csv,12,0,0.0,0.0,6.67,0,0,DOS_SYN_HPING,0,0.0,1.0,1.0,CRITICAL,1
Depsang Plains,35.1,77.8,Ladakh LAC,RT_IOT2022.csv,12,0,0.0,0.0,6.67,0,0,DOS_SYN_HPING,0,0.0,1.0,1.0,CRITICAL,1
Kutch Gulf,23.0,68.9,Gujarat Coast,RT_IOT2022.csv,12,0,0.1329,0.0,6.67,0,2,ARP_POISIONING,0,2611730.96,1.0,1.0,CRITICAL,1
Kutch Gulf,23.0,68.9,Gujarat Coast,RT_IOT2022.csv,12,0,0.0,0.0,6.67,0,0,DOS_SYN_HPING,0,0.0,1.0,1.0,CRITICAL,1
Kutch Gulf,23.0,68.9,Gujarat Coast,RT_IOT2022.csv,12,0,0.0,0.0,6.67,0,0,DOS_SYN_HPING,0,0.0,1.0,1.0,CRITICAL,1
Wagah Border,31.6,74.6,Punjab Sector,RT_IOT2022.csv,12,0,0.0,0.0,6.67,0,0,ARP_POISIONING,0,0.0,1.0,1.0,CRITICAL,1
Nathula Pass,27.4,88.8,Sikkim Ridge,RT_IOT2022.csv,12,0,0.0,0.0,6.67,0,0,DOS_SYN_HPING,0,0.0,1.0,1.0,CRITICAL,1
Barmer Sector,25.7,71.4,Rajasthan Border,RT_IOT2022.csv,12,0,0.0,0.0,6.67,0,0,DOS_SYN_HPING,0,0.0,1.0,1.0,CRITICAL,1
Tawang Sector,27.6,91.9,Arunachal Sector,RT_IOT2022.csv,12,0,0.0,0.0,6.67,0,0,DOS_SYN_HPING,0,0.0,1.0,1.0,CRITICAL,1
Kutch Gulf,23.0,68.9,Gujarat Coast,RT_IOT2022.csv,12,0,0.0,0.0,6.67,0,0,DOS_SYN_HPING,0,0.0,1.0,1.0,CRITICAL,1
Lipulekh Pass,30.2,80.3,Uttarakhand Pass,RT_IOT2022.csv,12,0,0.0,0.0,6.67,0,0,DOS_SYN_HPING,0,0.0,1.0,1.0,CRITICAL,1
Doklam Plateau,27.3,89.1,Sikkim Ridge,RT_IOT2022.csv,12,0,0.0,0.0,6.67,0,0,DOS_SYN_HPING,0,0.0,1.0,1.0,CRITICAL,1
Nathula Pass,27.4,88.8,Sikkim Ridge,RT_IOT2022.csv,12,0,0.0,0.0,6.67,0,0,DOS_SYN_HPING,0,0.0,1.0,1.0,CRITICAL,1
Lipulekh Pass,30.2,80.3,Uttarakhand Pass,RT_IOT2022.csv,12,0,0.0,0.0,6.67,0,0,DOS_SYN_HPING,0,0.0,1.0,1.0,CRITICAL,1
Depsang Plains,35.1,77.8,Ladakh LAC,RT_IOT2022.csv,12,0,0.0,0.0,6.67,0,0,DOS_SYN_HPING,0,0.0,1.0,1.0,CRITICAL,1
Siachen Glacier,35.5,76.9,Ladakh LAC,RT_IOT2022.csv,12,0,0.0,0.0,6.67,0,1,NMAP_XMAS_TREE_SCAN,0,0.0,1.0,1.0,CRITICAL,1
Pangong Tso,33.7,78.9,Ladakh LAC,RT_IOT2022.csv,12,0,0.0,0.0,6.67,0,0,NMAP_OS_DETECTION,0,0.0,1.0,1.0,CRITICAL,1
Galwan Valley,34.4,73.6,J&K LoC,RT_IOT2022.csv,12,0,0.0,0.0,6.67,0,0,DOS_SYN_HPING,0,0.0,1.0,1.0,CRITICAL,1
Doklam Plateau,27.3,89.1,Sikkim Ridge,RT_IOT2022.csv,12,0,0.0,0.0,6.67,0,0,DOS_SYN_HPING,0,0.0,1.0,1.0,CRITICAL,1
Barmer Sector,25.7,71.4,Rajasthan Border,RT_IOT2022.csv,12,0,0.0,0.0,6.67,0,0,DOS_SYN_HPING,0,0.0,1.0,1.0,CRITICAL,1
Wagah Border,31.6,74.6,Punjab Sector,RT_IOT2022.csv,12,0,0.0,0.0,6.67,0,0,DOS_SYN_HPING,0,0.0,1.0,1.0,CRITICAL,1
Nathula Pass,27.4,88.8,Sikkim Ridge,RT_IOT2022.csv,12,0,0.0,0.0,6.67,0,0,DOS_SYN_HPING,0,0.0,1.0,1.0,CRITICAL,1
Rann of Kutch,23.9,70.0,Gujarat Coast,RT_IOT2022.csv,12,0,0.0,0.0,6.67,0,0,DOS_SYN_HPING,0,0.0,1.0,1.0,CRITICAL,1
Lipulekh Pass,30.2,80.3,Uttarakhand Pass,RT_IOT2022.csv,12,0,0.0,0.0,6.67,0,0,DOS_SYN_HPING,0,0.0,1.0,1.0,CRITICAL,1
Galwan Valley,34.4,73.6,J&K LoC,RT_IOT2022.csv,12,0,0.0,0.0,6.67,0,0,DOS_SYN_HPING,0,0.0,1.0,1.0,CRITICAL,1
Kutch Gulf,23.0,68.9,Gujarat Coast,RT_IOT2022.csv,12,0,0.0,0.0,6.67,0,0,DOS_SYN_HPING,0,0.0,1.0,1.0,CRITICAL,1
Lipulekh Pass,30.2,80.3,Uttarakhand Pass,RT_IOT2022.csv,12,0,0.0,0.0,6.67,0,0,DOS_SYN_HPING,0,0.0,1.0,1.0,CRITICAL,1
Wagah Border,31.6,74.6,Punjab Sector,RT_IOT2022.csv,12,0,0.0,0.0,6.67,0,0,DOS_SYN_HPING,0,0.0,1.0,1.0,CRITICAL,1
Lipulekh Pass,30.2,80.3,Uttarakhand Pass,RT_IOT2022.csv,12,0,0.0,0.0,6.67,0,0,DOS_SYN_HPING,0,0.0,1.0,1.0,CRITICAL,1
Lipulekh Pass,30.2,80.3,Uttarakhand Pass,RT_IOT2022.csv,12,0,0.0,0.0,6.67,0,0,DOS_SYN_HPING,0,0.0,1.0,1.0,CRITICAL,1
Galwan Valley,34.4,73.6,J&K LoC,RT_IOT2022.csv,12,0,0.0,0.0,6.67,0,0,DOS_SYN_HPING,0,0.0,1.0,1.0,CRITICAL,1
Lipulekh Pass,30.2,80.3,Uttarakhand Pass,RT_IOT2022.csv,12,0,0.0,0.0,6.67,0,0,DOS_SYN_HPING,0,0.0,1.0,1.0,CRITICAL,1
Kutch Gulf,23.0,68.9,Gujarat Coast,RT_IOT2022.csv,12,0,0.0,0.0,6.67,0,0,DOS_SYN_HPING,0,0.0,1.0,1.0,CRITICAL,1
Tawang Sector,27.6,91.9,Arunachal Sector,RT_IOT2022.csv,12,0,0.0,0.0,6.67,0,0,DOS_SYN_HPING,0,0.0,1.0,1.0,CRITICAL,1
Wagah Border,31.6,74.6,Punjab Sector,RT_IOT2022.csv,12,0,0.0,0.0,6.67,0,0,DOS_SYN_HPING,0,0.0,1.0,1.0,CRITICAL,1
Depsang Plains,35.1,77.8,Ladakh LAC,RT_IOT2022.csv,12,0,0.0,0.0,6.67,0,0,ARP_POISIONING,0,0.0,1.0,1.0,CRITICAL,1
Anjaw District,28.1,96.3,Arunachal Sector,RT_IOT2022.csv,12,0,0.0,0.0,6.67,0,0,DOS_SYN_HPING,0,0.0,1.0,1.0,CRITICAL,1
Doklam Plateau,27.3,89.1,Sikkim Ridge,RT_IOT2022.csv,12,0,0.0,0.0,6.67,0,0,DOS_SYN_HPING,0,0.0,1.0,1.0,CRITICAL,1
Mizoram Border,22.7,92.7,Northeast Sector,RT_IOT2022.csv,12,0,0.0,0.0,6.67,0,0,DOS_SYN_HPING,0,0.0,1.0,1.0,CRITICAL,1
Pangong Tso,33.7,78.9,Ladakh LAC,RT_IOT2022.csv,12,0,0.0,0.0,6.67,0,0,DOS_SYN_HPING,0,0.0,1.0,1.0,CRITICAL,1
Tawang Sector,27.6,91.9,Arunachal Sector,RT_IOT2022.csv,12,0,0.0,0.0,6.67,0,0,DOS_SYN_HPING,0,0.0,1.0,1.0,CRITICAL,1
Doklam Plateau,27.3,89.1,Sikkim Ridge,RT_IOT2022.csv,12,0,0.0,0.0,6.67,0,0,DOS_SYN_HPING,0,0.0,1.0,1.0,CRITICAL,1
Mizoram Border,22.7,92.7,Northeast Sector,RT_IOT2022.csv,12,0,0.0,0.0,6.67,0,0,NMAP_OS_DETECTION,0,0.0,1.0,1.0,CRITICAL,1
Rann of Kutch,23.9,70.0,Gujarat Coast,RT_IOT2022.csv,12,0,0.0,0.0,6.67,0,0,DOS_SYN_HPING,0,0.0,1.0,1.0,CRITICAL,1
Depsang Plains,35.1,77.8,Ladakh LAC,RT_IOT2022.csv,12,0,0.0,0.0,6.67,0,0,DOS_SYN_HPING,0,0.0,1.0,1.0,CRITICAL,1
Pangong Tso,33.7,78.9,Ladakh LAC,RT_IOT2022.csv,12,0,0.0,0.0,6.67,0,0,DOS_SYN_HPING,0,0.0,1.0,1.0,CRITICAL,1
Rann of Kutch,23.9,70.0,Gujarat Coast,RT_IOT2022.csv,12,0,0.0004,0.0,6.67,0,0,THING_SPEAK,0,0.0,1.0,1.0,CRITICAL,1
Depsang Plains,35.1,77.8,Ladakh LAC,RT_IOT2022.csv,12,0,0.0,0.0,6.67,0,0,DOS_SYN_HPING,0,0.0,1.0,1.0,CRITICAL,1
Rann of Kutch,23.9,70.0,Gujarat Coast,RT_IOT2022.csv,12,0,0.0,0.0,6.67,0,0,DOS_SYN_HPING,0,0.0,1.0,1.0,CRITICAL,1
Tawang Sector,27.6,91.9,Arunachal Sector,RT_IOT2022.csv,12,0,0.0,0.0,6.67,0,0,DOS_SYN_HPING,0,0.0,1.0,1.0,CRITICAL,1
Pir Panjal Range,33.5,74.2,J&K LoC,RT_IOT2022.csv,12,0,0.0,0.0,6.67,0,0,DOS_SYN_HPING,0,0.0,1.0,1.0,CRITICAL,1
Tawang Sector,27.6,91.9,Arunachal Sector,RT_IOT2022.csv,12,0,0.0,0.0,6.67,0,0,DOS_SYN_HPING,0,0.0,1.0,1.0,CRITICAL,1
Doklam Plateau,27.3,89.1,Sikkim Ridge,RT_IOT2022.csv,12,0,0.0,0.0,6.67,0,0,DOS_SYN_HPING,0,0.0,1.0,1.0,CRITICAL,1
Wagah Border,31.6,74.6,Punjab Sector,RT_IOT2022.csv,12,0,0.0,0.0,6.67,0,0,DOS_SYN_HPING,0,0.0,1.0,1.0,CRITICAL,1
Galwan Valley,34.4,73.6,J&K LoC,RT_IOT2022.csv,12,0,0.0,0.0,6.67,0,0,DOS_SYN_HPING,0,0.0,1.0,1.0,CRITICAL,1
Lipulekh Pass,30.2,80.3,Uttarakhand Pass,RT_IOT2022.csv,12,0,0.0,0.0,6.67,0,0,DOS_SYN_HPING,0,0.0,1.0,1.0,CRITICAL,1
Nathula Pass,27.4,88.8,Sikkim Ridge,RT_IOT2022.csv,12,0,0.0,0.0,6.67,0,0,DOS_SYN_HPING,0,0.0,1.0,1.0,CRITICAL,1
Kutch Gulf,23.0,68.9,Gujarat Coast,RT_IOT2022.csv,12,0,0.0003,0.0,6.67,0,0,THING_SPEAK,0,0.0,1.0,1.0,CRITICAL,1
Mizoram Border,22.7,92.7,Northeast Sector,RT_IOT2022.csv,12,0,0.0,0.0,6.67,0,0,DOS_SYN_HPING,0,0.0,1.0,1.0,CRITICAL,1
Wagah Border,31.6,74.6,Punjab Sector,RT_IOT2022.csv,12,0,0.0,0.0,6.67,0,0,DOS_SYN_HPING,0,0.0,1.0,1.0,CRITICAL,1
Doklam Plateau,27.3,89.1,Sikkim Ridge,RT_IOT2022.csv,12,0,0.0,0.0,6.67,0,0,ARP_POISIONING,0,0.0,1.0,1.0,CRITICAL,1
Doklam Plateau,27.3,89.1,Sikkim Ridge,RT_IOT2022.csv,12,0,0.0,0.0,6.67,0,0,DOS_SYN_HPING,0,0.0,1.0,1.0,CRITICAL,1
Doklam Plateau,27.3,89.1,Sikkim Ridge,RT_IOT2022.csv,12,0,0.0,0.0,6.67,0,0,DOS_SYN_HPING,0,0.0,1.0,1.0,CRITICAL,1
Rann of Kutch,23.9,70.0,Gujarat Coast,RT_IOT2022.csv,12,0,0.0,0.0,6.67,0,0,DOS_SYN_HPING,0,0.0,1.0,1.0,CRITICAL,1
Tawang Sector,27.6,91.9,Arunachal Sector,RT_IOT2022.csv,12,0,0.0,0.0,6.67,0,0,DOS_SYN_HPING,0,0.0,1.0,1.0,CRITICAL,1
Siachen Glacier,35.5,76.9,Ladakh LAC,RT_IOT2022.csv,12,0,0.0,0.0,6.67,0,0,DOS_SYN_HPING,0,0.0,1.0,1.0,CRITICAL,1
Anjaw District,28.1,96.3,Arunachal Sector,RT_IOT2022.csv,12,0,0.0,0.0,6.67,0,0,NMAP_UDP_SCAN,0,0.0,1.0,1.0,CRITICAL,1
Depsang Plains,35.1,77.8,Ladakh LAC,RT_IOT2022.csv,12,0,0.0,0.0,6.67,0,0,ARP_POISIONING,0,0.0,1.0,1.0,CRITICAL,1
Galwan Valley,34.4,73.6,J&K LoC,RT_IOT2022.csv,12,0,0.0,0.0,6.67,0,0,DOS_SYN_HPING,0,0.0,1.0,1.0,CRITICAL,1
Galwan Valley,34.4,73.6,J&K LoC,RT_IOT2022.csv,12,0,0.0,0.0,6.67,0,0,DOS_SYN_HPING,0,0.0,1.0,1.0,CRITICAL,1
Kutch Gulf,23.0,68.9,Gujarat Coast,RT_IOT2022.csv,12,0,0.0,0.0,6.67,0,0,DOS_SYN_HPING,0,0.0,1.0,1.0,CRITICAL,1
Barmer Sector,25.7,71.4,Rajasthan Border,RT_IOT2022.csv,12,0,0.0003,0.0,6.67,0,0,THING_SPEAK,0,0.0,1.0,1.0,CRITICAL,1
Barmer Sector,25.7,71.4,Rajasthan Border,RT_IOT2022.csv,12,0,0.6196,0.0,6.67,0,0,MQTT_PUBLISH,0,0.0,1.0,1.0,CRITICAL,1
Doklam Plateau,27.3,89.1,Sikkim Ridge,RT_IOT2022.csv,12,0,0.0,0.0,6.67,0,0,DOS_SYN_HPING,0,0.0,1.0,1.0,CRITICAL,1
Barmer Sector,25.7,71.4,Rajasthan Border,RT_IOT2022.csv,12,0,0.0154,0.0,6.67,0,2,THING_SPEAK,0,0.0,1.0,1.0,CRITICAL,1
Siachen Glacier,35.5,76.9,Ladakh LAC,RT_IOT2022.csv,12,0,0.2578,0.0,6.67,0,2,ARP_POISIONING,0,0.0,1.0,1.0,CRITICAL,1
Pir Panjal Range,33.5,74.2,J&K LoC,RT_IOT2022.csv,12,0,0.0,0.0,6.67,0,0,DOS_SYN_HPING,0,0.0,1.0,1.0,CRITICAL,1
Nathula Pass,27.4,88.8,Sikkim Ridge,RT_IOT2022.csv,12,0,0.0,0.0,6.67,0,0,DOS_SYN_HPING,0,0.0,1.0,1.0,CRITICAL,1
Mizoram Border,22.7,92.7,Northeast Sector,RT_IOT2022.csv,12,0,0.0,0.0,6.67,0,0,DOS_SYN_HPING,0,0.0,1.0,1.0,CRITICAL,1
Siachen Glacier,35.5,76.9,Ladakh LAC,RT_IOT2022.csv,12,0,0.0,0.0,6.67,0,0,DOS_SYN_HPING,0,0.0,1.0,1.0,CRITICAL,1
Nathula Pass,27.4,88.8,Sikkim Ridge,RT_IOT2022.csv,12,0,0.0,0.0,6.67,0,0,DOS_SYN_HPING,0,0.0,1.0,1.0,CRITICAL,1
Barmer Sector,25.7,71.4,Rajasthan Border,RT_IOT2022.csv,12,0,0.0,0.0,6.67,0,0,DOS_SYN_HPING,0,0.0,1.0,1.0,CRITICAL,1
Nathula Pass,27.4,88.8,Sikkim Ridge,RT_IOT2022.csv,12,0,0.0005,0.0,6.67,0,0,THING_SPEAK,0,0.0,1.0,1.0,CRITICAL,1
Doklam Plateau,27.3,89.1,Sikkim Ridge,RT_IOT2022.csv,12,0,0.0,0.0,6.67,0,0,DOS_SYN_HPING,0,0.0,1.0,1.0,CRITICAL,1
Siachen Glacier,35.5,76.9,Ladakh LAC,RT_IOT2022.csv,12,0,0.0,0.0,6.67,0,0,DOS_SYN_HPING,0,0.0,1.0,1.0,CRITICAL,1
Anjaw District,28.1,96.3,Arunachal Sector,RT_IOT2022.csv,12,0,0.0,0.0,6.67,0,0,ARP_POISIONING,0,0.0,1.0,1.0,CRITICAL,1
Pangong Tso,33.7,78.9,Ladakh LAC,RT_IOT2022.csv,12,0,0.0,0.0,6.67,0,0,DOS_SYN_HPING,0,0.0,1.0,1.0,CRITICAL,1
Tawang Sector,27.6,91.9,Arunachal Sector,RT_IOT2022.csv,12,0,0.0,0.0,6.67,0,0,NMAP_OS_DETECTION,0,0.0,1.0,1.0,CRITICAL,1
Barmer Sector,25.7,71.4,Rajasthan Border,RT_IOT2022.csv,12,0,0.0,0.0,6.67,0,0,NMAP_OS_DETECTION,0,0.0,1.0,1.0,CRITICAL,1
Wagah Border,31.6,74.6,Punjab Sector,RT_IOT2022.csv,12,0,0.0,0.0,6.67,0,0,DOS_SYN_HPING,0,0.0,1.0,1.0,CRITICAL,1
Wagah Border,31.6,74.6,Punjab Sector,RT_IOT2022.csv,12,0,0.0,0.0,6.67,0,0,ARP_POISIONING,0,0.0,1.0,1.0,CRITICAL,1
Anjaw District,28.1,96.3,Arunachal Sector,RT_IOT2022.csv,12,0,0.0,0.0,6.67,0,0,DOS_SYN_HPING,0,0.0,1.0,1.0,CRITICAL,1
Mizoram Border,22.7,92.7,Northeast Sector,RT_IOT2022.csv,12,0,0.0,0.0,6.67,0,0,DOS_SYN_HPING,0,0.0,1.0,1.0,CRITICAL,1
Galwan Valley,34.4,73.6,J&K LoC,RT_IOT2022.csv,12,0,0.0,0.0,6.67,0,0,DOS_SYN_HPING,0,0.0,1.0,1.0,CRITICAL,1
Anjaw District,28.1,96.3,Arunachal Sector,RT_IOT2022.csv,12,0,0.0,0.0,6.67,0,0,DOS_SYN_HPING,0,0.0,1.0,1.0,CRITICAL,1
Galwan Valley,34.4,73.6,J&K LoC,RT_IOT2022.csv,12,0,0.0,0.0,6.67,0,0,DOS_SYN_HPING,0,0.0,1.0,1.0,CRITICAL,1
Anjaw District,28.1,96.3,Arunachal Sector,RT_IOT2022.csv,12,0,0.0,0.0,6.67,0,0,DOS_SYN_HPING,0,0.0,1.0,1.0,CRITICAL,1
Mizoram Border,22.7,92.7,Northeast Sector,RT_IOT2022.csv,12,0,0.0156,0.0,6.67,0,2,THING_SPEAK,0,0.0,1.0,1.0,CRITICAL,1
Anjaw District,28.1,96.3,Arunachal Sector,RT_IOT2022.csv,12,0,0.0,0.0,6.67,0,0,DOS_SYN_HPING,0,0.0,1.0,1.0,CRITICAL,1
Pir Panjal Range,33.5,74.2,J&K LoC,RT_IOT2022.csv,12,0,0.0,0.0,6.67,0,0,DOS_SYN_HPING,0,0.0,1.0,1.0,CRITICAL,1
Nathula Pass,27.4,88.8,Sikkim Ridge,RT_IOT2022.csv,12,0,0.0,0.0,6.67,0,0,DOS_SYN_HPING,0,0.0,1.0,1.0,CRITICAL,1
Barmer Sector,25.7,71.4,Rajasthan Border,RT_IOT2022.csv,12,0,0.0,0.0,6.67,0,0,DOS_SYN_HPING,0,0.0,1.0,1.0,CRITICAL,1
Doklam Plateau,27.3,89.1,Sikkim Ridge,RT_IOT2022.csv,12,0,0.0,0.0,6.67,0,0,DOS_SYN_HPING,0,0.0,1.0,1.0,CRITICAL,1
Pangong Tso,33.7,78.9,Ladakh LAC,RT_IOT2022.csv,12,0,0.0,0.0,6.67,0,0,DOS_SYN_HPING,0,0.0,1.0,1.0,CRITICAL,1
Kutch Gulf,23.0,68.9,Gujarat Coast,RT_IOT2022.csv,12,0,0.0086,0.0,6.67,0,2,THING_SPEAK,0,0.0,1.0,1.0,CRITICAL,1
Mizoram Border,22.7,92.7,Northeast Sector,RT_IOT2022.csv,12,0,0.0,0.0,6.67,0,1,NMAP_XMAS_TREE_SCAN,0,0.0,1.0,1.0,CRITICAL,1
Pangong Tso,33.7,78.9,Ladakh LAC,RT_IOT2022.csv,12,0,0.0,0.0,6.67,0,0,ARP_POISIONING,0,0.0,1.0,1.0,CRITICAL,1
Kutch Gulf,23.0,68.9,Gujarat Coast,RT_IOT2022.csv,12,0,0.2994,0.0,6.67,0,0,MQTT_PUBLISH,0,0.0,1.0,1.0,CRITICAL,1
Pangong Tso,33.7,78.9,Ladakh LAC,RT_IOT2022.csv,12,0,0.0,0.0,6.67,0,0,DOS_SYN_HPING,0,0.0,1.0,1.0,CRITICAL,1
Barmer Sector,25.7,71.4,Rajasthan Border,RT_IOT2022.csv,12,0,0.0,0.0,6.67,0,0,DOS_SYN_HPING,0,0.0,1.0,1.0,CRITICAL,1
Kutch Gulf,23.0,68.9,Gujarat Coast,RT_IOT2022.csv,12,0,0.0,0.0,6.67,0,0,DOS_SYN_HPING,0,0.0,1.0,1.0,CRITICAL,1
Doklam Plateau,27.3,89.1,Sikkim Ridge,RT_IOT2022.csv,12,0,0.6197,0.0,6.67,0,0,MQTT_PUBLISH,0,0.0,1.0,1.0,CRITICAL,1
Kutch Gulf,23.0,68.9,Gujarat Coast,RT_IOT2022.csv,12,0,0.0,0.0,6.67,0,0,ARP_POISIONING,0,0.0,1.0,1.0,CRITICAL,1
Tawang Sector,27.6,91.9,Arunachal Sector,RT_IOT2022.csv,12,0,0.0,0.0,6.67,0,0,DOS_SYN_HPING,0,0.0,1.0,1.0,CRITICAL,1
Galwan Valley,34.4,73.6,J&K LoC,RT_IOT2022.csv,12,0,0.0,0.0,6.67,0,0,DOS_SYN_HPING,0,0.0,1.0,1.0,CRITICAL,1
Galwan Valley,34.4,73.6,J&K LoC,RT_IOT2022.csv,12,0,0.0,0.0,6.67,0,0,DOS_SYN_HPING,0,0.0,1.0,1.0,CRITICAL,1
Doklam Plateau,27.3,89.1,Sikkim Ridge,RT_IOT2022.csv,12,0,0.0,0.0,6.67,0,0,DOS_SYN_HPING,0,0.0,1.0,1.0,CRITICAL,1
Pir Panjal Range,33.5,74.2,J&K LoC,RT_IOT2022.csv,12,0,0.0,0.0,6.67,0,0,DOS_SYN_HPING,0,0.0,1.0,1.0,CRITICAL,1
Galwan Valley,34.4,73.6,J&K LoC,RT_IOT2022.csv,12,0,0.0,0.0,6.67,0,0,DOS_SYN_HPING,0,0.0,1.0,1.0,CRITICAL,1
Doklam Plateau,27.3,89.1,Sikkim Ridge,RT_IOT2022.csv,12,0,0.0,0.0,6.67,0,0,DOS_SYN_HPING,0,0.0,1.0,1.0,CRITICAL,1
Barmer Sector,25.7,71.4,Rajasthan Border,RT_IOT2022.csv,12,0,0.0,0.0,6.67,0,0,DOS_SYN_HPING,0,0.0,1.0,1.0,CRITICAL,1
Pangong Tso,33.7,78.9,Ladakh LAC,RT_IOT2022.csv,12,0,0.0,0.0,6.67,0,0,DOS_SYN_HPING,0,0.0,1.0,1.0,CRITICAL,1
Barmer Sector,25.7,71.4,Rajasthan Border,RT_IOT2022.csv,12,0,0.0,0.0,6.67,0,0,ARP_POISIONING,0,0.0,1.0,1.0,CRITICAL,1
Tawang Sector,27.6,91.9,Arunachal Sector,RT_IOT2022.csv,12,0,0.0078,0.0,6.67,0,2,THING_SPEAK,0,0.0,1.0,1.0,CRITICAL,1
Rann of Kutch,23.9,70.0,Gujarat Coast,RT_IOT2022.csv,12,0,0.0,0.0,6.67,0,0,NMAP_OS_DETECTION,0,0.0,1.0,1.0,CRITICAL,1
Lipulekh Pass,30.2,80.3,Uttarakhand Pass,RT_IOT2022.csv,12,0,0.0152,0.0,6.67,0,2,THING_SPEAK,0,0.0,1.0,1.0,CRITICAL,1
Lipulekh Pass,30.2,80.3,Uttarakhand Pass,RT_IOT2022.csv,12,0,0.0,0.0,6.67,0,0,DOS_SYN_HPING,0,0.0,1.0,1.0,CRITICAL,1
Siachen Glacier,35.5,76.9,Ladakh LAC,RT_IOT2022.csv,12,0,0.0,0.0,6.67,0,0,DOS_SYN_HPING,0,0.0,1.0,1.0,CRITICAL,1
Doklam Plateau,27.3,89.1,Sikkim Ridge,RT_IOT2022.csv,12,0,0.0594,0.0,6.67,0,0,MQTT_PUBLISH,0,0.0,1.0,1.0,CRITICAL,1
Rann of Kutch,23.9,70.0,Gujarat Coast,RT_IOT2022.csv,12,0,0.0,0.0,6.67,0,0,DOS_SYN_HPING,0,0.0,1.0,1.0,CRITICAL,1
Depsang Plains,35.1,77.8,Ladakh LAC,RT_IOT2022.csv,12,0,0.0013,0.0,6.67,0,0,ARP_POISIONING,0,0.0,1.0,1.0,CRITICAL,1
Kutch Gulf,23.0,68.9,Gujarat Coast,RT_IOT2022.csv,12,0,0.0,0.0,6.67,0,0,DOS_SYN_HPING,0,0.0,1.0,1.0,CRITICAL,1
Nathula Pass,27.4,88.8,Sikkim Ridge,RT_IOT2022.csv,12,0,0.0,0.0,6.67,0,0,DOS_SYN_HPING,0,0.0,1.0,1.0,CRITICAL,1
Barmer Sector,25.7,71.4,Rajasthan Border,RT_IOT2022.csv,12,0,0.0,0.0,6.67,0,0,DOS_SYN_HPING,0,0.0,1.0,1.0,CRITICAL,1
Wagah Border,31.6,74.6,Punjab Sector,RT_IOT2022.csv,12,0,0.0,0.0,6.67,0,0,DOS_SYN_HPING,0,0.0,1.0,1.0,CRITICAL,1
Doklam Plateau,27.3,89.1,Sikkim Ridge,RT_IOT2022.csv,12,0,0.0,0.0,6.67,0,0,DOS_SYN_HPING,0,0.0,1.0,1.0,CRITICAL,1
Tawang Sector,27.6,91.9,Arunachal Sector,RT_IOT2022.csv,12,0,0.0089,0.0,6.67,0,2,THING_SPEAK,0,0.0,1.0,1.0,CRITICAL,1
Wagah Border,31.6,74.6,Punjab Sector,RT_IOT2022.csv,12,0,0.0,0.0,6.67,0,0,DOS_SYN_HPING,0,0.0,1.0,1.0,CRITICAL,1
Siachen Glacier,35.5,76.9,Ladakh LAC,RT_IOT2022.csv,12,0,0.0,0.0,6.67,0,0,DOS_SYN_HPING,0,0.0,1.0,1.0,CRITICAL,1
Lipulekh Pass,30.2,80.3,Uttarakhand Pass,RT_IOT2022.csv,12,0,0.0,0.0,6.67,0,0,DOS_SYN_HPING,0,0.0,1.0,1.0,CRITICAL,1
Galwan Valley,34.4,73.6,J&K LoC,RT_IOT2022.csv,12,0,0.0,0.0,6.67,0,0,DOS_SYN_HPING,0,0.0,1.0,1.0,CRITICAL,1
Wagah Border,31.6,74.6,Punjab Sector,RT_IOT2022.csv,12,0,0.0,0.0,6.67,0,0,DOS_SYN_HPING,0,0.0,1.0,1.0,CRITICAL,1
Wagah Border,31.6,74.6,Punjab Sector,RT_IOT2022.csv,12,0,0.0,0.0,6.67,0,0,DOS_SYN_HPING,0,0.0,1.0,1.0,CRITICAL,1
Galwan Valley,34.4,73.6,J&K LoC,RT_IOT2022.csv,12,0,0.0,0.0,6.67,0,0,DOS_SYN_HPING,0,0.0,1.0,1.0,CRITICAL,1
Kutch Gulf,23.0,68.9,Gujarat Coast,RT_IOT2022.csv,12,0,0.0009,0.0,6.67,0,0,ARP_POISIONING,0,0.0,1.0,1.0,CRITICAL,1
Doklam Plateau,27.3,89.1,Sikkim Ridge,RT_IOT2022.csv,12,0,0.0,0.0,6.67,0,0,NMAP_UDP_SCAN,0,0.0,1.0,1.0,CRITICAL,1
Kutch Gulf,23.0,68.9,Gujarat Coast,RT_IOT2022.csv,12,0,0.0,0.0,6.67,0,0,DOS_SYN_HPING,0,0.0,1.0,1.0,CRITICAL,1
Depsang Plains,35.1,77.8,Ladakh LAC,RT_IOT2022.csv,12,0,0.0,0.0,6.67,0,0,DOS_SYN_HPING,0,0.0,1.0,1.0,CRITICAL,1
Siachen Glacier,35.5,76.9,Ladakh LAC,RT_IOT2022.csv,12,0,0.0,0.0,6.67,0,0,DOS_SYN_HPING,0,0.0,1.0,1.0,CRITICAL,1
Nathula Pass,27.4,88.8,Sikkim Ridge,RT_IOT2022.csv,12,0,0.0,0.0,6.67,0,0,DOS_SYN_HPING,0,0.0,1.0,1.0,CRITICAL,1
Siachen Glacier,35.5,76.9,Ladakh LAC,RT_IOT2022.csv,12,0,0.0,0.0,6.67,0,0,ARP_POISIONING,0,0.0,1.0,1.0,CRITICAL,1
Tawang Sector,27.6,91.9,Arunachal Sector,RT_IOT2022.csv,12,0,0.0,0.0,6.67,0,0,DOS_SYN_HPING,0,0.0,1.0,1.0,CRITICAL,1
Wagah Border,31.6,74.6,Punjab Sector,RT_IOT2022.csv,12,0,0.0,0.0,6.67,0,0,DOS_SYN_HPING,0,0.0,1.0,1.0,CRITICAL,1
Siachen Glacier,35.5,76.9,Ladakh LAC,RT_IOT2022.csv,12,0,0.0,0.0,6.67,0,0,DOS_SYN_HPING,0,0.0,1.0,1.0,CRITICAL,1
Barmer Sector,25.7,71.4,Rajasthan Border,RT_IOT2022.csv,12,0,0.0,0.0,6.67,0,0,DOS_SYN_HPING,0,0.0,1.0,1.0,CRITICAL,1
Galwan Valley,34.4,73.6,J&K LoC,RT_IOT2022.csv,12,0,0.0,0.0,6.67,0,0,DOS_SYN_HPING,0,0.0,1.0,1.0,CRITICAL,1
Siachen Glacier,35.5,76.9,Ladakh LAC,RT_IOT2022.csv,12,0,0.0,0.0,6.67,0,0,DOS_SYN_HPING,0,0.0,1.0,1.0,CRITICAL,1
Lipulekh Pass,30.2,80.3,Uttarakhand Pass,RT_IOT2022.csv,12,0,0.0,0.0,6.67,0,0,DOS_SYN_HPING,0,0.0,1.0,1.0,CRITICAL,1
Kutch Gulf,23.0,68.9,Gujarat Coast,RT_IOT2022.csv,12,0,0.0,0.0,6.67,0,1,NMAP_UDP_SCAN,0,0.0,1.0,0.48,MEDIUM,1
Siachen Glacier,35.5,76.9,Ladakh LAC,RT_IOT2022.csv,12,0,0.0,0.0,6.67,0,0,DOS_SYN_HPING,0,0.0,1.0,1.0,CRITICAL,1
Tawang Sector,27.6,91.9,Arunachal Sector,RT_IOT2022.csv,12,0,0.0,0.0,6.67,0,0,DOS_SYN_HPING,0,0.0,1.0,1.0,CRITICAL,1
Pir Panjal Range,33.5,74.2,J&K LoC,RT_IOT2022.csv,12,0,0.0,0.0,6.67,0,0,DOS_SYN_HPING,0,0.0,1.0,1.0,CRITICAL,1
Mizoram Border,22.7,92.7,Northeast Sector,RT_IOT2022.csv,12,0,0.0,0.0,6.67,0,0,DOS_SYN_HPING,0,0.0,1.0,1.0,CRITICAL,1
Lipulekh Pass,30.2,80.3,Uttarakhand Pass,RT_IOT2022.csv,12,0,0.0,0.0,6.67,0,0,DOS_SYN_HPING,0,0.0,1.0,1.0,CRITICAL,1
Doklam Plateau,27.3,89.1,Sikkim Ridge,RT_IOT2022.csv,12,0,0.0,0.0,6.67,0,0,ARP_POISIONING,0,0.0,1.0,1.0,CRITICAL,1
Anjaw District,28.1,96.3,Arunachal Sector,RT_IOT2022.csv,12,0,0.0,0.0,6.67,0,0,DOS_SYN_HPING,0,0.0,1.0,1.0,CRITICAL,1
Wagah Border,31.6,74.6,Punjab Sector,RT_IOT2022.csv,12,0,0.0,0.0,6.67,0,0,DOS_SYN_HPING,0,0.0,1.0,1.0,CRITICAL,1
Lipulekh Pass,30.2,80.3,Uttarakhand Pass,RT_IOT2022.csv,12,0,0.0,0.0,6.67,0,0,NMAP_UDP_SCAN,0,0.0,1.0,1.0,CRITICAL,1
Tawang Sector,27.6,91.9,Arunachal Sector,RT_IOT2022.csv,12,0,0.0,0.0,6.67,0,0,DOS_SYN_HPING,0,0.0,1.0,1.0,CRITICAL,1
Depsang Plains,35.1,77.8,Ladakh LAC,RT_IOT2022.csv,12,0,0.0018,0.0,6.67,0,2,ARP_POISIONING,0,0.0,1.0,1.0,CRITICAL,1
Siachen Glacier,35.5,76.9,Ladakh LAC,RT_IOT2022.csv,12,0,0.0,0.0,6.67,0,0,DOS_SYN_HPING,0,0.0,1.0,1.0,CRITICAL,1
Mizoram Border,22.7,92.7,Northeast Sector,RT_IOT2022.csv,12,0,0.0,0.0,6.67,0,0,NMAP_UDP_SCAN,0,0.0,1.0,1.0,CRITICAL,1
Doklam Plateau,27.3,89.1,Sikkim Ridge,RT_IOT2022.csv,12,0,0.0,0.0,6.67,0,0,DOS_SYN_HPING,0,0.0,1.0,1.0,CRITICAL,1
Nathula Pass,27.4,88.8,Sikkim Ridge,RT_IOT2022.csv,12,0,0.0,0.0,6.67,0,0,DOS_SYN_HPING,0,0.0,1.0,1.0,CRITICAL,1
Nathula Pass,27.4,88.8,Sikkim Ridge,RT_IOT2022.csv,12,0,0.0,0.0,6.67,0,0,NMAP_UDP_SCAN,0,0.0,1.0,1.0,CRITICAL,1
Kutch Gulf,23.0,68.9,Gujarat Coast,RT_IOT2022.csv,12,0,0.0,0.0,6.67,0,0,DOS_SYN_HPING,0,0.0,1.0,1.0,CRITICAL,1
Depsang Plains,35.1,77.8,Ladakh LAC,RT_IOT2022.csv,12,0,0.0072,0.0,6.67,0,2,THING_SPEAK,0,0.0,1.0,1.0,CRITICAL,1
Galwan Valley,34.4,73.6,J&K LoC,RT_IOT2022.csv,12,0,0.0,0.0,6.67,0,0,DOS_SYN_HPING,0,0.0,1.0,1.0,CRITICAL,1
Tawang Sector,27.6,91.9,Arunachal Sector,RT_IOT2022.csv,12,0,0.0,0.0,6.67,0,0,DOS_SYN_HPING,0,0.0,1.0,1.0,CRITICAL,1
Nathula Pass,27.4,88.8,Sikkim Ridge,RT_IOT2022.csv,12,0,0.0,0.0,6.67,0,0,DOS_SYN_HPING,0,0.0,1.0,1.0,CRITICAL,1
Barmer Sector,25.7,71.4,Rajasthan Border,RT_IOT2022.csv,12,0,0.0,0.0,6.67,0,0,ARP_POISIONING,0,0.0,1.0,1.0,CRITICAL,1
Nathula Pass,27.4,88.8,Sikkim Ridge,RT_IOT2022.csv,12,0,0.0,0.0,6.67,0,0,DOS_SYN_HPING,0,0.0,1.0,1.0,CRITICAL,1
Doklam Plateau,27.3,89.1,Sikkim Ridge,RT_IOT2022.csv,12,0,0.0,0.0,6.67,0,0,DOS_SYN_HPING,0,0.0,1.0,1.0,CRITICAL,1
Mizoram Border,22.7,92.7,Northeast Sector,RT_IOT2022.csv,12,0,0.0148,0.0,6.67,0,2,THING_SPEAK,0,0.0,1.0,1.0,CRITICAL,1
Siachen Glacier,35.5,76.9,Ladakh LAC,RT_IOT2022.csv,12,0,0.0,0.0,6.67,0,1,NMAP_XMAS_TREE_SCAN,0,0.0,1.0,1.0,CRITICAL,1
Lipulekh Pass,30.2,80.3,Uttarakhand Pass,RT_IOT2022.csv,12,0,0.0,0.0,6.67,0,0,DOS_SYN_HPING,0,0.0,1.0,1.0,CRITICAL,1
Lipulekh Pass,30.2,80.3,Uttarakhand Pass,RT_IOT2022.csv,12,0,0.0002,0.0,6.67,0,0,THING_SPEAK,0,0.0,1.0,1.0,CRITICAL,1
Nathula Pass,27.4,88.8,Sikkim Ridge,RT_IOT2022.csv,12,0,0.0,0.0,6.67,0,0,DOS_SYN_HPING,0,0.0,1.0,1.0,CRITICAL,1
Rann of Kutch,23.9,70.0,Gujarat Coast,RT_IOT2022.csv,12,0,0.0,0.0,6.67,0,0,DOS_SYN_HPING,0,0.0,1.0,1.0,CRITICAL,1
Tawang Sector,27.6,91.9,Arunachal Sector,RT_IOT2022.csv,12,0,0.0,0.0,6.67,0,0,ARP_POISIONING,0,0.0,1.0,1.0,CRITICAL,1
Mizoram Border,22.7,92.7,Northeast Sector,RT_IOT2022.csv,12,0,0.0002,0.0,6.67,0,0,THING_SPEAK,0,0.0,1.0,1.0,CRITICAL,1
Tawang Sector,27.6,91.9,Arunachal Sector,RT_IOT2022.csv,12,0,0.0,0.0,6.67,0,0,DOS_SYN_HPING,0,0.0,1.0,1.0,CRITICAL,1
Lipulekh Pass,30.2,80.3,Uttarakhand Pass,RT_IOT2022.csv,12,0,0.0,0.0,6.67,0,0,DOS_SYN_HPING,0,0.0,1.0,1.0,CRITICAL,1
Nathula Pass,27.4,88.8,Sikkim Ridge,RT_IOT2022.csv,12,0,0.0,0.0,6.67,0,0,DOS_SYN_HPING,0,0.0,1.0,1.0,CRITICAL,1
Rann of Kutch,23.9,70.0,Gujarat Coast,RT_IOT2022.csv,12,0,0.0,0.0,6.67,0,0,DOS_SYN_HPING,0,0.0,1.0,1.0,CRITICAL,1
Doklam Plateau,27.3,89.1,Sikkim Ridge,RT_IOT2022.csv,12,0,0.0,0.0,6.67,0,0,DOS_SYN_HPING,0,0.0,1.0,1.0,CRITICAL,1
Tawang Sector,27.6,91.9,Arunachal Sector,RT_IOT2022.csv,12,0,0.0,0.0,6.67,0,0,DOS_SYN_HPING,0,0.0,1.0,1.0,CRITICAL,1
Depsang Plains,35.1,77.8,Ladakh LAC,RT_IOT2022.csv,12,0,0.0,0.0,6.67,0,0,DOS_SYN_HPING,0,0.0,1.0,1.0,CRITICAL,1
Anjaw District,28.1,96.3,Arunachal Sector,RT_IOT2022.csv,12,0,0.0,0.0,6.67,0,0,NMAP_UDP_SCAN,0,0.0,1.0,1.0,CRITICAL,1
Rann of Kutch,23.9,70.0,Gujarat Coast,RT_IOT2022.csv,12,0,0.0,0.0,6.67,0,0,NMAP_UDP_SCAN,0,0.0,1.0,1.0,CRITICAL,1
Depsang Plains,35.1,77.8,Ladakh LAC,RT_IOT2022.csv,12,0,0.0,0.0,6.67,0,0,DOS_SYN_HPING,0,0.0,1.0,1.0,CRITICAL,1
Pir Panjal Range,33.5,74.2,J&K LoC,RT_IOT2022.csv,12,0,0.0,0.0,6.67,0,0,DOS_SYN_HPING,0,0.0,1.0,1.0,CRITICAL,1
Lipulekh Pass,30.2,80.3,Uttarakhand Pass,RT_IOT2022.csv,12,0,0.0,0.0,6.67,0,0,DOS_SYN_HPING,0,0.0,1.0,1.0,CRITICAL,1
Siachen Glacier,35.5,76.9,Ladakh LAC,RT_IOT2022.csv,12,0,0.0,0.0,6.67,0,0,DOS_SYN_HPING,0,0.0,1.0,1.0,CRITICAL,1
Tawang Sector,27.6,91.9,Arunachal Sector,RT_IOT2022.csv,12,0,0.0,0.0,6.67,0,0,DOS_SYN_HPING,0,0.0,1.0,1.0,CRITICAL,1
Lipulekh Pass,30.2,80.3,Uttarakhand Pass,RT_IOT2022.csv,12,0,0.0,0.0,6.67,0,0,DOS_SYN_HPING,0,0.0,1.0,1.0,CRITICAL,1
Tawang Sector,27.6,91.9,Arunachal Sector,RT_IOT2022.csv,12,0,0.0,0.0,6.67,0,0,DOS_SYN_HPING,0,0.0,1.0,1.0,CRITICAL,1
Galwan Valley,34.4,73.6,J&K LoC,RT_IOT2022.csv,12,0,0.0003,0.0,6.67,0,0,THING_SPEAK,0,0.0,1.0,1.0,CRITICAL,1
Wagah Border,31.6,74.6,Punjab Sector,RT_IOT2022.csv,12,0,0.0,0.0,6.67,0,0,DOS_SYN_HPING,0,0.0,1.0,1.0,CRITICAL,1
Barmer Sector,25.7,71.4,Rajasthan Border,RT_IOT2022.csv,12,0,0.0,0.0,6.67,0,0,DOS_SYN_HPING,0,0.0,1.0,1.0,CRITICAL,1
Galwan Valley,34.4,73.6,J&K LoC,RT_IOT2022.csv,12,0,0.0,0.0,6.67,0,0,DOS_SYN_HPING,0,0.0,1.0,1.0,CRITICAL,1
Tawang Sector,27.6,91.9,Arunachal Sector,RT_IOT2022.csv,12,0,0.0011,0.0,6.67,0,0,ARP_POISIONING,0,0.0,1.0,1.0,CRITICAL,1
Pangong Tso,33.7,78.9,Ladakh LAC,RT_IOT2022.csv,12,0,0.0,0.0,6.67,0,0,ARP_POISIONING,0,0.0,1.0,1.0,CRITICAL,1
Wagah Border,31.6,74.6,Punjab Sector,RT_IOT2022.csv,12,0,0.0,0.0,6.67,0,0,DOS_SYN_HPING,0,0.0,1.0,1.0,CRITICAL,1
Barmer Sector,25.7,71.4,Rajasthan Border,RT_IOT2022.csv,12,0,0.0002,0.0,6.67,0,0,THING_SPEAK,0,0.0,1.0,1.0,CRITICAL,1
Barmer Sector,25.7,71.4,Rajasthan Border,RT_IOT2022.csv,12,0,0.0,0.0,6.67,0,0,DOS_SYN_HPING,0,0.0,1.0,1.0,CRITICAL,1
Mizoram Border,22.7,92.7,Northeast Sector,RT_IOT2022.csv,12,0,0.0,0.0,6.67,0,0,ARP_POISIONING,0,0.0,1.0,1.0,CRITICAL,1
Kutch Gulf,23.0,68.9,Gujarat Coast,RT_IOT2022.csv,12,0,0.0,0.0,6.67,0,0,NMAP_UDP_SCAN,0,0.0,1.0,1.0,CRITICAL,1
Tawang Sector,27.6,91.9,Arunachal Sector,RT_IOT2022.csv,12,0,0.4699,0.0,6.67,0,0,MQTT_PUBLISH,0,0.0,1.0,1.0,CRITICAL,1
Galwan Valley,34.4,73.6,J&K LoC,RT_IOT2022.csv,12,0,0.0,0.0,6.67,0,0,DOS_SYN_HPING,0,0.0,1.0,1.0,CRITICAL,1
Wagah Border,31.6,74.6,Punjab Sector,RT_IOT2022.csv,12,0,0.0,0.0,6.67,0,0,DOS_SYN_HPING,0,0.0,1.0,1.0,CRITICAL,1
Pir Panjal Range,33.5,74.2,J&K LoC,RT_IOT2022.csv,12,0,0.0,0.0,6.67,0,0,DOS_SYN_HPING,0,0.0,1.0,1.0,CRITICAL,1
Mizoram Border,22.7,92.7,Northeast Sector,RT_IOT2022.csv,12,0,0.0,0.0,6.67,0,0,DOS_SYN_HPING,0,0.0,1.0,1.0,CRITICAL,1
Pangong Tso,33.7,78.9,Ladakh LAC,RT_IOT2022.csv,12,0,0.0,0.0,6.67,0,0,DOS_SYN_HPING,0,0.0,1.0,1.0,CRITICAL,1
Pangong Tso,33.7,78.9,Ladakh LAC,RT_IOT2022.csv,12,0,0.0003,0.0,6.67,0,0,THING_SPEAK,0,0.0,1.0,1.0,CRITICAL,1
Depsang Plains,35.1,77.8,Ladakh LAC,RT_IOT2022.csv,12,0,0.0,0.0,6.67,0,1,NMAP_XMAS_TREE_SCAN,0,0.0,1.0,0.52,MEDIUM,1
Siachen Glacier,35.5,76.9,Ladakh LAC,RT_IOT2022.csv,12,0,0.0,0.0,6.67,0,0,DOS_SYN_HPING,0,0.0,1.0,1.0,CRITICAL,1
Lipulekh Pass,30.2,80.3,Uttarakhand Pass,RT_IOT2022.csv,12,0,0.0,0.0,6.67,0,0,DOS_SYN_HPING,0,0.0,1.0,1.0,CRITICAL,1
Lipulekh Pass,30.2,80.3,Uttarakhand Pass,RT_IOT2022.csv,12,0,0.0,0.0,6.67,0,0,DOS_SYN_HPING,0,0.0,1.0,1.0,CRITICAL,1
Anjaw District,28.1,96.3,Arunachal Sector,RT_IOT2022.csv,12,0,0.0,0.0,6.67,0,0,ARP_POISIONING,0,0.0,1.0,1.0,CRITICAL,1
Tawang Sector,27.6,91.9,Arunachal Sector,RT_IOT2022.csv,12,0,0.0016,0.0,6.67,0,0,THING_SPEAK,0,0.0,1.0,1.0,CRITICAL,1
Rann of Kutch,23.9,70.0,Gujarat Coast,RT_IOT2022.csv,12,0,0.0,0.0,6.67,0,0,DOS_SYN_HPING,0,0.0,1.0,1.0,CRITICAL,1
Doklam Plateau,27.3,89.1,Sikkim Ridge,RT_IOT2022.csv,12,0,0.0,0.0,6.67,0,0,DOS_SYN_HPING,0,0.0,1.0,1.0,CRITICAL,1
Rann of Kutch,23.9,70.0,Gujarat Coast,RT_IOT2022.csv,12,0,0.0,0.0,6.67,0,0,DOS_SYN_HPING,0,0.0,1.0,1.0,CRITICAL,1
Mizoram Border,22.7,92.7,Northeast Sector,RT_IOT2022.csv,12,0,0.32,0.0,6.67,0,0,MQTT_PUBLISH,0,0.0,1.0,1.0,CRITICAL,1
Tawang Sector,27.6,91.9,Arunachal Sector,RT_IOT2022.csv,12,0,0.0,0.0,6.67,0,0,DOS_SYN_HPING,0,0.0,1.0,1.0,CRITICAL,1
Pangong Tso,33.7,78.9,Ladakh LAC,RT_IOT2022.csv,12,0,0.0,0.0,6.67,0,0,NMAP_OS_DETECTION,0,0.0,1.0,1.0,CRITICAL,1
Mizoram Border,22.7,92.7,Northeast Sector,RT_IOT2022.csv,12,0,0.0,0.0,6.67,0,0,DOS_SYN_HPING,0,0.0,1.0,1.0,CRITICAL,1
Wagah Border,31.6,74.6,Punjab Sector,RT_IOT2022.csv,12,0,0.0,0.0,6.67,0,0,DOS_SYN_HPING,0,0.0,1.0,1.0,CRITICAL,1
Tawang Sector,27.6,91.9,Arunachal Sector,RT_IOT2022.csv,12,0,1.0,0.0,6.67,0,2,ARP_POISIONING,0,0.0,1.0,1.0,CRITICAL,1
Wagah Border,31.6,74.6,Punjab Sector,RT_IOT2022.csv,12,0,0.0,0.0,6.67,0,0,DOS_SYN_HPING,0,0.0,1.0,1.0,CRITICAL,1
Nathula Pass,27.4,88.8,Sikkim Ridge,RT_IOT2022.csv,12,0,0.0,0.0,6.67,0,0,DOS_SYN_HPING,0,0.0,1.0,1.0,CRITICAL,1
Pir Panjal Range,33.5,74.2,J&K LoC,RT_IOT2022.csv,12,0,0.0,0.0,6.67,0,0,DOS_SYN_HPING,0,0.0,1.0,1.0,CRITICAL,1
Pangong Tso,33.7,78.9,Ladakh LAC,RT_IOT2022.csv,12,0,0.0,0.0,6.67,0,0,DOS_SYN_HPING,0,0.0,1.0,1.0,CRITICAL,1
Mizoram Border,22.7,92.7,Northeast Sector,RT_IOT2022.csv,12,0,0.0,0.0,6.67,0,0,NMAP_OS_DETECTION,0,0.0,1.0,1.0,CRITICAL,1
Mizoram Border,22.7,92.7,Northeast Sector,RT_IOT2022.csv,12,0,0.0,0.0,6.67,0,0,DOS_SYN_HPING,0,0.0,1.0,1.0,CRITICAL,1
Siachen Glacier,35.5,76.9,Ladakh LAC,RT_IOT2022.csv,12,0,0.0,0.0,6.67,0,0,DOS_SYN_HPING,0,0.0,1.0,1.0,CRITICAL,1
Siachen Glacier,35.5,76.9,Ladakh LAC,RT_IOT2022.csv,12,0,0.0,0.0,6.67,0,0,DOS_SYN_HPING,0,0.0,1.0,1.0,CRITICAL,1
Nathula Pass,27.4,88.8,Sikkim Ridge,RT_IOT2022.csv,12,0,0.0,0.0,6.67,0,0,DOS_SYN_HPING,0,0.0,1.0,1.0,CRITICAL,1
Depsang Plains,35.1,77.8,Ladakh LAC,RT_IOT2022.csv,12,0,0.0,0.0,6.67,0,0,DOS_SYN_HPING,0,0.0,1.0,1.0,CRITICAL,1
Tawang Sector,27.6,91.9,Arunachal Sector,RT_IOT2022.csv,12,0,0.0,0.0,6.67,0,0,DOS_SYN_HPING,0,0.0,1.0,1.0,CRITICAL,1
Doklam Plateau,27.3,89.1,Sikkim Ridge,RT_IOT2022.csv,12,0,0.0,0.0,6.67,0,0,DOS_SYN_HPING,0,0.0,1.0,1.0,CRITICAL,1
Mizoram Border,22.7,92.7,Northeast Sector,RT_IOT2022.csv,12,0,0.0,0.0,6.67,0,0,DOS_SYN_HPING,0,0.0,1.0,1.0,CRITICAL,1
Mizoram Border,22.7,92.7,Northeast Sector,RT_IOT2022.csv,12,0,0.0,0.0,6.67,0,0,DOS_SYN_HPING,0,0.0,1.0,1.0,CRITICAL,1
Siachen Glacier,35.5,76.9,Ladakh LAC,RT_IOT2022.csv,12,0,0.0,0.0,6.67,0,0,DOS_SYN_HPING,0,0.0,1.0,1.0,CRITICAL,1
Pir Panjal Range,33.5,74.2,J&K LoC,RT_IOT2022.csv,12,0,0.0,0.0,6.67,0,0,DOS_SYN_HPING,0,0.0,1.0,1.0,CRITICAL,1
Galwan Valley,34.4,73.6,J&K LoC,RT_IOT2022.csv,12,0,0.0,0.0,6.67,0,0,DOS_SYN_HPING,0,0.0,1.0,1.0,CRITICAL,1
Kutch Gulf,23.0,68.9,Gujarat Coast,RT_IOT2022.csv,12,0,0.0,0.0,6.67,0,0,DOS_SYN_HPING,0,0.0,1.0,1.0,CRITICAL,1
Rann of Kutch,23.9,70.0,Gujarat Coast,RT_IOT2022.csv,12,0,0.0,0.0,6.67,0,0,DOS_SYN_HPING,0,0.0,1.0,1.0,CRITICAL,1
Pir Panjal Range,33.5,74.2,J&K LoC,RT_IOT2022.csv,12,0,0.0,0.0,6.67,0,0,NMAP_TCP_SCAN,0,0.0,1.0,1.0,CRITICAL,1
Pangong Tso,33.7,78.9,Ladakh LAC,RT_IOT2022.csv,12,0,0.0,0.0,6.67,0,0,DOS_SYN_HPING,0,0.0,1.0,1.0,CRITICAL,1
Pir Panjal Range,33.5,74.2,J&K LoC,RT_IOT2022.csv,12,0,0.0,0.0,6.67,0,0,DOS_SYN_HPING,0,0.0,1.0,1.0,CRITICAL,1
Galwan Valley,34.4,73.6,J&K LoC,RT_IOT2022.csv,12,0,0.0,0.0,6.67,0,0,DOS_SYN_HPING,0,0.0,1.0,1.0,CRITICAL,1
Nathula Pass,27.4,88.8,Sikkim Ridge,RT_IOT2022.csv,12,0,0.0,0.0,6.67,0,0,DOS_SYN_HPING,0,0.0,1.0,1.0,CRITICAL,1
Nathula Pass,27.4,88.8,Sikkim Ridge,RT_IOT2022.csv,12,0,0.0,0.0,6.67,0,0,DOS_SYN_HPING,0,0.0,1.0,1.0,CRITICAL,1
Tawang Sector,27.6,91.9,Arunachal Sector,RT_IOT2022.csv,12,0,0.0,0.0,6.67,0,0,DOS_SYN_HPING,0,0.0,1.0,1.0,CRITICAL,1
Depsang Plains,35.1,77.8,Ladakh LAC,RT_IOT2022.csv,12,0,1.0,0.0,6.67,0,2,ARP_POISIONING,0,0.0,1.0,1.0,CRITICAL,1
Kutch Gulf,23.0,68.9,Gujarat Coast,RT_IOT2022.csv,12,0,0.0,0.0,6.67,0,0,DOS_SYN_HPING,0,0.0,1.0,1.0,CRITICAL,1
Anjaw District,28.1,96.3,Arunachal Sector,RT_IOT2022.csv,12,0,0.0,0.0,6.67,0,0,DOS_SYN_HPING,0,0.0,1.0,1.0,CRITICAL,1
Wagah Border,31.6,74.6,Punjab Sector,RT_IOT2022.csv,12,0,0.0,0.0,6.67,0,0,DOS_SYN_HPING,0,0.0,1.0,1.0,CRITICAL,1
Doklam Plateau,27.3,89.1,Sikkim Ridge,RT_IOT2022.csv,12,0,0.3203,0.0,6.67,0,0,MQTT_PUBLISH,0,0.0,1.0,1.0,CRITICAL,1
Anjaw District,28.1,96.3,Arunachal Sector,RT_IOT2022.csv,12,0,0.0,0.0,6.67,0,0,DOS_SYN_HPING,0,0.0,1.0,1.0,CRITICAL,1
Pir Panjal Range,33.5,74.2,J&K LoC,RT_IOT2022.csv,12,0,0.0,0.0,6.67,0,0,DOS_SYN_HPING,0,0.0,1.0,1.0,CRITICAL,1
Galwan Valley,34.4,73.6,J&K LoC,RT_IOT2022.csv,12,0,0.0,0.0,6.67,0,0,DOS_SYN_HPING,0,0.0,1.0,1.0,CRITICAL,1
Kutch Gulf,23.0,68.9,Gujarat Coast,RT_IOT2022.csv,12,0,0.0,0.0,6.67,0,0,DOS_SYN_HPING,0,0.0,1.0,1.0,CRITICAL,1
Kutch Gulf,23.0,68.9,Gujarat Coast,RT_IOT2022.csv,12,0,0.0,0.0,6.67,0,0,DOS_SYN_HPING,0,0.0,1.0,1.0,CRITICAL,1
Anjaw District,28.1,96.3,Arunachal Sector,RT_IOT2022.csv,12,0,0.0,0.0,6.67,0,0,DOS_SYN_HPING,0,0.0,1.0,1.0,CRITICAL,1
Pangong Tso,33.7,78.9,Ladakh LAC,RT_IOT2022.csv,12,0,0.0,0.0,6.67,0,0,DOS_SYN_HPING,0,0.0,1.0,1.0,CRITICAL,1
Depsang Plains,35.1,77.8,Ladakh LAC,RT_IOT2022.csv,12,0,0.0,0.0,6.67,0,0,DOS_SYN_HPING,0,0.0,1.0,1.0,CRITICAL,1
Mizoram Border,22.7,92.7,Northeast Sector,RT_IOT2022.csv,12,0,0.0,0.0,6.67,0,0,DOS_SYN_HPING,0,0.0,1.0,1.0,CRITICAL,1
Mizoram Border,22.7,92.7,Northeast Sector,RT_IOT2022.csv,12,0,0.0,0.0,6.67,0,0,NMAP_OS_DETECTION,0,0.0,1.0,1.0,CRITICAL,1
Pangong Tso,33.7,78.9,Ladakh LAC,RT_IOT2022.csv,12,0,0.0,0.0,6.67,0,0,DOS_SYN_HPING,0,0.0,1.0,1.0,CRITICAL,1
Depsang Plains,35.1,77.8,Ladakh LAC,RT_IOT2022.csv,12,0,0.0,0.0,6.67,0,0,DOS_SYN_HPING,0,0.0,1.0,1.0,CRITICAL,1
Galwan Valley,34.4,73.6,J&K LoC,RT_IOT2022.csv,12,0,0.0,0.0,6.67,0,0,DOS_SYN_HPING,0,0.0,1.0,1.0,CRITICAL,1
Galwan Valley,34.4,73.6,J&K LoC,RT_IOT2022.csv,12,0,0.0003,0.0,6.67,0,0,THING_SPEAK,0,0.0,1.0,1.0,CRITICAL,1
Rann of Kutch,23.9,70.0,Gujarat Coast,RT_IOT2022.csv,12,0,0.0,0.0,6.67,0,0,DOS_SYN_HPING,0,0.0,1.0,1.0,CRITICAL,1
Pir Panjal Range,33.5,74.2,J&K LoC,RT_IOT2022.csv,12,0,0.0,0.0,6.67,0,0,DOS_SYN_HPING,0,0.0,1.0,1.0,CRITICAL,1
Siachen Glacier,35.5,76.9,Ladakh LAC,RT_IOT2022.csv,12,0,0.0,0.0,6.67,0,0,DOS_SYN_HPING,0,0.0,1.0,1.0,CRITICAL,1
Kutch Gulf,23.0,68.9,Gujarat Coast,RT_IOT2022.csv,12,0,0.0,0.0,6.67,0,0,ARP_POISIONING,0,0.0,1.0,1.0,CRITICAL,1
Siachen Glacier,35.5,76.9,Ladakh LAC,RT_IOT2022.csv,12,0,0.0092,0.0,6.67,0,2,THING_SPEAK,0,0.0,1.0,1.0,CRITICAL,1
Anjaw District,28.1,96.3,Arunachal Sector,RT_IOT2022.csv,12,0,0.0,0.0,6.67,0,0,DOS_SYN_HPING,0,0.0,1.0,1.0,CRITICAL,1
Lipulekh Pass,30.2,80.3,Uttarakhand Pass,RT_IOT2022.csv,12,0,0.0,0.0,6.67,0,0,DOS_SYN_HPING,0,0.0,1.0,1.0,CRITICAL,1
Barmer Sector,25.7,71.4,Rajasthan Border,RT_IOT2022.csv,12,0,0.0,0.0,6.67,0,0,DOS_SYN_HPING,0,0.0,1.0,1.0,CRITICAL,1
Pir Panjal Range,33.5,74.2,J&K LoC,RT_IOT2022.csv,12,0,0.0,0.0,6.67,0,0,DOS_SYN_HPING,0,0.0,1.0,1.0,CRITICAL,1
Depsang Plains,35.1,77.8,Ladakh LAC,RT_IOT2022.csv,12,0,0.0004,0.0,6.67,0,0,THING_SPEAK,0,0.0,1.0,1.0,CRITICAL,1
Siachen Glacier,35.5,76.9,Ladakh LAC,RT_IOT2022.csv,12,0,0.0,0.0,6.67,0,0,DOS_SYN_HPING,0,0.0,1.0,1.0,CRITICAL,1
Tawang Sector,27.6,91.9,Arunachal Sector,RT_IOT2022.csv,12,0,0.3197,0.0,6.67,0,0,MQTT_PUBLISH,0,0.0,1.0,1.0,CRITICAL,1
Tawang Sector,27.6,91.9,Arunachal Sector,RT_IOT2022.csv,12,0,0.0,0.0,6.67,0,0,DOS_SYN_HPING,0,0.0,1.0,1.0,CRITICAL,1
Mizoram Border,22.7,92.7,Northeast Sector,RT_IOT2022.csv,12,0,0.0,0.0,6.67,0,0,DOS_SYN_HPING,0,0.0,1.0,1.0,CRITICAL,1
Kutch Gulf,23.0,68.9,Gujarat Coast,RT_IOT2022.csv,12,0,0.0,0.0,6.67,0,0,DOS_SYN_HPING,0,0.0,1.0,1.0,CRITICAL,1
Tawang Sector,27.6,91.9,Arunachal Sector,RT_IOT2022.csv,12,0,0.0,0.0,6.67,0,0,DOS_SYN_HPING,0,0.0,1.0,1.0,CRITICAL,1
Mizoram Border,22.7,92.7,Northeast Sector,RT_IOT2022.csv,12,0,0.0,0.0,6.67,0,0,DOS_SYN_HPING,0,0.0,1.0,1.0,CRITICAL,1
Nathula Pass,27.4,88.8,Sikkim Ridge,RT_IOT2022.csv,12,0,0.0,0.0,6.67,0,0,DOS_SYN_HPING,0,0.0,1.0,1.0,CRITICAL,1
Nathula Pass,27.4,88.8,Sikkim Ridge,RT_IOT2022.csv,12,0,0.0,0.0,6.67,0,0,THING_SPEAK,0,0.0,1.0,1.0,CRITICAL,1
Doklam Plateau,27.3,89.1,Sikkim Ridge,RT_IOT2022.csv,12,0,0.0,0.0,6.67,0,0,DOS_SYN_HPING,0,0.0,1.0,1.0,CRITICAL,1
Siachen Glacier,35.5,76.9,Ladakh LAC,RT_IOT2022.csv,12,0,0.0,0.0,6.67,0,0,DOS_SYN_HPING,0,0.0,1.0,1.0,CRITICAL,1
Mizoram Border,22.7,92.7,Northeast Sector,RT_IOT2022.csv,12,0,0.0,0.0,6.67,0,0,DOS_SYN_HPING,0,0.0,1.0,1.0,CRITICAL,1
Depsang Plains,35.1,77.8,Ladakh LAC,RT_IOT2022.csv,12,0,0.0,0.0,6.67,0,0,DOS_SYN_HPING,0,0.0,1.0,1.0,CRITICAL,1
Siachen Glacier,35.5,76.9,Ladakh LAC,RT_IOT2022.csv,12,0,0.0002,0.0,6.67,0,0,THING_SPEAK,0,0.0,1.0,1.0,CRITICAL,1
Pangong Tso,33.7,78.9,Ladakh LAC,RT_IOT2022.csv,12,0,0.0,0.0,6.67,0,0,DOS_SYN_HPING,0,0.0,1.0,1.0,CRITICAL,1
Tawang Sector,27.6,91.9,Arunachal Sector,RT_IOT2022.csv,12,0,0.0072,0.0,6.67,0,2,THING_SPEAK,0,0.0,1.0,1.0,CRITICAL,1
Galwan Valley,34.4,73.6,J&K LoC,RT_IOT2022.csv,12,0,0.0,0.0,6.67,0,0,DOS_SYN_HPING,0,0.0,1.0,1.0,CRITICAL,1
Depsang Plains,35.1,77.8,Ladakh LAC,RT_IOT2022.csv,12,0,0.0,0.0,6.67,0,0,DOS_SYN_HPING,0,0.0,1.0,1.0,CRITICAL,1
Barmer Sector,25.7,71.4,Rajasthan Border,RT_IOT2022.csv,12,0,0.0,0.0,6.67,0,0,ARP_POISIONING,0,0.0,1.0,1.0,CRITICAL,1
Mizoram Border,22.7,92.7,Northeast Sector,RT_IOT2022.csv,12,0,0.0,0.0,6.67,0,0,DOS_SYN_HPING,0,0.0,1.0,1.0,CRITICAL,1
Galwan Valley,34.4,73.6,J&K LoC,RT_IOT2022.csv,12,0,0.0,0.0,6.67,0,0,DOS_SYN_HPING,0,0.0,1.0,1.0,CRITICAL,1
Tawang Sector,27.6,91.9,Arunachal Sector,RT_IOT2022.csv,12,0,0.0,0.0,6.67,0,0,DOS_SYN_HPING,0,0.0,1.0,1.0,CRITICAL,1
Nathula Pass,27.4,88.8,Sikkim Ridge,RT_IOT2022.csv,12,0,0.0,0.0,6.67,0,0,DOS_SYN_HPING,0,0.0,1.0,1.0,CRITICAL,1
Pir Panjal Range,33.5,74.2,J&K LoC,RT_IOT2022.csv,12,0,0.0,0.0,6.67,0,0,DOS_SYN_HPING,0,0.0,1.0,1.0,CRITICAL,1
Barmer Sector,25.7,71.4,Rajasthan Border,RT_IOT2022.csv,12,0,0.0,0.0,6.67,0,0,DOS_SYN_HPING,0,0.0,1.0,1.0,CRITICAL,1
Kutch Gulf,23.0,68.9,Gujarat Coast,RT_IOT2022.csv,12,0,0.3393,0.0,6.67,0,0,MQTT_PUBLISH,0,0.0,1.0,1.0,CRITICAL,1
Lipulekh Pass,30.2,80.3,Uttarakhand Pass,RT_IOT2022.csv,12,0,0.0,0.0,6.67,0,0,DOS_SYN_HPING,0,0.0,1.0,1.0,CRITICAL,1
Doklam Plateau,27.3,89.1,Sikkim Ridge,RT_IOT2022.csv,12,0,0.0,0.0,6.67,0,0,DOS_SYN_HPING,0,0.0,1.0,1.0,CRITICAL,1
Siachen Glacier,35.5,76.9,Ladakh LAC,RT_IOT2022.csv,12,0,0.361,0.0,6.67,0,0,MQTT_PUBLISH,0,0.0,1.0,1.0,CRITICAL,1
Rann of Kutch,23.9,70.0,Gujarat Coast,RT_IOT2022.csv,12,0,0.0,0.0,6.67,0,0,DOS_SYN_HPING,0,0.0,1.0,1.0,CRITICAL,1
Rann of Kutch,23.9,70.0,Gujarat Coast,RT_IOT2022.csv,12,0,0.0074,0.0,6.67,0,2,THING_SPEAK,0,0.0,1.0,1.0,CRITICAL,1
Depsang Plains,35.1,77.8,Ladakh LAC,RT_IOT2022.csv,12,0,0.0,0.0,6.67,0,0,DOS_SYN_HPING,0,0.0,1.0,1.0,CRITICAL,1
Barmer Sector,25.7,71.4,Rajasthan Border,RT_IOT2022.csv,12,0,0.0,0.0,6.67,0,0,ARP_POISIONING,0,0.0,1.0,1.0,CRITICAL,1
Galwan Valley,34.4,73.6,J&K LoC,RT_IOT2022.csv,12,0,0.0,0.0,6.67,0,0,ARP_POISIONING,0,0.0,1.0,1.0,CRITICAL,1
Kutch Gulf,23.0,68.9,Gujarat Coast,RT_IOT2022.csv,12,0,0.0,0.0,6.67,0,0,DOS_SYN_HPING,0,0.0,1.0,1.0,CRITICAL,1
Rann of Kutch,23.9,70.0,Gujarat Coast,RT_IOT2022.csv,12,0,0.009,0.0,6.67,0,0,ARP_POISIONING,0,0.0,1.0,1.0,CRITICAL,1
Galwan Valley,34.4,73.6,J&K LoC,RT_IOT2022.csv,12,0,0.0,0.0,6.67,0,0,DOS_SYN_HPING,0,0.0,1.0,1.0,CRITICAL,1
Doklam Plateau,27.3,89.1,Sikkim Ridge,RT_IOT2022.csv,12,0,0.0,0.0,6.67,0,0,DOS_SYN_HPING,0,0.0,1.0,1.0,CRITICAL,1
Galwan Valley,34.4,73.6,J&K LoC,RT_IOT2022.csv,12,0,0.0,0.0,6.67,0,0,DOS_SYN_HPING,0,0.0,1.0,1.0,CRITICAL,1
Lipulekh Pass,30.2,80.3,Uttarakhand Pass,RT_IOT2022.csv,12,0,0.0,0.0,6.67,0,0,DOS_SYN_HPING,0,0.0,1.0,1.0,CRITICAL,1
Pir Panjal Range,33.5,74.2,J&K LoC,RT_IOT2022.csv,12,0,0.008,0.0,6.67,0,2,THING_SPEAK,0,0.0,1.0,1.0,CRITICAL,1
Galwan Valley,34.4,73.6,J&K LoC,RT_IOT2022.csv,12,0,0.0,0.0,6.67,0,0,THING_SPEAK,0,0.0,1.0,1.0,CRITICAL,1
Anjaw District,28.1,96.3,Arunachal Sector,RT_IOT2022.csv,12,0,0.0,0.0,6.67,0,0,DOS_SYN_HPING,0,0.0,1.0,1.0,CRITICAL,1
Mizoram Border,22.7,92.7,Northeast Sector,RT_IOT2022.csv,12,0,0.0,0.0,6.67,0,0,THING_SPEAK,0,0.0,1.0,1.0,CRITICAL,1
Tawang Sector,27.6,91.9,Arunachal Sector,RT_IOT2022.csv,12,0,0.0,0.0,6.67,0,0,DOS_SYN_HPING,0,0.0,1.0,1.0,CRITICAL,1
Galwan Valley,34.4,73.6,J&K LoC,RT_IOT2022.csv,12,0,0.0,0.0,6.67,0,0,DOS_SYN_HPING,0,0.0,1.0,1.0,CRITICAL,1
Nathula Pass,27.4,88.8,Sikkim Ridge,RT_IOT2022.csv,12,0,0.0,0.0,6.67,0,0,DOS_SYN_HPING,0,0.0,1.0,1.0,CRITICAL,1
Nathula Pass,27.4,88.8,Sikkim Ridge,RT_IOT2022.csv,12,0,0.0,0.0,6.67,0,0,DOS_SYN_HPING,0,0.0,1.0,1.0,CRITICAL,1
Wagah Border,31.6,74.6,Punjab Sector,RT_IOT2022.csv,12,0,0.0,0.0,6.67,0,0,NMAP_OS_DETECTION,0,0.0,1.0,1.0,CRITICAL,1
Tawang Sector,27.6,91.9,Arunachal Sector,RT_IOT2022.csv,12,0,0.0,0.0,6.67,0,0,DOS_SYN_HPING,0,0.0,1.0,1.0,CRITICAL,1
Mizoram Border,22.7,92.7,Northeast Sector,RT_IOT2022.csv,12,0,0.0,0.0,6.67,0,0,DOS_SYN_HPING,0,0.0,1.0,1.0,CRITICAL,1
Nathula Pass,27.4,88.8,Sikkim Ridge,RT_IOT2022.csv,12,0,0.0,0.0,6.67,0,0,DOS_SYN_HPING,0,0.0,1.0,1.0,CRITICAL,1
Tawang Sector,27.6,91.9,Arunachal Sector,RT_IOT2022.csv,12,0,0.0,0.0,6.67,0,0,DOS_SYN_HPING,0,0.0,1.0,1.0,CRITICAL,1
Mizoram Border,22.7,92.7,Northeast Sector,RT_IOT2022.csv,12,0,0.0,0.0,6.67,0,0,DOS_SYN_HPING,0,0.0,1.0,1.0,CRITICAL,1
Pir Panjal Range,33.5,74.2,J&K LoC,RT_IOT2022.csv,12,0,0.3191,0.0,6.67,0,0,MQTT_PUBLISH,0,0.0,1.0,1.0,CRITICAL,1
Nathula Pass,27.4,88.8,Sikkim Ridge,RT_IOT2022.csv,12,0,0.0,0.0,6.67,0,0,THING_SPEAK,0,0.0,1.0,1.0,CRITICAL,1
Depsang Plains,35.1,77.8,Ladakh LAC,RT_IOT2022.csv,12,0,0.0,0.0,6.67,0,0,DOS_SYN_HPING,0,0.0,1.0,1.0,CRITICAL,1
Lipulekh Pass,30.2,80.3,Uttarakhand Pass,RT_IOT2022.csv,12,0,0.0,0.0,6.67,0,0,DOS_SYN_HPING,0,0.0,1.0,1.0,CRITICAL,1
Lipulekh Pass,30.2,80.3,Uttarakhand Pass,RT_IOT2022.csv,12,0,0.0,0.0,6.67,0,0,DOS_SYN_HPING,0,0.0,1.0,1.0,CRITICAL,1
Siachen Glacier,35.5,76.9,Ladakh LAC,RT_IOT2022.csv,12,0,0.0,0.0,6.67,0,0,DOS_SYN_HPING,0,0.0,1.0,1.0,CRITICAL,1
Wagah Border,31.6,74.6,Punjab Sector,RT_IOT2022.csv,12,0,0.0,0.0,6.67,0,0,DOS_SYN_HPING,0,0.0,1.0,1.0,CRITICAL,1
Rann of Kutch,23.9,70.0,Gujarat Coast,RT_IOT2022.csv,12,0,0.0,0.0,6.67,0,0,NMAP_OS_DETECTION,0,0.0,1.0,1.0,CRITICAL,1
Galwan Valley,34.4,73.6,J&K LoC,RT_IOT2022.csv,12,0,0.0,0.0,6.67,0,0,DOS_SYN_HPING,0,0.0,1.0,1.0,CRITICAL,1
Barmer Sector,25.7,71.4,Rajasthan Border,RT_IOT2022.csv,12,0,0.4093,0.0,6.67,0,0,MQTT_PUBLISH,0,0.0,1.0,1.0,CRITICAL,1
Siachen Glacier,35.5,76.9,Ladakh LAC,RT_IOT2022.csv,12,0,0.0,0.0,6.67,0,0,DOS_SYN_HPING,0,0.0,1.0,1.0,CRITICAL,1
Kutch Gulf,23.0,68.9,Gujarat Coast,RT_IOT2022.csv,12,0,0.0,0.0,6.67,0,0,DOS_SYN_HPING,0,0.0,1.0,1.0,CRITICAL,1
Doklam Plateau,27.3,89.1,Sikkim Ridge,RT_IOT2022.csv,12,0,0.0,0.0,6.67,0,0,DOS_SYN_HPING,0,0.0,1.0,1.0,CRITICAL,1
Depsang Plains,35.1,77.8,Ladakh LAC,RT_IOT2022.csv,12,0,0.0,0.0,6.67,0,0,DOS_SYN_HPING,0,0.0,1.0,1.0,CRITICAL,1
Mizoram Border,22.7,92.7,Northeast Sector,RT_IOT2022.csv,12,0,0.0,0.0,6.67,0,1,NMAP_XMAS_TREE_SCAN,0,0.0,1.0,1.0,CRITICAL,1
Siachen Glacier,35.5,76.9,Ladakh LAC,RT_IOT2022.csv,12,0,0.0072,0.0,6.67,0,2,THING_SPEAK,0,0.0,1.0,1.0,CRITICAL,1
Lipulekh Pass,30.2,80.3,Uttarakhand Pass,RT_IOT2022.csv,12,0,0.0,0.0,6.67,0,0,DOS_SYN_HPING,0,0.0,1.0,1.0,CRITICAL,1
Siachen Glacier,35.5,76.9,Ladakh LAC,RT_IOT2022.csv,12,0,0.0,0.0,6.67,0,0,NMAP_OS_DETECTION,0,0.0,1.0,1.0,CRITICAL,1
Pir Panjal Range,33.5,74.2,J&K LoC,RT_IOT2022.csv,12,0,0.0,0.0,6.67,0,0,DOS_SYN_HPING,0,0.0,1.0,1.0,CRITICAL,1
Kutch Gulf,23.0,68.9,Gujarat Coast,RT_IOT2022.csv,12,0,0.0,0.0,6.67,0,0,DOS_SYN_HPING,0,0.0,1.0,1.0,CRITICAL,1
Rann of Kutch,23.9,70.0,Gujarat Coast,RT_IOT2022.csv,12,0,0.0,0.0,6.67,0,0,DOS_SYN_HPING,0,0.0,1.0,1.0,CRITICAL,1
Doklam Plateau,27.3,89.1,Sikkim Ridge,RT_IOT2022.csv,12,0,0.0,0.0,6.67,0,0,DOS_SYN_HPING,0,0.0,1.0,1.0,CRITICAL,1
Nathula Pass,27.4,88.8,Sikkim Ridge,RT_IOT2022.csv,12,0,0.0,0.0,6.67,0,0,DOS_SYN_HPING,0,0.0,1.0,1.0,CRITICAL,1
Wagah Border,31.6,74.6,Punjab Sector,RT_IOT2022.csv,12,0,0.0,0.0,6.67,0,0,DOS_SYN_HPING,0,0.0,1.0,1.0,CRITICAL,1
Kutch Gulf,23.0,68.9,Gujarat Coast,RT_IOT2022.csv,12,0,0.0,0.0,6.67,0,1,NMAP_XMAS_TREE_SCAN,0,0.0,1.0,1.0,CRITICAL,1
Rann of Kutch,23.9,70.0,Gujarat Coast,RT_IOT2022.csv,12,0,0.0,0.0,6.67,0,0,ARP_POISIONING,0,0.0,1.0,1.0,CRITICAL,1
Depsang Plains,35.1,77.8,Ladakh LAC,RT_IOT2022.csv,12,0,0.0,0.0,6.67,0,0,DOS_SYN_HPING,0,0.0,1.0,1.0,CRITICAL,1
Wagah Border,31.6,74.6,Punjab Sector,RT_IOT2022.csv,12,0,0.0,0.0,6.67,0,0,DOS_SYN_HPING,0,0.0,1.0,1.0,CRITICAL,1
Galwan Valley,34.4,73.6,J&K LoC,RT_IOT2022.csv,12,0,0.0,0.0,6.67,0,0,ARP_POISIONING,0,0.0,1.0,1.0,CRITICAL,1
Tawang Sector,27.6,91.9,Arunachal Sector,RT_IOT2022.csv,12,0,0.0,0.0,6.67,0,0,DOS_SYN_HPING,0,0.0,1.0,1.0,CRITICAL,1
Rann of Kutch,23.9,70.0,Gujarat Coast,RT_IOT2022.csv,12,0,0.0,0.0,6.67,0,0,THING_SPEAK,0,0.0,1.0,1.0,CRITICAL,1
Pangong Tso,33.7,78.9,Ladakh LAC,RT_IOT2022.csv,12,0,0.0,0.0,6.67,0,0,DOS_SYN_HPING,0,0.0,1.0,1.0,CRITICAL,1
Kutch Gulf,23.0,68.9,Gujarat Coast,RT_IOT2022.csv,12,0,0.0004,0.0,6.67,0,0,THING_SPEAK,0,0.0,1.0,0.86,CRITICAL,1
Doklam Plateau,27.3,89.1,Sikkim Ridge,RT_IOT2022.csv,12,0,0.0,0.0,6.67,0,0,DOS_SYN_HPING,0,0.0,1.0,1.0,CRITICAL,1
Pangong Tso,33.7,78.9,Ladakh LAC,RT_IOT2022.csv,12,0,0.0003,0.0,6.67,0,0,THING_SPEAK,0,0.0,1.0,1.0,CRITICAL,1
Anjaw District,28.1,96.3,Arunachal Sector,RT_IOT2022.csv,12,0,0.0,0.0,6.67,0,0,DOS_SYN_HPING,0,0.0,1.0,1.0,CRITICAL,1
Nathula Pass,27.4,88.8,Sikkim Ridge,RT_IOT2022.csv,12,0,0.0,0.0,6.67,0,0,DOS_SYN_HPING,0,0.0,1.0,1.0,CRITICAL,1
Kutch Gulf,23.0,68.9,Gujarat Coast,RT_IOT2022.csv,12,0,0.0,0.0,6.67,0,0,DOS_SYN_HPING,0,0.0,1.0,1.0,CRITICAL,1
Wagah Border,31.6,74.6,Punjab Sector,RT_IOT2022.csv,12,0,0.0,0.0,6.67,0,0,DOS_SYN_HPING,0,0.0,1.0,1.0,CRITICAL,1
Pir Panjal Range,33.5,74.2,J&K LoC,RT_IOT2022.csv,12,0,0.0,0.0,6.67,0,0,DOS_SYN_HPING,0,0.0,1.0,1.0,CRITICAL,1
Pir Panjal Range,33.5,74.2,J&K LoC,RT_IOT2022.csv,12,0,0.0,0.0,6.67,0,0,DOS_SYN_HPING,0,0.0,1.0,1.0,CRITICAL,1
Kutch Gulf,23.0,68.9,Gujarat Coast,RT_IOT2022.csv,12,0,0.0,0.0,6.67,0,0,DOS_SYN_HPING,0,0.0,1.0,1.0,CRITICAL,1
Wagah Border,31.6,74.6,Punjab Sector,RT_IOT2022.csv,12,0,0.0,0.0,6.67,0,0,DOS_SYN_HPING,0,0.0,1.0,1.0,CRITICAL,1
Tawang Sector,27.6,91.9,Arunachal Sector,RT_IOT2022.csv,12,0,0.0,0.0,6.67,0,0,ARP_POISIONING,0,0.0,1.0,1.0,CRITICAL,1
Doklam Plateau,27.3,89.1,Sikkim Ridge,RT_IOT2022.csv,12,0,0.0,0.0,6.67,0,0,DOS_SYN_HPING,0,0.0,1.0,1.0,CRITICAL,1
Galwan Valley,34.4,73.6,J&K LoC,RT_IOT2022.csv,12,0,0.0004,0.0,6.67,0,0,ARP_POISIONING,0,0.0,1.0,1.0,CRITICAL,1
Anjaw District,28.1,96.3,Arunachal Sector,RT_IOT2022.csv,12,0,0.0,0.0,6.67,0,0,DOS_SYN_HPING,0,0.0,1.0,1.0,CRITICAL,1
Pir Panjal Range,33.5,74.2,J&K LoC,RT_IOT2022.csv,12,0,0.0,0.0,6.67,0,0,DOS_SYN_HPING,0,0.0,1.0,1.0,CRITICAL,1
Doklam Plateau,27.3,89.1,Sikkim Ridge,RT_IOT2022.csv,12,0,0.0,0.0,6.67,0,0,DOS_SYN_HPING,0,0.0,1.0,1.0,CRITICAL,1
Galwan Valley,34.4,73.6,J&K LoC,RT_IOT2022.csv,12,0,0.8994,0.0,6.67,0,0,ARP_POISIONING,0,0.0,1.0,1.0,CRITICAL,1
Wagah Border,31.6,74.6,Punjab Sector,RT_IOT2022.csv,12,0,0.0,0.0,6.67,0,0,DOS_SYN_HPING,0,0.0,1.0,1.0,CRITICAL,1
Mizoram Border,22.7,92.7,Northeast Sector,RT_IOT2022.csv,12,0,0.0,0.0,6.67,0,0,DOS_SYN_HPING,0,0.0,1.0,1.0,CRITICAL,1
Pir Panjal Range,33.5,74.2,J&K LoC,RT_IOT2022.csv,12,0,0.0,0.0,6.67,0,0,DOS_SYN_HPING,0,0.0,1.0,1.0,CRITICAL,1
Tawang Sector,27.6,91.9,Arunachal Sector,RT_IOT2022.csv,12,0,0.0,0.0,6.67,0,0,DOS_SYN_HPING,0,0.0,1.0,1.0,CRITICAL,1
Doklam Plateau,27.3,89.1,Sikkim Ridge,RT_IOT2022.csv,12,0,0.0,0.0,6.67,0,0,DOS_SYN_HPING,0,0.0,1.0,1.0,CRITICAL,1
Nathula Pass,27.4,88.8,Sikkim Ridge,RT_IOT2022.csv,12,0,0.0,0.0,6.67,0,0,DOS_SYN_HPING,0,0.0,1.0,1.0,CRITICAL,1
Pangong Tso,33.7,78.9,Ladakh LAC,RT_IOT2022.csv,12,0,0.0,0.0,6.67,0,0,DOS_SYN_HPING,0,0.0,1.0,1.0,CRITICAL,1
Tawang Sector,27.6,91.9,Arunachal Sector,RT_IOT2022.csv,12,0,0.0,0.0,6.67,0,0,DOS_SYN_HPING,0,0.0,1.0,1.0,CRITICAL,1
Pangong Tso,33.7,78.9,Ladakh LAC,RT_IOT2022.csv,12,0,0.0,0.0,6.67,0,0,DOS_SYN_HPING,0,0.0,1.0,1.0,CRITICAL,1
Mizoram Border,22.7,92.7,Northeast Sector,RT_IOT2022.csv,12,0,0.0,0.0,6.67,0,0,NMAP_UDP_SCAN,0,0.0,1.0,1.0,CRITICAL,1
Kutch Gulf,23.0,68.9,Gujarat Coast,RT_IOT2022.csv,12,0,0.0,0.0,6.67,0,0,DOS_SYN_HPING,0,0.0,1.0,1.0,CRITICAL,1
Rann of Kutch,23.9,70.0,Gujarat Coast,RT_IOT2022.csv,12,0,0.0,0.0,6.67,0,0,DOS_SYN_HPING,0,0.0,1.0,1.0,CRITICAL,1
Rann of Kutch,23.9,70.0,Gujarat Coast,RT_IOT2022.csv,12,0,0.0,0.0,6.67,0,0,DOS_SYN_HPING,0,0.0,1.0,1.0,CRITICAL,1
Mizoram Border,22.7,92.7,Northeast Sector,RT_IOT2022.csv,12,0,0.0,0.0,6.67,0,0,DOS_SYN_HPING,0,0.0,1.0,1.0,CRITICAL,1
Galwan Valley,34.4,73.6,J&K LoC,RT_IOT2022.csv,12,0,0.0,0.0,6.67,0,0,DOS_SYN_HPING,0,0.0,1.0,1.0,CRITICAL,1
Pir Panjal Range,33.5,74.2,J&K LoC,RT_IOT2022.csv,12,0,0.0,0.0,6.67,0,0,DOS_SYN_HPING,0,0.0,1.0,1.0,CRITICAL,1
Depsang Plains,35.1,77.8,Ladakh LAC,RT_IOT2022.csv,12,0,0.0,0.0,6.67,0,0,DOS_SYN_HPING,0,0.0,1.0,1.0,CRITICAL,1
Nathula Pass,27.4,88.8,Sikkim Ridge,RT_IOT2022.csv,12,0,0.0,0.0,6.67,0,0,DOS_SYN_HPING,0,0.0,1.0,1.0,CRITICAL,1
Lipulekh Pass,30.2,80.3,Uttarakhand Pass,RT_IOT2022.csv,12,0,0.0,0.0,6.67,0,0,DOS_SYN_HPING,0,0.0,1.0,1.0,CRITICAL,1
Anjaw District,28.1,96.3,Arunachal Sector,RT_IOT2022.csv,12,0,0.0079,0.0,6.67,0,2,THING_SPEAK,0,0.0,1.0,1.0,CRITICAL,1
Siachen Glacier,35.5,76.9,Ladakh LAC,RT_IOT2022.csv,12,0,0.0,0.0,6.67,0,0,DOS_SYN_HPING,0,0.0,1.0,1.0,CRITICAL,1
Siachen Glacier,35.5,76.9,Ladakh LAC,RT_IOT2022.csv,12,0,0.0,0.0,6.67,0,0,DOS_SYN_HPING,0,0.0,1.0,1.0,CRITICAL,1
Rann of Kutch,23.9,70.0,Gujarat Coast,RT_IOT2022.csv,12,0,0.0,0.0,6.67,0,0,ARP_POISIONING,0,0.0,1.0,1.0,CRITICAL,1
Tawang Sector,27.6,91.9,Arunachal Sector,RT_IOT2022.csv,12,0,0.0,0.0,6.67,0,0,DOS_SYN_HPING,0,0.0,1.0,1.0,CRITICAL,1
Tawang Sector,27.6,91.9,Arunachal Sector,RT_IOT2022.csv,12,0,0.0,0.0,6.67,0,0,DOS_SYN_HPING,0,0.0,1.0,1.0,CRITICAL,1
Pir Panjal Range,33.5,74.2,J&K LoC,RT_IOT2022.csv,12,0,0.0,0.0,6.67,0,0,DOS_SYN_HPING,0,0.0,1.0,1.0,CRITICAL,1
Siachen Glacier,35.5,76.9,Ladakh LAC,RT_IOT2022.csv,12,0,0.0,0.0,6.67,0,0,DOS_SYN_HPING,0,0.0,1.0,1.0,CRITICAL,1
Pir Panjal Range,33.5,74.2,J&K LoC,RT_IOT2022.csv,12,0,0.0,0.0,6.67,0,0,NMAP_UDP_SCAN,0,0.0,1.0,1.0,CRITICAL,1
Pir Panjal Range,33.5,74.2,J&K LoC,RT_IOT2022.csv,12,0,0.0,0.0,6.67,0,0,DOS_SYN_HPING,0,0.0,1.0,1.0,CRITICAL,1
Lipulekh Pass,30.2,80.3,Uttarakhand Pass,RT_IOT2022.csv,12,0,0.0,0.0,6.67,0,0,DOS_SYN_HPING,0,0.0,1.0,1.0,CRITICAL,1
Siachen Glacier,35.5,76.9,Ladakh LAC,RT_IOT2022.csv,12,0,0.0,0.0,6.67,0,0,DOS_SYN_HPING,0,0.0,1.0,1.0,CRITICAL,1
Siachen Glacier,35.5,76.9,Ladakh LAC,RT_IOT2022.csv,12,0,0.0,0.0,6.67,0,0,DOS_SYN_HPING,0,0.0,1.0,1.0,CRITICAL,1
Tawang Sector,27.6,91.9,Arunachal Sector,RT_IOT2022.csv,12,0,0.0,0.0,6.67,0,0,DOS_SYN_HPING,0,0.0,1.0,1.0,CRITICAL,1
Lipulekh Pass,30.2,80.3,Uttarakhand Pass,RT_IOT2022.csv,12,0,0.0,0.0,6.67,0,0,DOS_SYN_HPING,0,0.0,1.0,1.0,CRITICAL,1
Siachen Glacier,35.5,76.9,Ladakh LAC,RT_IOT2022.csv,12,0,0.0,0.0,6.67,0,0,DOS_SYN_HPING,0,0.0,1.0,1.0,CRITICAL,1
Doklam Plateau,27.3,89.1,Sikkim Ridge,RT_IOT2022.csv,12,0,0.0,0.0,6.67,0,0,DOS_SYN_HPING,0,0.0,1.0,1.0,CRITICAL,1
Galwan Valley,34.4,73.6,J&K LoC,RT_IOT2022.csv,12,0,0.0003,0.0,6.67,0,0,THING_SPEAK,0,0.0,1.0,1.0,CRITICAL,1
Lipulekh Pass,30.2,80.3,Uttarakhand Pass,RT_IOT2022.csv,12,0,0.0,0.0,6.67,0,0,NMAP_OS_DETECTION,0,0.0,1.0,1.0,CRITICAL,1
Depsang Plains,35.1,77.8,Ladakh LAC,RT_IOT2022.csv,12,0,0.0,0.0,6.67,0,0,DOS_SYN_HPING,0,0.0,1.0,1.0,CRITICAL,1
Barmer Sector,25.7,71.4,Rajasthan Border,RT_IOT2022.csv,12,0,0.0,0.0,6.67,0,0,DOS_SYN_HPING,0,0.0,1.0,1.0,CRITICAL,1
Depsang Plains,35.1,77.8,Ladakh LAC,RT_IOT2022.csv,12,0,0.0,0.0,6.67,0,0,DOS_SYN_HPING,0,0.0,1.0,1.0,CRITICAL,1
Siachen Glacier,35.5,76.9,Ladakh LAC,RT_IOT2022.csv,12,0,0.0,0.0,6.67,0,0,DOS_SYN_HPING,0,0.0,1.0,1.0,CRITICAL,1
Siachen Glacier,35.5,76.9,Ladakh LAC,RT_IOT2022.csv,12,0,0.0,0.0,6.67,0,0,DOS_SYN_HPING,0,0.0,1.0,1.0,CRITICAL,1
Rann of Kutch,23.9,70.0,Gujarat Coast,RT_IOT2022.csv,12,0,0.0,0.0,6.67,0,0,DOS_SYN_HPING,0,0.0,1.0,1.0,CRITICAL,1
Depsang Plains,35.1,77.8,Ladakh LAC,RT_IOT2022.csv,12,0,0.0,0.0,6.67,0,0,DOS_SYN_HPING,0,0.0,1.0,1.0,CRITICAL,1
Doklam Plateau,27.3,89.1,Sikkim Ridge,RT_IOT2022.csv,12,0,0.0,0.0,6.67,0,0,DOS_SYN_HPING,0,0.0,1.0,1.0,CRITICAL,1
Lipulekh Pass,30.2,80.3,Uttarakhand Pass,RT_IOT2022.csv,12,0,0.0,0.0,6.67,0,0,DOS_SYN_HPING,0,0.0,1.0,1.0,CRITICAL,1
Nathula Pass,27.4,88.8,Sikkim Ridge,RT_IOT2022.csv,12,0,0.0,0.0,6.67,0,0,DOS_SYN_HPING,0,0.0,1.0,1.0,CRITICAL,1
Barmer Sector,25.7,71.4,Rajasthan Border,RT_IOT2022.csv,12,0,0.0,0.0,6.67,0,0,DOS_SYN_HPING,0,0.0,1.0,1.0,CRITICAL,1
Rann of Kutch,23.9,70.0,Gujarat Coast,RT_IOT2022.csv,12,0,0.0,0.0,6.67,0,0,DOS_SYN_HPING,0,0.0,1.0,1.0,CRITICAL,1
Anjaw District,28.1,96.3,Arunachal Sector,RT_IOT2022.csv,12,0,0.0,0.0,6.67,0,0,DOS_SYN_HPING,0,0.0,1.0,1.0,CRITICAL,1
Rann of Kutch,23.9,70.0,Gujarat Coast,RT_IOT2022.csv,12,0,0.0918,0.0,6.67,0,0,MQTT_PUBLISH,0,0.0,1.0,1.0,CRITICAL,1
Tawang Sector,27.6,91.9,Arunachal Sector,RT_IOT2022.csv,12,0,0.0,0.0,6.67,0,0,DOS_SYN_HPING,0,0.0,1.0,1.0,CRITICAL,1
Mizoram Border,22.7,92.7,Northeast Sector,RT_IOT2022.csv,12,0,0.0023,0.0,6.67,0,0,THING_SPEAK,0,0.0,1.0,0.08,LOW,1
Nathula Pass,27.4,88.8,Sikkim Ridge,RT_IOT2022.csv,12,0,0.0,0.0,6.67,0,0,DOS_SYN_HPING,0,0.0,1.0,1.0,CRITICAL,1
Kutch Gulf,23.0,68.9,Gujarat Coast,RT_IOT2022.csv,12,0,0.0002,0.0,6.67,0,0,THING_SPEAK,0,0.0,1.0,1.0,CRITICAL,1
Pir Panjal Range,33.5,74.2,J&K LoC,RT_IOT2022.csv,12,0,0.0,0.0,6.67,0,0,DOS_SYN_HPING,0,0.0,1.0,1.0,CRITICAL,1
Kutch Gulf,23.0,68.9,Gujarat Coast,RT_IOT2022.csv,12,0,0.0,0.0,6.67,0,0,DOS_SYN_HPING,0,0.0,1.0,1.0,CRITICAL,1
Rann of Kutch,23.9,70.0,Gujarat Coast,RT_IOT2022.csv,12,0,0.0,0.0,6.67,0,0,DOS_SYN_HPING,0,0.0,1.0,1.0,CRITICAL,1
Lipulekh Pass,30.2,80.3,Uttarakhand Pass,RT_IOT2022.csv,12,0,0.0,0.0,6.67,0,0,DOS_SYN_HPING,0,0.0,1.0,1.0,CRITICAL,1
Depsang Plains,35.1,77.8,Ladakh LAC,RT_IOT2022.csv,12,0,0.0,0.0,6.67,0,0,DOS_SYN_HPING,0,0.0,1.0,1.0,CRITICAL,1
Nathula Pass,27.4,88.8,Sikkim Ridge,RT_IOT2022.csv,12,0,0.4698,0.0,6.67,0,0,MQTT_PUBLISH,0,0.0,1.0,1.0,CRITICAL,1
Siachen Glacier,35.5,76.9,Ladakh LAC,RT_IOT2022.csv,12,0,0.0002,0.0,6.67,0,0,THING_SPEAK,0,0.0,1.0,1.0,CRITICAL,1
Pir Panjal Range,33.5,74.2,J&K LoC,RT_IOT2022.csv,12,0,0.001,0.0,6.67,0,0,ARP_POISIONING,0,0.0,1.0,1.0,CRITICAL,1
Pangong Tso,33.7,78.9,Ladakh LAC,RT_IOT2022.csv,12,0,0.0,0.0,6.67,0,0,DOS_SYN_HPING,0,0.0,1.0,1.0,CRITICAL,1
Pangong Tso,33.7,78.9,Ladakh LAC,RT_IOT2022.csv,12,0,0.0,0.0,6.67,0,0,DOS_SYN_HPING,0,0.0,1.0,1.0,CRITICAL,1
Pangong Tso,33.7,78.9,Ladakh LAC,RT_IOT2022.csv,12,0,0.0,0.0,6.67,0,0,DOS_SYN_HPING,0,0.0,1.0,1.0,CRITICAL,1
Wagah Border,31.6,74.6,Punjab Sector,RT_IOT2022.csv,12,0,0.0,0.0,6.67,0,0,DOS_SYN_HPING,0,0.0,1.0,1.0,CRITICAL,1
Lipulekh Pass,30.2,80.3,Uttarakhand Pass,RT_IOT2022.csv,12,0,0.0,0.0,6.67,0,0,ARP_POISIONING,0,0.0,1.0,1.0,CRITICAL,1
Mizoram Border,22.7,92.7,Northeast Sector,RT_IOT2022.csv,12,0,0.0,0.0,6.67,0,0,DOS_SYN_HPING,0,0.0,1.0,1.0,CRITICAL,1
Doklam Plateau,27.3,89.1,Sikkim Ridge,RT_IOT2022.csv,12,0,0.0,0.0,6.67,0,0,DOS_SYN_HPING,0,0.0,1.0,1.0,CRITICAL,1
Tawang Sector,27.6,91.9,Arunachal Sector,RT_IOT2022.csv,12,0,0.0,0.0,6.67,0,0,DOS_SYN_HPING,0,0.0,1.0,1.0,CRITICAL,1
Depsang Plains,35.1,77.8,Ladakh LAC,RT_IOT2022.csv,12,0,0.0,0.0,6.67,0,0,DOS_SYN_HPING,0,0.0,1.0,1.0,CRITICAL,1
Depsang Plains,35.1,77.8,Ladakh LAC,RT_IOT2022.csv,12,0,0.0,0.0,6.67,0,0,DOS_SYN_HPING,0,0.0,1.0,1.0,CRITICAL,1
Anjaw District,28.1,96.3,Arunachal Sector,RT_IOT2022.csv,12,0,0.0,0.0,6.67,0,0,DOS_SYN_HPING,0,0.0,1.0,1.0,CRITICAL,1
Pir Panjal Range,33.5,74.2,J&K LoC,RT_IOT2022.csv,12,0,0.0,0.0,6.67,0,0,DOS_SYN_HPING,0,0.0,1.0,1.0,CRITICAL,1
Nathula Pass,27.4,88.8,Sikkim Ridge,RT_IOT2022.csv,12,0,0.0,0.0,6.67,0,0,DOS_SYN_HPING,0,0.0,1.0,1.0,CRITICAL,1
Pir Panjal Range,33.5,74.2,J&K LoC,RT_IOT2022.csv,12,0,0.0,0.0,6.67,0,0,DOS_SYN_HPING,0,0.0,1.0,1.0,CRITICAL,1
Galwan Valley,34.4,73.6,J&K LoC,RT_IOT2022.csv,12,0,0.0,0.0,6.67,0,0,DOS_SYN_HPING,0,0.0,1.0,1.0,CRITICAL,1
Galwan Valley,34.4,73.6,J&K LoC,RT_IOT2022.csv,12,0,0.0,0.0,6.67,0,0,NMAP_UDP_SCAN,0,0.0,1.0,1.0,CRITICAL,1
Rann of Kutch,23.9,70.0,Gujarat Coast,RT_IOT2022.csv,12,0,0.0,0.0,6.67,0,0,DOS_SYN_HPING,0,0.0,1.0,1.0,CRITICAL,1
Galwan Valley,34.4,73.6,J&K LoC,RT_IOT2022.csv,12,0,0.0005,0.0,6.67,0,0,THING_SPEAK,0,0.0,1.0,1.0,CRITICAL,1
Depsang Plains,35.1,77.8,Ladakh LAC,RT_IOT2022.csv,12,0,0.0,0.0,6.67,0,0,DOS_SYN_HPING,0,0.0,1.0,1.0,CRITICAL,1
Doklam Plateau,27.3,89.1,Sikkim Ridge,RT_IOT2022.csv,12,0,0.0,0.0,6.67,0,0,DOS_SYN_HPING,0,0.0,1.0,1.0,CRITICAL,1
Pir Panjal Range,33.5,74.2,J&K LoC,RT_IOT2022.csv,12,0,0.0,0.0,6.67,0,0,DOS_SYN_HPING,0,0.0,1.0,1.0,CRITICAL,1
Barmer Sector,25.7,71.4,Rajasthan Border,RT_IOT2022.csv,12,0,0.0,0.0,6.67,0,0,DOS_SYN_HPING,0,0.0,1.0,1.0,CRITICAL,1
Galwan Valley,34.4,73.6,J&K LoC,RT_IOT2022.csv,12,0,0.0,0.0,6.67,0,0,DOS_SYN_HPING,0,0.0,1.0,1.0,CRITICAL,1
Rann of Kutch,23.9,70.0,Gujarat Coast,RT_IOT2022.csv,12,0,0.0,0.0,6.67,0,0,NMAP_UDP_SCAN,0,0.0,1.0,1.0,CRITICAL,1
Rann of Kutch,23.9,70.0,Gujarat Coast,RT_IOT2022.csv,12,0,0.0,0.0,6.67,0,0,DOS_SYN_HPING,0,0.0,1.0,1.0,CRITICAL,1
Rann of Kutch,23.9,70.0,Gujarat Coast,RT_IOT2022.csv,12,0,0.0,0.0,6.67,0,0,DOS_SYN_HPING,0,0.0,1.0,1.0,CRITICAL,1
Pir Panjal Range,33.5,74.2,J&K LoC,RT_IOT2022.csv,12,0,0.0,0.0,6.67,0,0,DOS_SYN_HPING,0,0.0,1.0,1.0,CRITICAL,1
Pangong Tso,33.7,78.9,Ladakh LAC,RT_IOT2022.csv,12,0,0.0,0.0,6.67,0,0,DOS_SYN_HPING,0,0.0,1.0,1.0,CRITICAL,1
Mizoram Border,22.7,92.7,Northeast Sector,RT_IOT2022.csv,12,0,0.0,0.0,6.67,0,0,DOS_SYN_HPING,0,0.0,1.0,1.0,CRITICAL,1
Tawang Sector,27.6,91.9,Arunachal Sector,RT_IOT2022.csv,12,0,0.0,0.0,6.67,0,0,DOS_SYN_HPING,0,0.0,1.0,1.0,CRITICAL,1
Rann of Kutch,23.9,70.0,Gujarat Coast,RT_IOT2022.csv,12,0,0.0,0.0,6.67,0,0,DOS_SYN_HPING,0,0.0,1.0,1.0,CRITICAL,1
Lipulekh Pass,30.2,80.3,Uttarakhand Pass,RT_IOT2022.csv,12,0,0.0,0.0,6.67,0,0,DOS_SYN_HPING,0,0.0,1.0,1.0,CRITICAL,1
Kutch Gulf,23.0,68.9,Gujarat Coast,RT_IOT2022.csv,12,0,0.0,0.0,6.67,0,0,DOS_SYN_HPING,0,0.0,1.0,1.0,CRITICAL,1
Wagah Border,31.6,74.6,Punjab Sector,RT_IOT2022.csv,12,0,0.0,0.0,6.67,0,0,DOS_SYN_HPING,0,0.0,1.0,1.0,CRITICAL,1
Wagah Border,31.6,74.6,Punjab Sector,RT_IOT2022.csv,12,0,0.0,0.0,6.67,0,0,DOS_SYN_HPING,0,0.0,1.0,1.0,CRITICAL,1
Wagah Border,31.6,74.6,Punjab Sector,RT_IOT2022.csv,12,0,0.0,0.0,6.67,0,0,DOS_SYN_HPING,0,0.0,1.0,1.0,CRITICAL,1
Kutch Gulf,23.0,68.9,Gujarat Coast,RT_IOT2022.csv,12,0,0.0069,0.0,6.67,0,2,THING_SPEAK,0,0.0,1.0,1.0,CRITICAL,1
Kutch Gulf,23.0,68.9,Gujarat Coast,RT_IOT2022.csv,12,0,0.0,0.0,6.67,0,0,DOS_SYN_HPING,0,0.0,1.0,1.0,CRITICAL,1
Siachen Glacier,35.5,76.9,Ladakh LAC,RT_IOT2022.csv,12,0,0.0,0.0,6.67,0,0,DOS_SYN_HPING,0,0.0,1.0,1.0,CRITICAL,1
Rann of Kutch,23.9,70.0,Gujarat Coast,RT_IOT2022.csv,12,0,0.0,0.0,6.67,0,0,DOS_SYN_HPING,0,0.0,1.0,1.0,CRITICAL,1
Lipulekh Pass,30.2,80.3,Uttarakhand Pass,RT_IOT2022.csv,12,0,0.0154,0.0,6.67,0,2,THING_SPEAK,0,0.0,1.0,1.0,CRITICAL,1
Tawang Sector,27.6,91.9,Arunachal Sector,RT_IOT2022.csv,12,0,0.0,0.0,6.67,0,1,NMAP_XMAS_TREE_SCAN,0,0.0,1.0,1.0,CRITICAL,1
Nathula Pass,27.4,88.8,Sikkim Ridge,RT_IOT2022.csv,12,0,0.0,0.0,6.67,0,0,DOS_SYN_HPING,0,0.0,1.0,1.0,CRITICAL,1
Mizoram Border,22.7,92.7,Northeast Sector,RT_IOT2022.csv,12,0,0.0,0.0,6.67,0,0,DOS_SYN_HPING,0,0.0,1.0,1.0,CRITICAL,1
Rann of Kutch,23.9,70.0,Gujarat Coast,RT_IOT2022.csv,12,0,0.0,0.0,6.67,0,0,DOS_SYN_HPING,0,0.0,1.0,1.0,CRITICAL,1
Rann of Kutch,23.9,70.0,Gujarat Coast,RT_IOT2022.csv,12,0,0.0,0.0,6.67,0,0,DOS_SYN_HPING,0,0.0,1.0,1.0,CRITICAL,1
Doklam Plateau,27.3,89.1,Sikkim Ridge,RT_IOT2022.csv,12,0,0.0,0.0,6.67,0,0,DOS_SYN_HPING,0,0.0,1.0,1.0,CRITICAL,1
Kutch Gulf,23.0,68.9,Gujarat Coast,RT_IOT2022.csv,12,0,0.0,0.0,6.67,0,0,DOS_SYN_HPING,0,0.0,1.0,1.0,CRITICAL,1
Anjaw District,28.1,96.3,Arunachal Sector,RT_IOT2022.csv,12,0,0.0,0.0,6.67,0,0,DOS_SYN_HPING,0,0.0,1.0,1.0,CRITICAL,1
Barmer Sector,25.7,71.4,Rajasthan Border,RT_IOT2022.csv,12,0,0.0,0.0,6.67,0,0,DOS_SYN_HPING,0,0.0,1.0,1.0,CRITICAL,1
Wagah Border,31.6,74.6,Punjab Sector,RT_IOT2022.csv,12,0,0.0,0.0,6.67,0,0,DOS_SYN_HPING,0,0.0,1.0,1.0,CRITICAL,1
Pangong Tso,33.7,78.9,Ladakh LAC,RT_IOT2022.csv,12,0,0.0,0.0,6.67,0,0,DOS_SYN_HPING,0,0.0,1.0,1.0,CRITICAL,1
Pangong Tso,33.7,78.9,Ladakh LAC,RT_IOT2022.csv,12,0,0.0,0.0,6.67,0,0,DOS_SYN_HPING,0,0.0,1.0,1.0,CRITICAL,1
Depsang Plains,35.1,77.8,Ladakh LAC,RT_IOT2022.csv,12,0,0.0,0.0,6.67,0,0,DOS_SYN_HPING,0,0.0,1.0,1.0,CRITICAL,1
Siachen Glacier,35.5,76.9,Ladakh LAC,RT_IOT2022.csv,12,0,0.0087,0.0,6.67,0,2,THING_SPEAK,0,0.0,1.0,1.0,CRITICAL,1
Doklam Plateau,27.3,89.1,Sikkim Ridge,RT_IOT2022.csv,12,0,0.0,0.0,6.67,0,0,DOS_SYN_HPING,0,0.0,1.0,1.0,CRITICAL,1
Nathula Pass,27.4,88.8,Sikkim Ridge,RT_IOT2022.csv,12,0,0.0,0.0,6.67,0,0,DOS_SYN_HPING,0,0.0,1.0,1.0,CRITICAL,1
Siachen Glacier,35.5,76.9,Ladakh LAC,RT_IOT2022.csv,12,0,0.6006,0.0,6.67,0,0,MQTT_PUBLISH,0,0.0,1.0,1.0,CRITICAL,1
Doklam Plateau,27.3,89.1,Sikkim Ridge,RT_IOT2022.csv,12,0,0.0,0.0,6.67,0,0,DOS_SYN_HPING,0,0.0,1.0,1.0,CRITICAL,1
Wagah Border,31.6,74.6,Punjab Sector,RT_IOT2022.csv,12,0,0.0,0.0,6.67,0,0,DOS_SYN_HPING,0,0.0,1.0,1.0,CRITICAL,1
Pangong Tso,33.7,78.9,Ladakh LAC,RT_IOT2022.csv,12,0,0.0,0.0,6.67,0,0,DOS_SYN_HPING,0,0.0,1.0,1.0,CRITICAL,1
Anjaw District,28.1,96.3,Arunachal Sector,RT_IOT2022.csv,12,0,0.0,0.0,6.67,0,0,NMAP_UDP_SCAN,0,0.0,1.0,1.0,CRITICAL,1
Anjaw District,28.1,96.3,Arunachal Sector,RT_IOT2022.csv,12,0,0.0071,0.0,6.67,0,2,THING_SPEAK,0,0.0,1.0,1.0,CRITICAL,1
Nathula Pass,27.4,88.8,Sikkim Ridge,RT_IOT2022.csv,12,0,0.0,0.0,6.67,0,0,DOS_SYN_HPING,0,0.0,1.0,1.0,CRITICAL,1
Anjaw District,28.1,96.3,Arunachal Sector,RT_IOT2022.csv,12,0,0.0,0.0,6.67,0,0,DOS_SYN_HPING,0,0.0,1.0,1.0,CRITICAL,1
Kutch Gulf,23.0,68.9,Gujarat Coast,RT_IOT2022.csv,12,0,0.0,0.0,6.67,0,0,DOS_SYN_HPING,0,0.0,1.0,1.0,CRITICAL,1
Tawang Sector,27.6,91.9,Arunachal Sector,RT_IOT2022.csv,12,0,0.0072,0.0,6.67,0,2,THING_SPEAK,0,0.0,1.0,1.0,CRITICAL,1
Doklam Plateau,27.3,89.1,Sikkim Ridge,RT_IOT2022.csv,12,0,0.0,0.0,6.67,0,0,DOS_SYN_HPING,0,0.0,1.0,1.0,CRITICAL,1
Anjaw District,28.1,96.3,Arunachal Sector,RT_IOT2022.csv,12,0,0.0,0.0,6.67,0,0,DOS_SYN_HPING,0,0.0,1.0,1.0,CRITICAL,1
Siachen Glacier,35.5,76.9,Ladakh LAC,RT_IOT2022.csv,12,0,0.0,0.0,6.67,0,0,DOS_SYN_HPING,0,0.0,1.0,1.0,CRITICAL,1
Barmer Sector,25.7,71.4,Rajasthan Border,RT_IOT2022.csv,12,0,0.0,0.0,6.67,0,0,ARP_POISIONING,0,0.0,1.0,1.0,CRITICAL,1
Pangong Tso,33.7,78.9,Ladakh LAC,RT_IOT2022.csv,12,0,0.0,0.0,6.67,0,0,NMAP_TCP_SCAN,0,0.0,1.0,0.04,LOW,1
Tawang Sector,27.6,91.9,Arunachal Sector,RT_IOT2022.csv,12,0,0.0,0.0,6.67,0,0,DOS_SYN_HPING,0,0.0,1.0,1.0,CRITICAL,1
Kutch Gulf,23.0,68.9,Gujarat Coast,RT_IOT2022.csv,12,0,0.0,0.0,6.67,0,0,DOS_SYN_HPING,0,0.0,1.0,1.0,CRITICAL,1
Mizoram Border,22.7,92.7,Northeast Sector,RT_IOT2022.csv,12,0,0.0005,0.0,6.67,0,0,THING_SPEAK,0,0.0,1.0,1.0,CRITICAL,1
Barmer Sector,25.7,71.4,Rajasthan Border,RT_IOT2022.csv,12,0,0.0,0.0,6.67,0,0,DOS_SYN_HPING,0,0.0,1.0,1.0,CRITICAL,1
Pir Panjal Range,33.5,74.2,J&K LoC,RT_IOT2022.csv,12,0,0.0,0.0,6.67,0,0,DOS_SYN_HPING,0,0.0,1.0,1.0,CRITICAL,1
Rann of Kutch,23.9,70.0,Gujarat Coast,RT_IOT2022.csv,12,0,0.0,0.0,6.67,0,0,DOS_SYN_HPING,0,0.0,1.0,1.0,CRITICAL,1
Nathula Pass,27.4,88.8,Sikkim Ridge,RT_IOT2022.csv,12,0,0.0,0.0,6.67,0,0,DOS_SYN_HPING,0,0.0,1.0,1.0,CRITICAL,1
Kutch Gulf,23.0,68.9,Gujarat Coast,RT_IOT2022.csv,12,0,0.2198,0.0,6.67,0,0,MQTT_PUBLISH,0,0.0,1.0,1.0,CRITICAL,1
Tawang Sector,27.6,91.9,Arunachal Sector,RT_IOT2022.csv,12,0,0.0,0.0,6.67,0,0,DOS_SYN_HPING,0,0.0,1.0,1.0,CRITICAL,1
Doklam Plateau,27.3,89.1,Sikkim Ridge,RT_IOT2022.csv,12,0,0.0,0.0,6.67,0,0,DOS_SYN_HPING,0,0.0,1.0,1.0,CRITICAL,1
Lipulekh Pass,30.2,80.3,Uttarakhand Pass,RT_IOT2022.csv,12,0,0.0,0.0,6.67,0,0,DOS_SYN_HPING,0,0.0,1.0,1.0,CRITICAL,1
Mizoram Border,22.7,92.7,Northeast Sector,RT_IOT2022.csv,12,0,0.0,0.0,6.67,0,0,DOS_SYN_HPING,0,0.0,1.0,1.0,CRITICAL,1
Rann of Kutch,23.9,70.0,Gujarat Coast,RT_IOT2022.csv,12,0,0.0,0.0,6.67,0,0,DOS_SYN_HPING,0,0.0,1.0,1.0,CRITICAL,1
Nathula Pass,27.4,88.8,Sikkim Ridge,RT_IOT2022.csv,12,0,0.0008,0.0,6.67,0,0,ARP_POISIONING,0,0.0,1.0,1.0,CRITICAL,1
Wagah Border,31.6,74.6,Punjab Sector,RT_IOT2022.csv,12,0,0.0,0.0,6.67,0,0,DOS_SYN_HPING,0,0.0,1.0,1.0,CRITICAL,1
Pangong Tso,33.7,78.9,Ladakh LAC,RT_IOT2022.csv,12,0,0.0,0.0,6.67,0,0,DOS_SYN_HPING,0,0.0,1.0,1.0,CRITICAL,1
Rann of Kutch,23.9,70.0,Gujarat Coast,RT_IOT2022.csv,12,0,0.6203,0.0,6.67,0,0,MQTT_PUBLISH,0,0.0,1.0,1.0,CRITICAL,1
Lipulekh Pass,30.2,80.3,Uttarakhand Pass,RT_IOT2022.csv,12,0,0.0,0.0,6.67,0,0,DOS_SYN_HPING,0,0.0,1.0,1.0,CRITICAL,1
Nathula Pass,27.4,88.8,Sikkim Ridge,RT_IOT2022.csv,12,0,0.0039,0.0,6.67,0,0,ARP_POISIONING,0,0.0,1.0,1.0,CRITICAL,1
Kutch Gulf,23.0,68.9,Gujarat Coast,RT_IOT2022.csv,12,0,0.0,0.0,6.67,0,0,DOS_SYN_HPING,0,0.0,1.0,1.0,CRITICAL,1
Wagah Border,31.6,74.6,Punjab Sector,RT_IOT2022.csv,12,0,0.0155,0.0,6.67,0,2,THING_SPEAK,0,0.0,1.0,1.0,CRITICAL,1
Galwan Valley,34.4,73.6,J&K LoC,RT_IOT2022.csv,12,0,0.0,0.0,6.67,0,0,DOS_SYN_HPING,0,0.0,1.0,1.0,CRITICAL,1
Tawang Sector,27.6,91.9,Arunachal Sector,RT_IOT2022.csv,12,0,0.0008,0.0,6.67,0,0,ARP_POISIONING,0,0.0,1.0,1.0,CRITICAL,1
Siachen Glacier,35.5,76.9,Ladakh LAC,RT_IOT2022.csv,12,0,0.0,0.0,6.67,0,0,DOS_SYN_HPING,0,0.0,1.0,1.0,CRITICAL,1
Kutch Gulf,23.0,68.9,Gujarat Coast,RT_IOT2022.csv,12,0,0.0,0.0,6.67,0,0,DOS_SYN_HPING,0,0.0,1.0,1.0,CRITICAL,1
Depsang Plains,35.1,77.8,Ladakh LAC,RT_IOT2022.csv,12,0,0.0002,0.0,6.67,0,0,THING_SPEAK,0,0.0,1.0,1.0,CRITICAL,1
Pangong Tso,33.7,78.9,Ladakh LAC,RT_IOT2022.csv,12,0,0.0,0.0,6.67,0,0,DOS_SYN_HPING,0,0.0,1.0,1.0,CRITICAL,1
Lipulekh Pass,30.2,80.3,Uttarakhand Pass,RT_IOT2022.csv,12,0,0.0,0.0,6.67,0,0,DOS_SYN_HPING,0,0.0,1.0,1.0,CRITICAL,1
Barmer Sector,25.7,71.4,Rajasthan Border,RT_IOT2022.csv,12,0,0.0,0.0,6.67,0,0,DOS_SYN_HPING,0,0.0,1.0,1.0,CRITICAL,1
Nathula Pass,27.4,88.8,Sikkim Ridge,RT_IOT2022.csv,12,0,0.0,0.0,6.67,0,0,DOS_SYN_HPING,0,0.0,1.0,1.0,CRITICAL,1
Rann of Kutch,23.9,70.0,Gujarat Coast,RT_IOT2022.csv,12,0,0.0,0.0,6.67,0,0,DOS_SYN_HPING,0,0.0,1.0,1.0,CRITICAL,1
Pir Panjal Range,33.5,74.2,J&K LoC,RT_IOT2022.csv,12,0,0.0,0.0,6.67,0,0,DOS_SYN_HPING,0,0.0,1.0,1.0,CRITICAL,1
Galwan Valley,34.4,73.6,J&K LoC,RT_IOT2022.csv,12,0,0.0,0.0,6.67,0,0,DOS_SYN_HPING,0,0.0,1.0,1.0,CRITICAL,1
Mizoram Border,22.7,92.7,Northeast Sector,RT_IOT2022.csv,12,0,0.0,0.0,6.67,0,0,DOS_SYN_HPING,0,0.0,1.0,1.0,CRITICAL,1
Wagah Border,31.6,74.6,Punjab Sector,RT_IOT2022.csv,12,0,0.0,0.0,6.67,0,0,DOS_SYN_HPING,0,0.0,1.0,1.0,CRITICAL,1
Wagah Border,31.6,74.6,Punjab Sector,RT_IOT2022.csv,12,0,0.0,0.0,6.67,0,0,DOS_SYN_HPING,0,0.0,1.0,1.0,CRITICAL,1
Galwan Valley,34.4,73.6,J&K LoC,RT_IOT2022.csv,12,0,0.0,0.0,6.67,0,0,DOS_SYN_HPING,0,0.0,1.0,1.0,CRITICAL,1
Wagah Border,31.6,74.6,Punjab Sector,RT_IOT2022.csv,12,0,0.0,0.0,6.67,0,0,DOS_SYN_HPING,0,0.0,1.0,1.0,CRITICAL,1
Barmer Sector,25.7,71.4,Rajasthan Border,RT_IOT2022.csv,12,0,0.0,0.0,6.67,0,0,DOS_SYN_HPING,0,0.0,1.0,1.0,CRITICAL,1
Lipulekh Pass,30.2,80.3,Uttarakhand Pass,RT_IOT2022.csv,12,0,0.0,0.0,6.67,0,0,DOS_SYN_HPING,0,0.0,1.0,1.0,CRITICAL,1
Galwan Valley,34.4,73.6,J&K LoC,RT_IOT2022.csv,12,0,0.0,0.0,6.67,0,0,DOS_SYN_HPING,0,0.0,1.0,1.0,CRITICAL,1
Nathula Pass,27.4,88.8,Sikkim Ridge,RT_IOT2022.csv,12,0,0.0,0.0,6.67,0,0,DOS_SYN_HPING,0,0.0,1.0,1.0,CRITICAL,1
Mizoram Border,22.7,92.7,Northeast Sector,RT_IOT2022.csv,12,0,0.0,0.0,6.67,0,0,DOS_SYN_HPING,0,0.0,1.0,1.0,CRITICAL,1
Barmer Sector,25.7,71.4,Rajasthan Border,RT_IOT2022.csv,12,0,0.0,0.0,6.67,0,0,DOS_SYN_HPING,0,0.0,1.0,1.0,CRITICAL,1
Siachen Glacier,35.5,76.9,Ladakh LAC,RT_IOT2022.csv,12,0,0.3405,0.0,6.67,0,0,MQTT_PUBLISH,0,0.0,1.0,1.0,CRITICAL,1
Mizoram Border,22.7,92.7,Northeast Sector,RT_IOT2022.csv,12,0,0.0,0.0,6.67,0,0,DOS_SYN_HPING,0,0.0,1.0,1.0,CRITICAL,1
Mizoram Border,22.7,92.7,Northeast Sector,RT_IOT2022.csv,12,0,0.0,0.0,6.67,0,0,DOS_SYN_HPING,0,0.0,1.0,1.0,CRITICAL,1
Siachen Glacier,35.5,76.9,Ladakh LAC,RT_IOT2022.csv,12,0,0.0,0.0,6.67,0,0,DOS_SYN_HPING,0,0.0,1.0,1.0,CRITICAL,1
Rann of Kutch,23.9,70.0,Gujarat Coast,RT_IOT2022.csv,12,0,0.0,0.0,6.67,0,0,DOS_SYN_HPING,0,0.0,1.0,1.0,CRITICAL,1
Doklam Plateau,27.3,89.1,Sikkim Ridge,RT_IOT2022.csv,12,0,0.0,0.0,6.67,0,0,DOS_SYN_HPING,0,0.0,1.0,1.0,CRITICAL,1
Lipulekh Pass,30.2,80.3,Uttarakhand Pass,RT_IOT2022.csv,12,0,0.0,0.0,6.67,0,0,DOS_SYN_HPING,0,0.0,1.0,1.0,CRITICAL,1
Doklam Plateau,27.3,89.1,Sikkim Ridge,RT_IOT2022.csv,12,0,0.0,0.0,6.67,0,0,DOS_SYN_HPING,0,0.0,1.0,1.0,CRITICAL,1
Kutch Gulf,23.0,68.9,Gujarat Coast,RT_IOT2022.csv,12,0,0.0,0.0,6.67,0,0,DOS_SYN_HPING,0,0.0,1.0,1.0,CRITICAL,1
Mizoram Border,22.7,92.7,Northeast Sector,RT_IOT2022.csv,12,0,0.0005,0.0,6.67,0,0,THING_SPEAK,0,0.0,1.0,1.0,CRITICAL,1
Kutch Gulf,23.0,68.9,Gujarat Coast,RT_IOT2022.csv,12,0,0.0,0.0,6.67,0,0,DOS_SYN_HPING,0,0.0,1.0,1.0,CRITICAL,1
Pir Panjal Range,33.5,74.2,J&K LoC,RT_IOT2022.csv,12,0,0.0,0.0,6.67,0,0,DOS_SYN_HPING,0,0.0,1.0,1.0,CRITICAL,1
Mizoram Border,22.7,92.7,Northeast Sector,RT_IOT2022.csv,12,0,0.0,0.0,6.67,0,0,DOS_SYN_HPING,0,0.0,1.0,1.0,CRITICAL,1
Galwan Valley,34.4,73.6,J&K LoC,RT_IOT2022.csv,12,0,0.0,0.0,6.67,0,0,DOS_SYN_HPING,0,0.0,1.0,1.0,CRITICAL,1
Pangong Tso,33.7,78.9,Ladakh LAC,RT_IOT2022.csv,12,0,0.0,0.0,6.67,0,0,DOS_SYN_HPING,0,0.0,1.0,1.0,CRITICAL,1
Barmer Sector,25.7,71.4,Rajasthan Border,RT_IOT2022.csv,12,0,0.0,0.0,6.67,0,0,DOS_SYN_HPING,0,0.0,1.0,1.0,CRITICAL,1
Lipulekh Pass,30.2,80.3,Uttarakhand Pass,RT_IOT2022.csv,12,0,0.0,0.0,6.67,0,0,DOS_SYN_HPING,0,0.0,1.0,1.0,CRITICAL,1
Depsang Plains,35.1,77.8,Ladakh LAC,RT_IOT2022.csv,12,0,0.0,0.0,6.67,0,0,DOS_SYN_HPING,0,0.0,1.0,1.0,CRITICAL,1
Galwan Valley,34.4,73.6,J&K LoC,RT_IOT2022.csv,12,0,0.0069,0.0,6.67,0,2,THING_SPEAK,0,0.0,1.0,1.0,CRITICAL,1
Nathula Pass,27.4,88.8,Sikkim Ridge,RT_IOT2022.csv,12,0,0.0003,0.0,6.67,0,0,THING_SPEAK,0,0.0,1.0,1.0,CRITICAL,1
Wagah Border,31.6,74.6,Punjab Sector,RT_IOT2022.csv,12,0,0.0,0.0,6.67,0,1,NMAP_XMAS_TREE_SCAN,0,0.0,1.0,1.0,CRITICAL,1
Siachen Glacier,35.5,76.9,Ladakh LAC,RT_IOT2022.csv,12,0,0.0,0.0,6.67,0,0,DOS_SYN_HPING,0,0.0,1.0,1.0,CRITICAL,1
Siachen Glacier,35.5,76.9,Ladakh LAC,RT_IOT2022.csv,12,0,0.0,0.0,6.67,0,0,DOS_SYN_HPING,0,0.0,1.0,1.0,CRITICAL,1
Galwan Valley,34.4,73.6,J&K LoC,RT_IOT2022.csv,12,0,0.0,0.0,6.67,0,0,DOS_SYN_HPING,0,0.0,1.0,1.0,CRITICAL,1
Lipulekh Pass,30.2,80.3,Uttarakhand Pass,RT_IOT2022.csv,12,0,0.0,0.0,6.67,0,0,DOS_SYN_HPING,0,0.0,1.0,1.0,CRITICAL,1
Depsang Plains,35.1,77.8,Ladakh LAC,RT_IOT2022.csv,12,0,0.0,0.0,6.67,0,0,DOS_SYN_HPING,0,0.0,1.0,1.0,CRITICAL,1
Lipulekh Pass,30.2,80.3,Uttarakhand Pass,RT_IOT2022.csv,12,0,0.0,0.0,6.67,0,0,ARP_POISIONING,0,0.0,1.0,0.07,LOW,1
Nathula Pass,27.4,88.8,Sikkim Ridge,RT_IOT2022.csv,12,0,0.0,0.0,6.67,0,0,DOS_SYN_HPING,0,0.0,1.0,1.0,CRITICAL,1
Doklam Plateau,27.3,89.1,Sikkim Ridge,RT_IOT2022.csv,12,0,0.0,0.0,6.67,0,0,DOS_SYN_HPING,0,0.0,1.0,1.0,CRITICAL,1
Barmer Sector,25.7,71.4,Rajasthan Border,RT_IOT2022.csv,12,0,0.0,0.0,6.67,0,0,DOS_SYN_HPING,0,0.0,1.0,1.0,CRITICAL,1
Nathula Pass,27.4,88.8,Sikkim Ridge,RT_IOT2022.csv,12,0,0.0,0.0,6.67,0,0,DOS_SYN_HPING,0,0.0,1.0,1.0,CRITICAL,1
Barmer Sector,25.7,71.4,Rajasthan Border,RT_IOT2022.csv,12,0,0.0,0.0,6.67,0,0,DOS_SYN_HPING,0,0.0,1.0,1.0,CRITICAL,1
Kutch Gulf,23.0,68.9,Gujarat Coast,RT_IOT2022.csv,12,0,0.0,0.0,6.67,0,0,NMAP_UDP_SCAN,0,0.0,1.0,1.0,CRITICAL,1
Pir Panjal Range,33.5,74.2,J&K LoC,RT_IOT2022.csv,12,0,0.0,0.0,6.67,0,0,DOS_SYN_HPING,0,0.0,1.0,1.0,CRITICAL,1
Kutch Gulf,23.0,68.9,Gujarat Coast,RT_IOT2022.csv,12,0,0.0003,0.0,6.67,0,0,THING_SPEAK,0,0.0,1.0,1.0,CRITICAL,1
Nathula Pass,27.4,88.8,Sikkim Ridge,RT_IOT2022.csv,12,0,0.0,0.0,6.67,0,0,DOS_SYN_HPING,0,0.0,1.0,1.0,CRITICAL,1
Nathula Pass,27.4,88.8,Sikkim Ridge,RT_IOT2022.csv,12,0,0.0074,0.0,6.67,0,2,THING_SPEAK,0,0.0,1.0,1.0,CRITICAL,1
Pangong Tso,33.7,78.9,Ladakh LAC,RT_IOT2022.csv,12,0,0.1895,0.0,6.67,0,0,MQTT_PUBLISH,0,0.0,1.0,1.0,CRITICAL,1
Lipulekh Pass,30.2,80.3,Uttarakhand Pass,RT_IOT2022.csv,12,0,0.0,0.0,6.67,0,0,DOS_SYN_HPING,0,0.0,1.0,1.0,CRITICAL,1
Siachen Glacier,35.5,76.9,Ladakh LAC,RT_IOT2022.csv,12,0,0.0,0.0,6.67,0,0,DOS_SYN_HPING,0,0.0,1.0,1.0,CRITICAL,1
Pir Panjal Range,33.5,74.2,J&K LoC,RT_IOT2022.csv,12,0,0.0,0.0,6.67,0,0,DOS_SYN_HPING,0,0.0,1.0,1.0,CRITICAL,1
Rann of Kutch,23.9,70.0,Gujarat Coast,RT_IOT2022.csv,12,0,0.0,0.0,6.67,0,0,DOS_SYN_HPING,0,0.0,1.0,1.0,CRITICAL,1
Galwan Valley,34.4,73.6,J&K LoC,RT_IOT2022.csv,12,0,0.5893,0.0,6.67,0,0,MQTT_PUBLISH,0,0.0,1.0,1.0,CRITICAL,1
Kutch Gulf,23.0,68.9,Gujarat Coast,RT_IOT2022.csv,12,0,0.0009,0.0,6.67,0,0,ARP_POISIONING,0,0.0,1.0,1.0,CRITICAL,1
Galwan Valley,34.4,73.6,J&K LoC,RT_IOT2022.csv,12,0,0.2577,0.0,6.67,0,0,ARP_POISIONING,0,0.0,1.0,1.0,CRITICAL,1
Barmer Sector,25.7,71.4,Rajasthan Border,RT_IOT2022.csv,12,0,0.0,0.0,6.67,0,0,DOS_SYN_HPING,0,0.0,1.0,1.0,CRITICAL,1
Galwan Valley,34.4,73.6,J&K LoC,RT_IOT2022.csv,12,0,0.0087,0.0,6.67,0,2,THING_SPEAK,0,0.0,1.0,1.0,CRITICAL,1
Nathula Pass,27.4,88.8,Sikkim Ridge,RT_IOT2022.csv,12,0,0.0,0.0,6.67,0,0,DOS_SYN_HPING,0,0.0,1.0,1.0,CRITICAL,1
Wagah Border,31.6,74.6,Punjab Sector,RT_IOT2022.csv,12,0,0.0098,0.0,6.67,0,2,ARP_POISIONING,0,0.0,1.0,1.0,CRITICAL,1
Barmer Sector,25.7,71.4,Rajasthan Border,RT_IOT2022.csv,12,0,0.0,0.0,6.67,0,0,DOS_SYN_HPING,0,0.0,1.0,1.0,CRITICAL,1
Doklam Plateau,27.3,89.1,Sikkim Ridge,RT_IOT2022.csv,12,0,0.0,0.0,6.67,0,0,DOS_SYN_HPING,0,0.0,1.0,1.0,CRITICAL,1
Pir Panjal Range,33.5,74.2,J&K LoC,RT_IOT2022.csv,12,0,0.0,0.0,6.67,0,0,DOS_SYN_HPING,0,0.0,1.0,1.0,CRITICAL,1
Kutch Gulf,23.0,68.9,Gujarat Coast,RT_IOT2022.csv,12,0,0.0,0.0,6.67,0,0,DOS_SYN_HPING,0,0.0,1.0,1.0,CRITICAL,1
Pangong Tso,33.7,78.9,Ladakh LAC,RT_IOT2022.csv,12,0,0.0003,0.0,6.67,0,0,THING_SPEAK,0,0.0,1.0,1.0,CRITICAL,1
Barmer Sector,25.7,71.4,Rajasthan Border,RT_IOT2022.csv,12,0,0.0003,0.0,6.67,0,0,THING_SPEAK,0,0.0,1.0,1.0,CRITICAL,1
Barmer Sector,25.7,71.4,Rajasthan Border,RT_IOT2022.csv,12,0,0.0,0.0,6.67,0,0,DOS_SYN_HPING,0,0.0,1.0,1.0,CRITICAL,1
Anjaw District,28.1,96.3,Arunachal Sector,RT_IOT2022.csv,12,0,0.0,0.0,6.67,0,0,DOS_SYN_HPING,0,0.0,1.0,1.0,CRITICAL,1
Kutch Gulf,23.0,68.9,Gujarat Coast,RT_IOT2022.csv,12,0,0.0,0.0,6.67,0,0,DOS_SYN_HPING,0,0.0,1.0,1.0,CRITICAL,1
Pir Panjal Range,33.5,74.2,J&K LoC,RT_IOT2022.csv,12,0,0.0,0.0,6.67,0,0,DOS_SYN_HPING,0,0.0,1.0,1.0,CRITICAL,1
Rann of Kutch,23.9,70.0,Gujarat Coast,RT_IOT2022.csv,12,0,0.0,0.0,6.67,0,0,DOS_SYN_HPING,0,0.0,1.0,1.0,CRITICAL,1
Kutch Gulf,23.0,68.9,Gujarat Coast,RT_IOT2022.csv,12,0,0.0,0.0,6.67,0,0,DOS_SYN_HPING,0,0.0,1.0,1.0,CRITICAL,1
Wagah Border,31.6,74.6,Punjab Sector,RT_IOT2022.csv,12,0,0.0,0.0,6.67,0,0,DOS_SYN_HPING,0,0.0,1.0,1.0,CRITICAL,1
Tawang Sector,27.6,91.9,Arunachal Sector,RT_IOT2022.csv,12,0,0.0,0.0,6.67,0,0,ARP_POISIONING,0,0.0,1.0,1.0,CRITICAL,1
Kutch Gulf,23.0,68.9,Gujarat Coast,RT_IOT2022.csv,12,0,0.0,0.0,6.67,0,0,DOS_SYN_HPING,0,0.0,1.0,1.0,CRITICAL,1
Anjaw District,28.1,96.3,Arunachal Sector,RT_IOT2022.csv,12,0,0.0,0.0,6.67,0,0,DOS_SYN_HPING,0,0.0,1.0,1.0,CRITICAL,1
Nathula Pass,27.4,88.8,Sikkim Ridge,RT_IOT2022.csv,12,0,0.0,0.0,6.67,0,0,DOS_SYN_HPING,0,0.0,1.0,1.0,CRITICAL,1
Tawang Sector,27.6,91.9,Arunachal Sector,RT_IOT2022.csv,12,0,0.0,0.0,6.67,0,0,DOS_SYN_HPING,0,0.0,1.0,1.0,CRITICAL,1
Tawang Sector,27.6,91.9,Arunachal Sector,RT_IOT2022.csv,12,0,0.5108,0.0,6.67,0,0,MQTT_PUBLISH,0,0.0,1.0,1.0,CRITICAL,1
Siachen Glacier,35.5,76.9,Ladakh LAC,RT_IOT2022.csv,12,0,0.0,0.0,6.67,0,0,DOS_SYN_HPING,0,0.0,1.0,1.0,CRITICAL,1
Mizoram Border,22.7,92.7,Northeast Sector,RT_IOT2022.csv,12,0,0.0,0.0,6.67,0,0,DOS_SYN_HPING,0,0.0,1.0,1.0,CRITICAL,1
Siachen Glacier,35.5,76.9,Ladakh LAC,RT_IOT2022.csv,12,0,0.0,0.0,6.67,0,0,DOS_SYN_HPING,0,0.0,1.0,1.0,CRITICAL,1
Galwan Valley,34.4,73.6,J&K LoC,RT_IOT2022.csv,12,0,0.0083,0.0,6.67,0,2,THING_SPEAK,0,0.0,1.0,1.0,CRITICAL,1
Mizoram Border,22.7,92.7,Northeast Sector,RT_IOT2022.csv,12,0,0.0004,0.0,6.67,0,0,THING_SPEAK,0,0.0,1.0,1.0,CRITICAL,1
Lipulekh Pass,30.2,80.3,Uttarakhand Pass,RT_IOT2022.csv,12,0,0.0,0.0,6.67,0,0,NMAP_OS_DETECTION,0,0.0,1.0,0.35,MEDIUM,1
Doklam Plateau,27.3,89.1,Sikkim Ridge,RT_IOT2022.csv,12,0,0.0,0.0,6.67,0,0,DOS_SYN_HPING,0,0.0,1.0,1.0,CRITICAL,1
Kutch Gulf,23.0,68.9,Gujarat Coast,RT_IOT2022.csv,12,0,0.0,0.0,6.67,0,1,NMAP_XMAS_TREE_SCAN,0,0.0,1.0,1.0,CRITICAL,1
Anjaw District,28.1,96.3,Arunachal Sector,RT_IOT2022.csv,12,0,0.0,0.0,6.67,0,0,DOS_SYN_HPING,0,0.0,1.0,1.0,CRITICAL,1
Galwan Valley,34.4,73.6,J&K LoC,RT_IOT2022.csv,12,0,0.0,0.0,6.67,0,0,DOS_SYN_HPING,0,0.0,1.0,1.0,CRITICAL,1
Barmer Sector,25.7,71.4,Rajasthan Border,RT_IOT2022.csv,12,0,0.0003,0.0,6.67,0,0,THING_SPEAK,0,0.0,1.0,1.0,CRITICAL,1
Siachen Glacier,35.5,76.9,Ladakh LAC,RT_IOT2022.csv,12,0,0.0,0.0,6.67,0,0,DOS_SYN_HPING,0,0.0,1.0,1.0,CRITICAL,1
Lipulekh Pass,30.2,80.3,Uttarakhand Pass,RT_IOT2022.csv,12,0,0.0,0.0,6.67,0,0,DOS_SYN_HPING,0,0.0,1.0,1.0,CRITICAL,1
Mizoram Border,22.7,92.7,Northeast Sector,RT_IOT2022.csv,12,0,0.0,0.0,6.67,0,0,DOS_SYN_HPING,0,0.0,1.0,1.0,CRITICAL,1
Mizoram Border,22.7,92.7,Northeast Sector,RT_IOT2022.csv,12,0,0.0,0.0,6.67,0,0,DOS_SYN_HPING,0,0.0,1.0,1.0,CRITICAL,1
Anjaw District,28.1,96.3,Arunachal Sector,RT_IOT2022.csv,12,0,1.0,0.0,6.67,0,0,ARP_POISIONING,0,0.0,1.0,1.0,CRITICAL,1
Kutch Gulf,23.0,68.9,Gujarat Coast,RT_IOT2022.csv,12,0,0.0,0.0,6.67,0,1,NMAP_XMAS_TREE_SCAN,0,0.0,1.0,1.0,CRITICAL,1
Wagah Border,31.6,74.6,Punjab Sector,RT_IOT2022.csv,12,0,0.0,0.0,6.67,0,0,DOS_SYN_HPING,0,0.0,1.0,1.0,CRITICAL,1
Nathula Pass,27.4,88.8,Sikkim Ridge,RT_IOT2022.csv,12,0,0.0,0.0,6.67,0,0,DOS_SYN_HPING,0,0.0,1.0,1.0,CRITICAL,1
Siachen Glacier,35.5,76.9,Ladakh LAC,RT_IOT2022.csv,12,0,0.0,0.0,6.67,0,0,DOS_SYN_HPING,0,0.0,1.0,1.0,CRITICAL,1
Anjaw District,28.1,96.3,Arunachal Sector,RT_IOT2022.csv,12,0,0.0,0.0,6.67,0,0,DOS_SYN_HPING,0,0.0,1.0,1.0,CRITICAL,1
Wagah Border,31.6,74.6,Punjab Sector,RT_IOT2022.csv,12,0,0.0,0.0,6.67,0,0,DOS_SYN_HPING,0,0.0,1.0,1.0,CRITICAL,1
Mizoram Border,22.7,92.7,Northeast Sector,RT_IOT2022.csv,12,0,0.0,0.0,6.67,0,0,DOS_SYN_HPING,0,0.0,1.0,1.0,CRITICAL,1
Depsang Plains,35.1,77.8,Ladakh LAC,RT_IOT2022.csv,12,0,0.0,0.0,6.67,0,0,DOS_SYN_HPING,0,0.0,1.0,1.0,CRITICAL,1
Barmer Sector,25.7,71.4,Rajasthan Border,RT_IOT2022.csv,12,0,0.0,0.0,6.67,0,0,DOS_SYN_HPING,0,0.0,1.0,1.0,CRITICAL,1
Rann of Kutch,23.9,70.0,Gujarat Coast,RT_IOT2022.csv,12,0,0.0007,0.0,6.67,0,0,ARP_POISIONING,0,0.0,1.0,1.0,CRITICAL,1
Mizoram Border,22.7,92.7,Northeast Sector,RT_IOT2022.csv,12,0,0.0,0.0,6.67,0,0,DOS_SYN_HPING,0,0.0,1.0,1.0,CRITICAL,1
Doklam Plateau,27.3,89.1,Sikkim Ridge,RT_IOT2022.csv,12,0,0.0,0.0,6.67,0,0,DOS_SYN_HPING,0,0.0,1.0,1.0,CRITICAL,1
Galwan Valley,34.4,73.6,J&K LoC,RT_IOT2022.csv,12,0,0.0,0.0,6.67,0,0,DOS_SYN_HPING,0,0.0,1.0,1.0,CRITICAL,1
Tawang Sector,27.6,91.9,Arunachal Sector,RT_IOT2022.csv,12,0,0.0,0.0,6.67,0,0,DOS_SYN_HPING,0,0.0,1.0,1.0,CRITICAL,1
Rann of Kutch,23.9,70.0,Gujarat Coast,RT_IOT2022.csv,12,0,0.0,0.0,6.67,0,0,DOS_SYN_HPING,0,0.0,1.0,1.0,CRITICAL,1
Pir Panjal Range,33.5,74.2,J&K LoC,RT_IOT2022.csv,12,0,0.0,0.0,6.67,0,0,DOS_SYN_HPING,0,0.0,1.0,1.0,CRITICAL,1
Wagah Border,31.6,74.6,Punjab Sector,RT_IOT2022.csv,12,0,0.0,0.0,6.67,0,0,DOS_SYN_HPING,0,0.0,1.0,1.0,CRITICAL,1
Galwan Valley,34.4,73.6,J&K LoC,RT_IOT2022.csv,12,0,0.0,0.0,6.67,0,0,DOS_SYN_HPING,0,0.0,1.0,1.0,CRITICAL,1
Galwan Valley,34.4,73.6,J&K LoC,RT_IOT2022.csv,12,0,0.0,0.0,6.67,0,0,DOS_SYN_HPING,0,0.0,1.0,1.0,CRITICAL,1
Nathula Pass,27.4,88.8,Sikkim Ridge,RT_IOT2022.csv,12,0,0.0,0.0,6.67,0,0,DOS_SYN_HPING,0,0.0,1.0,1.0,CRITICAL,1
Lipulekh Pass,30.2,80.3,Uttarakhand Pass,RT_IOT2022.csv,12,0,0.0,0.0,6.67,0,0,DOS_SYN_HPING,0,0.0,1.0,1.0,CRITICAL,1
Depsang Plains,35.1,77.8,Ladakh LAC,RT_IOT2022.csv,12,0,0.0,0.0,6.67,0,0,DOS_SYN_HPING,0,0.0,1.0,1.0,CRITICAL,1
Barmer Sector,25.7,71.4,Rajasthan Border,RT_IOT2022.csv,12,0,0.0,0.0,6.67,0,0,ARP_POISIONING,0,0.0,1.0,1.0,CRITICAL,1
Lipulekh Pass,30.2,80.3,Uttarakhand Pass,RT_IOT2022.csv,12,0,0.0,0.0,6.67,0,0,DOS_SYN_HPING,0,0.0,1.0,1.0,CRITICAL,1
Depsang Plains,35.1,77.8,Ladakh LAC,RT_IOT2022.csv,12,0,0.0,0.0,6.67,0,0,DOS_SYN_HPING,0,0.0,1.0,1.0,CRITICAL,1
Galwan Valley,34.4,73.6,J&K LoC,RT_IOT2022.csv,12,0,0.0,0.0,6.67,0,1,DDOS_SLOWLORIS,0,0.0,1.0,0.65,CRITICAL,1
Doklam Plateau,27.3,89.1,Sikkim Ridge,RT_IOT2022.csv,12,0,0.0,0.0,6.67,0,0,DOS_SYN_HPING,0,0.0,1.0,1.0,CRITICAL,1
Barmer Sector,25.7,71.4,Rajasthan Border,RT_IOT2022.csv,12,0,0.0,0.0,6.67,0,0,DOS_SYN_HPING,0,0.0,1.0,1.0,CRITICAL,1
Rann of Kutch,23.9,70.0,Gujarat Coast,RT_IOT2022.csv,12,0,0.0,0.0,6.67,0,0,DOS_SYN_HPING,0,0.0,1.0,1.0,CRITICAL,1
Doklam Plateau,27.3,89.1,Sikkim Ridge,RT_IOT2022.csv,12,0,0.0,0.0,6.67,0,0,DOS_SYN_HPING,0,0.0,1.0,1.0,CRITICAL,1
Tawang Sector,27.6,91.9,Arunachal Sector,RT_IOT2022.csv,12,0,0.0,0.0,6.67,0,0,DOS_SYN_HPING,0,0.0,1.0,1.0,CRITICAL,1
Mizoram Border,22.7,92.7,Northeast Sector,RT_IOT2022.csv,12,0,0.0,0.0,6.67,0,0,DOS_SYN_HPING,0,0.0,1.0,1.0,CRITICAL,1
Doklam Plateau,27.3,89.1,Sikkim Ridge,RT_IOT2022.csv,12,0,0.0,0.0,6.67,0,0,DOS_SYN_HPING,0,0.0,1.0,1.0,CRITICAL,1
Tawang Sector,27.6,91.9,Arunachal Sector,RT_IOT2022.csv,12,0,0.0,0.0,6.67,0,1,NMAP_XMAS_TREE_SCAN,0,0.0,1.0,1.0,CRITICAL,1
Doklam Plateau,27.3,89.1,Sikkim Ridge,RT_IOT2022.csv,12,0,0.0,0.0,6.67,0,0,DOS_SYN_HPING,0,0.0,1.0,1.0,CRITICAL,1
Depsang Plains,35.1,77.8,Ladakh LAC,RT_IOT2022.csv,12,0,0.0,0.0,6.67,0,0,DOS_SYN_HPING,0,0.0,1.0,1.0,CRITICAL,1
Tawang Sector,27.6,91.9,Arunachal Sector,RT_IOT2022.csv,12,0,0.0,0.0,6.67,0,0,DOS_SYN_HPING,0,0.0,1.0,1.0,CRITICAL,1
Nathula Pass,27.4,88.8,Sikkim Ridge,RT_IOT2022.csv,12,0,0.0,0.0,6.67,0,0,DOS_SYN_HPING,0,0.0,1.0,1.0,CRITICAL,1
Pir Panjal Range,33.5,74.2,J&K LoC,RT_IOT2022.csv,12,0,0.0,0.0,6.67,0,0,DOS_SYN_HPING,0,0.0,1.0,1.0,CRITICAL,1
Kutch Gulf,23.0,68.9,Gujarat Coast,RT_IOT2022.csv,12,0,0.0,0.0,6.67,0,0,DOS_SYN_HPING,0,0.0,1.0,1.0,CRITICAL,1
Kutch Gulf,23.0,68.9,Gujarat Coast,RT_IOT2022.csv,12,0,0.0,0.0,6.67,0,0,DOS_SYN_HPING,0,0.0,1.0,1.0,CRITICAL,1
Lipulekh Pass,30.2,80.3,Uttarakhand Pass,RT_IOT2022.csv,12,0,0.0,0.0,6.67,0,0,DOS_SYN_HPING,0,0.0,1.0,1.0,CRITICAL,1
Galwan Valley,34.4,73.6,J&K LoC,RT_IOT2022.csv,12,0,0.0,0.0,6.67,0,0,DOS_SYN_HPING,0,0.0,1.0,1.0,CRITICAL,1
Anjaw District,28.1,96.3,Arunachal Sector,RT_IOT2022.csv,12,0,0.0,0.0,6.67,0,0,DOS_SYN_HPING,0,0.0,1.0,1.0,CRITICAL,1
Mizoram Border,22.7,92.7,Northeast Sector,RT_IOT2022.csv,12,0,0.0,0.0,6.67,0,0,DOS_SYN_HPING,0,0.0,1.0,1.0,CRITICAL,1
Depsang Plains,35.1,77.8,Ladakh LAC,RT_IOT2022.csv,12,0,0.0,0.0,6.67,0,0,DOS_SYN_HPING,0,0.0,1.0,1.0,CRITICAL,1
Pir Panjal Range,33.5,74.2,J&K LoC,RT_IOT2022.csv,12,0,0.0,0.0,6.67,0,0,DOS_SYN_HPING,0,0.0,1.0,1.0,CRITICAL,1
Barmer Sector,25.7,71.4,Rajasthan Border,RT_IOT2022.csv,12,0,0.0,0.0,6.67,0,0,DOS_SYN_HPING,0,0.0,1.0,1.0,CRITICAL,1
Tawang Sector,27.6,91.9,Arunachal Sector,RT_IOT2022.csv,12,0,0.0,0.0,6.67,0,0,DOS_SYN_HPING,0,0.0,1.0,1.0,CRITICAL,1
Kutch Gulf,23.0,68.9,Gujarat Coast,RT_IOT2022.csv,12,0,0.0,0.0,6.67,0,0,DOS_SYN_HPING,0,0.0,1.0,1.0,CRITICAL,1
Rann of Kutch,23.9,70.0,Gujarat Coast,RT_IOT2022.csv,12,0,0.0,0.0,6.67,0,0,DOS_SYN_HPING,0,0.0,1.0,1.0,CRITICAL,1
Depsang Plains,35.1,77.8,Ladakh LAC,RT_IOT2022.csv,12,0,0.5105,0.0,6.67,0,0,MQTT_PUBLISH,0,0.0,1.0,1.0,CRITICAL,1
Galwan Valley,34.4,73.6,J&K LoC,RT_IOT2022.csv,12,0,0.0,0.0,6.67,0,0,DOS_SYN_HPING,0,0.0,1.0,1.0,CRITICAL,1
Wagah Border,31.6,74.6,Punjab Sector,RT_IOT2022.csv,12,0,0.0,0.0,6.67,0,0,DOS_SYN_HPING,0,0.0,1.0,1.0,CRITICAL,1
Mizoram Border,22.7,92.7,Northeast Sector,RT_IOT2022.csv,12,0,0.0,0.0,6.67,0,0,DOS_SYN_HPING,0,0.0,1.0,1.0,CRITICAL,1
Depsang Plains,35.1,77.8,Ladakh LAC,RT_IOT2022.csv,12,0,0.0,0.0,6.67,0,0,DOS_SYN_HPING,0,0.0,1.0,1.0,CRITICAL,1
Wagah Border,31.6,74.6,Punjab Sector,RT_IOT2022.csv,12,0,0.0,0.0,6.67,0,0,DOS_SYN_HPING,0,0.0,1.0,1.0,CRITICAL,1
Siachen Glacier,35.5,76.9,Ladakh LAC,RT_IOT2022.csv,12,0,0.0,0.0,6.67,0,0,DOS_SYN_HPING,0,0.0,1.0,1.0,CRITICAL,1
Wagah Border,31.6,74.6,Punjab Sector,RT_IOT2022.csv,12,0,0.0,0.0,6.67,0,0,DOS_SYN_HPING,0,0.0,1.0,1.0,CRITICAL,1
Wagah Border,31.6,74.6,Punjab Sector,RT_IOT2022.csv,12,0,0.0,0.0,6.67,0,0,NMAP_UDP_SCAN,0,0.0,1.0,1.0,CRITICAL,1
Galwan Valley,34.4,73.6,J&K LoC,RT_IOT2022.csv,12,0,0.0,0.0,6.67,0,0,DOS_SYN_HPING,0,0.0,1.0,1.0,CRITICAL,1
Barmer Sector,25.7,71.4,Rajasthan Border,RT_IOT2022.csv,12,0,0.0003,0.0,6.67,0,0,THING_SPEAK,0,0.0,1.0,1.0,CRITICAL,1
Pir Panjal Range,33.5,74.2,J&K LoC,RT_IOT2022.csv,12,0,0.0,0.0,6.67,0,0,DOS_SYN_HPING,0,0.0,1.0,1.0,CRITICAL,1
Rann of Kutch,23.9,70.0,Gujarat Coast,RT_IOT2022.csv,12,0,0.0,0.0,6.67,0,0,DOS_SYN_HPING,0,0.0,1.0,1.0,CRITICAL,1
Depsang Plains,35.1,77.8,Ladakh LAC,RT_IOT2022.csv,12,0,0.0,0.0,6.67,0,0,ARP_POISIONING,0,0.0,1.0,1.0,CRITICAL,1
Pangong Tso,33.7,78.9,Ladakh LAC,RT_IOT2022.csv,12,0,0.0,0.0,6.67,0,0,DOS_SYN_HPING,0,0.0,1.0,1.0,CRITICAL,1
Pangong Tso,33.7,78.9,Ladakh LAC,RT_IOT2022.csv,12,0,0.0011,0.0,6.67,0,0,ARP_POISIONING,0,0.0,1.0,1.0,CRITICAL,1
Doklam Plateau,27.3,89.1,Sikkim Ridge,RT_IOT2022.csv,12,0,0.0075,0.0,6.67,0,2,THING_SPEAK,0,0.0,1.0,1.0,CRITICAL,1
Siachen Glacier,35.5,76.9,Ladakh LAC,RT_IOT2022.csv,12,0,0.0,0.0,6.67,0,0,DOS_SYN_HPING,0,0.0,1.0,1.0,CRITICAL,1
Rann of Kutch,23.9,70.0,Gujarat Coast,RT_IOT2022.csv,12,0,0.0,0.0,6.67,0,0,DOS_SYN_HPING,0,0.0,1.0,1.0,CRITICAL,1
Kutch Gulf,23.0,68.9,Gujarat Coast,RT_IOT2022.csv,12,0,0.0,0.0,6.67,0,0,DOS_SYN_HPING,0,0.0,1.0,1.0,CRITICAL,1
Rann of Kutch,23.9,70.0,Gujarat Coast,RT_IOT2022.csv,12,0,0.0,0.0,6.67,0,0,DOS_SYN_HPING,0,0.0,1.0,1.0,CRITICAL,1
Siachen Glacier,35.5,76.9,Ladakh LAC,RT_IOT2022.csv,12,0,0.0,0.0,6.67,0,0,ARP_POISIONING,0,0.0,1.0,1.0,CRITICAL,1
Depsang Plains,35.1,77.8,Ladakh LAC,RT_IOT2022.csv,12,0,0.5901,0.0,6.67,0,0,MQTT_PUBLISH,0,0.0,1.0,1.0,CRITICAL,1
Pir Panjal Range,33.5,74.2,J&K LoC,RT_IOT2022.csv,12,0,0.0,0.0,6.67,0,0,DOS_SYN_HPING,0,0.0,1.0,1.0,CRITICAL,1
Tawang Sector,27.6,91.9,Arunachal Sector,RT_IOT2022.csv,12,0,0.0,0.0,6.67,0,0,DOS_SYN_HPING,0,0.0,1.0,1.0,CRITICAL,1
Wagah Border,31.6,74.6,Punjab Sector,RT_IOT2022.csv,12,0,0.0,0.0,6.67,0,0,DOS_SYN_HPING,0,0.0,1.0,1.0,CRITICAL,1
Pir Panjal Range,33.5,74.2,J&K LoC,RT_IOT2022.csv,12,0,0.0,0.0,6.67,0,0,DOS_SYN_HPING,0,0.0,1.0,1.0,CRITICAL,1
Depsang Plains,35.1,77.8,Ladakh LAC,RT_IOT2022.csv,12,0,0.0,0.0,6.67,0,0,NMAP_UDP_SCAN,0,0.0,1.0,1.0,CRITICAL,1
Depsang Plains,35.1,77.8,Ladakh LAC,RT_IOT2022.csv,12,0,0.0,0.0,6.67,0,0,DOS_SYN_HPING,0,0.0,1.0,1.0,CRITICAL,1
Depsang Plains,35.1,77.8,Ladakh LAC,RT_IOT2022.csv,12,0,0.0,0.0,6.67,0,0,DOS_SYN_HPING,0,0.0,1.0,1.0,CRITICAL,1
Siachen Glacier,35.5,76.9,Ladakh LAC,RT_IOT2022.csv,12,0,0.0,0.0,6.67,0,0,ARP_POISIONING,0,0.0,1.0,1.0,CRITICAL,1
Depsang Plains,35.1,77.8,Ladakh LAC,RT_IOT2022.csv,12,0,0.0,0.0,6.67,0,0,DOS_SYN_HPING,0,0.0,1.0,1.0,CRITICAL,1
Rann of Kutch,23.9,70.0,Gujarat Coast,RT_IOT2022.csv,12,0,0.0,0.0,6.67,0,0,DOS_SYN_HPING,0,0.0,1.0,1.0,CRITICAL,1
Wagah Border,31.6,74.6,Punjab Sector,RT_IOT2022.csv,12,0,0.0,0.0,6.67,0,0,DOS_SYN_HPING,0,0.0,1.0,1.0,CRITICAL,1
Mizoram Border,22.7,92.7,Northeast Sector,RT_IOT2022.csv,12,0,0.0,0.0,6.67,0,0,DOS_SYN_HPING,0,0.0,1.0,1.0,CRITICAL,1
Rann of Kutch,23.9,70.0,Gujarat Coast,RT_IOT2022.csv,12,0,0.0,0.0,6.67,0,0,DOS_SYN_HPING,0,0.0,1.0,1.0,CRITICAL,1
Mizoram Border,22.7,92.7,Northeast Sector,RT_IOT2022.csv,12,0,0.0,0.0,6.67,0,0,DOS_SYN_HPING,0,0.0,1.0,1.0,CRITICAL,1
Pangong Tso,33.7,78.9,Ladakh LAC,RT_IOT2022.csv,12,0,0.0,0.0,6.67,0,0,DOS_SYN_HPING,0,0.0,1.0,1.0,CRITICAL,1
Tawang Sector,27.6,91.9,Arunachal Sector,RT_IOT2022.csv,12,0,0.0004,0.0,6.67,0,0,THING_SPEAK,0,0.0,1.0,1.0,CRITICAL,1
Rann of Kutch,23.9,70.0,Gujarat Coast,RT_IOT2022.csv,12,0,0.0,0.0,6.67,0,0,DOS_SYN_HPING,0,0.0,1.0,1.0,CRITICAL,1
Pangong Tso,33.7,78.9,Ladakh LAC,RT_IOT2022.csv,12,0,0.0,0.0,6.67,0,0,DOS_SYN_HPING,0,0.0,1.0,1.0,CRITICAL,1
Depsang Plains,35.1,77.8,Ladakh LAC,RT_IOT2022.csv,12,0,0.0,0.0,6.67,0,0,DOS_SYN_HPING,0,0.0,1.0,1.0,CRITICAL,1
Barmer Sector,25.7,71.4,Rajasthan Border,RT_IOT2022.csv,12,0,0.0,0.0,6.67,0,0,DOS_SYN_HPING,0,0.0,1.0,1.0,CRITICAL,1
Rann of Kutch,23.9,70.0,Gujarat Coast,RT_IOT2022.csv,12,0,0.0,0.0,6.67,0,0,DOS_SYN_HPING,0,0.0,1.0,1.0,CRITICAL,1
Mizoram Border,22.7,92.7,Northeast Sector,RT_IOT2022.csv,12,0,0.0,0.0,6.67,0,0,DOS_SYN_HPING,0,0.0,1.0,1.0,CRITICAL,1
Pir Panjal Range,33.5,74.2,J&K LoC,RT_IOT2022.csv,12,0,0.0,0.0,6.67,0,0,DOS_SYN_HPING,0,0.0,1.0,1.0,CRITICAL,1
Galwan Valley,34.4,73.6,J&K LoC,RT_IOT2022.csv,12,0,0.0,0.0,6.67,0,0,ARP_POISIONING,0,0.0,1.0,1.0,CRITICAL,1
Kutch Gulf,23.0,68.9,Gujarat Coast,RT_IOT2022.csv,12,0,0.0014,0.0,6.67,0,0,ARP_POISIONING,0,0.0,1.0,1.0,CRITICAL,1
Rann of Kutch,23.9,70.0,Gujarat Coast,RT_IOT2022.csv,12,0,0.0,0.0,6.67,0,0,DOS_SYN_HPING,0,0.0,1.0,1.0,CRITICAL,1
Barmer Sector,25.7,71.4,Rajasthan Border,RT_IOT2022.csv,12,0,0.3198,0.0,6.67,0,0,MQTT_PUBLISH,0,0.0,1.0,1.0,CRITICAL,1
Rann of Kutch,23.9,70.0,Gujarat Coast,RT_IOT2022.csv,12,0,0.0002,0.0,6.67,0,0,THING_SPEAK,0,0.0,1.0,1.0,CRITICAL,1
Rann of Kutch,23.9,70.0,Gujarat Coast,RT_IOT2022.csv,12,0,0.0,0.0,6.67,0,0,DOS_SYN_HPING,0,0.0,1.0,1.0,CRITICAL,1
Doklam Plateau,27.3,89.1,Sikkim Ridge,RT_IOT2022.csv,12,0,0.0,0.0,6.67,0,0,DOS_SYN_HPING,0,0.0,1.0,1.0,CRITICAL,1
Depsang Plains,35.1,77.8,Ladakh LAC,RT_IOT2022.csv,12,0,0.0,0.0,6.67,0,0,DOS_SYN_HPING,0,0.0,1.0,1.0,CRITICAL,1
Doklam Plateau,27.3,89.1,Sikkim Ridge,RT_IOT2022.csv,12,0,0.0,0.0,6.67,0,0,DOS_SYN_HPING,0,0.0,1.0,1.0,CRITICAL,1
Pangong Tso,33.7,78.9,Ladakh LAC,RT_IOT2022.csv,12,0,0.0,0.0,6.67,0,0,DOS_SYN_HPING,0,0.0,1.0,1.0,CRITICAL,1
Galwan Valley,34.4,73.6,J&K LoC,RT_IOT2022.csv,12,0,0.0,0.0,6.67,0,0,NMAP_TCP_SCAN,0,0.0,1.0,1.0,CRITICAL,1
Galwan Valley,34.4,73.6,J&K LoC,RT_IOT2022.csv,12,0,0.0,0.0,6.67,0,0,DOS_SYN_HPING,0,0.0,1.0,1.0,CRITICAL,1
Barmer Sector,25.7,71.4,Rajasthan Border,RT_IOT2022.csv,12,0,0.0,0.0,6.67,0,0,DOS_SYN_HPING,0,0.0,1.0,1.0,CRITICAL,1
Nathula Pass,27.4,88.8,Sikkim Ridge,RT_IOT2022.csv,12,0,0.0,0.0,6.67,0,0,DOS_SYN_HPING,0,0.0,1.0,1.0,CRITICAL,1
Lipulekh Pass,30.2,80.3,Uttarakhand Pass,RT_IOT2022.csv,12,0,0.0,0.0,6.67,0,0,DOS_SYN_HPING,0,0.0,1.0,1.0,CRITICAL,1
Kutch Gulf,23.0,68.9,Gujarat Coast,RT_IOT2022.csv,12,0,0.0,0.0,6.67,0,0,DOS_SYN_HPING,0,0.0,1.0,1.0,CRITICAL,1
Lipulekh Pass,30.2,80.3,Uttarakhand Pass,RT_IOT2022.csv,12,0,0.0,0.0,6.67,0,0,DOS_SYN_HPING,0,0.0,1.0,1.0,CRITICAL,1
Wagah Border,31.6,74.6,Punjab Sector,RT_IOT2022.csv,12,0,0.0,0.0,6.67,0,0,DOS_SYN_HPING,0,0.0,1.0,1.0,CRITICAL,1
Galwan Valley,34.4,73.6,J&K LoC,RT_IOT2022.csv,12,0,0.0,0.0,6.67,0,0,DOS_SYN_HPING,0,0.0,1.0,1.0,CRITICAL,1
Rann of Kutch,23.9,70.0,Gujarat Coast,RT_IOT2022.csv,12,0,0.0,0.0,6.67,0,0,DOS_SYN_HPING,0,0.0,1.0,1.0,CRITICAL,1
Doklam Plateau,27.3,89.1,Sikkim Ridge,RT_IOT2022.csv,12,0,0.5697,0.0,6.67,0,0,MQTT_PUBLISH,0,0.0,1.0,1.0,CRITICAL,1
Siachen Glacier,35.5,76.9,Ladakh LAC,RT_IOT2022.csv,12,0,0.0,0.0,6.67,0,0,DOS_SYN_HPING,0,0.0,1.0,1.0,CRITICAL,1
Rann of Kutch,23.9,70.0,Gujarat Coast,RT_IOT2022.csv,12,0,0.0,0.0,6.67,0,0,DOS_SYN_HPING,0,0.0,1.0,1.0,CRITICAL,1
Kutch Gulf,23.0,68.9,Gujarat Coast,RT_IOT2022.csv,12,0,0.0,0.0,6.67,0,0,DOS_SYN_HPING,0,0.0,1.0,1.0,CRITICAL,1
Depsang Plains,35.1,77.8,Ladakh LAC,RT_IOT2022.csv,12,0,0.0,0.0,6.67,0,0,DOS_SYN_HPING,0,0.0,1.0,1.0,CRITICAL,1
Siachen Glacier,35.5,76.9,Ladakh LAC,RT_IOT2022.csv,12,0,0.0021,0.0,6.67,0,0,ARP_POISIONING,0,0.0,1.0,1.0,CRITICAL,1
Depsang Plains,35.1,77.8,Ladakh LAC,RT_IOT2022.csv,12,0,0.0,0.0,6.67,0,0,ARP_POISIONING,0,0.0,1.0,1.0,CRITICAL,1
Tawang Sector,27.6,91.9,Arunachal Sector,RT_IOT2022.csv,12,0,0.0005,0.0,6.67,0,0,THING_SPEAK,0,0.0,1.0,1.0,CRITICAL,1
Galwan Valley,34.4,73.6,J&K LoC,RT_IOT2022.csv,12,0,0.0,0.0,6.67,0,0,DOS_SYN_HPING,0,0.0,1.0,1.0,CRITICAL,1
Barmer Sector,25.7,71.4,Rajasthan Border,RT_IOT2022.csv,12,0,0.0,0.0,6.67,0,0,DOS_SYN_HPING,0,0.0,1.0,1.0,CRITICAL,1
Nathula Pass,27.4,88.8,Sikkim Ridge,RT_IOT2022.csv,12,0,0.0,0.0,6.67,0,0,DOS_SYN_HPING,0,0.0,1.0,1.0,CRITICAL,1
Mizoram Border,22.7,92.7,Northeast Sector,RT_IOT2022.csv,12,0,0.0,0.0,6.67,0,0,DOS_SYN_HPING,0,0.0,1.0,1.0,CRITICAL,1
Kutch Gulf,23.0,68.9,Gujarat Coast,RT_IOT2022.csv,12,0,0.0,0.0,6.67,0,0,DOS_SYN_HPING,0,0.0,1.0,1.0,CRITICAL,1
Wagah Border,31.6,74.6,Punjab Sector,RT_IOT2022.csv,12,0,0.0,0.0,6.67,0,0,DOS_SYN_HPING,0,0.0,1.0,1.0,CRITICAL,1
Nathula Pass,27.4,88.8,Sikkim Ridge,RT_IOT2022.csv,12,0,0.0128,0.0,6.67,0,2,THING_SPEAK,0,0.0,1.0,1.0,CRITICAL,1
Depsang Plains,35.1,77.8,Ladakh LAC,RT_IOT2022.csv,12,0,0.0,0.0,6.67,0,0,NMAP_UDP_SCAN,0,0.0,1.0,1.0,CRITICAL,1
Galwan Valley,34.4,73.6,J&K LoC,RT_IOT2022.csv,12,0,0.0,0.0,6.67,0,0,DOS_SYN_HPING,0,0.0,1.0,1.0,CRITICAL,1
Wagah Border,31.6,74.6,Punjab Sector,RT_IOT2022.csv,12,0,0.0,0.0,6.67,0,0,DOS_SYN_HPING,0,0.0,1.0,1.0,CRITICAL,1
Depsang Plains,35.1,77.8,Ladakh LAC,RT_IOT2022.csv,12,0,0.0009,0.0,6.67,0,0,ARP_POISIONING,0,0.0,1.0,1.0,CRITICAL,1
Depsang Plains,35.1,77.8,Ladakh LAC,RT_IOT2022.csv,12,0,0.0,0.0,6.67,0,0,DOS_SYN_HPING,0,0.0,1.0,1.0,CRITICAL,1
Pangong Tso,33.7,78.9,Ladakh LAC,RT_IOT2022.csv,12,0,0.0,0.0,6.67,0,0,DOS_SYN_HPING,0,0.0,1.0,1.0,CRITICAL,1
Pir Panjal Range,33.5,74.2,J&K LoC,RT_IOT2022.csv,12,0,0.0,0.0,6.67,0,0,DOS_SYN_HPING,0,0.0,1.0,1.0,CRITICAL,1
Doklam Plateau,27.3,89.1,Sikkim Ridge,RT_IOT2022.csv,12,0,0.2176,0.0,6.67,0,2,ARP_POISIONING,0,0.0,1.0,1.0,CRITICAL,1
Barmer Sector,25.7,71.4,Rajasthan Border,RT_IOT2022.csv,12,0,0.0,0.0,6.67,0,0,DOS_SYN_HPING,0,0.0,1.0,1.0,CRITICAL,1
Doklam Plateau,27.3,89.1,Sikkim Ridge,RT_IOT2022.csv,12,0,0.0,0.0,6.67,0,0,THING_SPEAK,0,0.0,1.0,1.0,CRITICAL,1
Siachen Glacier,35.5,76.9,Ladakh LAC,RT_IOT2022.csv,12,0,0.0,0.0,6.67,0,0,DOS_SYN_HPING,0,0.0,1.0,1.0,CRITICAL,1
Anjaw District,28.1,96.3,Arunachal Sector,RT_IOT2022.csv,12,0,0.0,0.0,6.67,0,0,DOS_SYN_HPING,0,0.0,1.0,1.0,CRITICAL,1
Galwan Valley,34.4,73.6,J&K LoC,RT_IOT2022.csv,12,0,0.0,0.0,6.67,0,0,DOS_SYN_HPING,0,0.0,1.0,1.0,CRITICAL,1
Kutch Gulf,23.0,68.9,Gujarat Coast,RT_IOT2022.csv,12,0,0.0,0.0,6.67,0,0,DOS_SYN_HPING,0,0.0,1.0,1.0,CRITICAL,1
Siachen Glacier,35.5,76.9,Ladakh LAC,RT_IOT2022.csv,12,0,0.0,0.0,6.67,0,0,ARP_POISIONING,0,0.0,1.0,1.0,CRITICAL,1
Anjaw District,28.1,96.3,Arunachal Sector,RT_IOT2022.csv,12,0,0.0,0.0,6.67,0,0,DOS_SYN_HPING,0,0.0,1.0,1.0,CRITICAL,1
Mizoram Border,22.7,92.7,Northeast Sector,RT_IOT2022.csv,12,0,0.0,0.0,6.67,0,0,ARP_POISIONING,0,0.0,1.0,1.0,CRITICAL,1
Lipulekh Pass,30.2,80.3,Uttarakhand Pass,RT_IOT2022.csv,12,0,0.0,0.0,6.67,0,0,ARP_POISIONING,0,0.0,1.0,1.0,CRITICAL,1
Doklam Plateau,27.3,89.1,Sikkim Ridge,RT_IOT2022.csv,12,0,0.0156,0.0,6.67,0,2,THING_SPEAK,0,0.0,1.0,1.0,CRITICAL,1
Lipulekh Pass,30.2,80.3,Uttarakhand Pass,RT_IOT2022.csv,12,0,0.0,0.0,6.67,0,0,DOS_SYN_HPING,0,0.0,1.0,1.0,CRITICAL,1
Kutch Gulf,23.0,68.9,Gujarat Coast,RT_IOT2022.csv,12,0,0.0,0.0,6.67,0,0,DOS_SYN_HPING,0,0.0,1.0,1.0,CRITICAL,1
Pangong Tso,33.7,78.9,Ladakh LAC,RT_IOT2022.csv,12,0,0.0,0.0,6.67,0,0,DOS_SYN_HPING,0,0.0,1.0,1.0,CRITICAL,1
Wagah Border,31.6,74.6,Punjab Sector,RT_IOT2022.csv,12,0,0.0,0.0,6.67,0,0,DOS_SYN_HPING,0,0.0,1.0,1.0,CRITICAL,1
Pir Panjal Range,33.5,74.2,J&K LoC,RT_IOT2022.csv,12,0,0.0,0.0,6.67,0,0,DOS_SYN_HPING,0,0.0,1.0,1.0,CRITICAL,1
Lipulekh Pass,30.2,80.3,Uttarakhand Pass,RT_IOT2022.csv,12,0,0.0,0.0,6.67,0,0,DOS_SYN_HPING,0,0.0,1.0,1.0,CRITICAL,1
Doklam Plateau,27.3,89.1,Sikkim Ridge,RT_IOT2022.csv,12,0,0.0,0.0,6.67,0,0,DOS_SYN_HPING,0,0.0,1.0,1.0,CRITICAL,1
Siachen Glacier,35.5,76.9,Ladakh LAC,RT_IOT2022.csv,12,0,0.0,0.0,6.67,0,0,DOS_SYN_HPING,0,0.0,1.0,1.0,CRITICAL,1
Pangong Tso,33.7,78.9,Ladakh LAC,RT_IOT2022.csv,12,0,0.0006,0.0,6.67,0,0,THING_SPEAK,0,0.0,1.0,1.0,CRITICAL,1
Mizoram Border,22.7,92.7,Northeast Sector,RT_IOT2022.csv,12,0,0.0002,0.0,6.67,0,0,WIPRO_BULB,0,0.0,1.0,1.0,CRITICAL,1
Lipulekh Pass,30.2,80.3,Uttarakhand Pass,RT_IOT2022.csv,12,0,0.479,0.0,6.67,0,0,MQTT_PUBLISH,0,0.0,1.0,1.0,CRITICAL,1
Tawang Sector,27.6,91.9,Arunachal Sector,RT_IOT2022.csv,12,0,0.0,0.0,6.67,0,0,DOS_SYN_HPING,0,0.0,1.0,1.0,CRITICAL,1
Doklam Plateau,27.3,89.1,Sikkim Ridge,RT_IOT2022.csv,12,0,0.0,0.0,6.67,0,0,DOS_SYN_HPING,0,0.0,1.0,1.0,CRITICAL,1
Lipulekh Pass,30.2,80.3,Uttarakhand Pass,RT_IOT2022.csv,12,0,0.0,0.0,6.67,0,0,DOS_SYN_HPING,0,0.0,1.0,1.0,CRITICAL,1
Lipulekh Pass,30.2,80.3,Uttarakhand Pass,RT_IOT2022.csv,12,0,0.0,0.0,6.67,0,0,DOS_SYN_HPING,0,0.0,1.0,1.0,CRITICAL,1
Barmer Sector,25.7,71.4,Rajasthan Border,RT_IOT2022.csv,12,0,0.0,0.0,6.67,0,0,DOS_SYN_HPING,0,0.0,1.0,1.0,CRITICAL,1
Pangong Tso,33.7,78.9,Ladakh LAC,RT_IOT2022.csv,12,0,0.0,0.0,6.67,0,0,DOS_SYN_HPING,0,0.0,1.0,1.0,CRITICAL,1
Wagah Border,31.6,74.6,Punjab Sector,RT_IOT2022.csv,12,0,0.0,0.0,6.67,0,0,DOS_SYN_HPING,0,0.0,1.0,1.0,CRITICAL,1
Doklam Plateau,27.3,89.1,Sikkim Ridge,RT_IOT2022.csv,12,0,0.0006,0.0,6.67,0,0,ARP_POISIONING,0,0.0,1.0,1.0,CRITICAL,1
Mizoram Border,22.7,92.7,Northeast Sector,RT_IOT2022.csv,12,0,0.0,0.0,6.67,0,0,ARP_POISIONING,0,0.0,1.0,1.0,CRITICAL,1
Siachen Glacier,35.5,76.9,Ladakh LAC,RT_IOT2022.csv,12,0,0.0,0.0,6.67,0,0,DOS_SYN_HPING,0,0.0,1.0,1.0,CRITICAL,1
Siachen Glacier,35.5,76.9,Ladakh LAC,RT_IOT2022.csv,12,0,0.0,0.0,6.67,0,0,DOS_SYN_HPING,0,0.0,1.0,1.0,CRITICAL,1
Doklam Plateau,27.3,89.1,Sikkim Ridge,RT_IOT2022.csv,12,0,0.0004,0.0,6.67,0,0,NMAP_XMAS_TREE_SCAN,0,0.0,1.0,1.0,CRITICAL,1
Nathula Pass,27.4,88.8,Sikkim Ridge,RT_IOT2022.csv,12,0,0.0,0.0,6.67,0,0,DOS_SYN_HPING,0,0.0,1.0,1.0,CRITICAL,1
Barmer Sector,25.7,71.4,Rajasthan Border,RT_IOT2022.csv,12,0,0.0,0.0,6.67,0,0,DOS_SYN_HPING,0,0.0,1.0,1.0,CRITICAL,1
Doklam Plateau,27.3,89.1,Sikkim Ridge,RT_IOT2022.csv,12,0,0.0,0.0,6.67,0,0,DOS_SYN_HPING,0,0.0,1.0,1.0,CRITICAL,1
Pir Panjal Range,33.5,74.2,J&K LoC,RT_IOT2022.csv,12,0,0.009,0.0,6.67,0,2,THING_SPEAK,0,0.0,1.0,1.0,CRITICAL,1
Nathula Pass,27.4,88.8,Sikkim Ridge,RT_IOT2022.csv,12,0,0.0,0.0,6.67,0,0,DOS_SYN_HPING,0,0.0,1.0,1.0,CRITICAL,1
Galwan Valley,34.4,73.6,J&K LoC,RT_IOT2022.csv,12,0,0.0,0.0,6.67,0,0,DOS_SYN_HPING,0,0.0,1.0,1.0,CRITICAL,1
Galwan Valley,34.4,73.6,J&K LoC,RT_IOT2022.csv,12,0,0.0,0.0,6.67,0,0,DOS_SYN_HPING,0,0.0,1.0,1.0,CRITICAL,1
Mizoram Border,22.7,92.7,Northeast Sector,RT_IOT2022.csv,12,0,0.0,0.0,6.67,0,0,DOS_SYN_HPING,0,0.0,1.0,1.0,CRITICAL,1
Siachen Glacier,35.5,76.9,Ladakh LAC,RT_IOT2022.csv,12,0,0.0,0.0,6.67,0,0,DOS_SYN_HPING,0,0.0,1.0,1.0,CRITICAL,1
Mizoram Border,22.7,92.7,Northeast Sector,RT_IOT2022.csv,12,0,0.0,0.0,6.67,0,0,DOS_SYN_HPING,0,0.0,1.0,1.0,CRITICAL,1
Tawang Sector,27.6,91.9,Arunachal Sector,RT_IOT2022.csv,12,0,0.0,0.0,6.67,0,0,NMAP_UDP_SCAN,0,0.0,1.0,1.0,CRITICAL,1
Galwan Valley,34.4,73.6,J&K LoC,RT_IOT2022.csv,12,0,0.0,0.0,6.67,0,0,DOS_SYN_HPING,0,0.0,1.0,1.0,CRITICAL,1
Tawang Sector,27.6,91.9,Arunachal Sector,RT_IOT2022.csv,12,0,0.0,0.0,6.67,0,0,DOS_SYN_HPING,0,0.0,1.0,1.0,CRITICAL,1
Wagah Border,31.6,74.6,Punjab Sector,RT_IOT2022.csv,12,0,0.0,0.0,6.67,0,0,DOS_SYN_HPING,0,0.0,1.0,1.0,CRITICAL,1
Doklam Plateau,27.3,89.1,Sikkim Ridge,RT_IOT2022.csv,12,0,0.0034,0.0,6.67,0,0,ARP_POISIONING,0,0.0,1.0,1.0,CRITICAL,1
Kutch Gulf,23.0,68.9,Gujarat Coast,RT_IOT2022.csv,12,0,0.0,0.0,6.67,0,0,DOS_SYN_HPING,0,0.0,1.0,1.0,CRITICAL,1
Wagah Border,31.6,74.6,Punjab Sector,RT_IOT2022.csv,12,0,0.0,0.0,6.67,0,0,DOS_SYN_HPING,0,0.0,1.0,1.0,CRITICAL,1
Doklam Plateau,27.3,89.1,Sikkim Ridge,RT_IOT2022.csv,12,0,0.0,0.0,6.67,0,0,ARP_POISIONING,0,0.0,1.0,1.0,CRITICAL,1
Wagah Border,31.6,74.6,Punjab Sector,RT_IOT2022.csv,12,0,0.0,0.0,6.67,0,0,DOS_SYN_HPING,0,0.0,1.0,1.0,CRITICAL,1
Mizoram Border,22.7,92.7,Northeast Sector,RT_IOT2022.csv,12,0,0.0,0.0,6.67,0,0,DOS_SYN_HPING,0,0.0,1.0,1.0,CRITICAL,1
Doklam Plateau,27.3,89.1,Sikkim Ridge,RT_IOT2022.csv,12,0,0.6195,0.0,6.67,0,0,MQTT_PUBLISH,0,0.0,1.0,1.0,CRITICAL,1
Siachen Glacier,35.5,76.9,Ladakh LAC,RT_IOT2022.csv,12,0,0.0,0.0,6.67,0,0,DOS_SYN_HPING,0,0.0,1.0,1.0,CRITICAL,1
Doklam Plateau,27.3,89.1,Sikkim Ridge,RT_IOT2022.csv,12,0,0.0,0.0,6.67,0,0,DOS_SYN_HPING,0,0.0,1.0,1.0,CRITICAL,1
Rann of Kutch,23.9,70.0,Gujarat Coast,RT_IOT2022.csv,12,0,0.0,0.0,6.67,0,0,DOS_SYN_HPING,0,0.0,1.0,1.0,CRITICAL,1
Pangong Tso,33.7,78.9,Ladakh LAC,RT_IOT2022.csv,12,0,0.0,0.0,6.67,0,0,DOS_SYN_HPING,0,0.0,1.0,1.0,CRITICAL,1
Mizoram Border,22.7,92.7,Northeast Sector,RT_IOT2022.csv,12,0,0.0,0.0,6.67,0,0,DOS_SYN_HPING,0,0.0,1.0,1.0,CRITICAL,1
Lipulekh Pass,30.2,80.3,Uttarakhand Pass,RT_IOT2022.csv,12,0,0.6215,0.0,6.67,0,0,MQTT_PUBLISH,0,0.0,1.0,1.0,CRITICAL,1
Wagah Border,31.6,74.6,Punjab Sector,RT_IOT2022.csv,12,0,0.0,0.0,6.67,0,0,DOS_SYN_HPING,0,0.0,1.0,1.0,CRITICAL,1
Tawang Sector,27.6,91.9,Arunachal Sector,RT_IOT2022.csv,12,0,0.0,0.0,6.67,0,0,DOS_SYN_HPING,0,0.0,1.0,1.0,CRITICAL,1
Pir Panjal Range,33.5,74.2,J&K LoC,RT_IOT2022.csv,12,0,0.0,0.0,6.67,0,0,ARP_POISIONING,0,0.0,1.0,1.0,CRITICAL,1
Depsang Plains,35.1,77.8,Ladakh LAC,RT_IOT2022.csv,12,0,0.0,0.0,6.67,0,0,DOS_SYN_HPING,0,0.0,1.0,1.0,CRITICAL,1
Tawang Sector,27.6,91.9,Arunachal Sector,RT_IOT2022.csv,12,0,0.0,0.0,6.67,0,0,DOS_SYN_HPING,0,0.0,1.0,1.0,CRITICAL,1
Doklam Plateau,27.3,89.1,Sikkim Ridge,RT_IOT2022.csv,12,0,0.0,0.0,6.67,0,0,DOS_SYN_HPING,0,0.0,1.0,1.0,CRITICAL,1
Nathula Pass,27.4,88.8,Sikkim Ridge,RT_IOT2022.csv,12,0,0.0,0.0,6.67,0,0,DOS_SYN_HPING,0,0.0,1.0,1.0,CRITICAL,1
Nathula Pass,27.4,88.8,Sikkim Ridge,RT_IOT2022.csv,12,0,0.0,0.0,6.67,0,0,DOS_SYN_HPING,0,0.0,1.0,1.0,CRITICAL,1
Siachen Glacier,35.5,76.9,Ladakh LAC,RT_IOT2022.csv,12,0,0.0,0.0,6.67,0,0,DOS_SYN_HPING,0,0.0,1.0,1.0,CRITICAL,1
Pangong Tso,33.7,78.9,Ladakh LAC,RT_IOT2022.csv,12,0,0.0002,0.0,6.67,0,0,THING_SPEAK,0,0.0,1.0,1.0,CRITICAL,1
Galwan Valley,34.4,73.6,J&K LoC,RT_IOT2022.csv,12,0,0.0,0.0,6.67,0,0,DOS_SYN_HPING,0,0.0,1.0,1.0,CRITICAL,1
Lipulekh Pass,30.2,80.3,Uttarakhand Pass,RT_IOT2022.csv,12,0,0.0,0.0,6.67,0,0,DOS_SYN_HPING,0,0.0,1.0,1.0,CRITICAL,1
Anjaw District,28.1,96.3,Arunachal Sector,RT_IOT2022.csv,12,0,0.0,0.0,6.67,0,0,DOS_SYN_HPING,0,0.0,1.0,1.0,CRITICAL,1
Lipulekh Pass,30.2,80.3,Uttarakhand Pass,RT_IOT2022.csv,12,0,0.2207,0.0,6.67,0,0,MQTT_PUBLISH,0,0.0,1.0,1.0,CRITICAL,1
Lipulekh Pass,30.2,80.3,Uttarakhand Pass,RT_IOT2022.csv,12,0,0.0,0.0,6.67,0,0,DOS_SYN_HPING,0,0.0,1.0,1.0,CRITICAL,1
Barmer Sector,25.7,71.4,Rajasthan Border,RT_IOT2022.csv,12,0,0.0006,0.0,6.67,0,0,THING_SPEAK,0,0.0,1.0,1.0,CRITICAL,1
Lipulekh Pass,30.2,80.3,Uttarakhand Pass,RT_IOT2022.csv,12,0,0.0,0.0,6.67,0,0,DOS_SYN_HPING,0,0.0,1.0,1.0,CRITICAL,1
Wagah Border,31.6,74.6,Punjab Sector,RT_IOT2022.csv,12,0,0.0,0.0,6.67,0,0,DOS_SYN_HPING,0,0.0,1.0,1.0,CRITICAL,1
Lipulekh Pass,30.2,80.3,Uttarakhand Pass,RT_IOT2022.csv,12,0,0.0,0.0,6.67,0,0,ARP_POISIONING,0,0.0,1.0,1.0,CRITICAL,1
Wagah Border,31.6,74.6,Punjab Sector,RT_IOT2022.csv,12,0,0.0,0.0,6.67,0,0,DOS_SYN_HPING,0,0.0,1.0,1.0,CRITICAL,1
Wagah Border,31.6,74.6,Punjab Sector,RT_IOT2022.csv,12,0,0.0,0.0,6.67,0,0,DOS_SYN_HPING,0,0.0,1.0,1.0,CRITICAL,1
Tawang Sector,27.6,91.9,Arunachal Sector,RT_IOT2022.csv,12,0,1.0,0.0,6.67,0,1,MQTT_PUBLISH,0,0.0,1.0,1.0,CRITICAL,1
Pangong Tso,33.7,78.9,Ladakh LAC,RT_IOT2022.csv,12,0,0.0,0.0,6.67,0,0,DOS_SYN_HPING,0,0.0,1.0,1.0,CRITICAL,1
Kutch Gulf,23.0,68.9,Gujarat Coast,RT_IOT2022.csv,12,0,0.0,0.0,6.67,0,0,DOS_SYN_HPING,0,0.0,1.0,1.0,CRITICAL,1
Anjaw District,28.1,96.3,Arunachal Sector,RT_IOT2022.csv,12,0,0.015,0.0,6.67,0,2,THING_SPEAK,0,0.0,1.0,1.0,CRITICAL,1
Lipulekh Pass,30.2,80.3,Uttarakhand Pass,RT_IOT2022.csv,12,0,0.0,0.0,6.67,0,0,DOS_SYN_HPING,0,0.0,1.0,1.0,CRITICAL,1
Siachen Glacier,35.5,76.9,Ladakh LAC,RT_IOT2022.csv,12,0,0.0,0.0,6.67,0,0,DOS_SYN_HPING,0,0.0,1.0,1.0,CRITICAL,1
Doklam Plateau,27.3,89.1,Sikkim Ridge,RT_IOT2022.csv,12,0,0.0,0.0,6.67,0,0,ARP_POISIONING,0,0.0,1.0,1.0,CRITICAL,1
Nathula Pass,27.4,88.8,Sikkim Ridge,RT_IOT2022.csv,12,0,0.0,0.0,6.67,0,0,DOS_SYN_HPING,0,0.0,1.0,1.0,CRITICAL,1
Wagah Border,31.6,74.6,Punjab Sector,RT_IOT2022.csv,12,0,0.306,0.0,6.67,0,4,DDOS_SLOWLORIS,0,0.0,1.0,1.0,CRITICAL,1
Nathula Pass,27.4,88.8,Sikkim Ridge,RT_IOT2022.csv,12,0,0.0015,0.0,6.67,0,0,ARP_POISIONING,0,0.0,1.0,1.0,CRITICAL,1
Anjaw District,28.1,96.3,Arunachal Sector,RT_IOT2022.csv,12,0,0.0,0.0,6.67,0,0,DOS_SYN_HPING,0,0.0,1.0,1.0,CRITICAL,1
Mizoram Border,22.7,92.7,Northeast Sector,RT_IOT2022.csv,12,0,0.0,0.0,6.67,0,1,NMAP_XMAS_TREE_SCAN,0,0.0,1.0,1.0,CRITICAL,1
Nathula Pass,27.4,88.8,Sikkim Ridge,RT_IOT2022.csv,12,0,0.0,0.0,6.67,0,0,DOS_SYN_HPING,0,0.0,1.0,1.0,CRITICAL,1
Rann of Kutch,23.9,70.0,Gujarat Coast,RT_IOT2022.csv,12,0,0.0,0.0,6.67,0,0,DOS_SYN_HPING,0,0.0,1.0,1.0,CRITICAL,1
Kutch Gulf,23.0,68.9,Gujarat Coast,RT_IOT2022.csv,12,0,0.0,0.0,6.67,0,0,DOS_SYN_HPING,0,0.0,1.0,1.0,CRITICAL,1
Lipulekh Pass,30.2,80.3,Uttarakhand Pass,RT_IOT2022.csv,12,0,0.0,0.0,6.67,0,0,DOS_SYN_HPING,0,0.0,1.0,1.0,CRITICAL,1
Pir Panjal Range,33.5,74.2,J&K LoC,RT_IOT2022.csv,12,0,0.0,0.0,6.67,0,0,DOS_SYN_HPING,0,0.0,1.0,1.0,CRITICAL,1
Galwan Valley,34.4,73.6,J&K LoC,RT_IOT2022.csv,12,0,0.0,0.0,6.67,0,0,DOS_SYN_HPING,0,0.0,1.0,1.0,CRITICAL,1
Pir Panjal Range,33.5,74.2,J&K LoC,RT_IOT2022.csv,12,0,0.0,0.0,6.67,0,0,DOS_SYN_HPING,0,0.0,1.0,1.0,CRITICAL,1
Rann of Kutch,23.9,70.0,Gujarat Coast,RT_IOT2022.csv,12,0,0.0,0.0,6.67,0,0,DOS_SYN_HPING,0,0.0,1.0,1.0,CRITICAL,1
Nathula Pass,27.4,88.8,Sikkim Ridge,RT_IOT2022.csv,12,0,0.2608,0.0,6.67,0,0,MQTT_PUBLISH,0,0.0,1.0,1.0,CRITICAL,1
Kutch Gulf,23.0,68.9,Gujarat Coast,RT_IOT2022.csv,12,0,0.0,0.0,6.67,0,0,DOS_SYN_HPING,0,0.0,1.0,1.0,CRITICAL,1
Nathula Pass,27.4,88.8,Sikkim Ridge,RT_IOT2022.csv,12,0,0.0,0.0,6.67,0,0,DOS_SYN_HPING,0,0.0,1.0,1.0,CRITICAL,1
Tawang Sector,27.6,91.9,Arunachal Sector,RT_IOT2022.csv,12,0,0.0,0.0,6.67,0,0,DOS_SYN_HPING,0,0.0,1.0,1.0,CRITICAL,1
Kutch Gulf,23.0,68.9,Gujarat Coast,RT_IOT2022.csv,12,0,0.0,0.0,6.67,0,0,DOS_SYN_HPING,0,0.0,1.0,1.0,CRITICAL,1
Pangong Tso,33.7,78.9,Ladakh LAC,RT_IOT2022.csv,12,0,0.0,0.0,6.67,0,0,DOS_SYN_HPING,0,0.0,1.0,1.0,CRITICAL,1
Tawang Sector,27.6,91.9,Arunachal Sector,RT_IOT2022.csv,12,0,0.0,0.0,6.67,0,1,NMAP_XMAS_TREE_SCAN,0,0.0,1.0,1.0,CRITICAL,1
Nathula Pass,27.4,88.8,Sikkim Ridge,RT_IOT2022.csv,12,0,0.0003,0.0,6.67,0,0,THING_SPEAK,0,0.0,1.0,1.0,CRITICAL,1
Rann of Kutch,23.9,70.0,Gujarat Coast,RT_IOT2022.csv,12,0,0.0,0.0,6.67,0,0,DOS_SYN_HPING,0,0.0,1.0,1.0,CRITICAL,1
Anjaw District,28.1,96.3,Arunachal Sector,RT_IOT2022.csv,12,0,0.0073,0.0,6.67,0,2,THING_SPEAK,0,0.0,1.0,1.0,CRITICAL,1
Nathula Pass,27.4,88.8,Sikkim Ridge,RT_IOT2022.csv,12,0,0.0,0.0,6.67,0,0,DOS_SYN_HPING,0,0.0,1.0,1.0,CRITICAL,1
Depsang Plains,35.1,77.8,Ladakh LAC,RT_IOT2022.csv,12,0,0.0,0.0,6.67,0,0,DOS_SYN_HPING,0,0.0,1.0,1.0,CRITICAL,1
Galwan Valley,34.4,73.6,J&K LoC,RT_IOT2022.csv,12,0,0.0,0.0,6.67,0,0,DOS_SYN_HPING,0,0.0,1.0,1.0,CRITICAL,1
Depsang Plains,35.1,77.8,Ladakh LAC,RT_IOT2022.csv,12,0,0.0,0.0,6.67,0,0,DOS_SYN_HPING,0,0.0,1.0,1.0,CRITICAL,1
Galwan Valley,34.4,73.6,J&K LoC,RT_IOT2022.csv,12,0,0.0,0.0,6.67,0,0,DOS_SYN_HPING,0,0.0,1.0,1.0,CRITICAL,1
Pir Panjal Range,33.5,74.2,J&K LoC,RT_IOT2022.csv,12,0,0.6198,0.0,6.67,0,0,MQTT_PUBLISH,0,0.0,1.0,1.0,CRITICAL,1
Rann of Kutch,23.9,70.0,Gujarat Coast,RT_IOT2022.csv,12,0,0.0,0.0,6.67,0,0,DOS_SYN_HPING,0,0.0,1.0,1.0,CRITICAL,1
Rann of Kutch,23.9,70.0,Gujarat Coast,RT_IOT2022.csv,12,0,0.0,0.0,6.67,0,0,DOS_SYN_HPING,0,0.0,1.0,1.0,CRITICAL,1
Depsang Plains,35.1,77.8,Ladakh LAC,RT_IOT2022.csv,12,0,0.0,0.0,6.67,0,0,DOS_SYN_HPING,0,0.0,1.0,1.0,CRITICAL,1
Galwan Valley,34.4,73.6,J&K LoC,RT_IOT2022.csv,12,0,0.3509,0.0,6.67,0,0,MQTT_PUBLISH,0,0.0,1.0,1.0,CRITICAL,1
Tawang Sector,27.6,91.9,Arunachal Sector,RT_IOT2022.csv,12,0,0.0,0.0,6.67,0,0,NMAP_OS_DETECTION,0,0.0,1.0,1.0,CRITICAL,1
Lipulekh Pass,30.2,80.3,Uttarakhand Pass,RT_IOT2022.csv,12,0,0.0,0.0,6.67,0,0,DOS_SYN_HPING,0,0.0,1.0,1.0,CRITICAL,1
Anjaw District,28.1,96.3,Arunachal Sector,RT_IOT2022.csv,12,0,0.0,0.0,6.67,0,0,DOS_SYN_HPING,0,0.0,1.0,1.0,CRITICAL,1
Nathula Pass,27.4,88.8,Sikkim Ridge,RT_IOT2022.csv,12,0,0.0,0.0,6.67,0,0,DOS_SYN_HPING,0,0.0,1.0,1.0,CRITICAL,1
Siachen Glacier,35.5,76.9,Ladakh LAC,RT_IOT2022.csv,12,0,0.0,0.0,6.67,0,0,DOS_SYN_HPING,0,0.0,1.0,1.0,CRITICAL,1
Barmer Sector,25.7,71.4,Rajasthan Border,RT_IOT2022.csv,12,0,0.0,0.0,6.67,0,0,ARP_POISIONING,0,0.0,1.0,1.0,CRITICAL,1
Tawang Sector,27.6,91.9,Arunachal Sector,RT_IOT2022.csv,12,0,0.0,0.0,6.67,0,0,DOS_SYN_HPING,0,0.0,1.0,1.0,CRITICAL,1
Depsang Plains,35.1,77.8,Ladakh LAC,RT_IOT2022.csv,12,0,0.0,0.0,6.67,0,0,ARP_POISIONING,0,0.0,1.0,1.0,CRITICAL,1
Kutch Gulf,23.0,68.9,Gujarat Coast,RT_IOT2022.csv,12,0,0.0,0.0,6.67,0,0,DOS_SYN_HPING,0,0.0,1.0,1.0,CRITICAL,1
Pir Panjal Range,33.5,74.2,J&K LoC,RT_IOT2022.csv,12,0,0.0,0.0,6.67,0,0,DOS_SYN_HPING,0,0.0,1.0,1.0,CRITICAL,1
Depsang Plains,35.1,77.8,Ladakh LAC,RT_IOT2022.csv,12,0,1.0,0.0,6.67,0,2,ARP_POISIONING,0,0.0,1.0,1.0,CRITICAL,1
Doklam Plateau,27.3,89.1,Sikkim Ridge,RT_IOT2022.csv,12,0,0.0,0.0,6.67,0,0,DOS_SYN_HPING,0,0.0,1.0,1.0,CRITICAL,1
Rann of Kutch,23.9,70.0,Gujarat Coast,RT_IOT2022.csv,12,0,0.0,0.0,6.67,0,0,DOS_SYN_HPING,0,0.0,1.0,1.0,CRITICAL,1
Barmer Sector,25.7,71.4,Rajasthan Border,RT_IOT2022.csv,12,0,0.0,0.0,6.67,0,0,DOS_SYN_HPING,0,0.0,1.0,1.0,CRITICAL,1
Rann of Kutch,23.9,70.0,Gujarat Coast,RT_IOT2022.csv,12,0,0.0,0.0,6.67,0,0,DOS_SYN_HPING,0,0.0,1.0,1.0,CRITICAL,1
Doklam Plateau,27.3,89.1,Sikkim Ridge,RT_IOT2022.csv,12,0,0.0,0.0,6.67,0,0,DOS_SYN_HPING,0,0.0,1.0,1.0,CRITICAL,1
Anjaw District,28.1,96.3,Arunachal Sector,RT_IOT2022.csv,12,0,0.0,0.0,6.67,0,0,DOS_SYN_HPING,0,0.0,1.0,1.0,CRITICAL,1
Barmer Sector,25.7,71.4,Rajasthan Border,RT_IOT2022.csv,12,0,0.0,0.0,6.67,0,0,DOS_SYN_HPING,0,0.0,1.0,1.0,CRITICAL,1
Siachen Glacier,35.5,76.9,Ladakh LAC,RT_IOT2022.csv,12,0,0.0,0.0,6.67,0,0,DOS_SYN_HPING,0,0.0,1.0,1.0,CRITICAL,1
Pangong Tso,33.7,78.9,Ladakh LAC,RT_IOT2022.csv,12,0,0.6196,0.0,6.67,0,0,MQTT_PUBLISH,0,0.0,1.0,1.0,CRITICAL,1
Wagah Border,31.6,74.6,Punjab Sector,RT_IOT2022.csv,12,0,0.0,0.0,6.67,0,0,DOS_SYN_HPING,0,0.0,1.0,1.0,CRITICAL,1
Barmer Sector,25.7,71.4,Rajasthan Border,RT_IOT2022.csv,12,0,0.0,0.0,6.67,0,0,DOS_SYN_HPING,0,0.0,1.0,1.0,CRITICAL,1
Galwan Valley,34.4,73.6,J&K LoC,RT_IOT2022.csv,12,0,0.0,0.0,6.67,0,0,DOS_SYN_HPING,0,0.0,1.0,1.0,CRITICAL,1
Nathula Pass,27.4,88.8,Sikkim Ridge,RT_IOT2022.csv,12,0,0.0,0.0,6.67,0,0,DOS_SYN_HPING,0,0.0,1.0,1.0,CRITICAL,1
Anjaw District,28.1,96.3,Arunachal Sector,RT_IOT2022.csv,12,0,0.0,0.0,6.67,0,0,DOS_SYN_HPING,0,0.0,1.0,1.0,CRITICAL,1
Nathula Pass,27.4,88.8,Sikkim Ridge,RT_IOT2022.csv,12,0,0.0,0.0,6.67,0,0,NMAP_TCP_SCAN,0,0.0,1.0,1.0,CRITICAL,1
Mizoram Border,22.7,92.7,Northeast Sector,RT_IOT2022.csv,12,0,0.0,0.0,6.67,0,0,DOS_SYN_HPING,0,0.0,1.0,1.0,CRITICAL,1
Galwan Valley,34.4,73.6,J&K LoC,RT_IOT2022.csv,12,0,0.0,0.0,6.67,0,0,DOS_SYN_HPING,0,0.0,1.0,1.0,CRITICAL,1
Mizoram Border,22.7,92.7,Northeast Sector,RT_IOT2022.csv,12,0,0.0,0.0,6.67,0,0,DOS_SYN_HPING,0,0.0,1.0,1.0,CRITICAL,1
Doklam Plateau,27.3,89.1,Sikkim Ridge,RT_IOT2022.csv,12,0,0.0,0.0,6.67,0,0,NMAP_UDP_SCAN,0,0.0,1.0,1.0,CRITICAL,1
Kutch Gulf,23.0,68.9,Gujarat Coast,RT_IOT2022.csv,12,0,0.0,0.0,6.67,0,0,DOS_SYN_HPING,0,0.0,1.0,1.0,CRITICAL,1
Doklam Plateau,27.3,89.1,Sikkim Ridge,RT_IOT2022.csv,12,0,0.0,0.0,6.67,0,0,DOS_SYN_HPING,0,0.0,1.0,1.0,CRITICAL,1
Tawang Sector,27.6,91.9,Arunachal Sector,RT_IOT2022.csv,12,0,0.0,0.0,6.67,0,0,DOS_SYN_HPING,0,0.0,1.0,1.0,CRITICAL,1
Kutch Gulf,23.0,68.9,Gujarat Coast,RT_IOT2022.csv,12,0,0.0,0.0,6.67,0,0,DOS_SYN_HPING,0,0.0,1.0,1.0,CRITICAL,1
Barmer Sector,25.7,71.4,Rajasthan Border,RT_IOT2022.csv,12,0,0.0,0.0,6.67,0,0,DOS_SYN_HPING,0,0.0,1.0,1.0,CRITICAL,1
Siachen Glacier,35.5,76.9,Ladakh LAC,RT_IOT2022.csv,12,0,0.0,0.0,6.67,0,0,DOS_SYN_HPING,0,0.0,1.0,1.0,CRITICAL,1
Barmer Sector,25.7,71.4,Rajasthan Border,RT_IOT2022.csv,12,0,0.0,0.0,6.67,0,0,DOS_SYN_HPING,0,0.0,1.0,1.0,CRITICAL,1
Kutch Gulf,23.0,68.9,Gujarat Coast,RT_IOT2022.csv,12,0,0.0,0.0,6.67,0,0,DOS_SYN_HPING,0,0.0,1.0,1.0,CRITICAL,1
Anjaw District,28.1,96.3,Arunachal Sector,RT_IOT2022.csv,12,0,0.0,0.0,6.67,0,0,DOS_SYN_HPING,0,0.0,1.0,1.0,CRITICAL,1
Pir Panjal Range,33.5,74.2,J&K LoC,RT_IOT2022.csv,12,0,0.0,0.0,6.67,0,0,ARP_POISIONING,0,0.0,1.0,1.0,CRITICAL,1
Wagah Border,31.6,74.6,Punjab Sector,RT_IOT2022.csv,12,0,0.0,0.0,6.67,0,0,DOS_SYN_HPING,0,0.0,1.0,1.0,CRITICAL,1
Anjaw District,28.1,96.3,Arunachal Sector,RT_IOT2022.csv,12,0,0.0,0.0,6.67,0,0,DOS_SYN_HPING,0,0.0,1.0,1.0,CRITICAL,1
Depsang Plains,35.1,77.8,Ladakh LAC,RT_IOT2022.csv,12,0,0.0,0.0,6.67,0,0,DOS_SYN_HPING,0,0.0,1.0,1.0,CRITICAL,1
Barmer Sector,25.7,71.4,Rajasthan Border,RT_IOT2022.csv,12,0,0.0,0.0,6.67,0,0,DOS_SYN_HPING,0,0.0,1.0,1.0,CRITICAL,1
Pangong Tso,33.7,78.9,Ladakh LAC,RT_IOT2022.csv,12,0,0.0,0.0,6.67,0,0,DOS_SYN_HPING,0,0.0,1.0,1.0,CRITICAL,1
Kutch Gulf,23.0,68.9,Gujarat Coast,RT_IOT2022.csv,12,0,0.0003,0.0,6.67,0,0,THING_SPEAK,0,0.0,1.0,1.0,CRITICAL,1
Nathula Pass,27.4,88.8,Sikkim Ridge,RT_IOT2022.csv,12,0,0.0,0.0,6.67,0,0,DOS_SYN_HPING,0,0.0,1.0,1.0,CRITICAL,1
Nathula Pass,27.4,88.8,Sikkim Ridge,RT_IOT2022.csv,12,0,0.0,0.0,6.67,0,0,DOS_SYN_HPING,0,0.0,1.0,1.0,CRITICAL,1
Siachen Glacier,35.5,76.9,Ladakh LAC,RT_IOT2022.csv,12,0,0.0,0.0,6.67,0,0,DOS_SYN_HPING,0,0.0,1.0,1.0,CRITICAL,1
Barmer Sector,25.7,71.4,Rajasthan Border,RT_IOT2022.csv,12,0,0.0,0.0,6.67,0,0,DOS_SYN_HPING,0,0.0,1.0,1.0,CRITICAL,1
Siachen Glacier,35.5,76.9,Ladakh LAC,RT_IOT2022.csv,12,0,0.0,0.0,6.67,0,0,DOS_SYN_HPING,0,0.0,1.0,1.0,CRITICAL,1
Doklam Plateau,27.3,89.1,Sikkim Ridge,RT_IOT2022.csv,12,0,0.0,0.0,6.67,0,0,DOS_SYN_HPING,0,0.0,1.0,1.0,CRITICAL,1
Rann of Kutch,23.9,70.0,Gujarat Coast,RT_IOT2022.csv,12,0,0.0,0.0,6.67,0,0,DOS_SYN_HPING,0,0.0,1.0,1.0,CRITICAL,1
Pir Panjal Range,33.5,74.2,J&K LoC,RT_IOT2022.csv,12,0,0.0,0.0,6.67,0,0,DOS_SYN_HPING,0,0.0,1.0,1.0,CRITICAL,1
Mizoram Border,22.7,92.7,Northeast Sector,RT_IOT2022.csv,12,0,0.0003,0.0,6.67,0,0,THING_SPEAK,0,0.0,1.0,1.0,CRITICAL,1
Mizoram Border,22.7,92.7,Northeast Sector,RT_IOT2022.csv,12,0,0.0,0.0,6.67,0,0,DOS_SYN_HPING,0,0.0,1.0,1.0,CRITICAL,1
Lipulekh Pass,30.2,80.3,Uttarakhand Pass,RT_IOT2022.csv,12,0,0.0,0.0,6.67,0,0,DOS_SYN_HPING,0,0.0,1.0,1.0,CRITICAL,1
Pangong Tso,33.7,78.9,Ladakh LAC,RT_IOT2022.csv,12,0,0.0091,0.0,6.67,0,2,THING_SPEAK,0,0.0,1.0,1.0,CRITICAL,1
Rann of Kutch,23.9,70.0,Gujarat Coast,RT_IOT2022.csv,12,0,0.0,0.0,6.67,0,0,DOS_SYN_HPING,0,0.0,1.0,1.0,CRITICAL,1
Rann of Kutch,23.9,70.0,Gujarat Coast,RT_IOT2022.csv,12,0,0.0,0.0,6.67,0,0,DOS_SYN_HPING,0,0.0,1.0,1.0,CRITICAL,1
Mizoram Border,22.7,92.7,Northeast Sector,RT_IOT2022.csv,12,0,0.0,0.0,6.67,0,0,NMAP_OS_DETECTION,0,0.0,1.0,1.0,CRITICAL,1
Wagah Border,31.6,74.6,Punjab Sector,RT_IOT2022.csv,12,0,0.0,0.0,6.67,0,0,DOS_SYN_HPING,0,0.0,1.0,1.0,CRITICAL,1
Siachen Glacier,35.5,76.9,Ladakh LAC,RT_IOT2022.csv,12,0,0.0004,0.0,6.67,0,0,THING_SPEAK,0,0.0,1.0,1.0,CRITICAL,1
Nathula Pass,27.4,88.8,Sikkim Ridge,RT_IOT2022.csv,12,0,0.0,0.0,6.67,0,0,DOS_SYN_HPING,0,0.0,1.0,1.0,CRITICAL,1
Doklam Plateau,27.3,89.1,Sikkim Ridge,RT_IOT2022.csv,12,0,0.0,0.0,6.67,0,0,DOS_SYN_HPING,0,0.0,1.0,1.0,CRITICAL,1
Rann of Kutch,23.9,70.0,Gujarat Coast,RT_IOT2022.csv,12,0,0.0,0.0,6.67,0,0,DOS_SYN_HPING,0,0.0,1.0,1.0,CRITICAL,1
Anjaw District,28.1,96.3,Arunachal Sector,RT_IOT2022.csv,12,0,0.0,0.0,6.67,0,0,DOS_SYN_HPING,0,0.0,1.0,1.0,CRITICAL,1
Tawang Sector,27.6,91.9,Arunachal Sector,RT_IOT2022.csv,12,0,0.0,0.0,6.67,0,0,DOS_SYN_HPING,0,0.0,1.0,1.0,CRITICAL,1
Galwan Valley,34.4,73.6,J&K LoC,RT_IOT2022.csv,12,0,0.0,0.0,6.67,0,0,DOS_SYN_HPING,0,0.0,1.0,1.0,CRITICAL,1
Rann of Kutch,23.9,70.0,Gujarat Coast,RT_IOT2022.csv,12,0,0.0075,0.0,6.67,0,2,THING_SPEAK,0,0.0,1.0,1.0,CRITICAL,1
Kutch Gulf,23.0,68.9,Gujarat Coast,RT_IOT2022.csv,12,0,0.0003,0.0,6.67,0,0,THING_SPEAK,0,0.0,1.0,1.0,CRITICAL,1
Depsang Plains,35.1,77.8,Ladakh LAC,RT_IOT2022.csv,12,0,0.0,0.0,6.67,0,0,DOS_SYN_HPING,0,0.0,1.0,1.0,CRITICAL,1
Doklam Plateau,27.3,89.1,Sikkim Ridge,RT_IOT2022.csv,12,0,0.0,0.0,6.67,0,0,DOS_SYN_HPING,0,0.0,1.0,1.0,CRITICAL,1
Nathula Pass,27.4,88.8,Sikkim Ridge,RT_IOT2022.csv,12,0,0.0,0.0,6.67,0,0,DOS_SYN_HPING,0,0.0,1.0,1.0,CRITICAL,1
Nathula Pass,27.4,88.8,Sikkim Ridge,RT_IOT2022.csv,12,0,0.1393,0.0,6.67,0,0,MQTT_PUBLISH,0,0.0,1.0,1.0,CRITICAL,1
Pir Panjal Range,33.5,74.2,J&K LoC,RT_IOT2022.csv,12,0,0.0,0.0,6.67,0,0,DOS_SYN_HPING,0,0.0,1.0,1.0,CRITICAL,1
Siachen Glacier,35.5,76.9,Ladakh LAC,RT_IOT2022.csv,12,0,1.0,0.0,6.67,0,2,ARP_POISIONING,0,0.0,1.0,1.0,CRITICAL,1
Tawang Sector,27.6,91.9,Arunachal Sector,RT_IOT2022.csv,12,0,0.0,0.0,6.67,0,1,NMAP_XMAS_TREE_SCAN,0,0.0,1.0,1.0,CRITICAL,1
Siachen Glacier,35.5,76.9,Ladakh LAC,RT_IOT2022.csv,12,0,0.0,0.0,6.67,0,0,DOS_SYN_HPING,0,0.0,1.0,1.0,CRITICAL,1
Pangong Tso,33.7,78.9,Ladakh LAC,RT_IOT2022.csv,12,0,0.0,0.0,6.67,0,0,DOS_SYN_HPING,0,0.0,1.0,1.0,CRITICAL,1
Pir Panjal Range,33.5,74.2,J&K LoC,RT_IOT2022.csv,12,0,0.0,0.0,6.67,0,0,DOS_SYN_HPING,0,0.0,1.0,1.0,CRITICAL,1
Mizoram Border,22.7,92.7,Northeast Sector,RT_IOT2022.csv,12,0,0.0,0.0,6.67,0,0,ARP_POISIONING,0,0.0,1.0,1.0,CRITICAL,1
Depsang Plains,35.1,77.8,Ladakh LAC,RT_IOT2022.csv,12,0,0.0,0.0,6.67,0,0,DOS_SYN_HPING,0,0.0,1.0,1.0,CRITICAL,1
Wagah Border,31.6,74.6,Punjab Sector,RT_IOT2022.csv,12,0,0.0,0.0,6.67,0,0,DOS_SYN_HPING,0,0.0,1.0,1.0,CRITICAL,1
Pangong Tso,33.7,78.9,Ladakh LAC,RT_IOT2022.csv,12,0,0.0,0.0,6.67,0,0,DOS_SYN_HPING,0,0.0,1.0,1.0,CRITICAL,1
Siachen Glacier,35.5,76.9,Ladakh LAC,RT_IOT2022.csv,12,0,0.0,0.0,6.67,0,0,DOS_SYN_HPING,0,0.0,1.0,1.0,CRITICAL,1
Tawang Sector,27.6,91.9,Arunachal Sector,RT_IOT2022.csv,12,0,0.0,0.0,6.67,0,0,DOS_SYN_HPING,0,0.0,1.0,1.0,CRITICAL,1
Siachen Glacier,35.5,76.9,Ladakh LAC,RT_IOT2022.csv,12,0,0.6203,0.0,6.67,0,0,MQTT_PUBLISH,0,0.0,1.0,1.0,CRITICAL,1
Nathula Pass,27.4,88.8,Sikkim Ridge,RT_IOT2022.csv,12,0,0.0,0.0,6.67,0,0,DOS_SYN_HPING,0,0.0,1.0,1.0,CRITICAL,1
Mizoram Border,22.7,92.7,Northeast Sector,RT_IOT2022.csv,12,0,0.0074,0.0,6.67,0,2,THING_SPEAK,0,0.0,1.0,1.0,CRITICAL,1
Lipulekh Pass,30.2,80.3,Uttarakhand Pass,RT_IOT2022.csv,12,0,0.0,0.0,6.67,0,0,DOS_SYN_HPING,0,0.0,1.0,1.0,CRITICAL,1
Barmer Sector,25.7,71.4,Rajasthan Border,RT_IOT2022.csv,12,0,0.0,0.0,6.67,0,0,DOS_SYN_HPING,0,0.0,1.0,1.0,CRITICAL,1
Nathula Pass,27.4,88.8,Sikkim Ridge,RT_IOT2022.csv,12,0,0.0154,0.0,6.67,0,2,THING_SPEAK,0,0.0,1.0,1.0,CRITICAL,1
Depsang Plains,35.1,77.8,Ladakh LAC,RT_IOT2022.csv,12,0,0.0,0.0,6.67,0,0,DOS_SYN_HPING,0,0.0,1.0,1.0,CRITICAL,1
Galwan Valley,34.4,73.6,J&K LoC,RT_IOT2022.csv,12,0,0.0,0.0,6.67,0,1,NMAP_XMAS_TREE_SCAN,0,0.0,1.0,1.0,CRITICAL,1
Tawang Sector,27.6,91.9,Arunachal Sector,RT_IOT2022.csv,12,0,0.0,0.0,6.67,0,0,DOS_SYN_HPING,0,0.0,1.0,1.0,CRITICAL,1
Pangong Tso,33.7,78.9,Ladakh LAC,RT_IOT2022.csv,12,0,0.0,0.0,6.67,0,0,DOS_SYN_HPING,0,0.0,1.0,1.0,CRITICAL,1
Rann of Kutch,23.9,70.0,Gujarat Coast,RT_IOT2022.csv,12,0,0.0,0.0,6.67,0,0,DOS_SYN_HPING,0,0.0,1.0,1.0,CRITICAL,1
Rann of Kutch,23.9,70.0,Gujarat Coast,RT_IOT2022.csv,12,0,0.0,0.0,6.67,0,0,DOS_SYN_HPING,0,0.0,1.0,1.0,CRITICAL,1
Rann of Kutch,23.9,70.0,Gujarat Coast,RT_IOT2022.csv,12,0,0.0,0.0,6.67,0,0,DOS_SYN_HPING,0,0.0,1.0,1.0,CRITICAL,1
Wagah Border,31.6,74.6,Punjab Sector,RT_IOT2022.csv,12,0,0.0,0.0,6.67,0,0,DOS_SYN_HPING,0,0.0,1.0,1.0,CRITICAL,1
Lipulekh Pass,30.2,80.3,Uttarakhand Pass,RT_IOT2022.csv,12,0,0.0,0.0,6.67,0,0,DOS_SYN_HPING,0,0.0,1.0,1.0,CRITICAL,1
Wagah Border,31.6,74.6,Punjab Sector,RT_IOT2022.csv,12,0,0.0,0.0,6.67,0,0,DOS_SYN_HPING,0,0.0,1.0,1.0,CRITICAL,1
Doklam Plateau,27.3,89.1,Sikkim Ridge,RT_IOT2022.csv,12,0,0.0,0.0,6.67,0,0,DOS_SYN_HPING,0,0.0,1.0,1.0,CRITICAL,1
Barmer Sector,25.7,71.4,Rajasthan Border,RT_IOT2022.csv,12,0,0.0,0.0,6.67,0,0,DOS_SYN_HPING,0,0.0,1.0,1.0,CRITICAL,1
Kutch Gulf,23.0,68.9,Gujarat Coast,RT_IOT2022.csv,12,0,0.0,0.0,6.67,0,0,DOS_SYN_HPING,0,0.0,1.0,1.0,CRITICAL,1
Kutch Gulf,23.0,68.9,Gujarat Coast,RT_IOT2022.csv,12,0,0.0,0.0,6.67,0,0,DOS_SYN_HPING,0,0.0,1.0,1.0,CRITICAL,1
Wagah Border,31.6,74.6,Punjab Sector,RT_IOT2022.csv,12,0,0.0,0.0,6.67,0,0,DOS_SYN_HPING,0,0.0,1.0,1.0,CRITICAL,1
Depsang Plains,35.1,77.8,Ladakh LAC,RT_IOT2022.csv,12,0,0.0,0.0,6.67,0,0,DOS_SYN_HPING,0,0.0,1.0,1.0,CRITICAL,1
Barmer Sector,25.7,71.4,Rajasthan Border,RT_IOT2022.csv,12,0,0.0,0.0,6.67,0,0,DOS_SYN_HPING,0,0.0,1.0,1.0,CRITICAL,1
Anjaw District,28.1,96.3,Arunachal Sector,RT_IOT2022.csv,12,0,0.0,0.0,6.67,0,0,DOS_SYN_HPING,0,0.0,1.0,1.0,CRITICAL,1
Kutch Gulf,23.0,68.9,Gujarat Coast,RT_IOT2022.csv,12,0,0.0078,0.0,6.67,0,2,ARP_POISIONING,0,0.0,1.0,1.0,CRITICAL,1
Lipulekh Pass,30.2,80.3,Uttarakhand Pass,RT_IOT2022.csv,12,0,0.0,0.0,6.67,0,0,DOS_SYN_HPING,0,0.0,1.0,1.0,CRITICAL,1
Pir Panjal Range,33.5,74.2,J&K LoC,RT_IOT2022.csv,12,0,0.0,0.0,6.67,0,0,DOS_SYN_HPING,0,0.0,1.0,1.0,CRITICAL,1
Anjaw District,28.1,96.3,Arunachal Sector,RT_IOT2022.csv,12,0,0.0,0.0,6.67,0,0,DOS_SYN_HPING,0,0.0,1.0,1.0,CRITICAL,1
Pir Panjal Range,33.5,74.2,J&K LoC,RT_IOT2022.csv,12,0,0.0,0.0,6.67,0,0,DOS_SYN_HPING,0,0.0,1.0,1.0,CRITICAL,1
Rann of Kutch,23.9,70.0,Gujarat Coast,RT_IOT2022.csv,12,0,0.0,0.0,6.67,0,0,DOS_SYN_HPING,0,0.0,1.0,1.0,CRITICAL,1
Tawang Sector,27.6,91.9,Arunachal Sector,RT_IOT2022.csv,12,0,0.0,0.0,6.67,0,0,DOS_SYN_HPING,0,0.0,1.0,1.0,CRITICAL,1
Nathula Pass,27.4,88.8,Sikkim Ridge,RT_IOT2022.csv,12,0,0.0,0.0,6.67,0,0,DOS_SYN_HPING,0,0.0,1.0,1.0,CRITICAL,1
Nathula Pass,27.4,88.8,Sikkim Ridge,RT_IOT2022.csv,12,0,0.0,0.0,6.67,0,0,DOS_SYN_HPING,0,0.0,1.0,1.0,CRITICAL,1
Kutch Gulf,23.0,68.9,Gujarat Coast,RT_IOT2022.csv,12,0,0.0,0.0,6.67,0,0,DOS_SYN_HPING,0,0.0,1.0,1.0,CRITICAL,1
Barmer Sector,25.7,71.4,Rajasthan Border,RT_IOT2022.csv,12,0,0.0,0.0,6.67,0,0,DOS_SYN_HPING,0,0.0,1.0,1.0,CRITICAL,1
Rann of Kutch,23.9,70.0,Gujarat Coast,RT_IOT2022.csv,12,0,0.0,0.0,6.67,0,0,DOS_SYN_HPING,0,0.0,1.0,1.0,CRITICAL,1
Anjaw District,28.1,96.3,Arunachal Sector,RT_IOT2022.csv,12,0,0.0,0.0,6.67,0,0,DOS_SYN_HPING,0,0.0,1.0,1.0,CRITICAL,1
Nathula Pass,27.4,88.8,Sikkim Ridge,RT_IOT2022.csv,12,0,0.0,0.0,6.67,0,0,DOS_SYN_HPING,0,0.0,1.0,1.0,CRITICAL,1
Doklam Plateau,27.3,89.1,Sikkim Ridge,RT_IOT2022.csv,12,0,0.62,0.0,6.67,0,0,MQTT_PUBLISH,0,0.0,1.0,1.0,CRITICAL,1
Pir Panjal Range,33.5,74.2,J&K LoC,RT_IOT2022.csv,12,0,0.0,0.0,6.67,0,0,DOS_SYN_HPING,0,0.0,1.0,1.0,CRITICAL,1
Tawang Sector,27.6,91.9,Arunachal Sector,RT_IOT2022.csv,12,0,0.0,0.0,6.67,0,0,DOS_SYN_HPING,0,0.0,1.0,1.0,CRITICAL,1
Lipulekh Pass,30.2,80.3,Uttarakhand Pass,RT_IOT2022.csv,12,0,0.0,0.0,6.67,0,0,DOS_SYN_HPING,0,0.0,1.0,1.0,CRITICAL,1
Galwan Valley,34.4,73.6,J&K LoC,RT_IOT2022.csv,12,0,0.0,0.0,6.67,0,0,DOS_SYN_HPING,0,0.0,1.0,1.0,CRITICAL,1
Rann of Kutch,23.9,70.0,Gujarat Coast,RT_IOT2022.csv,12,0,0.5211,0.0,6.67,0,0,MQTT_PUBLISH,0,0.0,1.0,1.0,CRITICAL,1
Anjaw District,28.1,96.3,Arunachal Sector,RT_IOT2022.csv,12,0,0.0,0.0,6.67,0,0,DOS_SYN_HPING,0,0.0,1.0,1.0,CRITICAL,1
Anjaw District,28.1,96.3,Arunachal Sector,RT_IOT2022.csv,12,0,0.0,0.0,6.67,0,0,DOS_SYN_HPING,0,0.0,1.0,1.0,CRITICAL,1
Lipulekh Pass,30.2,80.3,Uttarakhand Pass,RT_IOT2022.csv,12,0,0.0087,0.0,6.67,0,2,THING_SPEAK,0,0.0,1.0,1.0,CRITICAL,1
Nathula Pass,27.4,88.8,Sikkim Ridge,RT_IOT2022.csv,12,0,0.0,0.0,6.67,0,0,DOS_SYN_HPING,0,0.0,1.0,1.0,CRITICAL,1
Rann of Kutch,23.9,70.0,Gujarat Coast,RT_IOT2022.csv,12,0,0.0,0.0,6.67,0,0,DOS_SYN_HPING,0,0.0,1.0,1.0,CRITICAL,1
Nathula Pass,27.4,88.8,Sikkim Ridge,RT_IOT2022.csv,12,0,0.0,0.0,6.67,0,0,DOS_SYN_HPING,0,0.0,1.0,1.0,CRITICAL,1
Nathula Pass,27.4,88.8,Sikkim Ridge,RT_IOT2022.csv,12,0,0.0,0.0,6.67,0,0,ARP_POISIONING,0,0.0,1.0,1.0,CRITICAL,1
Galwan Valley,34.4,73.6,J&K LoC,RT_IOT2022.csv,12,0,0.0,0.0,6.67,0,0,DOS_SYN_HPING,0,0.0,1.0,1.0,CRITICAL,1
Depsang Plains,35.1,77.8,Ladakh LAC,RT_IOT2022.csv,12,0,0.0,0.0,6.67,0,0,DOS_SYN_HPING,0,0.0,1.0,1.0,CRITICAL,1
Anjaw District,28.1,96.3,Arunachal Sector,RT_IOT2022.csv,12,0,0.0,0.0,6.67,0,0,DOS_SYN_HPING,0,0.0,1.0,1.0,CRITICAL,1
Mizoram Border,22.7,92.7,Northeast Sector,RT_IOT2022.csv,12,0,0.0,0.0,6.67,0,0,DOS_SYN_HPING,0,0.0,1.0,1.0,CRITICAL,1
Pir Panjal Range,33.5,74.2,J&K LoC,RT_IOT2022.csv,12,0,0.0,0.0,6.67,0,0,DOS_SYN_HPING,0,0.0,1.0,1.0,CRITICAL,1
Wagah Border,31.6,74.6,Punjab Sector,RT_IOT2022.csv,12,0,0.0,0.0,6.67,0,0,DOS_SYN_HPING,0,0.0,1.0,1.0,CRITICAL,1
Wagah Border,31.6,74.6,Punjab Sector,RT_IOT2022.csv,12,0,0.0,0.0,6.67,0,0,DOS_SYN_HPING,0,0.0,1.0,1.0,CRITICAL,1
Anjaw District,28.1,96.3,Arunachal Sector,RT_IOT2022.csv,12,0,0.0154,0.0,6.67,0,2,THING_SPEAK,0,0.0,1.0,1.0,CRITICAL,1
Siachen Glacier,35.5,76.9,Ladakh LAC,RT_IOT2022.csv,12,0,0.0,0.0,6.67,0,0,DOS_SYN_HPING,0,0.0,1.0,1.0,CRITICAL,1
Depsang Plains,35.1,77.8,Ladakh LAC,RT_IOT2022.csv,12,0,0.0,0.0,6.67,0,0,DOS_SYN_HPING,0,0.0,1.0,1.0,CRITICAL,1
Anjaw District,28.1,96.3,Arunachal Sector,RT_IOT2022.csv,12,0,0.0,0.0,6.67,0,0,DOS_SYN_HPING,0,0.0,1.0,1.0,CRITICAL,1
Tawang Sector,27.6,91.9,Arunachal Sector,RT_IOT2022.csv,12,0,0.049,0.0,6.67,0,0,MQTT_PUBLISH,0,0.0,1.0,1.0,CRITICAL,1
Siachen Glacier,35.5,76.9,Ladakh LAC,RT_IOT2022.csv,12,0,0.0,0.0,6.67,0,0,DOS_SYN_HPING,0,0.0,1.0,1.0,CRITICAL,1
Pangong Tso,33.7,78.9,Ladakh LAC,RT_IOT2022.csv,12,0,0.0,0.0,6.67,0,0,NMAP_UDP_SCAN,0,0.0,1.0,1.0,CRITICAL,1
Depsang Plains,35.1,77.8,Ladakh LAC,RT_IOT2022.csv,12,0,0.0,0.0,6.67,0,0,NMAP_TCP_SCAN,0,0.0,1.0,1.0,CRITICAL,1
Wagah Border,31.6,74.6,Punjab Sector,RT_IOT2022.csv,12,0,0.0,0.0,6.67,0,0,DOS_SYN_HPING,0,0.0,1.0,1.0,CRITICAL,1
Pir Panjal Range,33.5,74.2,J&K LoC,RT_IOT2022.csv,12,0,0.0,0.0,6.67,0,0,DOS_SYN_HPING,0,0.0,1.0,1.0,CRITICAL,1
Barmer Sector,25.7,71.4,Rajasthan Border,RT_IOT2022.csv,12,0,0.0,0.0,6.67,0,0,DOS_SYN_HPING,0,0.0,1.0,1.0,CRITICAL,1
Doklam Plateau,27.3,89.1,Sikkim Ridge,RT_IOT2022.csv,12,0,0.0,0.0,6.67,0,0,DOS_SYN_HPING,0,0.0,1.0,1.0,CRITICAL,1
Doklam Plateau,27.3,89.1,Sikkim Ridge,RT_IOT2022.csv,12,0,0.0,0.0,6.67,0,0,DOS_SYN_HPING,0,0.0,1.0,1.0,CRITICAL,1
Tawang Sector,27.6,91.9,Arunachal Sector,RT_IOT2022.csv,12,0,0.0,0.0,6.67,0,0,DOS_SYN_HPING,0,0.0,1.0,1.0,CRITICAL,1
Siachen Glacier,35.5,76.9,Ladakh LAC,RT_IOT2022.csv,12,0,0.0,0.0,6.67,0,0,DOS_SYN_HPING,0,0.0,1.0,1.0,CRITICAL,1
Lipulekh Pass,30.2,80.3,Uttarakhand Pass,RT_IOT2022.csv,12,0,0.0,0.0,6.67,0,0,DOS_SYN_HPING,0,0.0,1.0,1.0,CRITICAL,1
Lipulekh Pass,30.2,80.3,Uttarakhand Pass,RT_IOT2022.csv,12,0,0.0,0.0,6.67,0,0,DOS_SYN_HPING,0,0.0,1.0,1.0,CRITICAL,1
Depsang Plains,35.1,77.8,Ladakh LAC,RT_IOT2022.csv,12,0,0.0,0.0,6.67,0,0,DOS_SYN_HPING,0,0.0,1.0,1.0,CRITICAL,1
Doklam Plateau,27.3,89.1,Sikkim Ridge,RT_IOT2022.csv,12,0,0.0,0.0,6.67,0,0,DOS_SYN_HPING,0,0.0,1.0,1.0,CRITICAL,1
Tawang Sector,27.6,91.9,Arunachal Sector,RT_IOT2022.csv,12,0,0.0003,0.0,6.67,0,0,THING_SPEAK,0,0.0,1.0,1.0,CRITICAL,1
Siachen Glacier,35.5,76.9,Ladakh LAC,RT_IOT2022.csv,12,0,0.0,0.0,6.67,0,0,DOS_SYN_HPING,0,0.0,1.0,1.0,CRITICAL,1
Barmer Sector,25.7,71.4,Rajasthan Border,RT_IOT2022.csv,12,0,0.0,0.0,6.67,0,0,DOS_SYN_HPING,0,0.0,1.0,1.0,CRITICAL,1
Nathula Pass,27.4,88.8,Sikkim Ridge,RT_IOT2022.csv,12,0,0.4194,0.0,6.67,0,0,MQTT_PUBLISH,0,0.0,1.0,1.0,CRITICAL,1
Wagah Border,31.6,74.6,Punjab Sector,RT_IOT2022.csv,12,0,0.6204,0.0,6.67,0,0,MQTT_PUBLISH,0,0.0,1.0,1.0,CRITICAL,1
Barmer Sector,25.7,71.4,Rajasthan Border,RT_IOT2022.csv,12,0,0.0,0.0,6.67,0,0,DOS_SYN_HPING,0,0.0,1.0,1.0,CRITICAL,1
Mizoram Border,22.7,92.7,Northeast Sector,RT_IOT2022.csv,12,0,0.0,0.0,6.67,0,0,DOS_SYN_HPING,0,0.0,1.0,1.0,CRITICAL,1
Rann of Kutch,23.9,70.0,Gujarat Coast,RT_IOT2022.csv,12,0,0.0,0.0,6.67,0,0,ARP_POISIONING,0,0.0,1.0,1.0,CRITICAL,1
Wagah Border,31.6,74.6,Punjab Sector,RT_IOT2022.csv,12,0,0.0,0.0,6.67,0,0,DOS_SYN_HPING,0,0.0,1.0,1.0,CRITICAL,1
Pir Panjal Range,33.5,74.2,J&K LoC,RT_IOT2022.csv,12,0,0.2938,0.0,6.67,0,0,MQTT_PUBLISH,0,0.0,1.0,1.0,CRITICAL,1
Nathula Pass,27.4,88.8,Sikkim Ridge,RT_IOT2022.csv,12,0,0.0,0.0,6.67,0,0,DOS_SYN_HPING,0,0.0,1.0,1.0,CRITICAL,1
Mizoram Border,22.7,92.7,Northeast Sector,RT_IOT2022.csv,12,0,0.0,0.0,6.67,0,0,DOS_SYN_HPING,0,0.0,1.0,1.0,CRITICAL,1
Kutch Gulf,23.0,68.9,Gujarat Coast,RT_IOT2022.csv,12,0,0.0,0.0,6.67,0,0,DOS_SYN_HPING,0,0.0,1.0,1.0,CRITICAL,1
Wagah Border,31.6,74.6,Punjab Sector,RT_IOT2022.csv,12,0,0.0,0.0,6.67,0,0,DOS_SYN_HPING,0,0.0,1.0,1.0,CRITICAL,1
Pir Panjal Range,33.5,74.2,J&K LoC,RT_IOT2022.csv,12,0,0.0,0.0,6.67,0,0,DOS_SYN_HPING,0,0.0,1.0,1.0,CRITICAL,1
Nathula Pass,27.4,88.8,Sikkim Ridge,RT_IOT2022.csv,12,0,0.0,0.0,6.67,0,0,ARP_POISIONING,0,0.0,1.0,1.0,CRITICAL,1
Barmer Sector,25.7,71.4,Rajasthan Border,RT_IOT2022.csv,12,0,0.0001,0.0,6.67,0,0,ARP_POISIONING,0,0.0,1.0,1.0,CRITICAL,1
Tawang Sector,27.6,91.9,Arunachal Sector,RT_IOT2022.csv,12,0,0.0,0.0,6.67,0,0,DOS_SYN_HPING,0,0.0,1.0,1.0,CRITICAL,1
Mizoram Border,22.7,92.7,Northeast Sector,RT_IOT2022.csv,12,0,0.0,0.0,6.67,0,0,DOS_SYN_HPING,0,0.0,1.0,1.0,CRITICAL,1
Wagah Border,31.6,74.6,Punjab Sector,RT_IOT2022.csv,12,0,0.0,0.0,6.67,0,0,DOS_SYN_HPING,0,0.0,1.0,1.0,CRITICAL,1
Kutch Gulf,23.0,68.9,Gujarat Coast,RT_IOT2022.csv,12,0,0.0001,0.0,6.67,0,0,DDOS_SLOWLORIS,0,0.0,1.0,1.0,CRITICAL,1
Doklam Plateau,27.3,89.1,Sikkim Ridge,RT_IOT2022.csv,12,0,0.0,0.0,6.67,0,0,DOS_SYN_HPING,0,0.0,1.0,1.0,CRITICAL,1
Pir Panjal Range,33.5,74.2,J&K LoC,RT_IOT2022.csv,12,0,0.0,0.0,6.67,0,0,DOS_SYN_HPING,0,0.0,1.0,1.0,CRITICAL,1
Galwan Valley,34.4,73.6,J&K LoC,RT_IOT2022.csv,12,0,0.0,0.0,6.67,0,0,DOS_SYN_HPING,0,0.0,1.0,1.0,CRITICAL,1
Galwan Valley,34.4,73.6,J&K LoC,RT_IOT2022.csv,12,0,0.0,0.0,6.67,0,0,DOS_SYN_HPING,0,0.0,1.0,1.0,CRITICAL,1
Nathula Pass,27.4,88.8,Sikkim Ridge,RT_IOT2022.csv,12,0,0.0,0.0,6.67,0,0,DOS_SYN_HPING,0,0.0,1.0,1.0,CRITICAL,1
Barmer Sector,25.7,71.4,Rajasthan Border,RT_IOT2022.csv,12,0,0.0,0.0,6.67,0,0,DOS_SYN_HPING,0,0.0,1.0,1.0,CRITICAL,1
Rann of Kutch,23.9,70.0,Gujarat Coast,RT_IOT2022.csv,12,0,0.0139,0.0,6.67,0,2,ARP_POISIONING,0,0.0,1.0,1.0,CRITICAL,1
Doklam Plateau,27.3,89.1,Sikkim Ridge,RT_IOT2022.csv,12,0,0.0005,0.0,6.67,0,0,ARP_POISIONING,0,0.0,1.0,1.0,CRITICAL,1
Wagah Border,31.6,74.6,Punjab Sector,RT_IOT2022.csv,12,0,0.0,0.0,6.67,0,0,DOS_SYN_HPING,0,0.0,1.0,1.0,CRITICAL,1
Lipulekh Pass,30.2,80.3,Uttarakhand Pass,RT_IOT2022.csv,12,0,0.0,0.0,6.67,0,0,DOS_SYN_HPING,0,0.0,1.0,1.0,CRITICAL,1
Mizoram Border,22.7,92.7,Northeast Sector,RT_IOT2022.csv,12,0,0.0,0.0,6.67,0,0,NMAP_OS_DETECTION,0,0.0,1.0,1.0,CRITICAL,1
Wagah Border,31.6,74.6,Punjab Sector,RT_IOT2022.csv,12,0,0.0,0.0,6.67,0,0,DOS_SYN_HPING,0,0.0,1.0,1.0,CRITICAL,1
Doklam Plateau,27.3,89.1,Sikkim Ridge,RT_IOT2022.csv,12,0,0.0,0.0,6.67,0,0,DOS_SYN_HPING,0,0.0,1.0,1.0,CRITICAL,1
Mizoram Border,22.7,92.7,Northeast Sector,RT_IOT2022.csv,12,0,0.0004,0.0,6.67,0,0,THING_SPEAK,0,0.0,1.0,1.0,CRITICAL,1
Galwan Valley,34.4,73.6,J&K LoC,RT_IOT2022.csv,12,0,0.0,0.0,6.67,0,0,DOS_SYN_HPING,0,0.0,1.0,1.0,CRITICAL,1
Mizoram Border,22.7,92.7,Northeast Sector,RT_IOT2022.csv,12,0,0.0,0.0,6.67,0,0,DOS_SYN_HPING,0,0.0,1.0,1.0,CRITICAL,1
Siachen Glacier,35.5,76.9,Ladakh LAC,RT_IOT2022.csv,12,0,0.0,0.0,6.67,0,0,DOS_SYN_HPING,0,0.0,1.0,1.0,CRITICAL,1
Tawang Sector,27.6,91.9,Arunachal Sector,RT_IOT2022.csv,12,0,0.0,0.0,6.67,0,0,DOS_SYN_HPING,0,0.0,1.0,1.0,CRITICAL,1
Rann of Kutch,23.9,70.0,Gujarat Coast,RT_IOT2022.csv,12,0,0.0,0.0,6.67,0,0,DOS_SYN_HPING,0,0.0,1.0,1.0,CRITICAL,1
Kutch Gulf,23.0,68.9,Gujarat Coast,RT_IOT2022.csv,12,0,0.0,0.0,6.67,0,0,DOS_SYN_HPING,0,0.0,1.0,1.0,CRITICAL,1
Mizoram Border,22.7,92.7,Northeast Sector,RT_IOT2022.csv,12,0,0.0,0.0,6.67,0,0,DOS_SYN_HPING,0,0.0,1.0,1.0,CRITICAL,1
Kutch Gulf,23.0,68.9,Gujarat Coast,RT_IOT2022.csv,12,0,0.0,0.0,6.67,0,0,DOS_SYN_HPING,0,0.0,1.0,1.0,CRITICAL,1
Wagah Border,31.6,74.6,Punjab Sector,RT_IOT2022.csv,12,0,0.0,0.0,6.67,0,1,NMAP_XMAS_TREE_SCAN,0,0.0,1.0,1.0,CRITICAL,1
Anjaw District,28.1,96.3,Arunachal Sector,RT_IOT2022.csv,12,0,0.0,0.0,6.67,0,0,DOS_SYN_HPING,0,0.0,1.0,1.0,CRITICAL,1
Depsang Plains,35.1,77.8,Ladakh LAC,RT_IOT2022.csv,12,0,0.0,0.0,6.67,0,0,DOS_SYN_HPING,0,0.0,1.0,1.0,CRITICAL,1
Galwan Valley,34.4,73.6,J&K LoC,RT_IOT2022.csv,12,0,0.0,0.0,6.67,0,0,DOS_SYN_HPING,0,0.0,1.0,1.0,CRITICAL,1
Tawang Sector,27.6,91.9,Arunachal Sector,RT_IOT2022.csv,12,0,0.0,0.0,6.67,0,0,DOS_SYN_HPING,0,0.0,1.0,1.0,CRITICAL,1
Depsang Plains,35.1,77.8,Ladakh LAC,RT_IOT2022.csv,12,0,0.0087,0.0,6.67,0,2,THING_SPEAK,0,0.0,1.0,1.0,CRITICAL,1
Nathula Pass,27.4,88.8,Sikkim Ridge,RT_IOT2022.csv,12,0,0.0,0.0,6.67,0,0,DOS_SYN_HPING,0,0.0,1.0,1.0,CRITICAL,1
Kutch Gulf,23.0,68.9,Gujarat Coast,RT_IOT2022.csv,12,0,0.0,0.0,6.67,0,0,DOS_SYN_HPING,0,0.0,1.0,1.0,CRITICAL,1
Mizoram Border,22.7,92.7,Northeast Sector,RT_IOT2022.csv,12,0,0.0,0.0,6.67,0,0,DOS_SYN_HPING,0,0.0,1.0,1.0,CRITICAL,1
Nathula Pass,27.4,88.8,Sikkim Ridge,RT_IOT2022.csv,12,0,0.0,0.0,6.67,0,0,DOS_SYN_HPING,0,0.0,1.0,1.0,CRITICAL,1
Pir Panjal Range,33.5,74.2,J&K LoC,RT_IOT2022.csv,12,0,0.0,0.0,6.67,0,0,DOS_SYN_HPING,0,0.0,1.0,1.0,CRITICAL,1
Mizoram Border,22.7,92.7,Northeast Sector,RT_IOT2022.csv,12,0,0.0,0.0,6.67,0,0,DOS_SYN_HPING,0,0.0,1.0,1.0,CRITICAL,1
Rann of Kutch,23.9,70.0,Gujarat Coast,RT_IOT2022.csv,12,0,0.0,0.0,6.67,0,0,DOS_SYN_HPING,0,0.0,1.0,1.0,CRITICAL,1
Doklam Plateau,27.3,89.1,Sikkim Ridge,RT_IOT2022.csv,12,0,0.0,0.0,6.67,0,0,DOS_SYN_HPING,0,0.0,1.0,1.0,CRITICAL,1
Tawang Sector,27.6,91.9,Arunachal Sector,RT_IOT2022.csv,12,0,0.3211,0.0,6.67,0,0,MQTT_PUBLISH,0,0.0,1.0,1.0,CRITICAL,1
Mizoram Border,22.7,92.7,Northeast Sector,RT_IOT2022.csv,12,0,0.0,0.0,6.67,0,0,DOS_SYN_HPING,0,0.0,1.0,1.0,CRITICAL,1
Pangong Tso,33.7,78.9,Ladakh LAC,RT_IOT2022.csv,12,0,0.0,0.0,6.67,0,0,DOS_SYN_HPING,0,0.0,1.0,1.0,CRITICAL,1
Doklam Plateau,27.3,89.1,Sikkim Ridge,RT_IOT2022.csv,12,0,0.0,0.0,6.67,0,0,DOS_SYN_HPING,0,0.0,1.0,1.0,CRITICAL,1
Galwan Valley,34.4,73.6,J&K LoC,RT_IOT2022.csv,12,0,0.0,0.0,6.67,0,0,DOS_SYN_HPING,0,0.0,1.0,1.0,CRITICAL,1
Kutch Gulf,23.0,68.9,Gujarat Coast,RT_IOT2022.csv,12,0,0.0,0.0,6.67,0,0,DOS_SYN_HPING,0,0.0,1.0,1.0,CRITICAL,1
Wagah Border,31.6,74.6,Punjab Sector,RT_IOT2022.csv,12,0,0.0101,0.0,6.67,0,2,THING_SPEAK,0,0.0,1.0,1.0,CRITICAL,1
Galwan Valley,34.4,73.6,J&K LoC,RT_IOT2022.csv,12,0,0.0,0.0,6.67,0,0,DOS_SYN_HPING,0,0.0,1.0,1.0,CRITICAL,1
Pangong Tso,33.7,78.9,Ladakh LAC,RT_IOT2022.csv,12,0,0.0,0.0,6.67,0,0,NMAP_UDP_SCAN,0,0.0,1.0,1.0,CRITICAL,1
Lipulekh Pass,30.2,80.3,Uttarakhand Pass,RT_IOT2022.csv,12,0,0.0,0.0,6.67,0,0,DOS_SYN_HPING,0,0.0,1.0,1.0,CRITICAL,1
Lipulekh Pass,30.2,80.3,Uttarakhand Pass,RT_IOT2022.csv,12,0,0.0,0.0,6.67,0,0,DOS_SYN_HPING,0,0.0,1.0,1.0,CRITICAL,1
Rann of Kutch,23.9,70.0,Gujarat Coast,RT_IOT2022.csv,12,0,0.0,0.0,6.67,0,0,DOS_SYN_HPING,0,0.0,1.0,1.0,CRITICAL,1
Pangong Tso,33.7,78.9,Ladakh LAC,RT_IOT2022.csv,12,0,0.1015,0.0,6.67,0,2,ARP_POISIONING,0,0.0,1.0,1.0,CRITICAL,1
Pir Panjal Range,33.5,74.2,J&K LoC,RT_IOT2022.csv,12,0,0.0,0.0,6.67,0,0,DOS_SYN_HPING,0,0.0,1.0,1.0,CRITICAL,1
Doklam Plateau,27.3,89.1,Sikkim Ridge,RT_IOT2022.csv,12,0,0.0,0.0,6.67,0,0,DOS_SYN_HPING,0,0.0,1.0,1.0,CRITICAL,1
Rann of Kutch,23.9,70.0,Gujarat Coast,RT_IOT2022.csv,12,0,0.0,0.0,6.67,0,0,NMAP_UDP_SCAN,0,0.0,1.0,1.0,CRITICAL,1
Pangong Tso,33.7,78.9,Ladakh LAC,RT_IOT2022.csv,12,0,0.0,0.0,6.67,0,0,NMAP_OS_DETECTION,0,0.0,1.0,1.0,CRITICAL,1
Depsang Plains,35.1,77.8,Ladakh LAC,RT_IOT2022.csv,12,0,0.0,0.0,6.67,0,0,ARP_POISIONING,0,0.0,1.0,1.0,CRITICAL,1
Depsang Plains,35.1,77.8,Ladakh LAC,RT_IOT2022.csv,12,0,0.0,0.0,6.67,0,0,NMAP_TCP_SCAN,0,0.0,1.0,1.0,CRITICAL,1
Anjaw District,28.1,96.3,Arunachal Sector,RT_IOT2022.csv,12,0,0.0,0.0,6.67,0,0,DOS_SYN_HPING,0,0.0,1.0,1.0,CRITICAL,1
Mizoram Border,22.7,92.7,Northeast Sector,RT_IOT2022.csv,12,0,0.0,0.0,6.67,0,0,ARP_POISIONING,0,0.0,1.0,1.0,CRITICAL,1
Depsang Plains,35.1,77.8,Ladakh LAC,RT_IOT2022.csv,12,0,0.0,0.0,6.67,0,0,DOS_SYN_HPING,0,0.0,1.0,1.0,CRITICAL,1
Anjaw District,28.1,96.3,Arunachal Sector,RT_IOT2022.csv,12,0,0.0,0.0,6.67,0,0,DOS_SYN_HPING,0,0.0,1.0,1.0,CRITICAL,1
Galwan Valley,34.4,73.6,J&K LoC,RT_IOT2022.csv,12,0,0.0,0.0,6.67,0,0,DOS_SYN_HPING,0,0.0,1.0,1.0,CRITICAL,1
Pir Panjal Range,33.5,74.2,J&K LoC,RT_IOT2022.csv,12,0,0.0,0.0,6.67,0,0,DOS_SYN_HPING,0,0.0,1.0,1.0,CRITICAL,1
Barmer Sector,25.7,71.4,Rajasthan Border,RT_IOT2022.csv,12,0,0.0,0.0,6.67,0,0,DOS_SYN_HPING,0,0.0,1.0,1.0,CRITICAL,1
Kutch Gulf,23.0,68.9,Gujarat Coast,RT_IOT2022.csv,12,0,0.0,0.0,6.67,0,0,DOS_SYN_HPING,0,0.0,1.0,1.0,CRITICAL,1
Barmer Sector,25.7,71.4,Rajasthan Border,RT_IOT2022.csv,12,0,0.0,0.0,6.67,0,0,DOS_SYN_HPING,0,0.0,1.0,1.0,CRITICAL,1
Wagah Border,31.6,74.6,Punjab Sector,RT_IOT2022.csv,12,0,0.0,0.0,6.67,0,0,DOS_SYN_HPING,0,0.0,1.0,1.0,CRITICAL,1
Kutch Gulf,23.0,68.9,Gujarat Coast,RT_IOT2022.csv,12,0,0.0084,0.0,6.67,0,2,THING_SPEAK,0,0.0,1.0,1.0,CRITICAL,1
Depsang Plains,35.1,77.8,Ladakh LAC,RT_IOT2022.csv,12,0,0.0,0.0,6.67,0,0,DOS_SYN_HPING,0,0.0,1.0,1.0,CRITICAL,1
Rann of Kutch,23.9,70.0,Gujarat Coast,RT_IOT2022.csv,12,0,0.0,0.0,6.67,0,0,DOS_SYN_HPING,0,0.0,1.0,1.0,CRITICAL,1
Kutch Gulf,23.0,68.9,Gujarat Coast,RT_IOT2022.csv,12,0,0.0002,0.0,6.67,0,0,THING_SPEAK,0,0.0,1.0,1.0,CRITICAL,1
Kutch Gulf,23.0,68.9,Gujarat Coast,RT_IOT2022.csv,12,0,0.0,0.0,6.67,0,0,DOS_SYN_HPING,0,0.0,1.0,1.0,CRITICAL,1
Anjaw District,28.1,96.3,Arunachal Sector,RT_IOT2022.csv,12,0,0.0211,0.0,6.67,0,2,ARP_POISIONING,0,0.0,1.0,1.0,CRITICAL,1
Rann of Kutch,23.9,70.0,Gujarat Coast,RT_IOT2022.csv,12,0,0.0,0.0,6.67,0,0,DOS_SYN_HPING,0,0.0,1.0,1.0,CRITICAL,1
Anjaw District,28.1,96.3,Arunachal Sector,RT_IOT2022.csv,12,0,0.0,0.0,6.67,0,0,DOS_SYN_HPING,0,0.0,1.0,1.0,CRITICAL,1
Depsang Plains,35.1,77.8,Ladakh LAC,RT_IOT2022.csv,12,0,0.0,0.0,6.67,0,0,DOS_SYN_HPING,0,0.0,1.0,1.0,CRITICAL,1
Pir Panjal Range,33.5,74.2,J&K LoC,RT_IOT2022.csv,12,0,0.0,0.0,6.67,0,0,DOS_SYN_HPING,0,0.0,1.0,1.0,CRITICAL,1
Pangong Tso,33.7,78.9,Ladakh LAC,RT_IOT2022.csv,12,0,0.0,0.0,6.67,0,0,ARP_POISIONING,0,0.0,1.0,1.0,CRITICAL,1
Galwan Valley,34.4,73.6,J&K LoC,RT_IOT2022.csv,12,0,0.0,0.0,6.67,0,0,DOS_SYN_HPING,0,0.0,1.0,1.0,CRITICAL,1
Wagah Border,31.6,74.6,Punjab Sector,RT_IOT2022.csv,12,0,0.0,0.0,6.67,0,0,DOS_SYN_HPING,0,0.0,1.0,1.0,CRITICAL,1
Pangong Tso,33.7,78.9,Ladakh LAC,RT_IOT2022.csv,12,0,0.0,0.0,6.67,0,0,DOS_SYN_HPING,0,0.0,1.0,1.0,CRITICAL,1
Rann of Kutch,23.9,70.0,Gujarat Coast,RT_IOT2022.csv,12,0,0.0,0.0,6.67,0,0,DOS_SYN_HPING,0,0.0,1.0,1.0,CRITICAL,1
Doklam Plateau,27.3,89.1,Sikkim Ridge,RT_IOT2022.csv,12,0,0.0,0.0,6.67,0,0,DOS_SYN_HPING,0,0.0,1.0,1.0,CRITICAL,1
Depsang Plains,35.1,77.8,Ladakh LAC,RT_IOT2022.csv,12,0,0.0,0.0,6.67,0,0,DOS_SYN_HPING,0,0.0,1.0,1.0,CRITICAL,1
Mizoram Border,22.7,92.7,Northeast Sector,RT_IOT2022.csv,12,0,0.0,0.0,6.67,0,0,DOS_SYN_HPING,0,0.0,1.0,1.0,CRITICAL,1
Nathula Pass,27.4,88.8,Sikkim Ridge,RT_IOT2022.csv,12,0,0.0,0.0,6.67,0,0,DOS_SYN_HPING,0,0.0,1.0,1.0,CRITICAL,1
Pangong Tso,33.7,78.9,Ladakh LAC,RT_IOT2022.csv,12,0,0.0,0.0,6.67,0,0,DOS_SYN_HPING,0,0.0,1.0,1.0,CRITICAL,1
Barmer Sector,25.7,71.4,Rajasthan Border,RT_IOT2022.csv,12,0,0.0,0.0,6.67,0,0,DOS_SYN_HPING,0,0.0,1.0,1.0,CRITICAL,1
Nathula Pass,27.4,88.8,Sikkim Ridge,RT_IOT2022.csv,12,0,0.0,0.0,6.67,0,0,ARP_POISIONING,0,0.0,1.0,1.0,CRITICAL,1
Depsang Plains,35.1,77.8,Ladakh LAC,RT_IOT2022.csv,12,0,0.0,0.0,6.67,0,0,DOS_SYN_HPING,0,0.0,1.0,1.0,CRITICAL,1
Kutch Gulf,23.0,68.9,Gujarat Coast,RT_IOT2022.csv,12,0,0.0,0.0,6.67,0,0,DOS_SYN_HPING,0,0.0,1.0,1.0,CRITICAL,1
Doklam Plateau,27.3,89.1,Sikkim Ridge,RT_IOT2022.csv,12,0,0.0,0.0,6.67,0,1,NMAP_XMAS_TREE_SCAN,0,0.0,1.0,1.0,CRITICAL,1
Barmer Sector,25.7,71.4,Rajasthan Border,RT_IOT2022.csv,12,0,0.0,0.0,6.67,0,0,DOS_SYN_HPING,0,0.0,1.0,1.0,CRITICAL,1
Pir Panjal Range,33.5,74.2,J&K LoC,RT_IOT2022.csv,12,0,0.0,0.0,6.67,0,0,DOS_SYN_HPING,0,0.0,1.0,1.0,CRITICAL,1
Wagah Border,31.6,74.6,Punjab Sector,RT_IOT2022.csv,12,0,0.0,0.0,6.67,0,0,DOS_SYN_HPING,0,0.0,1.0,1.0,CRITICAL,1
Barmer Sector,25.7,71.4,Rajasthan Border,RT_IOT2022.csv,12,0,0.0,0.0,6.67,0,0,ARP_POISIONING,0,0.0,1.0,1.0,CRITICAL,1
Pangong Tso,33.7,78.9,Ladakh LAC,RT_IOT2022.csv,12,0,0.0,0.0,6.67,0,0,NMAP_TCP_SCAN,0,0.0,1.0,1.0,CRITICAL,1
Pangong Tso,33.7,78.9,Ladakh LAC,RT_IOT2022.csv,12,0,0.0,0.0,6.67,0,0,NMAP_OS_DETECTION,0,0.0,1.0,1.0,CRITICAL,1
Doklam Plateau,27.3,89.1,Sikkim Ridge,RT_IOT2022.csv,12,0,0.0,0.0,6.67,0,0,DOS_SYN_HPING,0,0.0,1.0,1.0,CRITICAL,1
Rann of Kutch,23.9,70.0,Gujarat Coast,RT_IOT2022.csv,12,0,0.0,0.0,6.67,0,0,DOS_SYN_HPING,0,0.0,1.0,1.0,CRITICAL,1
Nathula Pass,27.4,88.8,Sikkim Ridge,RT_IOT2022.csv,12,0,0.0,0.0,6.67,0,0,DOS_SYN_HPING,0,0.0,1.0,1.0,CRITICAL,1
Anjaw District,28.1,96.3,Arunachal Sector,RT_IOT2022.csv,12,0,0.0,0.0,6.67,0,0,DOS_SYN_HPING,0,0.0,1.0,1.0,CRITICAL,1
Kutch Gulf,23.0,68.9,Gujarat Coast,RT_IOT2022.csv,12,0,0.0,0.0,6.67,0,0,DOS_SYN_HPING,0,0.0,1.0,1.0,CRITICAL,1
Rann of Kutch,23.9,70.0,Gujarat Coast,RT_IOT2022.csv,12,0,0.0,0.0,6.67,0,0,DOS_SYN_HPING,0,0.0,1.0,1.0,CRITICAL,1
Pir Panjal Range,33.5,74.2,J&K LoC,RT_IOT2022.csv,12,0,0.0,0.0,6.67,0,0,DOS_SYN_HPING,0,0.0,1.0,1.0,CRITICAL,1
Tawang Sector,27.6,91.9,Arunachal Sector,RT_IOT2022.csv,12,0,0.0,0.0,6.67,0,0,DOS_SYN_HPING,0,0.0,1.0,1.0,CRITICAL,1
Barmer Sector,25.7,71.4,Rajasthan Border,RT_IOT2022.csv,12,0,0.0,0.0,6.67,0,0,ARP_POISIONING,0,0.0,1.0,1.0,CRITICAL,1
Lipulekh Pass,30.2,80.3,Uttarakhand Pass,RT_IOT2022.csv,12,0,0.0,0.0,6.67,0,0,DOS_SYN_HPING,0,0.0,1.0,1.0,CRITICAL,1
Doklam Plateau,27.3,89.1,Sikkim Ridge,RT_IOT2022.csv,12,0,0.0,0.0,6.67,0,0,DOS_SYN_HPING,0,0.0,1.0,1.0,CRITICAL,1
Anjaw District,28.1,96.3,Arunachal Sector,RT_IOT2022.csv,12,0,0.0,0.0,6.67,0,0,DOS_SYN_HPING,0,0.0,1.0,1.0,CRITICAL,1
Galwan Valley,34.4,73.6,J&K LoC,RT_IOT2022.csv,12,0,0.0,0.0,6.67,0,0,DOS_SYN_HPING,0,0.0,1.0,1.0,CRITICAL,1
Tawang Sector,27.6,91.9,Arunachal Sector,RT_IOT2022.csv,12,0,0.0,0.0,6.67,0,0,DOS_SYN_HPING,0,0.0,1.0,1.0,CRITICAL,1
Lipulekh Pass,30.2,80.3,Uttarakhand Pass,RT_IOT2022.csv,12,0,0.0,0.0,6.67,0,0,DOS_SYN_HPING,0,0.0,1.0,1.0,CRITICAL,1
Pir Panjal Range,33.5,74.2,J&K LoC,RT_IOT2022.csv,12,0,0.6107,0.0,6.67,0,0,MQTT_PUBLISH,0,0.0,1.0,1.0,CRITICAL,1
Rann of Kutch,23.9,70.0,Gujarat Coast,RT_IOT2022.csv,12,0,0.0,0.0,6.67,0,1,DDOS_SLOWLORIS,0,0.0,1.0,0.42,CRITICAL,1
Siachen Glacier,35.5,76.9,Ladakh LAC,RT_IOT2022.csv,12,0,0.621,0.0,6.67,0,0,MQTT_PUBLISH,0,0.0,1.0,1.0,CRITICAL,1
Barmer Sector,25.7,71.4,Rajasthan Border,RT_IOT2022.csv,12,0,0.0,0.0,6.67,0,0,DOS_SYN_HPING,0,0.0,1.0,1.0,CRITICAL,1
Galwan Valley,34.4,73.6,J&K LoC,RT_IOT2022.csv,12,0,0.0,0.0,6.67,0,0,DOS_SYN_HPING,0,0.0,1.0,1.0,CRITICAL,1
Barmer Sector,25.7,71.4,Rajasthan Border,RT_IOT2022.csv,12,0,0.0,0.0,6.67,0,0,ARP_POISIONING,0,0.0,1.0,1.0,CRITICAL,1
Anjaw District,28.1,96.3,Arunachal Sector,RT_IOT2022.csv,12,0,0.0,0.0,6.67,0,0,DOS_SYN_HPING,0,0.0,1.0,1.0,CRITICAL,1
Doklam Plateau,27.3,89.1,Sikkim Ridge,RT_IOT2022.csv,12,0,0.0,0.0,6.67,0,0,DOS_SYN_HPING,0,0.0,1.0,1.0,CRITICAL,1
Barmer Sector,25.7,71.4,Rajasthan Border,RT_IOT2022.csv,12,0,0.0,0.0,6.67,0,0,DOS_SYN_HPING,0,0.0,1.0,1.0,CRITICAL,1
Doklam Plateau,27.3,89.1,Sikkim Ridge,RT_IOT2022.csv,12,0,0.0,0.0,6.67,0,0,DOS_SYN_HPING,0,0.0,1.0,1.0,CRITICAL,1
Rann of Kutch,23.9,70.0,Gujarat Coast,RT_IOT2022.csv,12,0,0.0,0.0,6.67,0,0,DOS_SYN_HPING,0,0.0,1.0,1.0,CRITICAL,1
Lipulekh Pass,30.2,80.3,Uttarakhand Pass,RT_IOT2022.csv,12,0,0.0,0.0,6.67,0,0,DOS_SYN_HPING,0,0.0,1.0,1.0,CRITICAL,1
Mizoram Border,22.7,92.7,Northeast Sector,RT_IOT2022.csv,12,0,0.0,0.0,6.67,0,0,DOS_SYN_HPING,0,0.0,1.0,1.0,CRITICAL,1
Wagah Border,31.6,74.6,Punjab Sector,RT_IOT2022.csv,12,0,0.0,0.0,6.67,0,0,DOS_SYN_HPING,0,0.0,1.0,1.0,CRITICAL,1
Tawang Sector,27.6,91.9,Arunachal Sector,RT_IOT2022.csv,12,0,0.0,0.0,6.67,0,0,DOS_SYN_HPING,0,0.0,1.0,1.0,CRITICAL,1
Kutch Gulf,23.0,68.9,Gujarat Coast,RT_IOT2022.csv,12,0,0.0,0.0,6.67,0,0,DOS_SYN_HPING,0,0.0,1.0,1.0,CRITICAL,1
Doklam Plateau,27.3,89.1,Sikkim Ridge,RT_IOT2022.csv,12,0,0.0,0.0,6.67,0,0,ARP_POISIONING,0,0.0,1.0,1.0,CRITICAL,1
Lipulekh Pass,30.2,80.3,Uttarakhand Pass,RT_IOT2022.csv,12,0,0.102,0.0,6.67,0,2,ARP_POISIONING,0,0.0,1.0,1.0,CRITICAL,1
Siachen Glacier,35.5,76.9,Ladakh LAC,RT_IOT2022.csv,12,0,0.0,0.0,6.67,0,0,NMAP_OS_DETECTION,0,0.0,1.0,1.0,CRITICAL,1
Galwan Valley,34.4,73.6,J&K LoC,RT_IOT2022.csv,12,0,0.0,0.0,6.67,0,0,DOS_SYN_HPING,0,0.0,1.0,1.0,CRITICAL,1
Lipulekh Pass,30.2,80.3,Uttarakhand Pass,RT_IOT2022.csv,12,0,0.0,0.0,6.67,0,0,DOS_SYN_HPING,0,0.0,1.0,1.0,CRITICAL,1
Siachen Glacier,35.5,76.9,Ladakh LAC,RT_IOT2022.csv,12,0,0.0,0.0,6.67,0,1,NMAP_XMAS_TREE_SCAN,0,0.0,1.0,1.0,CRITICAL,1
Mizoram Border,22.7,92.7,Northeast Sector,RT_IOT2022.csv,12,0,0.0,0.0,6.67,0,0,DOS_SYN_HPING,0,0.0,1.0,1.0,CRITICAL,1
Rann of Kutch,23.9,70.0,Gujarat Coast,RT_IOT2022.csv,12,0,0.0,0.0,6.67,0,0,DOS_SYN_HPING,0,0.0,1.0,1.0,CRITICAL,1
Barmer Sector,25.7,71.4,Rajasthan Border,RT_IOT2022.csv,12,0,0.0,0.0,6.67,0,0,DOS_SYN_HPING,0,0.0,1.0,1.0,CRITICAL,1
Kutch Gulf,23.0,68.9,Gujarat Coast,RT_IOT2022.csv,12,0,0.0,0.0,6.67,0,0,DOS_SYN_HPING,0,0.0,1.0,1.0,CRITICAL,1
Lipulekh Pass,30.2,80.3,Uttarakhand Pass,RT_IOT2022.csv,12,0,0.0,0.0,6.67,0,0,DOS_SYN_HPING,0,0.0,1.0,1.0,CRITICAL,1
Depsang Plains,35.1,77.8,Ladakh LAC,RT_IOT2022.csv,12,0,0.0,0.0,6.67,0,0,DOS_SYN_HPING,0,0.0,1.0,1.0,CRITICAL,1
Anjaw District,28.1,96.3,Arunachal Sector,RT_IOT2022.csv,12,0,0.0,0.0,6.67,0,0,DOS_SYN_HPING,0,0.0,1.0,1.0,CRITICAL,1
Nathula Pass,27.4,88.8,Sikkim Ridge,RT_IOT2022.csv,12,0,0.0,0.0,6.67,0,0,DOS_SYN_HPING,0,0.0,1.0,1.0,CRITICAL,1
Pir Panjal Range,33.5,74.2,J&K LoC,RT_IOT2022.csv,12,0,0.0087,0.0,6.67,0,2,THING_SPEAK,0,0.0,1.0,1.0,CRITICAL,1
Pangong Tso,33.7,78.9,Ladakh LAC,RT_IOT2022.csv,12,0,0.0,0.0,6.67,0,0,ARP_POISIONING,0,0.0,1.0,1.0,CRITICAL,1
Nathula Pass,27.4,88.8,Sikkim Ridge,RT_IOT2022.csv,12,0,0.0094,0.0,6.67,0,2,THING_SPEAK,0,0.0,1.0,1.0,CRITICAL,1
Anjaw District,28.1,96.3,Arunachal Sector,RT_IOT2022.csv,12,0,0.0,0.0,6.67,0,0,DOS_SYN_HPING,0,0.0,1.0,1.0,CRITICAL,1
Siachen Glacier,35.5,76.9,Ladakh LAC,RT_IOT2022.csv,12,0,0.0,0.0,6.67,0,0,DOS_SYN_HPING,0,0.0,1.0,1.0,CRITICAL,1
Galwan Valley,34.4,73.6,J&K LoC,RT_IOT2022.csv,12,0,0.0,0.0,6.67,0,0,DOS_SYN_HPING,0,0.0,1.0,1.0,CRITICAL,1
Anjaw District,28.1,96.3,Arunachal Sector,RT_IOT2022.csv,12,0,0.0,0.0,6.67,0,0,DOS_SYN_HPING,0,0.0,1.0,1.0,CRITICAL,1
Galwan Valley,34.4,73.6,J&K LoC,RT_IOT2022.csv,12,0,0.0,0.0,6.67,0,0,DOS_SYN_HPING,0,0.0,1.0,1.0,CRITICAL,1
Galwan Valley,34.4,73.6,J&K LoC,RT_IOT2022.csv,12,0,0.0005,0.0,6.67,0,0,THING_SPEAK,0,0.0,1.0,1.0,CRITICAL,1
Anjaw District,28.1,96.3,Arunachal Sector,RT_IOT2022.csv,12,0,0.0,0.0,6.67,0,0,DOS_SYN_HPING,0,0.0,1.0,1.0,CRITICAL,1
Pangong Tso,33.7,78.9,Ladakh LAC,RT_IOT2022.csv,12,0,0.0,0.0,6.67,0,0,DOS_SYN_HPING,0,0.0,1.0,1.0,CRITICAL,1
Lipulekh Pass,30.2,80.3,Uttarakhand Pass,RT_IOT2022.csv,12,0,0.0,0.0,6.67,0,0,ARP_POISIONING,0,0.0,1.0,1.0,CRITICAL,1
Depsang Plains,35.1,77.8,Ladakh LAC,RT_IOT2022.csv,12,0,0.0,0.0,6.67,0,0,DOS_SYN_HPING,0,0.0,1.0,1.0,CRITICAL,1
Tawang Sector,27.6,91.9,Arunachal Sector,RT_IOT2022.csv,12,0,0.0,0.0,6.67,0,0,DOS_SYN_HPING,0,0.0,1.0,1.0,CRITICAL,1
Doklam Plateau,27.3,89.1,Sikkim Ridge,RT_IOT2022.csv,12,0,0.0,0.0,6.67,0,0,DOS_SYN_HPING,0,0.0,1.0,1.0,CRITICAL,1
Mizoram Border,22.7,92.7,Northeast Sector,RT_IOT2022.csv,12,0,0.0019,0.0,6.67,0,0,ARP_POISIONING,0,0.0,1.0,1.0,CRITICAL,1
Wagah Border,31.6,74.6,Punjab Sector,RT_IOT2022.csv,12,0,0.0,0.0,6.67,0,0,DOS_SYN_HPING,0,0.0,1.0,1.0,CRITICAL,1
Pir Panjal Range,33.5,74.2,J&K LoC,RT_IOT2022.csv,12,0,0.0503,0.0,6.67,0,0,MQTT_PUBLISH,0,0.0,1.0,1.0,CRITICAL,1
Anjaw District,28.1,96.3,Arunachal Sector,RT_IOT2022.csv,12,0,0.0,0.0,6.67,0,0,DOS_SYN_HPING,0,0.0,1.0,1.0,CRITICAL,1
Doklam Plateau,27.3,89.1,Sikkim Ridge,RT_IOT2022.csv,12,0,0.0,0.0,6.67,0,0,DOS_SYN_HPING,0,0.0,1.0,1.0,CRITICAL,1
Doklam Plateau,27.3,89.1,Sikkim Ridge,RT_IOT2022.csv,12,0,0.0,0.0,6.67,0,0,DOS_SYN_HPING,0,0.0,1.0,1.0,CRITICAL,1
Pir Panjal Range,33.5,74.2,J&K LoC,RT_IOT2022.csv,12,0,0.0,0.0,6.67,0,0,DOS_SYN_HPING,0,0.0,1.0,1.0,CRITICAL,1
Mizoram Border,22.7,92.7,Northeast Sector,RT_IOT2022.csv,12,0,0.0,0.0,6.67,0,0,DOS_SYN_HPING,0,0.0,1.0,1.0,CRITICAL,1
Mizoram Border,22.7,92.7,Northeast Sector,RT_IOT2022.csv,12,0,0.0541,0.0,6.67,0,4,ARP_POISIONING,0,0.0,1.0,1.0,CRITICAL,1
Kutch Gulf,23.0,68.9,Gujarat Coast,RT_IOT2022.csv,12,0,0.0,0.0,6.67,0,0,DOS_SYN_HPING,0,0.0,1.0,1.0,CRITICAL,1
Nathula Pass,27.4,88.8,Sikkim Ridge,RT_IOT2022.csv,12,0,0.0,0.0,6.67,0,0,DOS_SYN_HPING,0,0.0,1.0,1.0,CRITICAL,1
Lipulekh Pass,30.2,80.3,Uttarakhand Pass,RT_IOT2022.csv,12,0,0.0,0.0,6.67,0,0,DOS_SYN_HPING,0,0.0,1.0,1.0,CRITICAL,1
Mizoram Border,22.7,92.7,Northeast Sector,RT_IOT2022.csv,12,0,0.0,0.0,6.67,0,0,DOS_SYN_HPING,0,0.0,1.0,1.0,CRITICAL,1
Tawang Sector,27.6,91.9,Arunachal Sector,RT_IOT2022.csv,12,0,0.0,0.0,6.67,0,0,NMAP_UDP_SCAN,0,0.0,1.0,1.0,CRITICAL,1
Anjaw District,28.1,96.3,Arunachal Sector,RT_IOT2022.csv,12,0,0.0,0.0,6.67,0,0,DOS_SYN_HPING,0,0.0,1.0,1.0,CRITICAL,1
Pir Panjal Range,33.5,74.2,J&K LoC,RT_IOT2022.csv,12,0,0.0003,0.0,6.67,0,0,THING_SPEAK,0,0.0,1.0,1.0,CRITICAL,1
Anjaw District,28.1,96.3,Arunachal Sector,RT_IOT2022.csv,12,0,0.0,0.0,6.67,0,0,DOS_SYN_HPING,0,0.0,1.0,1.0,CRITICAL,1
Pangong Tso,33.7,78.9,Ladakh LAC,RT_IOT2022.csv,12,0,0.0,0.0,6.67,0,0,DOS_SYN_HPING,0,0.0,1.0,1.0,CRITICAL,1
Lipulekh Pass,30.2,80.3,Uttarakhand Pass,RT_IOT2022.csv,12,0,0.0,0.0,6.67,0,0,DOS_SYN_HPING,0,0.0,1.0,1.0,CRITICAL,1
Tawang Sector,27.6,91.9,Arunachal Sector,RT_IOT2022.csv,12,0,0.008,0.0,6.67,0,1,ARP_POISIONING,0,0.0,1.0,1.0,CRITICAL,1
Pir Panjal Range,33.5,74.2,J&K LoC,RT_IOT2022.csv,12,0,0.0,0.0,6.67,0,0,DOS_SYN_HPING,0,0.0,1.0,1.0,CRITICAL,1
Pir Panjal Range,33.5,74.2,J&K LoC,RT_IOT2022.csv,12,0,0.0,0.0,6.67,0,0,DOS_SYN_HPING,0,0.0,1.0,1.0,CRITICAL,1
Tawang Sector,27.6,91.9,Arunachal Sector,RT_IOT2022.csv,12,0,0.0,0.0,6.67,0,0,DOS_SYN_HPING,0,0.0,1.0,1.0,CRITICAL,1
Nathula Pass,27.4,88.8,Sikkim Ridge,RT_IOT2022.csv,12,0,0.0,0.0,6.67,0,0,DOS_SYN_HPING,0,0.0,1.0,1.0,CRITICAL,1
Mizoram Border,22.7,92.7,Northeast Sector,RT_IOT2022.csv,12,0,0.0,0.0,6.67,0,0,DOS_SYN_HPING,0,0.0,1.0,1.0,CRITICAL,1
Kutch Gulf,23.0,68.9,Gujarat Coast,RT_IOT2022.csv,12,0,0.0,0.0,6.67,0,0,DOS_SYN_HPING,0,0.0,1.0,1.0,CRITICAL,1
Pangong Tso,33.7,78.9,Ladakh LAC,RT_IOT2022.csv,12,0,0.0,0.0,6.67,0,0,DOS_SYN_HPING,0,0.0,1.0,1.0,CRITICAL,1
Lipulekh Pass,30.2,80.3,Uttarakhand Pass,RT_IOT2022.csv,12,0,0.0,0.0,6.67,0,0,ARP_POISIONING,0,0.0,1.0,1.0,CRITICAL,1
Wagah Border,31.6,74.6,Punjab Sector,RT_IOT2022.csv,12,0,0.0,0.0,6.67,0,0,DOS_SYN_HPING,0,0.0,1.0,1.0,CRITICAL,1
Wagah Border,31.6,74.6,Punjab Sector,RT_IOT2022.csv,12,0,0.0,0.0,6.67,0,0,DOS_SYN_HPING,0,0.0,1.0,1.0,CRITICAL,1
Depsang Plains,35.1,77.8,Ladakh LAC,RT_IOT2022.csv,12,0,0.0,0.0,6.67,0,0,DOS_SYN_HPING,0,0.0,1.0,1.0,CRITICAL,1
Tawang Sector,27.6,91.9,Arunachal Sector,RT_IOT2022.csv,12,0,0.0,0.0,6.67,0,0,DOS_SYN_HPING,0,0.0,1.0,1.0,CRITICAL,1
Rann of Kutch,23.9,70.0,Gujarat Coast,RT_IOT2022.csv,12,0,0.0086,0.0,6.67,0,2,THING_SPEAK,0,0.0,1.0,1.0,CRITICAL,1
Pangong Tso,33.7,78.9,Ladakh LAC,RT_IOT2022.csv,12,0,0.0,0.0,6.67,0,0,DOS_SYN_HPING,0,0.0,1.0,1.0,CRITICAL,1
Tawang Sector,27.6,91.9,Arunachal Sector,RT_IOT2022.csv,12,0,0.0,0.0,6.67,0,0,NMAP_OS_DETECTION,0,0.0,1.0,1.0,CRITICAL,1
Tawang Sector,27.6,91.9,Arunachal Sector,RT_IOT2022.csv,12,0,0.0,0.0,6.67,0,0,DOS_SYN_HPING,0,0.0,1.0,1.0,CRITICAL,1
Siachen Glacier,35.5,76.9,Ladakh LAC,RT_IOT2022.csv,12,0,0.0,0.0,6.67,0,0,DOS_SYN_HPING,0,0.0,1.0,1.0,CRITICAL,1
Siachen Glacier,35.5,76.9,Ladakh LAC,RT_IOT2022.csv,12,0,0.0,0.0,6.67,0,0,DOS_SYN_HPING,0,0.0,1.0,1.0,CRITICAL,1
Anjaw District,28.1,96.3,Arunachal Sector,RT_IOT2022.csv,12,0,0.0,0.0,6.67,0,0,DOS_SYN_HPING,0,0.0,1.0,1.0,CRITICAL,1
Pir Panjal Range,33.5,74.2,J&K LoC,RT_IOT2022.csv,12,0,0.0,0.0,6.67,0,0,DOS_SYN_HPING,0,0.0,1.0,1.0,CRITICAL,1
Depsang Plains,35.1,77.8,Ladakh LAC,RT_IOT2022.csv,12,0,0.0,0.0,6.67,0,0,ARP_POISIONING,0,0.0,1.0,1.0,CRITICAL,1
Tawang Sector,27.6,91.9,Arunachal Sector,RT_IOT2022.csv,12,0,0.0002,0.0,6.67,0,0,ARP_POISIONING,0,0.0,1.0,1.0,CRITICAL,1
Depsang Plains,35.1,77.8,Ladakh LAC,RT_IOT2022.csv,12,0,0.0,0.0,6.67,0,0,DOS_SYN_HPING,0,0.0,1.0,1.0,CRITICAL,1
Lipulekh Pass,30.2,80.3,Uttarakhand Pass,RT_IOT2022.csv,12,0,0.6201,0.0,6.67,0,0,MQTT_PUBLISH,0,0.0,1.0,1.0,CRITICAL,1
Pangong Tso,33.7,78.9,Ladakh LAC,RT_IOT2022.csv,12,0,0.6216,0.0,6.67,0,0,MQTT_PUBLISH,0,0.0,1.0,1.0,CRITICAL,1
Kutch Gulf,23.0,68.9,Gujarat Coast,RT_IOT2022.csv,12,0,0.0,0.0,6.67,0,0,DOS_SYN_HPING,0,0.0,1.0,1.0,CRITICAL,1
Lipulekh Pass,30.2,80.3,Uttarakhand Pass,RT_IOT2022.csv,12,0,0.0,0.0,6.67,0,0,DOS_SYN_HPING,0,0.0,1.0,1.0,CRITICAL,1
Kutch Gulf,23.0,68.9,Gujarat Coast,RT_IOT2022.csv,12,0,0.0,0.0,6.67,0,0,DOS_SYN_HPING,0,0.0,1.0,1.0,CRITICAL,1
Wagah Border,31.6,74.6,Punjab Sector,RT_IOT2022.csv,12,0,0.0,0.0,6.67,0,0,DOS_SYN_HPING,0,0.0,1.0,1.0,CRITICAL,1
Doklam Plateau,27.3,89.1,Sikkim Ridge,RT_IOT2022.csv,12,0,0.0,0.0,6.67,0,0,DOS_SYN_HPING,0,0.0,1.0,1.0,CRITICAL,1
Rann of Kutch,23.9,70.0,Gujarat Coast,RT_IOT2022.csv,12,0,0.0,0.0,6.67,0,0,ARP_POISIONING,0,0.0,1.0,1.0,CRITICAL,1
Nathula Pass,27.4,88.8,Sikkim Ridge,RT_IOT2022.csv,12,0,0.0,0.0,6.67,0,0,NMAP_UDP_SCAN,0,0.0,1.0,1.0,CRITICAL,1
Mizoram Border,22.7,92.7,Northeast Sector,RT_IOT2022.csv,12,0,0.0,0.0,6.67,0,0,DOS_SYN_HPING,0,0.0,1.0,1.0,CRITICAL,1
Mizoram Border,22.7,92.7,Northeast Sector,RT_IOT2022.csv,12,0,0.0,0.0,6.67,0,0,DOS_SYN_HPING,0,0.0,1.0,1.0,CRITICAL,1
Lipulekh Pass,30.2,80.3,Uttarakhand Pass,RT_IOT2022.csv,12,0,0.006,0.0,6.67,0,1,ARP_POISIONING,0,0.0,1.0,1.0,CRITICAL,1
Barmer Sector,25.7,71.4,Rajasthan Border,RT_IOT2022.csv,12,0,0.0,0.0,6.67,0,0,DOS_SYN_HPING,0,0.0,1.0,1.0,CRITICAL,1
Pangong Tso,33.7,78.9,Ladakh LAC,RT_IOT2022.csv,12,0,0.0,0.0,6.67,0,0,DOS_SYN_HPING,0,0.0,1.0,1.0,CRITICAL,1
Rann of Kutch,23.9,70.0,Gujarat Coast,RT_IOT2022.csv,12,0,0.0,0.0,6.67,0,0,DOS_SYN_HPING,0,0.0,1.0,1.0,CRITICAL,1
Barmer Sector,25.7,71.4,Rajasthan Border,RT_IOT2022.csv,12,0,0.0,0.0,6.67,0,0,DOS_SYN_HPING,0,0.0,1.0,1.0,CRITICAL,1
Pir Panjal Range,33.5,74.2,J&K LoC,RT_IOT2022.csv,12,0,0.0,0.0,6.67,0,0,DOS_SYN_HPING,0,0.0,1.0,1.0,CRITICAL,1
Tawang Sector,27.6,91.9,Arunachal Sector,RT_IOT2022.csv,12,0,0.0,0.0,6.67,0,0,DOS_SYN_HPING,0,0.0,1.0,1.0,CRITICAL,1
Kutch Gulf,23.0,68.9,Gujarat Coast,RT_IOT2022.csv,12,0,0.0,0.0,6.67,0,0,DOS_SYN_HPING,0,0.0,1.0,1.0,CRITICAL,1
Nathula Pass,27.4,88.8,Sikkim Ridge,RT_IOT2022.csv,12,0,0.0,0.0,6.67,0,0,DOS_SYN_HPING,0,0.0,1.0,1.0,CRITICAL,1
Siachen Glacier,35.5,76.9,Ladakh LAC,RT_IOT2022.csv,12,0,0.0,0.0,6.67,0,0,NMAP_UDP_SCAN,0,0.0,1.0,1.0,CRITICAL,1
Siachen Glacier,35.5,76.9,Ladakh LAC,RT_IOT2022.csv,12,0,0.0,0.0,6.67,0,0,DOS_SYN_HPING,0,0.0,1.0,1.0,CRITICAL,1
Lipulekh Pass,30.2,80.3,Uttarakhand Pass,RT_IOT2022.csv,12,0,0.0,0.0,6.67,0,0,DOS_SYN_HPING,0,0.0,1.0,1.0,CRITICAL,1
Tawang Sector,27.6,91.9,Arunachal Sector,RT_IOT2022.csv,12,0,0.0,0.0,6.67,0,0,DOS_SYN_HPING,0,0.0,1.0,1.0,CRITICAL,1
Galwan Valley,34.4,73.6,J&K LoC,RT_IOT2022.csv,12,0,0.0,0.0,6.67,0,0,DOS_SYN_HPING,0,0.0,1.0,1.0,CRITICAL,1
Doklam Plateau,27.3,89.1,Sikkim Ridge,RT_IOT2022.csv,12,0,0.0,0.0,6.67,0,0,DOS_SYN_HPING,0,0.0,1.0,1.0,CRITICAL,1
Wagah Border,31.6,74.6,Punjab Sector,RT_IOT2022.csv,12,0,0.0,0.0,6.67,0,0,DOS_SYN_HPING,0,0.0,1.0,1.0,CRITICAL,1
Tawang Sector,27.6,91.9,Arunachal Sector,RT_IOT2022.csv,12,0,0.0,0.0,6.67,0,0,DOS_SYN_HPING,0,0.0,1.0,1.0,CRITICAL,1
Mizoram Border,22.7,92.7,Northeast Sector,RT_IOT2022.csv,12,0,0.0,0.0,6.67,0,0,DOS_SYN_HPING,0,0.0,1.0,1.0,CRITICAL,1
Kutch Gulf,23.0,68.9,Gujarat Coast,RT_IOT2022.csv,12,0,0.0,0.0,6.67,0,0,DOS_SYN_HPING,0,0.0,1.0,1.0,CRITICAL,1
Nathula Pass,27.4,88.8,Sikkim Ridge,RT_IOT2022.csv,12,0,0.0,0.0,6.67,0,0,DOS_SYN_HPING,0,0.0,1.0,1.0,CRITICAL,1
Mizoram Border,22.7,92.7,Northeast Sector,RT_IOT2022.csv,12,0,0.0,0.0,6.67,0,0,DOS_SYN_HPING,0,0.0,1.0,1.0,CRITICAL,1
Doklam Plateau,27.3,89.1,Sikkim Ridge,RT_IOT2022.csv,12,0,0.0,0.0,6.67,0,0,DOS_SYN_HPING,0,0.0,1.0,1.0,CRITICAL,1
Siachen Glacier,35.5,76.9,Ladakh LAC,RT_IOT2022.csv,12,0,0.0,0.0,6.67,0,0,DOS_SYN_HPING,0,0.0,1.0,1.0,CRITICAL,1
Depsang Plains,35.1,77.8,Ladakh LAC,RT_IOT2022.csv,12,0,0.0,0.0,6.67,0,0,DOS_SYN_HPING,0,0.0,1.0,1.0,CRITICAL,1
Mizoram Border,22.7,92.7,Northeast Sector,RT_IOT2022.csv,12,0,0.0131,0.0,6.67,0,2,THING_SPEAK,0,0.0,1.0,1.0,CRITICAL,1
Mizoram Border,22.7,92.7,Northeast Sector,RT_IOT2022.csv,12,0,0.0,0.0,6.67,0,0,DOS_SYN_HPING,0,0.0,1.0,1.0,CRITICAL,1
Kutch Gulf,23.0,68.9,Gujarat Coast,RT_IOT2022.csv,12,0,0.0,0.0,6.67,0,0,DOS_SYN_HPING,0,0.0,1.0,1.0,CRITICAL,1
Galwan Valley,34.4,73.6,J&K LoC,RT_IOT2022.csv,12,0,0.0,0.0,6.67,0,0,DOS_SYN_HPING,0,0.0,1.0,1.0,CRITICAL,1
Tawang Sector,27.6,91.9,Arunachal Sector,RT_IOT2022.csv,12,0,0.0072,0.0,6.67,0,2,THING_SPEAK,0,0.0,1.0,1.0,CRITICAL,1
Depsang Plains,35.1,77.8,Ladakh LAC,RT_IOT2022.csv,12,0,0.0,0.0,6.67,0,0,DOS_SYN_HPING,0,0.0,1.0,1.0,CRITICAL,1
Depsang Plains,35.1,77.8,Ladakh LAC,RT_IOT2022.csv,12,0,0.0,0.0,6.67,0,0,DOS_SYN_HPING,0,0.0,1.0,1.0,CRITICAL,1
Pangong Tso,33.7,78.9,Ladakh LAC,RT_IOT2022.csv,12,0,0.0,0.0,6.67,0,0,DOS_SYN_HPING,0,0.0,1.0,1.0,CRITICAL,1
Lipulekh Pass,30.2,80.3,Uttarakhand Pass,RT_IOT2022.csv,12,0,0.0,0.0,6.67,0,1,NMAP_XMAS_TREE_SCAN,0,0.0,1.0,1.0,CRITICAL,1
Depsang Plains,35.1,77.8,Ladakh LAC,RT_IOT2022.csv,12,0,0.0,0.0,6.67,0,0,DOS_SYN_HPING,0,0.0,1.0,1.0,CRITICAL,1
Mizoram Border,22.7,92.7,Northeast Sector,RT_IOT2022.csv,12,0,0.0,0.0,6.67,0,0,DOS_SYN_HPING,0,0.0,1.0,1.0,CRITICAL,1
Doklam Plateau,27.3,89.1,Sikkim Ridge,RT_IOT2022.csv,12,0,0.0,0.0,6.67,0,0,DOS_SYN_HPING,0,0.0,1.0,1.0,CRITICAL,1
Pangong Tso,33.7,78.9,Ladakh LAC,RT_IOT2022.csv,12,0,0.0,0.0,6.67,0,0,DOS_SYN_HPING,0,0.0,1.0,1.0,CRITICAL,1
Nathula Pass,27.4,88.8,Sikkim Ridge,RT_IOT2022.csv,12,0,0.0,0.0,6.67,0,0,DOS_SYN_HPING,0,0.0,1.0,1.0,CRITICAL,1
Kutch Gulf,23.0,68.9,Gujarat Coast,RT_IOT2022.csv,12,0,0.0,0.0,6.67,0,0,DOS_SYN_HPING,0,0.0,1.0,1.0,CRITICAL,1
Tawang Sector,27.6,91.9,Arunachal Sector,RT_IOT2022.csv,12,0,0.0,0.0,6.67,0,0,DOS_SYN_HPING,0,0.0,1.0,1.0,CRITICAL,1
Depsang Plains,35.1,77.8,Ladakh LAC,RT_IOT2022.csv,12,0,0.0,0.0,6.67,0,0,DOS_SYN_HPING,0,0.0,1.0,1.0,CRITICAL,1
Depsang Plains,35.1,77.8,Ladakh LAC,RT_IOT2022.csv,12,0,0.0,0.0,6.67,0,0,DOS_SYN_HPING,0,0.0,1.0,1.0,CRITICAL,1
Rann of Kutch,23.9,70.0,Gujarat Coast,RT_IOT2022.csv,12,0,0.0,0.0,6.67,0,0,NMAP_OS_DETECTION,0,0.0,1.0,1.0,CRITICAL,1
Galwan Valley,34.4,73.6,J&K LoC,RT_IOT2022.csv,12,0,0.0,0.0,6.67,0,0,DOS_SYN_HPING,0,0.0,1.0,1.0,CRITICAL,1
Wagah Border,31.6,74.6,Punjab Sector,RT_IOT2022.csv,12,0,0.0,0.0,6.67,0,0,DOS_SYN_HPING,0,0.0,1.0,1.0,CRITICAL,1
Anjaw District,28.1,96.3,Arunachal Sector,RT_IOT2022.csv,12,0,0.0,0.0,6.67,0,0,DOS_SYN_HPING,0,0.0,1.0,1.0,CRITICAL,1
Kutch Gulf,23.0,68.9,Gujarat Coast,RT_IOT2022.csv,12,0,0.0,0.0,6.67,0,0,DOS_SYN_HPING,0,0.0,1.0,1.0,CRITICAL,1
Depsang Plains,35.1,77.8,Ladakh LAC,RT_IOT2022.csv,12,0,0.0,0.0,6.67,0,0,DOS_SYN_HPING,0,0.0,1.0,1.0,CRITICAL,1
Pir Panjal Range,33.5,74.2,J&K LoC,RT_IOT2022.csv,12,0,0.0,0.0,6.67,0,0,DOS_SYN_HPING,0,0.0,1.0,1.0,CRITICAL,1
Barmer Sector,25.7,71.4,Rajasthan Border,RT_IOT2022.csv,12,0,0.0,0.0,6.67,0,0,DOS_SYN_HPING,0,0.0,1.0,1.0,CRITICAL,1
Doklam Plateau,27.3,89.1,Sikkim Ridge,RT_IOT2022.csv,12,0,0.0,0.0,6.67,0,0,DOS_SYN_HPING,0,0.0,1.0,1.0,CRITICAL,1
Pangong Tso,33.7,78.9,Ladakh LAC,RT_IOT2022.csv,12,0,0.6203,0.0,6.67,0,0,MQTT_PUBLISH,0,0.0,1.0,1.0,CRITICAL,1
Mizoram Border,22.7,92.7,Northeast Sector,RT_IOT2022.csv,12,0,0.0,0.0,6.67,0,0,DOS_SYN_HPING,0,0.0,1.0,1.0,CRITICAL,1
Tawang Sector,27.6,91.9,Arunachal Sector,RT_IOT2022.csv,12,0,0.0,0.0,6.67,0,0,DOS_SYN_HPING,0,0.0,1.0,1.0,CRITICAL,1
Nathula Pass,27.4,88.8,Sikkim Ridge,RT_IOT2022.csv,12,0,0.0801,0.0,6.67,0,0,MQTT_PUBLISH,0,0.0,1.0,1.0,CRITICAL,1
Anjaw District,28.1,96.3,Arunachal Sector,RT_IOT2022.csv,12,0,0.0,0.0,6.67,0,0,DOS_SYN_HPING,0,0.0,1.0,1.0,CRITICAL,1
Pangong Tso,33.7,78.9,Ladakh LAC,RT_IOT2022.csv,12,0,0.0,0.0,6.67,0,0,DOS_SYN_HPING,0,0.0,1.0,1.0,CRITICAL,1
Doklam Plateau,27.3,89.1,Sikkim Ridge,RT_IOT2022.csv,12,0,0.0,0.0,6.67,0,0,DOS_SYN_HPING,0,0.0,1.0,1.0,CRITICAL,1
Siachen Glacier,35.5,76.9,Ladakh LAC,RT_IOT2022.csv,12,0,0.0,0.0,6.67,0,0,DOS_SYN_HPING,0,0.0,1.0,1.0,CRITICAL,1
Depsang Plains,35.1,77.8,Ladakh LAC,RT_IOT2022.csv,12,0,0.0,0.0,6.67,0,0,DOS_SYN_HPING,0,0.0,1.0,1.0,CRITICAL,1
Tawang Sector,27.6,91.9,Arunachal Sector,RT_IOT2022.csv,12,0,0.0,0.0,6.67,0,0,DOS_SYN_HPING,0,0.0,1.0,1.0,CRITICAL,1
Galwan Valley,34.4,73.6,J&K LoC,RT_IOT2022.csv,12,0,0.0,0.0,6.67,0,0,DOS_SYN_HPING,0,0.0,1.0,1.0,CRITICAL,1
Doklam Plateau,27.3,89.1,Sikkim Ridge,RT_IOT2022.csv,12,0,0.0,0.0,6.67,0,0,DOS_SYN_HPING,0,0.0,1.0,1.0,CRITICAL,1
Rann of Kutch,23.9,70.0,Gujarat Coast,RT_IOT2022.csv,12,0,0.0,0.0,6.67,0,0,DOS_SYN_HPING,0,0.0,1.0,1.0,CRITICAL,1
Siachen Glacier,35.5,76.9,Ladakh LAC,RT_IOT2022.csv,12,0,0.0,0.0,6.67,0,0,DOS_SYN_HPING,0,0.0,1.0,1.0,CRITICAL,1
Depsang Plains,35.1,77.8,Ladakh LAC,RT_IOT2022.csv,12,0,0.0,0.0,6.67,0,0,DOS_SYN_HPING,0,0.0,1.0,1.0,CRITICAL,1
Galwan Valley,34.4,73.6,J&K LoC,RT_IOT2022.csv,12,0,0.0,0.0,6.67,0,0,DOS_SYN_HPING,0,0.0,1.0,1.0,CRITICAL,1
Nathula Pass,27.4,88.8,Sikkim Ridge,RT_IOT2022.csv,12,0,0.0,0.0,6.67,0,0,DOS_SYN_HPING,0,0.0,1.0,1.0,CRITICAL,1
Tawang Sector,27.6,91.9,Arunachal Sector,RT_IOT2022.csv,12,0,0.0,0.0,6.67,0,0,DOS_SYN_HPING,0,0.0,1.0,1.0,CRITICAL,1
Nathula Pass,27.4,88.8,Sikkim Ridge,RT_IOT2022.csv,12,0,0.0,0.0,6.67,0,0,DOS_SYN_HPING,0,0.0,1.0,1.0,CRITICAL,1
Depsang Plains,35.1,77.8,Ladakh LAC,RT_IOT2022.csv,12,0,0.0,0.0,6.67,0,0,DOS_SYN_HPING,0,0.0,1.0,1.0,CRITICAL,1
Tawang Sector,27.6,91.9,Arunachal Sector,RT_IOT2022.csv,12,0,0.0,0.0,6.67,0,0,DOS_SYN_HPING,0,0.0,1.0,1.0,CRITICAL,1
Doklam Plateau,27.3,89.1,Sikkim Ridge,RT_IOT2022.csv,12,0,0.0,0.0,6.67,0,0,DOS_SYN_HPING,0,0.0,1.0,1.0,CRITICAL,1
Doklam Plateau,27.3,89.1,Sikkim Ridge,RT_IOT2022.csv,12,0,0.0,0.0,6.67,0,0,DOS_SYN_HPING,0,0.0,1.0,1.0,CRITICAL,1
Lipulekh Pass,30.2,80.3,Uttarakhand Pass,RT_IOT2022.csv,12,0,0.0,0.0,6.67,0,0,DOS_SYN_HPING,0,0.0,1.0,1.0,CRITICAL,1
Kutch Gulf,23.0,68.9,Gujarat Coast,RT_IOT2022.csv,12,0,0.0,0.0,6.67,0,0,NMAP_UDP_SCAN,0,0.0,1.0,1.0,CRITICAL,1
Nathula Pass,27.4,88.8,Sikkim Ridge,RT_IOT2022.csv,12,0,0.0,0.0,6.67,0,0,DOS_SYN_HPING,0,0.0,1.0,1.0,CRITICAL,1
Rann of Kutch,23.9,70.0,Gujarat Coast,RT_IOT2022.csv,12,0,0.0,0.0,6.67,0,0,DOS_SYN_HPING,0,0.0,1.0,1.0,CRITICAL,1
Nathula Pass,27.4,88.8,Sikkim Ridge,RT_IOT2022.csv,12,0,0.0,0.0,6.67,0,0,NMAP_UDP_SCAN,0,0.0,1.0,1.0,CRITICAL,1
Pangong Tso,33.7,78.9,Ladakh LAC,RT_IOT2022.csv,12,0,0.0,0.0,6.67,0,0,NMAP_OS_DETECTION,0,0.0,1.0,1.0,CRITICAL,1
Pangong Tso,33.7,78.9,Ladakh LAC,RT_IOT2022.csv,12,0,0.0,0.0,6.67,0,0,DOS_SYN_HPING,0,0.0,1.0,1.0,CRITICAL,1
Tawang Sector,27.6,91.9,Arunachal Sector,RT_IOT2022.csv,12,0,0.0,0.0,6.67,0,0,DOS_SYN_HPING,0,0.0,1.0,1.0,CRITICAL,1
Lipulekh Pass,30.2,80.3,Uttarakhand Pass,RT_IOT2022.csv,12,0,0.0,0.0,6.67,0,0,DOS_SYN_HPING,0,0.0,1.0,1.0,CRITICAL,1
Pangong Tso,33.7,78.9,Ladakh LAC,RT_IOT2022.csv,12,0,0.0002,0.0,6.67,0,0,THING_SPEAK,0,0.0,1.0,1.0,CRITICAL,1
Pir Panjal Range,33.5,74.2,J&K LoC,RT_IOT2022.csv,12,0,0.0,0.0,6.67,0,0,DOS_SYN_HPING,0,0.0,1.0,1.0,CRITICAL,1
Nathula Pass,27.4,88.8,Sikkim Ridge,RT_IOT2022.csv,12,0,0.0,0.0,6.67,0,0,DOS_SYN_HPING,0,0.0,1.0,1.0,CRITICAL,1
Rann of Kutch,23.9,70.0,Gujarat Coast,RT_IOT2022.csv,12,0,0.0003,0.0,6.67,0,0,THING_SPEAK,0,0.0,1.0,1.0,CRITICAL,1
Barmer Sector,25.7,71.4,Rajasthan Border,RT_IOT2022.csv,12,0,0.0,0.0,6.67,0,0,DOS_SYN_HPING,0,0.0,1.0,1.0,CRITICAL,1
Anjaw District,28.1,96.3,Arunachal Sector,RT_IOT2022.csv,12,0,0.0,0.0,6.67,0,0,ARP_POISIONING,0,0.0,1.0,1.0,CRITICAL,1
Pangong Tso,33.7,78.9,Ladakh LAC,RT_IOT2022.csv,12,0,0.0,0.0,6.67,0,0,DOS_SYN_HPING,0,0.0,1.0,1.0,CRITICAL,1
Kutch Gulf,23.0,68.9,Gujarat Coast,RT_IOT2022.csv,12,0,0.0002,0.0,6.67,0,0,THING_SPEAK,0,0.0,1.0,1.0,CRITICAL,1
Tawang Sector,27.6,91.9,Arunachal Sector,RT_IOT2022.csv,12,0,0.0,0.0,6.67,0,0,DOS_SYN_HPING,0,0.0,1.0,1.0,CRITICAL,1
Pangong Tso,33.7,78.9,Ladakh LAC,RT_IOT2022.csv,12,0,0.0087,0.0,6.67,0,2,THING_SPEAK,0,0.0,1.0,1.0,CRITICAL,1
Pir Panjal Range,33.5,74.2,J&K LoC,RT_IOT2022.csv,12,0,0.0,0.0,6.67,0,0,DOS_SYN_HPING,0,0.0,1.0,1.0,CRITICAL,1
Nathula Pass,27.4,88.8,Sikkim Ridge,RT_IOT2022.csv,12,0,0.0,0.0,6.67,0,0,DOS_SYN_HPING,0,0.0,1.0,1.0,CRITICAL,1
Depsang Plains,35.1,77.8,Ladakh LAC,RT_IOT2022.csv,12,0,0.3195,0.0,6.67,0,0,MQTT_PUBLISH,0,0.0,1.0,1.0,CRITICAL,1
Nathula Pass,27.4,88.8,Sikkim Ridge,RT_IOT2022.csv,12,0,0.0,0.0,6.67,0,0,ARP_POISIONING,0,0.0,1.0,1.0,CRITICAL,1
Doklam Plateau,27.3,89.1,Sikkim Ridge,RT_IOT2022.csv,12,0,0.0,0.0,6.67,0,0,DOS_SYN_HPING,0,0.0,1.0,1.0,CRITICAL,1
Rann of Kutch,23.9,70.0,Gujarat Coast,RT_IOT2022.csv,12,0,0.0,0.0,6.67,0,0,DOS_SYN_HPING,0,0.0,1.0,1.0,CRITICAL,1
Barmer Sector,25.7,71.4,Rajasthan Border,RT_IOT2022.csv,12,0,0.0,0.0,6.67,0,0,DOS_SYN_HPING,0,0.0,1.0,1.0,CRITICAL,1
Siachen Glacier,35.5,76.9,Ladakh LAC,RT_IOT2022.csv,12,0,0.0,0.0,6.67,0,0,DOS_SYN_HPING,0,0.0,1.0,1.0,CRITICAL,1
Siachen Glacier,35.5,76.9,Ladakh LAC,RT_IOT2022.csv,12,0,0.0,0.0,6.67,0,0,DOS_SYN_HPING,0,0.0,1.0,1.0,CRITICAL,1
Wagah Border,31.6,74.6,Punjab Sector,RT_IOT2022.csv,12,0,0.0,0.0,6.67,0,0,NMAP_TCP_SCAN,0,0.0,1.0,1.0,CRITICAL,1
Depsang Plains,35.1,77.8,Ladakh LAC,RT_IOT2022.csv,12,0,0.0,0.0,6.67,0,0,DOS_SYN_HPING,0,0.0,1.0,1.0,CRITICAL,1
Tawang Sector,27.6,91.9,Arunachal Sector,RT_IOT2022.csv,12,0,0.016,0.0,6.67,0,2,THING_SPEAK,0,0.0,1.0,1.0,CRITICAL,1
Siachen Glacier,35.5,76.9,Ladakh LAC,RT_IOT2022.csv,12,0,0.0,0.0,6.67,0,0,DOS_SYN_HPING,0,0.0,1.0,1.0,CRITICAL,1
Depsang Plains,35.1,77.8,Ladakh LAC,RT_IOT2022.csv,12,0,0.0,0.0,6.67,0,0,DOS_SYN_HPING,0,0.0,1.0,1.0,CRITICAL,1
Pir Panjal Range,33.5,74.2,J&K LoC,RT_IOT2022.csv,12,0,0.0,0.0,6.67,0,1,NMAP_XMAS_TREE_SCAN,0,0.0,1.0,1.0,CRITICAL,1
Galwan Valley,34.4,73.6,J&K LoC,RT_IOT2022.csv,12,0,0.0562,0.0,6.67,0,2,ARP_POISIONING,0,0.0,1.0,1.0,CRITICAL,1
Depsang Plains,35.1,77.8,Ladakh LAC,RT_IOT2022.csv,12,0,0.0,0.0,6.67,0,0,DOS_SYN_HPING,0,0.0,1.0,1.0,CRITICAL,1
Pir Panjal Range,33.5,74.2,J&K LoC,RT_IOT2022.csv,12,0,0.0,0.0,6.67,0,0,DOS_SYN_HPING,0,0.0,1.0,1.0,CRITICAL,1
Siachen Glacier,35.5,76.9,Ladakh LAC,RT_IOT2022.csv,12,0,0.6204,0.0,6.67,0,0,MQTT_PUBLISH,0,0.0,1.0,1.0,CRITICAL,1
Rann of Kutch,23.9,70.0,Gujarat Coast,RT_IOT2022.csv,12,0,0.0,0.0,6.67,0,0,DOS_SYN_HPING,0,0.0,1.0,1.0,CRITICAL,1
Depsang Plains,35.1,77.8,Ladakh LAC,RT_IOT2022.csv,12,0,0.0,0.0,6.67,0,0,DOS_SYN_HPING,0,0.0,1.0,1.0,CRITICAL,1
Siachen Glacier,35.5,76.9,Ladakh LAC,RT_IOT2022.csv,12,0,0.0,0.0,6.67,0,0,DOS_SYN_HPING,0,0.0,1.0,1.0,CRITICAL,1
Galwan Valley,34.4,73.6,J&K LoC,RT_IOT2022.csv,12,0,0.0,0.0,6.67,0,0,DOS_SYN_HPING,0,0.0,1.0,1.0,CRITICAL,1
Barmer Sector,25.7,71.4,Rajasthan Border,RT_IOT2022.csv,12,0,0.0,0.0,6.67,0,0,DOS_SYN_HPING,0,0.0,1.0,1.0,CRITICAL,1
Wagah Border,31.6,74.6,Punjab Sector,RT_IOT2022.csv,12,0,0.0003,0.0,6.67,0,0,THING_SPEAK,0,0.0,1.0,1.0,CRITICAL,1
Nathula Pass,27.4,88.8,Sikkim Ridge,RT_IOT2022.csv,12,0,0.0,0.0,6.67,0,0,DOS_SYN_HPING,0,0.0,1.0,1.0,CRITICAL,1
Pangong Tso,33.7,78.9,Ladakh LAC,RT_IOT2022.csv,12,0,0.0,0.0,6.67,0,0,NMAP_UDP_SCAN,0,0.0,1.0,1.0,CRITICAL,1
Galwan Valley,34.4,73.6,J&K LoC,RT_IOT2022.csv,12,0,0.0,0.0,6.67,0,0,NMAP_UDP_SCAN,0,0.0,1.0,1.0,CRITICAL,1
Lipulekh Pass,30.2,80.3,Uttarakhand Pass,RT_IOT2022.csv,12,0,0.0,0.0,6.67,0,0,DOS_SYN_HPING,0,0.0,1.0,1.0,CRITICAL,1
Pangong Tso,33.7,78.9,Ladakh LAC,RT_IOT2022.csv,12,0,0.0,0.0,6.67,0,0,ARP_POISIONING,0,0.0,1.0,1.0,CRITICAL,1
Lipulekh Pass,30.2,80.3,Uttarakhand Pass,RT_IOT2022.csv,12,0,0.2152,0.0,6.67,0,2,ARP_POISIONING,0,0.0,1.0,1.0,CRITICAL,1
Barmer Sector,25.7,71.4,Rajasthan Border,RT_IOT2022.csv,12,0,0.0,0.0,6.67,0,0,DOS_SYN_HPING,0,0.0,1.0,1.0,CRITICAL,1
Rann of Kutch,23.9,70.0,Gujarat Coast,RT_IOT2022.csv,12,0,0.0,0.0,6.67,0,0,DOS_SYN_HPING,0,0.0,1.0,1.0,CRITICAL,1
Nathula Pass,27.4,88.8,Sikkim Ridge,RT_IOT2022.csv,12,0,0.0,0.0,6.67,0,0,DOS_SYN_HPING,0,0.0,1.0,1.0,CRITICAL,1
Depsang Plains,35.1,77.8,Ladakh LAC,RT_IOT2022.csv,12,0,0.0,0.0,6.67,0,0,DOS_SYN_HPING,0,0.0,1.0,1.0,CRITICAL,1
Tawang Sector,27.6,91.9,Arunachal Sector,RT_IOT2022.csv,12,0,0.0,0.0,6.67,0,0,DOS_SYN_HPING,0,0.0,1.0,1.0,CRITICAL,1
Rann of Kutch,23.9,70.0,Gujarat Coast,RT_IOT2022.csv,12,0,0.0,0.0,6.67,0,0,DOS_SYN_HPING,0,0.0,1.0,1.0,CRITICAL,1
Nathula Pass,27.4,88.8,Sikkim Ridge,RT_IOT2022.csv,12,0,0.0,0.0,6.67,0,0,DOS_SYN_HPING,0,0.0,1.0,1.0,CRITICAL,1
Wagah Border,31.6,74.6,Punjab Sector,RT_IOT2022.csv,12,0,0.0,0.0,6.67,0,0,DOS_SYN_HPING,0,0.0,1.0,1.0,CRITICAL,1
Doklam Plateau,27.3,89.1,Sikkim Ridge,RT_IOT2022.csv,12,0,0.0,0.0,6.67,0,0,ARP_POISIONING,0,0.0,1.0,1.0,CRITICAL,1
Siachen Glacier,35.5,76.9,Ladakh LAC,RT_IOT2022.csv,12,0,0.0,0.0,6.67,0,0,DOS_SYN_HPING,0,0.0,1.0,1.0,CRITICAL,1
Pir Panjal Range,33.5,74.2,J&K LoC,RT_IOT2022.csv,12,0,0.0,0.0,6.67,0,0,DOS_SYN_HPING,0,0.0,1.0,1.0,CRITICAL,1
Kutch Gulf,23.0,68.9,Gujarat Coast,RT_IOT2022.csv,12,0,0.0,0.0,6.67,0,0,DOS_SYN_HPING,0,0.0,1.0,1.0,CRITICAL,1
Mizoram Border,22.7,92.7,Northeast Sector,RT_IOT2022.csv,12,0,0.0,0.0,6.67,0,0,DOS_SYN_HPING,0,0.0,1.0,1.0,CRITICAL,1
Rann of Kutch,23.9,70.0,Gujarat Coast,RT_IOT2022.csv,12,0,0.0203,0.0,6.67,0,2,ARP_POISIONING,0,0.0,1.0,1.0,CRITICAL,1
Tawang Sector,27.6,91.9,Arunachal Sector,RT_IOT2022.csv,12,0,0.0,0.0,6.67,0,0,DOS_SYN_HPING,0,0.0,1.0,1.0,CRITICAL,1
Pangong Tso,33.7,78.9,Ladakh LAC,RT_IOT2022.csv,12,0,0.0,0.0,6.67,0,0,NMAP_OS_DETECTION,0,0.0,1.0,1.0,CRITICAL,1
Pangong Tso,33.7,78.9,Ladakh LAC,RT_IOT2022.csv,12,0,0.0,0.0,6.67,0,0,NMAP_OS_DETECTION,0,0.0,1.0,1.0,CRITICAL,1
Pir Panjal Range,33.5,74.2,J&K LoC,RT_IOT2022.csv,12,0,0.0,0.0,6.67,0,0,DOS_SYN_HPING,0,0.0,1.0,1.0,CRITICAL,1
Lipulekh Pass,30.2,80.3,Uttarakhand Pass,RT_IOT2022.csv,12,0,0.0,0.0,6.67,0,0,DOS_SYN_HPING,0,0.0,1.0,1.0,CRITICAL,1
Doklam Plateau,27.3,89.1,Sikkim Ridge,RT_IOT2022.csv,12,0,0.0,0.0,6.67,0,0,DOS_SYN_HPING,0,0.0,1.0,1.0,CRITICAL,1
Mizoram Border,22.7,92.7,Northeast Sector,RT_IOT2022.csv,12,0,0.0,0.0,6.67,0,0,DOS_SYN_HPING,0,0.0,1.0,1.0,CRITICAL,1
Wagah Border,31.6,74.6,Punjab Sector,RT_IOT2022.csv,12,0,0.0,0.0,6.67,0,0,DOS_SYN_HPING,0,0.0,1.0,1.0,CRITICAL,1
Pir Panjal Range,33.5,74.2,J&K LoC,RT_IOT2022.csv,12,0,0.0,0.0,6.67,0,0,DOS_SYN_HPING,0,0.0,1.0,1.0,CRITICAL,1
Mizoram Border,22.7,92.7,Northeast Sector,RT_IOT2022.csv,12,0,0.0,0.0,6.67,0,0,DOS_SYN_HPING,0,0.0,1.0,1.0,CRITICAL,1
Galwan Valley,34.4,73.6,J&K LoC,RT_IOT2022.csv,12,0,0.0,0.0,6.67,0,0,DOS_SYN_HPING,0,0.0,1.0,1.0,CRITICAL,1
Anjaw District,28.1,96.3,Arunachal Sector,RT_IOT2022.csv,12,0,0.0,0.0,6.67,0,0,DOS_SYN_HPING,0,0.0,1.0,1.0,CRITICAL,1
Kutch Gulf,23.0,68.9,Gujarat Coast,RT_IOT2022.csv,12,0,0.0088,0.0,6.67,0,1,ARP_POISIONING,0,0.0,1.0,1.0,CRITICAL,1
Rann of Kutch,23.9,70.0,Gujarat Coast,RT_IOT2022.csv,12,0,0.0,0.0,6.67,0,0,DOS_SYN_HPING,0,0.0,1.0,1.0,CRITICAL,1
Siachen Glacier,35.5,76.9,Ladakh LAC,RT_IOT2022.csv,12,0,0.0,0.0,6.67,0,0,DOS_SYN_HPING,0,0.0,1.0,1.0,CRITICAL,1
Tawang Sector,27.6,91.9,Arunachal Sector,RT_IOT2022.csv,12,0,0.0,0.0,6.67,0,0,DOS_SYN_HPING,0,0.0,1.0,1.0,CRITICAL,1
Lipulekh Pass,30.2,80.3,Uttarakhand Pass,RT_IOT2022.csv,12,0,0.5807,0.0,6.67,0,0,MQTT_PUBLISH,0,0.0,1.0,1.0,CRITICAL,1
Kutch Gulf,23.0,68.9,Gujarat Coast,RT_IOT2022.csv,12,0,0.6208,0.0,6.67,0,0,MQTT_PUBLISH,0,0.0,1.0,1.0,CRITICAL,1
Galwan Valley,34.4,73.6,J&K LoC,RT_IOT2022.csv,12,0,0.0,0.0,6.67,0,0,DOS_SYN_HPING,0,0.0,1.0,1.0,CRITICAL,1
Wagah Border,31.6,74.6,Punjab Sector,RT_IOT2022.csv,12,0,0.2007,0.0,6.67,0,2,ARP_POISIONING,0,0.0,1.0,1.0,CRITICAL,1
Tawang Sector,27.6,91.9,Arunachal Sector,RT_IOT2022.csv,12,0,0.0,0.0,6.67,0,0,DOS_SYN_HPING,0,0.0,1.0,1.0,CRITICAL,1
Pangong Tso,33.7,78.9,Ladakh LAC,RT_IOT2022.csv,12,0,0.0,0.0,6.67,0,0,DOS_SYN_HPING,0,0.0,1.0,1.0,CRITICAL,1
Nathula Pass,27.4,88.8,Sikkim Ridge,RT_IOT2022.csv,12,0,0.0,0.0,6.67,0,0,DOS_SYN_HPING,0,0.0,1.0,1.0,CRITICAL,1
Doklam Plateau,27.3,89.1,Sikkim Ridge,RT_IOT2022.csv,12,0,0.0,0.0,6.67,0,0,DOS_SYN_HPING,0,0.0,1.0,1.0,CRITICAL,1
Wagah Border,31.6,74.6,Punjab Sector,RT_IOT2022.csv,12,0,0.0,0.0,6.67,0,0,DOS_SYN_HPING,0,0.0,1.0,1.0,CRITICAL,1
Tawang Sector,27.6,91.9,Arunachal Sector,RT_IOT2022.csv,12,0,0.0,0.0,6.67,0,0,DOS_SYN_HPING,0,0.0,1.0,1.0,CRITICAL,1
Rann of Kutch,23.9,70.0,Gujarat Coast,RT_IOT2022.csv,12,0,0.0,0.0,6.67,0,0,DOS_SYN_HPING,0,0.0,1.0,1.0,CRITICAL,1
Galwan Valley,34.4,73.6,J&K LoC,RT_IOT2022.csv,12,0,0.0,0.0,6.67,0,0,DOS_SYN_HPING,0,0.0,1.0,1.0,CRITICAL,1
Rann of Kutch,23.9,70.0,Gujarat Coast,RT_IOT2022.csv,12,0,0.0,0.0,6.67,0,0,DOS_SYN_HPING,0,0.0,1.0,1.0,CRITICAL,1
Depsang Plains,35.1,77.8,Ladakh LAC,RT_IOT2022.csv,12,0,0.0,0.0,6.67,0,0,DOS_SYN_HPING,0,0.0,1.0,1.0,CRITICAL,1
Kutch Gulf,23.0,68.9,Gujarat Coast,RT_IOT2022.csv,12,0,0.0,0.0,6.67,0,0,DOS_SYN_HPING,0,0.0,1.0,1.0,CRITICAL,1
Anjaw District,28.1,96.3,Arunachal Sector,RT_IOT2022.csv,12,0,0.0,0.0,6.67,0,0,DOS_SYN_HPING,0,0.0,1.0,1.0,CRITICAL,1
Anjaw District,28.1,96.3,Arunachal Sector,RT_IOT2022.csv,12,0,0.0,0.0,6.67,0,0,DOS_SYN_HPING,0,0.0,1.0,1.0,CRITICAL,1
Depsang Plains,35.1,77.8,Ladakh LAC,RT_IOT2022.csv,12,0,0.6205,0.0,6.67,0,0,MQTT_PUBLISH,0,0.0,1.0,1.0,CRITICAL,1
Barmer Sector,25.7,71.4,Rajasthan Border,RT_IOT2022.csv,12,0,0.0,0.0,6.67,0,0,DOS_SYN_HPING,0,0.0,1.0,1.0,CRITICAL,1
Siachen Glacier,35.5,76.9,Ladakh LAC,RT_IOT2022.csv,12,0,0.0,0.0,6.67,0,0,DOS_SYN_HPING,0,0.0,1.0,1.0,CRITICAL,1
Wagah Border,31.6,74.6,Punjab Sector,RT_IOT2022.csv,12,0,0.0127,0.0,6.67,0,2,THING_SPEAK,0,0.0,1.0,1.0,CRITICAL,1
Barmer Sector,25.7,71.4,Rajasthan Border,RT_IOT2022.csv,12,0,0.0,0.0,6.67,0,0,DOS_SYN_HPING,0,0.0,1.0,1.0,CRITICAL,1
Rann of Kutch,23.9,70.0,Gujarat Coast,RT_IOT2022.csv,12,0,0.0114,0.0,6.67,0,2,THING_SPEAK,0,0.0,1.0,1.0,CRITICAL,1
Barmer Sector,25.7,71.4,Rajasthan Border,RT_IOT2022.csv,12,0,0.0,0.0,6.67,0,0,DOS_SYN_HPING,0,0.0,1.0,1.0,CRITICAL,1
Tawang Sector,27.6,91.9,Arunachal Sector,RT_IOT2022.csv,12,0,0.0,0.0,6.67,0,0,DOS_SYN_HPING,0,0.0,1.0,1.0,CRITICAL,1
Kutch Gulf,23.0,68.9,Gujarat Coast,RT_IOT2022.csv,12,0,0.0,0.0,6.67,0,0,DOS_SYN_HPING,0,0.0,1.0,1.0,CRITICAL,1
Rann of Kutch,23.9,70.0,Gujarat Coast,RT_IOT2022.csv,12,0,0.0,0.0,6.67,0,0,NMAP_OS_DETECTION,0,0.0,1.0,1.0,CRITICAL,1
Tawang Sector,27.6,91.9,Arunachal Sector,RT_IOT2022.csv,12,0,0.0,0.0,6.67,0,0,DOS_SYN_HPING,0,0.0,1.0,1.0,CRITICAL,1
Galwan Valley,34.4,73.6,J&K LoC,RT_IOT2022.csv,12,0,0.0,0.0,6.67,0,0,DOS_SYN_HPING,0,0.0,1.0,1.0,CRITICAL,1
Pir Panjal Range,33.5,74.2,J&K LoC,RT_IOT2022.csv,12,0,0.0,0.0,6.67,0,0,DOS_SYN_HPING,0,0.0,1.0,1.0,CRITICAL,1
Siachen Glacier,35.5,76.9,Ladakh LAC,RT_IOT2022.csv,12,0,0.5508,0.0,6.67,0,0,MQTT_PUBLISH,0,0.0,1.0,1.0,CRITICAL,1
Lipulekh Pass,30.2,80.3,Uttarakhand Pass,RT_IOT2022.csv,12,0,0.0,0.0,6.67,0,0,NMAP_TCP_SCAN,0,0.0,1.0,1.0,CRITICAL,1
Pangong Tso,33.7,78.9,Ladakh LAC,RT_IOT2022.csv,12,0,0.0144,0.0,6.67,0,0,ARP_POISIONING,0,0.0,1.0,1.0,CRITICAL,1
Galwan Valley,34.4,73.6,J&K LoC,RT_IOT2022.csv,12,0,0.0,0.0,6.67,0,0,DOS_SYN_HPING,0,0.0,1.0,1.0,CRITICAL,1
Kutch Gulf,23.0,68.9,Gujarat Coast,RT_IOT2022.csv,12,0,0.0,0.0,6.67,0,0,NMAP_UDP_SCAN,0,0.0,1.0,1.0,CRITICAL,1
Siachen Glacier,35.5,76.9,Ladakh LAC,RT_IOT2022.csv,12,0,0.0,0.0,6.67,0,0,NMAP_UDP_SCAN,0,0.0,1.0,1.0,CRITICAL,1
Barmer Sector,25.7,71.4,Rajasthan Border,RT_IOT2022.csv,12,0,0.6205,0.0,6.67,0,0,MQTT_PUBLISH,0,0.0,1.0,1.0,CRITICAL,1
Barmer Sector,25.7,71.4,Rajasthan Border,RT_IOT2022.csv,12,0,0.0,0.0,6.67,0,0,DOS_SYN_HPING,0,0.0,1.0,1.0,CRITICAL,1
Depsang Plains,35.1,77.8,Ladakh LAC,RT_IOT2022.csv,12,0,0.0,0.0,6.67,0,0,DOS_SYN_HPING,0,0.0,1.0,1.0,CRITICAL,1
Siachen Glacier,35.5,76.9,Ladakh LAC,RT_IOT2022.csv,12,0,0.0,0.0,6.67,0,0,DOS_SYN_HPING,0,0.0,1.0,1.0,CRITICAL,1
Kutch Gulf,23.0,68.9,Gujarat Coast,RT_IOT2022.csv,12,0,0.0,0.0,6.67,0,0,DOS_SYN_HPING,0,0.0,1.0,1.0,CRITICAL,1
Nathula Pass,27.4,88.8,Sikkim Ridge,RT_IOT2022.csv,12,0,0.0,0.0,6.67,0,0,DOS_SYN_HPING,0,0.0,1.0,1.0,CRITICAL,1
Galwan Valley,34.4,73.6,J&K LoC,RT_IOT2022.csv,12,0,0.0136,0.0,6.67,0,2,THING_SPEAK,0,0.0,1.0,1.0,CRITICAL,1
Mizoram Border,22.7,92.7,Northeast Sector,RT_IOT2022.csv,12,0,0.0,0.0,6.67,0,0,DOS_SYN_HPING,0,0.0,1.0,1.0,CRITICAL,1
Pangong Tso,33.7,78.9,Ladakh LAC,RT_IOT2022.csv,12,0,0.0,0.0,6.67,0,0,ARP_POISIONING,0,0.0,1.0,1.0,CRITICAL,1
Depsang Plains,35.1,77.8,Ladakh LAC,RT_IOT2022.csv,12,0,0.0,0.0,6.67,0,0,DOS_SYN_HPING,0,0.0,1.0,1.0,CRITICAL,1
Pir Panjal Range,33.5,74.2,J&K LoC,RT_IOT2022.csv,12,0,0.0,0.0,6.67,0,0,DOS_SYN_HPING,0,0.0,1.0,1.0,CRITICAL,1
Depsang Plains,35.1,77.8,Ladakh LAC,RT_IOT2022.csv,12,0,0.0,0.0,6.67,0,0,DOS_SYN_HPING,0,0.0,1.0,1.0,CRITICAL,1
Lipulekh Pass,30.2,80.3,Uttarakhand Pass,RT_IOT2022.csv,12,0,0.0,0.0,6.67,0,0,DOS_SYN_HPING,0,0.0,1.0,1.0,CRITICAL,1
Mizoram Border,22.7,92.7,Northeast Sector,RT_IOT2022.csv,12,0,0.0,0.0,6.67,0,0,DOS_SYN_HPING,0,0.0,1.0,1.0,CRITICAL,1
Lipulekh Pass,30.2,80.3,Uttarakhand Pass,RT_IOT2022.csv,12,0,0.0,0.0,6.67,0,0,DOS_SYN_HPING,0,0.0,1.0,1.0,CRITICAL,1
Lipulekh Pass,30.2,80.3,Uttarakhand Pass,RT_IOT2022.csv,12,0,0.0,0.0,6.67,0,0,DOS_SYN_HPING,0,0.0,1.0,1.0,CRITICAL,1
Anjaw District,28.1,96.3,Arunachal Sector,RT_IOT2022.csv,12,0,0.0,0.0,6.67,0,0,DOS_SYN_HPING,0,0.0,1.0,1.0,CRITICAL,1
Galwan Valley,34.4,73.6,J&K LoC,RT_IOT2022.csv,12,0,0.0,0.0,6.67,0,0,DOS_SYN_HPING,0,0.0,1.0,1.0,CRITICAL,1
Lipulekh Pass,30.2,80.3,Uttarakhand Pass,RT_IOT2022.csv,12,0,0.3084,0.0,6.67,1,6,DDOS_SLOWLORIS,0,0.0,1.0,1.0,CRITICAL,1
Pir Panjal Range,33.5,74.2,J&K LoC,RT_IOT2022.csv,12,0,0.0,0.0,6.67,0,0,DOS_SYN_HPING,0,0.0,1.0,1.0,CRITICAL,1
Galwan Valley,34.4,73.6,J&K LoC,RT_IOT2022.csv,12,0,0.0004,0.0,6.67,0,0,THING_SPEAK,0,0.0,1.0,1.0,CRITICAL,1
Pir Panjal Range,33.5,74.2,J&K LoC,RT_IOT2022.csv,12,0,0.0,0.0,6.67,0,0,DOS_SYN_HPING,0,0.0,1.0,1.0,CRITICAL,1
Doklam Plateau,27.3,89.1,Sikkim Ridge,RT_IOT2022.csv,12,0,0.0,0.0,6.67,0,0,DOS_SYN_HPING,0,0.0,1.0,1.0,CRITICAL,1
Lipulekh Pass,30.2,80.3,Uttarakhand Pass,RT_IOT2022.csv,12,0,0.0,0.0,6.67,0,0,NMAP_UDP_SCAN,0,0.0,1.0,1.0,CRITICAL,1
Siachen Glacier,35.5,76.9,Ladakh LAC,RT_IOT2022.csv,12,0,0.0997,0.0,6.67,0,0,ARP_POISIONING,0,0.0,1.0,1.0,CRITICAL,1
Wagah Border,31.6,74.6,Punjab Sector,RT_IOT2022.csv,12,0,0.0,0.0,6.67,0,0,DOS_SYN_HPING,0,0.0,1.0,1.0,CRITICAL,1
Siachen Glacier,35.5,76.9,Ladakh LAC,RT_IOT2022.csv,12,0,0.0,0.0,6.67,0,0,DOS_SYN_HPING,0,0.0,1.0,1.0,CRITICAL,1
Tawang Sector,27.6,91.9,Arunachal Sector,RT_IOT2022.csv,12,0,0.6211,0.0,6.67,0,0,MQTT_PUBLISH,0,0.0,1.0,1.0,CRITICAL,1
Barmer Sector,25.7,71.4,Rajasthan Border,RT_IOT2022.csv,12,0,0.0,0.0,6.67,0,0,DOS_SYN_HPING,0,0.0,1.0,1.0,CRITICAL,1
Depsang Plains,35.1,77.8,Ladakh LAC,RT_IOT2022.csv,12,0,0.0,0.0,6.67,0,0,DOS_SYN_HPING,0,0.0,1.0,1.0,CRITICAL,1
Doklam Plateau,27.3,89.1,Sikkim Ridge,RT_IOT2022.csv,12,0,0.0,0.0,6.67,0,0,DOS_SYN_HPING,0,0.0,1.0,1.0,CRITICAL,1
Lipulekh Pass,30.2,80.3,Uttarakhand Pass,RT_IOT2022.csv,12,0,0.0,0.0,6.67,0,0,DOS_SYN_HPING,0,0.0,1.0,1.0,CRITICAL,1
Galwan Valley,34.4,73.6,J&K LoC,RT_IOT2022.csv,12,0,0.0,0.0,6.67,0,0,DOS_SYN_HPING,0,0.0,1.0,1.0,CRITICAL,1
Tawang Sector,27.6,91.9,Arunachal Sector,RT_IOT2022.csv,12,0,0.0,0.0,6.67,0,0,DOS_SYN_HPING,0,0.0,1.0,1.0,CRITICAL,1
Anjaw District,28.1,96.3,Arunachal Sector,RT_IOT2022.csv,12,0,0.0,0.0,6.67,0,0,DOS_SYN_HPING,0,0.0,1.0,1.0,CRITICAL,1
Wagah Border,31.6,74.6,Punjab Sector,RT_IOT2022.csv,12,0,0.0,0.0,6.67,0,0,DOS_SYN_HPING,0,0.0,1.0,1.0,CRITICAL,1
Mizoram Border,22.7,92.7,Northeast Sector,RT_IOT2022.csv,12,0,0.0,0.0,6.67,0,0,DOS_SYN_HPING,0,0.0,1.0,1.0,CRITICAL,1
Rann of Kutch,23.9,70.0,Gujarat Coast,RT_IOT2022.csv,12,0,0.0,0.0,6.67,0,0,DOS_SYN_HPING,0,0.0,1.0,1.0,CRITICAL,1
Siachen Glacier,35.5,76.9,Ladakh LAC,RT_IOT2022.csv,12,0,0.0,0.0,6.67,0,0,DOS_SYN_HPING,0,0.0,1.0,1.0,CRITICAL,1
Depsang Plains,35.1,77.8,Ladakh LAC,RT_IOT2022.csv,12,0,0.0,0.0,6.67,0,0,DOS_SYN_HPING,0,0.0,1.0,1.0,CRITICAL,1
Depsang Plains,35.1,77.8,Ladakh LAC,RT_IOT2022.csv,12,0,0.0,0.0,6.67,0,0,DOS_SYN_HPING,0,0.0,1.0,1.0,CRITICAL,1
Lipulekh Pass,30.2,80.3,Uttarakhand Pass,RT_IOT2022.csv,12,0,0.0,0.0,6.67,0,0,DOS_SYN_HPING,0,0.0,1.0,1.0,CRITICAL,1
Siachen Glacier,35.5,76.9,Ladakh LAC,RT_IOT2022.csv,12,0,0.0,0.0,6.67,0,0,NMAP_OS_DETECTION,0,0.0,1.0,1.0,CRITICAL,1
Pangong Tso,33.7,78.9,Ladakh LAC,RT_IOT2022.csv,12,0,0.0,0.0,6.67,0,0,DOS_SYN_HPING,0,0.0,1.0,1.0,CRITICAL,1
Rann of Kutch,23.9,70.0,Gujarat Coast,RT_IOT2022.csv,12,0,0.0007,0.0,6.67,0,2,THING_SPEAK,0,0.0,1.0,1.0,CRITICAL,1
Pir Panjal Range,33.5,74.2,J&K LoC,RT_IOT2022.csv,12,0,0.0,0.0,6.67,0,0,DOS_SYN_HPING,0,0.0,1.0,1.0,CRITICAL,1
Rann of Kutch,23.9,70.0,Gujarat Coast,RT_IOT2022.csv,12,0,0.0,0.0,6.67,0,0,DOS_SYN_HPING,0,0.0,1.0,1.0,CRITICAL,1
Pangong Tso,33.7,78.9,Ladakh LAC,RT_IOT2022.csv,12,0,0.0,0.0,6.67,0,0,DOS_SYN_HPING,0,0.0,1.0,1.0,CRITICAL,1
Wagah Border,31.6,74.6,Punjab Sector,RT_IOT2022.csv,12,0,0.0,0.0,6.67,0,0,DOS_SYN_HPING,0,0.0,1.0,1.0,CRITICAL,1
Wagah Border,31.6,74.6,Punjab Sector,RT_IOT2022.csv,12,0,0.0,0.0,6.67,0,0,DOS_SYN_HPING,0,0.0,1.0,1.0,CRITICAL,1
Siachen Glacier,35.5,76.9,Ladakh LAC,RT_IOT2022.csv,12,0,0.0,0.0,6.67,0,0,DOS_SYN_HPING,0,0.0,1.0,1.0,CRITICAL,1
Lipulekh Pass,30.2,80.3,Uttarakhand Pass,RT_IOT2022.csv,12,0,0.0,0.0,6.67,0,0,DOS_SYN_HPING,0,0.0,1.0,1.0,CRITICAL,1
Nathula Pass,27.4,88.8,Sikkim Ridge,RT_IOT2022.csv,12,0,0.0,0.0,6.67,0,0,DOS_SYN_HPING,0,0.0,1.0,1.0,CRITICAL,1
Anjaw District,28.1,96.3,Arunachal Sector,RT_IOT2022.csv,12,0,0.0,0.0,6.67,0,0,ARP_POISIONING,0,0.0,1.0,1.0,CRITICAL,1
Kutch Gulf,23.0,68.9,Gujarat Coast,RT_IOT2022.csv,12,0,0.0,0.0,6.67,0,0,DOS_SYN_HPING,0,0.0,1.0,1.0,CRITICAL,1
Barmer Sector,25.7,71.4,Rajasthan Border,RT_IOT2022.csv,12,0,0.0,0.0,6.67,0,0,DOS_SYN_HPING,0,0.0,1.0,1.0,CRITICAL,1
Nathula Pass,27.4,88.8,Sikkim Ridge,RT_IOT2022.csv,12,0,0.0,0.0,6.67,0,0,DOS_SYN_HPING,0,0.0,1.0,1.0,CRITICAL,1
Barmer Sector,25.7,71.4,Rajasthan Border,RT_IOT2022.csv,12,0,0.0005,0.0,6.67,0,0,ARP_POISIONING,0,0.0,1.0,1.0,CRITICAL,1
Kutch Gulf,23.0,68.9,Gujarat Coast,RT_IOT2022.csv,12,0,0.0002,0.0,6.67,0,0,THING_SPEAK,0,0.0,1.0,1.0,CRITICAL,1
Lipulekh Pass,30.2,80.3,Uttarakhand Pass,RT_IOT2022.csv,12,0,0.0,0.0,6.67,0,0,DOS_SYN_HPING,0,0.0,1.0,1.0,CRITICAL,1
Tawang Sector,27.6,91.9,Arunachal Sector,RT_IOT2022.csv,12,0,0.0,0.0,6.67,0,0,DOS_SYN_HPING,0,0.0,1.0,1.0,CRITICAL,1
Kutch Gulf,23.0,68.9,Gujarat Coast,RT_IOT2022.csv,12,0,0.0,0.0,6.67,0,0,DOS_SYN_HPING,0,0.0,1.0,1.0,CRITICAL,1
Barmer Sector,25.7,71.4,Rajasthan Border,RT_IOT2022.csv,12,0,0.0,0.0,6.67,0,0,DOS_SYN_HPING,0,0.0,1.0,1.0,CRITICAL,1
Mizoram Border,22.7,92.7,Northeast Sector,RT_IOT2022.csv,12,0,0.0,0.0,6.67,0,0,DOS_SYN_HPING,0,0.0,1.0,1.0,CRITICAL,1
Siachen Glacier,35.5,76.9,Ladakh LAC,RT_IOT2022.csv,12,0,0.0,0.0,6.67,0,0,DOS_SYN_HPING,0,0.0,1.0,1.0,CRITICAL,1
Doklam Plateau,27.3,89.1,Sikkim Ridge,RT_IOT2022.csv,12,0,0.0,0.0,6.67,0,0,DOS_SYN_HPING,0,0.0,1.0,1.0,CRITICAL,1
Pir Panjal Range,33.5,74.2,J&K LoC,RT_IOT2022.csv,12,0,0.0,0.0,6.67,0,0,DOS_SYN_HPING,0,0.0,1.0,1.0,CRITICAL,1
Nathula Pass,27.4,88.8,Sikkim Ridge,RT_IOT2022.csv,12,0,0.0,0.0,6.67,0,0,DOS_SYN_HPING,0,0.0,1.0,1.0,CRITICAL,1
Mizoram Border,22.7,92.7,Northeast Sector,RT_IOT2022.csv,12,0,0.0,0.0,6.67,0,0,DOS_SYN_HPING,0,0.0,1.0,1.0,CRITICAL,1
Depsang Plains,35.1,77.8,Ladakh LAC,RT_IOT2022.csv,12,0,0.0,0.0,6.67,0,0,DOS_SYN_HPING,0,0.0,1.0,1.0,CRITICAL,1
Depsang Plains,35.1,77.8,Ladakh LAC,RT_IOT2022.csv,12,0,0.0,0.0,6.67,0,0,DOS_SYN_HPING,0,0.0,1.0,1.0,CRITICAL,1
Kutch Gulf,23.0,68.9,Gujarat Coast,RT_IOT2022.csv,12,0,0.0,0.0,6.67,0,0,DOS_SYN_HPING,0,0.0,1.0,1.0,CRITICAL,1
Anjaw District,28.1,96.3,Arunachal Sector,RT_IOT2022.csv,12,0,0.0,0.0,6.67,0,0,DOS_SYN_HPING,0,0.0,1.0,1.0,CRITICAL,1
Nathula Pass,27.4,88.8,Sikkim Ridge,RT_IOT2022.csv,12,0,0.0,0.0,6.67,0,0,DOS_SYN_HPING,0,0.0,1.0,1.0,CRITICAL,1
Doklam Plateau,27.3,89.1,Sikkim Ridge,RT_IOT2022.csv,12,0,0.6,0.0,6.67,0,0,MQTT_PUBLISH,0,0.0,1.0,1.0,CRITICAL,1
Doklam Plateau,27.3,89.1,Sikkim Ridge,RT_IOT2022.csv,12,0,0.0,0.0,6.67,0,0,DOS_SYN_HPING,0,0.0,1.0,1.0,CRITICAL,1
Mizoram Border,22.7,92.7,Northeast Sector,RT_IOT2022.csv,12,0,0.0,0.0,6.67,0,0,DOS_SYN_HPING,0,0.0,1.0,1.0,CRITICAL,1
Galwan Valley,34.4,73.6,J&K LoC,RT_IOT2022.csv,12,0,0.0,0.0,6.67,0,0,DOS_SYN_HPING,0,0.0,1.0,1.0,CRITICAL,1
Kutch Gulf,23.0,68.9,Gujarat Coast,RT_IOT2022.csv,12,0,0.0,0.0,6.67,0,0,DOS_SYN_HPING,0,0.0,1.0,1.0,CRITICAL,1
Pir Panjal Range,33.5,74.2,J&K LoC,RT_IOT2022.csv,12,0,0.0,0.0,6.67,0,0,DOS_SYN_HPING,0,0.0,1.0,1.0,CRITICAL,1
Wagah Border,31.6,74.6,Punjab Sector,RT_IOT2022.csv,12,0,0.0,0.0,6.67,0,0,DOS_SYN_HPING,0,0.0,1.0,1.0,CRITICAL,1
Anjaw District,28.1,96.3,Arunachal Sector,RT_IOT2022.csv,12,0,0.0,0.0,6.67,0,0,DOS_SYN_HPING,0,0.0,1.0,1.0,CRITICAL,1
Siachen Glacier,35.5,76.9,Ladakh LAC,RT_IOT2022.csv,12,0,0.0,0.0,6.67,0,0,DOS_SYN_HPING,0,0.0,1.0,1.0,CRITICAL,1
Barmer Sector,25.7,71.4,Rajasthan Border,RT_IOT2022.csv,12,0,0.0,0.0,6.67,0,0,DOS_SYN_HPING,0,0.0,1.0,1.0,CRITICAL,1
Nathula Pass,27.4,88.8,Sikkim Ridge,RT_IOT2022.csv,12,0,0.0,0.0,6.67,0,0,DOS_SYN_HPING,0,0.0,1.0,1.0,CRITICAL,1
Siachen Glacier,35.5,76.9,Ladakh LAC,RT_IOT2022.csv,12,0,0.0,0.0,6.67,0,0,THING_SPEAK,0,0.0,1.0,1.0,CRITICAL,1
Anjaw District,28.1,96.3,Arunachal Sector,RT_IOT2022.csv,12,0,0.1033,0.0,6.67,0,2,ARP_POISIONING,0,0.0,1.0,1.0,CRITICAL,1
Mizoram Border,22.7,92.7,Northeast Sector,RT_IOT2022.csv,12,0,0.0,0.0,6.67,0,0,DOS_SYN_HPING,0,0.0,1.0,1.0,CRITICAL,1
Pangong Tso,33.7,78.9,Ladakh LAC,RT_IOT2022.csv,12,0,0.0,0.0,6.67,0,0,DOS_SYN_HPING,0,0.0,1.0,1.0,CRITICAL,1
Siachen Glacier,35.5,76.9,Ladakh LAC,RT_IOT2022.csv,12,0,0.0,0.0,6.67,0,0,DOS_SYN_HPING,0,0.0,1.0,1.0,CRITICAL,1
Barmer Sector,25.7,71.4,Rajasthan Border,RT_IOT2022.csv,12,0,0.0,0.0,6.67,0,0,DOS_SYN_HPING,0,0.0,1.0,1.0,CRITICAL,1
Siachen Glacier,35.5,76.9,Ladakh LAC,RT_IOT2022.csv,12,0,0.0,0.0,6.67,0,0,DOS_SYN_HPING,0,0.0,1.0,1.0,CRITICAL,1
Pir Panjal Range,33.5,74.2,J&K LoC,RT_IOT2022.csv,12,0,0.0,0.0,6.67,0,0,DOS_SYN_HPING,0,0.0,1.0,1.0,CRITICAL,1
Rann of Kutch,23.9,70.0,Gujarat Coast,RT_IOT2022.csv,12,0,0.0,0.0,6.67,0,0,DOS_SYN_HPING,0,0.0,1.0,1.0,CRITICAL,1
Mizoram Border,22.7,92.7,Northeast Sector,RT_IOT2022.csv,12,0,0.0,0.0,6.67,0,0,DOS_SYN_HPING,0,0.0,1.0,1.0,CRITICAL,1
Pir Panjal Range,33.5,74.2,J&K LoC,RT_IOT2022.csv,12,0,0.0,0.0,6.67,0,0,DOS_SYN_HPING,0,0.0,1.0,1.0,CRITICAL,1
Pangong Tso,33.7,78.9,Ladakh LAC,RT_IOT2022.csv,12,0,0.0,0.0,6.67,0,0,ARP_POISIONING,0,0.0,1.0,1.0,CRITICAL,1
Pangong Tso,33.7,78.9,Ladakh LAC,RT_IOT2022.csv,12,0,0.0,0.0,6.67,0,0,DOS_SYN_HPING,0,0.0,1.0,1.0,CRITICAL,1
Anjaw District,28.1,96.3,Arunachal Sector,RT_IOT2022.csv,12,0,0.0,0.0,6.67,0,0,DOS_SYN_HPING,0,0.0,1.0,1.0,CRITICAL,1
Nathula Pass,27.4,88.8,Sikkim Ridge,RT_IOT2022.csv,12,0,0.0,0.0,6.67,0,0,DOS_SYN_HPING,0,0.0,1.0,1.0,CRITICAL,1
Pir Panjal Range,33.5,74.2,J&K LoC,RT_IOT2022.csv,12,0,0.0,0.0,6.67,0,0,DOS_SYN_HPING,0,0.0,1.0,1.0,CRITICAL,1
Kutch Gulf,23.0,68.9,Gujarat Coast,RT_IOT2022.csv,12,0,0.0,0.0,6.67,0,0,DOS_SYN_HPING,0,0.0,1.0,1.0,CRITICAL,1
Wagah Border,31.6,74.6,Punjab Sector,RT_IOT2022.csv,12,0,0.0,0.0,6.67,0,0,DOS_SYN_HPING,0,0.0,1.0,1.0,CRITICAL,1
Pir Panjal Range,33.5,74.2,J&K LoC,RT_IOT2022.csv,12,0,0.0,0.0,6.67,0,0,DOS_SYN_HPING,0,0.0,1.0,1.0,CRITICAL,1
Wagah Border,31.6,74.6,Punjab Sector,RT_IOT2022.csv,12,0,0.0,0.0,6.67,0,0,DOS_SYN_HPING,0,0.0,1.0,1.0,CRITICAL,1
Anjaw District,28.1,96.3,Arunachal Sector,RT_IOT2022.csv,12,0,0.0,0.0,6.67,0,0,DOS_SYN_HPING,0,0.0,1.0,1.0,CRITICAL,1
Doklam Plateau,27.3,89.1,Sikkim Ridge,RT_IOT2022.csv,12,0,0.0,0.0,6.67,0,0,DOS_SYN_HPING,0,0.0,1.0,1.0,CRITICAL,1
Nathula Pass,27.4,88.8,Sikkim Ridge,RT_IOT2022.csv,12,0,0.0,0.0,6.67,0,0,DOS_SYN_HPING,0,0.0,1.0,1.0,CRITICAL,1
Galwan Valley,34.4,73.6,J&K LoC,RT_IOT2022.csv,12,0,0.0,0.0,6.67,0,0,NMAP_TCP_SCAN,0,0.0,1.0,1.0,CRITICAL,1
Kutch Gulf,23.0,68.9,Gujarat Coast,RT_IOT2022.csv,12,0,0.0,0.0,6.67,0,0,DOS_SYN_HPING,0,0.0,1.0,1.0,CRITICAL,1
Wagah Border,31.6,74.6,Punjab Sector,RT_IOT2022.csv,12,0,0.0,0.0,6.67,0,0,DOS_SYN_HPING,0,0.0,1.0,1.0,CRITICAL,1
Barmer Sector,25.7,71.4,Rajasthan Border,RT_IOT2022.csv,12,0,0.0,0.0,6.67,0,0,DOS_SYN_HPING,0,0.0,1.0,1.0,CRITICAL,1
Lipulekh Pass,30.2,80.3,Uttarakhand Pass,RT_IOT2022.csv,12,0,0.0048,0.0,6.67,0,0,ARP_POISIONING,0,0.0,1.0,1.0,CRITICAL,1
Kutch Gulf,23.0,68.9,Gujarat Coast,RT_IOT2022.csv,12,0,0.0,0.0,6.67,0,0,DOS_SYN_HPING,0,0.0,1.0,1.0,CRITICAL,1
Mizoram Border,22.7,92.7,Northeast Sector,RT_IOT2022.csv,12,0,0.0,0.0,6.67,0,0,DOS_SYN_HPING,0,0.0,1.0,1.0,CRITICAL,1
Lipulekh Pass,30.2,80.3,Uttarakhand Pass,RT_IOT2022.csv,12,0,0.0,0.0,6.67,0,0,DOS_SYN_HPING,0,0.0,1.0,1.0,CRITICAL,1
Doklam Plateau,27.3,89.1,Sikkim Ridge,RT_IOT2022.csv,12,0,0.0,0.0,6.67,0,0,DOS_SYN_HPING,0,0.0,1.0,1.0,CRITICAL,1
Galwan Valley,34.4,73.6,J&K LoC,RT_IOT2022.csv,12,0,0.0,0.0,6.67,0,0,DOS_SYN_HPING,0,0.0,1.0,1.0,CRITICAL,1
Kutch Gulf,23.0,68.9,Gujarat Coast,RT_IOT2022.csv,12,0,0.0,0.0,6.67,0,0,DOS_SYN_HPING,0,0.0,1.0,1.0,CRITICAL,1
Pir Panjal Range,33.5,74.2,J&K LoC,RT_IOT2022.csv,12,0,0.0,0.0,6.67,0,0,DOS_SYN_HPING,0,0.0,1.0,1.0,CRITICAL,1
Barmer Sector,25.7,71.4,Rajasthan Border,RT_IOT2022.csv,12,0,0.0008,0.0,6.67,0,0,THING_SPEAK,0,0.0,1.0,1.0,CRITICAL,1
Rann of Kutch,23.9,70.0,Gujarat Coast,RT_IOT2022.csv,12,0,0.0,0.0,6.67,0,0,DOS_SYN_HPING,0,0.0,1.0,1.0,CRITICAL,1
Rann of Kutch,23.9,70.0,Gujarat Coast,RT_IOT2022.csv,12,0,0.0,0.0,6.67,0,0,DOS_SYN_HPING,0,0.0,1.0,1.0,CRITICAL,1
Kutch Gulf,23.0,68.9,Gujarat Coast,RT_IOT2022.csv,12,0,0.0,0.0,6.67,0,0,DOS_SYN_HPING,0,0.0,1.0,1.0,CRITICAL,1
Nathula Pass,27.4,88.8,Sikkim Ridge,RT_IOT2022.csv,12,0,0.0,0.0,6.67,0,0,DOS_SYN_HPING,0,0.0,1.0,1.0,CRITICAL,1
Galwan Valley,34.4,73.6,J&K LoC,RT_IOT2022.csv,12,0,0.0,0.0,6.67,0,0,DOS_SYN_HPING,0,0.0,1.0,1.0,CRITICAL,1
Depsang Plains,35.1,77.8,Ladakh LAC,RT_IOT2022.csv,12,0,0.0,0.0,6.67,0,0,DOS_SYN_HPING,0,0.0,1.0,1.0,CRITICAL,1
Pangong Tso,33.7,78.9,Ladakh LAC,RT_IOT2022.csv,12,0,0.0,0.0,6.67,0,0,NMAP_OS_DETECTION,0,0.0,1.0,1.0,CRITICAL,1
Doklam Plateau,27.3,89.1,Sikkim Ridge,RT_IOT2022.csv,12,0,0.0,0.0,6.67,0,0,DOS_SYN_HPING,0,0.0,1.0,1.0,CRITICAL,1
Kutch Gulf,23.0,68.9,Gujarat Coast,RT_IOT2022.csv,12,0,0.0,0.0,6.67,0,0,DOS_SYN_HPING,0,0.0,1.0,1.0,CRITICAL,1
Doklam Plateau,27.3,89.1,Sikkim Ridge,RT_IOT2022.csv,12,0,0.0,0.0,6.67,0,0,DOS_SYN_HPING,0,0.0,1.0,1.0,CRITICAL,1
Depsang Plains,35.1,77.8,Ladakh LAC,RT_IOT2022.csv,12,0,0.0,0.0,6.67,0,0,DOS_SYN_HPING,0,0.0,1.0,1.0,CRITICAL,1
Pangong Tso,33.7,78.9,Ladakh LAC,RT_IOT2022.csv,12,0,0.0,0.0,6.67,0,0,DOS_SYN_HPING,0,0.0,1.0,1.0,CRITICAL,1
Mizoram Border,22.7,92.7,Northeast Sector,RT_IOT2022.csv,12,0,0.0,0.0,6.67,0,0,DOS_SYN_HPING,0,0.0,1.0,1.0,CRITICAL,1
Mizoram Border,22.7,92.7,Northeast Sector,RT_IOT2022.csv,12,0,0.0,0.0,6.67,0,0,DOS_SYN_HPING,0,0.0,1.0,1.0,CRITICAL,1
Anjaw District,28.1,96.3,Arunachal Sector,RT_IOT2022.csv,12,0,0.0,0.0,6.67,0,0,DOS_SYN_HPING,0,0.0,1.0,1.0,CRITICAL,1
Rann of Kutch,23.9,70.0,Gujarat Coast,RT_IOT2022.csv,12,0,0.0,0.0,6.67,0,0,DOS_SYN_HPING,0,0.0,1.0,1.0,CRITICAL,1
Barmer Sector,25.7,71.4,Rajasthan Border,RT_IOT2022.csv,12,0,0.0083,0.0,6.67,0,2,THING_SPEAK,0,0.0,1.0,1.0,CRITICAL,1
Pir Panjal Range,33.5,74.2,J&K LoC,RT_IOT2022.csv,12,0,0.0,0.0,6.67,0,0,DOS_SYN_HPING,0,0.0,1.0,1.0,CRITICAL,1
Pir Panjal Range,33.5,74.2,J&K LoC,RT_IOT2022.csv,12,0,0.0,0.0,6.67,0,0,DOS_SYN_HPING,0,0.0,1.0,1.0,CRITICAL,1
Wagah Border,31.6,74.6,Punjab Sector,RT_IOT2022.csv,12,0,0.0,0.0,6.67,0,0,DOS_SYN_HPING,0,0.0,1.0,1.0,CRITICAL,1
Anjaw District,28.1,96.3,Arunachal Sector,RT_IOT2022.csv,12,0,0.2094,0.0,6.67,0,0,MQTT_PUBLISH,0,0.0,1.0,1.0,CRITICAL,1
Wagah Border,31.6,74.6,Punjab Sector,RT_IOT2022.csv,12,0,0.5409,0.0,6.67,0,0,MQTT_PUBLISH,0,0.0,1.0,1.0,CRITICAL,1
Tawang Sector,27.6,91.9,Arunachal Sector,RT_IOT2022.csv,12,0,0.0,0.0,6.67,0,0,DOS_SYN_HPING,0,0.0,1.0,1.0,CRITICAL,1
Anjaw District,28.1,96.3,Arunachal Sector,RT_IOT2022.csv,12,0,0.0,0.0,6.67,0,0,DOS_SYN_HPING,0,0.0,1.0,1.0,CRITICAL,1
Wagah Border,31.6,74.6,Punjab Sector,RT_IOT2022.csv,12,0,0.0,0.0,6.67,0,0,DOS_SYN_HPING,0,0.0,1.0,1.0,CRITICAL,1
Lipulekh Pass,30.2,80.3,Uttarakhand Pass,RT_IOT2022.csv,12,0,0.0,0.0,6.67,0,0,DOS_SYN_HPING,0,0.0,1.0,1.0,CRITICAL,1
Lipulekh Pass,30.2,80.3,Uttarakhand Pass,RT_IOT2022.csv,12,0,0.0,0.0,6.67,0,0,DOS_SYN_HPING,0,0.0,1.0,1.0,CRITICAL,1
Anjaw District,28.1,96.3,Arunachal Sector,RT_IOT2022.csv,12,0,0.0,0.0,6.67,0,0,DOS_SYN_HPING,0,0.0,1.0,1.0,CRITICAL,1
Doklam Plateau,27.3,89.1,Sikkim Ridge,RT_IOT2022.csv,12,0,0.0,0.0,6.67,0,0,DOS_SYN_HPING,0,0.0,1.0,1.0,CRITICAL,1
Depsang Plains,35.1,77.8,Ladakh LAC,RT_IOT2022.csv,12,0,0.0,0.0,6.67,0,0,ARP_POISIONING,0,0.0,1.0,1.0,CRITICAL,1
Wagah Border,31.6,74.6,Punjab Sector,RT_IOT2022.csv,12,0,0.0076,0.0,6.67,0,2,THING_SPEAK,0,0.0,1.0,1.0,CRITICAL,1
Lipulekh Pass,30.2,80.3,Uttarakhand Pass,RT_IOT2022.csv,12,0,0.0,0.0,6.67,0,0,DOS_SYN_HPING,0,0.0,1.0,1.0,CRITICAL,1
Mizoram Border,22.7,92.7,Northeast Sector,RT_IOT2022.csv,12,0,0.0,0.0,6.67,0,0,DOS_SYN_HPING,0,0.0,1.0,1.0,CRITICAL,1
Nathula Pass,27.4,88.8,Sikkim Ridge,RT_IOT2022.csv,12,0,0.0,0.0,6.67,0,0,DOS_SYN_HPING,0,0.0,1.0,1.0,CRITICAL,1
Nathula Pass,27.4,88.8,Sikkim Ridge,RT_IOT2022.csv,12,0,0.0079,0.0,6.67,0,2,THING_SPEAK,0,0.0,1.0,1.0,CRITICAL,1
Galwan Valley,34.4,73.6,J&K LoC,RT_IOT2022.csv,12,0,0.0,0.0,6.67,0,0,DOS_SYN_HPING,0,0.0,1.0,1.0,CRITICAL,1
Siachen Glacier,35.5,76.9,Ladakh LAC,RT_IOT2022.csv,12,0,0.0,0.0,6.67,0,0,DOS_SYN_HPING,0,0.0,1.0,1.0,CRITICAL,1
Anjaw District,28.1,96.3,Arunachal Sector,RT_IOT2022.csv,12,0,0.0,0.0,6.67,0,1,NMAP_XMAS_TREE_SCAN,0,0.0,1.0,1.0,CRITICAL,1
Anjaw District,28.1,96.3,Arunachal Sector,RT_IOT2022.csv,12,0,0.0,0.0,6.67,0,0,DOS_SYN_HPING,0,0.0,1.0,1.0,CRITICAL,1
Anjaw District,28.1,96.3,Arunachal Sector,RT_IOT2022.csv,12,0,0.0,0.0,6.67,0,0,DOS_SYN_HPING,0,0.0,1.0,1.0,CRITICAL,1
Anjaw District,28.1,96.3,Arunachal Sector,RT_IOT2022.csv,12,0,0.0,0.0,6.67,0,1,NMAP_XMAS_TREE_SCAN,0,0.0,1.0,1.0,CRITICAL,1
Kutch Gulf,23.0,68.9,Gujarat Coast,RT_IOT2022.csv,12,0,0.3625,0.0,6.67,0,0,MQTT_PUBLISH,0,0.0,1.0,1.0,CRITICAL,1
Galwan Valley,34.4,73.6,J&K LoC,RT_IOT2022.csv,12,0,0.0092,0.0,6.67,0,2,THING_SPEAK,0,0.0,1.0,1.0,CRITICAL,1
Tawang Sector,27.6,91.9,Arunachal Sector,RT_IOT2022.csv,12,0,0.0,0.0,6.67,0,0,DOS_SYN_HPING,0,0.0,1.0,1.0,CRITICAL,1
Siachen Glacier,35.5,76.9,Ladakh LAC,RT_IOT2022.csv,12,0,0.0,0.0,6.67,0,0,DOS_SYN_HPING,0,0.0,1.0,1.0,CRITICAL,1
Tawang Sector,27.6,91.9,Arunachal Sector,RT_IOT2022.csv,12,0,0.0,0.0,6.67,0,0,DOS_SYN_HPING,0,0.0,1.0,1.0,CRITICAL,1
Barmer Sector,25.7,71.4,Rajasthan Border,RT_IOT2022.csv,12,0,0.0,0.0,6.67,0,0,DOS_SYN_HPING,0,0.0,1.0,1.0,CRITICAL,1
Depsang Plains,35.1,77.8,Ladakh LAC,RT_IOT2022.csv,12,0,0.0,0.0,6.67,0,0,DOS_SYN_HPING,0,0.0,1.0,1.0,CRITICAL,1
Anjaw District,28.1,96.3,Arunachal Sector,RT_IOT2022.csv,12,0,0.0,0.0,6.67,0,0,DOS_SYN_HPING,0,0.0,1.0,1.0,CRITICAL,1
Depsang Plains,35.1,77.8,Ladakh LAC,RT_IOT2022.csv,12,0,0.0,0.0,6.67,0,0,DOS_SYN_HPING,0,0.0,1.0,1.0,CRITICAL,1
Mizoram Border,22.7,92.7,Northeast Sector,RT_IOT2022.csv,12,0,0.0,0.0,6.67,0,0,DOS_SYN_HPING,0,0.0,1.0,1.0,CRITICAL,1
Barmer Sector,25.7,71.4,Rajasthan Border,RT_IOT2022.csv,12,0,0.0,0.0,6.67,0,0,DOS_SYN_HPING,0,0.0,1.0,1.0,CRITICAL,1
Pangong Tso,33.7,78.9,Ladakh LAC,RT_IOT2022.csv,12,0,0.0,0.0,6.67,0,0,DOS_SYN_HPING,0,0.0,1.0,1.0,CRITICAL,1
Siachen Glacier,35.5,76.9,Ladakh LAC,RT_IOT2022.csv,12,0,0.0153,0.0,6.67,0,2,THING_SPEAK,0,0.0,1.0,1.0,CRITICAL,1
Galwan Valley,34.4,73.6,J&K LoC,RT_IOT2022.csv,12,0,1.0,0.0,6.67,0,2,ARP_POISIONING,0,0.0,1.0,1.0,CRITICAL,1
Nathula Pass,27.4,88.8,Sikkim Ridge,RT_IOT2022.csv,12,0,0.0,0.0,6.67,0,0,DOS_SYN_HPING,0,0.0,1.0,1.0,CRITICAL,1
Kutch Gulf,23.0,68.9,Gujarat Coast,RT_IOT2022.csv,12,0,0.0,0.0,6.67,0,0,DOS_SYN_HPING,0,0.0,1.0,1.0,CRITICAL,1
Lipulekh Pass,30.2,80.3,Uttarakhand Pass,RT_IOT2022.csv,12,0,0.0,0.0,6.67,0,0,DOS_SYN_HPING,0,0.0,1.0,1.0,CRITICAL,1
Pir Panjal Range,33.5,74.2,J&K LoC,RT_IOT2022.csv,12,0,0.0,0.0,6.67,0,0,DOS_SYN_HPING,0,0.0,1.0,1.0,CRITICAL,1
Anjaw District,28.1,96.3,Arunachal Sector,RT_IOT2022.csv,12,0,0.0,0.0,6.67,0,0,DOS_SYN_HPING,0,0.0,1.0,1.0,CRITICAL,1
Tawang Sector,27.6,91.9,Arunachal Sector,RT_IOT2022.csv,12,0,0.6198,0.0,6.67,0,0,MQTT_PUBLISH,0,0.0,1.0,1.0,CRITICAL,1
Nathula Pass,27.4,88.8,Sikkim Ridge,RT_IOT2022.csv,12,0,0.0,0.0,6.67,0,0,DOS_SYN_HPING,0,0.0,1.0,1.0,CRITICAL,1
Pangong Tso,33.7,78.9,Ladakh LAC,RT_IOT2022.csv,12,0,0.0,0.0,6.67,0,0,DOS_SYN_HPING,0,0.0,1.0,1.0,CRITICAL,1
Mizoram Border,22.7,92.7,Northeast Sector,RT_IOT2022.csv,12,0,0.0,0.0,6.67,0,0,DOS_SYN_HPING,0,0.0,1.0,1.0,CRITICAL,1
Siachen Glacier,35.5,76.9,Ladakh LAC,RT_IOT2022.csv,12,0,0.0,0.0,6.67,0,0,DOS_SYN_HPING,0,0.0,1.0,1.0,CRITICAL,1
Nathula Pass,27.4,88.8,Sikkim Ridge,RT_IOT2022.csv,12,0,0.0,0.0,6.67,0,0,DOS_SYN_HPING,0,0.0,1.0,1.0,CRITICAL,1
Nathula Pass,27.4,88.8,Sikkim Ridge,RT_IOT2022.csv,12,0,0.0,0.0,6.67,0,0,NMAP_UDP_SCAN,0,0.0,1.0,1.0,CRITICAL,1
Depsang Plains,35.1,77.8,Ladakh LAC,RT_IOT2022.csv,12,0,0.0,0.0,6.67,0,0,DOS_SYN_HPING,0,0.0,1.0,1.0,CRITICAL,1
Nathula Pass,27.4,88.8,Sikkim Ridge,RT_IOT2022.csv,12,0,0.0,0.0,6.67,0,0,DOS_SYN_HPING,0,0.0,1.0,1.0,CRITICAL,1
Doklam Plateau,27.3,89.1,Sikkim Ridge,RT_IOT2022.csv,12,0,0.0,0.0,6.67,0,0,DOS_SYN_HPING,0,0.0,1.0,1.0,CRITICAL,1
Pangong Tso,33.7,78.9,Ladakh LAC,RT_IOT2022.csv,12,0,0.0091,0.0,6.67,0,2,THING_SPEAK,0,0.0,1.0,1.0,CRITICAL,1
Galwan Valley,34.4,73.6,J&K LoC,RT_IOT2022.csv,12,0,0.0393,0.0,6.67,0,2,ARP_POISIONING,0,0.0,1.0,1.0,CRITICAL,1
Depsang Plains,35.1,77.8,Ladakh LAC,RT_IOT2022.csv,12,0,0.0,0.0,6.67,0,0,DOS_SYN_HPING,0,0.0,1.0,1.0,CRITICAL,1
Depsang Plains,35.1,77.8,Ladakh LAC,RT_IOT2022.csv,12,0,0.0,0.0,6.67,0,0,DOS_SYN_HPING,0,0.0,1.0,1.0,CRITICAL,1
Nathula Pass,27.4,88.8,Sikkim Ridge,RT_IOT2022.csv,12,0,1.0,0.0,6.67,0,2,ARP_POISIONING,0,0.0,1.0,1.0,CRITICAL,1
Galwan Valley,34.4,73.6,J&K LoC,RT_IOT2022.csv,12,0,0.0,0.0,6.67,0,0,DOS_SYN_HPING,0,0.0,1.0,1.0,CRITICAL,1
Mizoram Border,22.7,92.7,Northeast Sector,RT_IOT2022.csv,12,0,0.0,0.0,6.67,0,0,DOS_SYN_HPING,0,0.0,1.0,1.0,CRITICAL,1
Pangong Tso,33.7,78.9,Ladakh LAC,RT_IOT2022.csv,12,0,0.0,0.0,6.67,0,0,DOS_SYN_HPING,0,0.0,1.0,1.0,CRITICAL,1
Wagah Border,31.6,74.6,Punjab Sector,RT_IOT2022.csv,12,0,0.0,0.0,6.67,0,0,DOS_SYN_HPING,0,0.0,1.0,1.0,CRITICAL,1
Barmer Sector,25.7,71.4,Rajasthan Border,RT_IOT2022.csv,12,0,0.0,0.0,6.67,0,0,DOS_SYN_HPING,0,0.0,1.0,1.0,CRITICAL,1
Nathula Pass,27.4,88.8,Sikkim Ridge,RT_IOT2022.csv,12,0,0.0,0.0,6.67,0,0,DOS_SYN_HPING,0,0.0,1.0,1.0,CRITICAL,1
Pir Panjal Range,33.5,74.2,J&K LoC,RT_IOT2022.csv,12,0,0.0,0.0,6.67,0,0,DOS_SYN_HPING,0,0.0,1.0,1.0,CRITICAL,1
Galwan Valley,34.4,73.6,J&K LoC,RT_IOT2022.csv,12,0,0.0,0.0,6.67,0,0,DOS_SYN_HPING,0,0.0,1.0,1.0,CRITICAL,1
Pangong Tso,33.7,78.9,Ladakh LAC,RT_IOT2022.csv,12,0,0.0,0.0,6.67,0,0,DOS_SYN_HPING,0,0.0,1.0,1.0,CRITICAL,1
Pangong Tso,33.7,78.9,Ladakh LAC,RT_IOT2022.csv,12,0,0.0,0.0,6.67,0,0,DOS_SYN_HPING,0,0.0,1.0,1.0,CRITICAL,1
Siachen Glacier,35.5,76.9,Ladakh LAC,RT_IOT2022.csv,12,0,0.0,0.0,6.67,0,0,DOS_SYN_HPING,0,0.0,1.0,1.0,CRITICAL,1
Tawang Sector,27.6,91.9,Arunachal Sector,RT_IOT2022.csv,12,0,0.0,0.0,6.67,0,0,ARP_POISIONING,0,0.0,1.0,1.0,CRITICAL,1
Tawang Sector,27.6,91.9,Arunachal Sector,RT_IOT2022.csv,12,0,0.0,0.0,6.67,0,0,DOS_SYN_HPING,0,0.0,1.0,1.0,CRITICAL,1
Kutch Gulf,23.0,68.9,Gujarat Coast,RT_IOT2022.csv,12,0,0.0,0.0,6.67,0,0,DOS_SYN_HPING,0,0.0,1.0,1.0,CRITICAL,1
Tawang Sector,27.6,91.9,Arunachal Sector,RT_IOT2022.csv,12,0,0.0,0.0,6.67,0,0,DOS_SYN_HPING,0,0.0,1.0,1.0,CRITICAL,1
Pir Panjal Range,33.5,74.2,J&K LoC,RT_IOT2022.csv,12,0,0.0,0.0,6.67,0,0,DOS_SYN_HPING,0,0.0,1.0,1.0,CRITICAL,1
Kutch Gulf,23.0,68.9,Gujarat Coast,RT_IOT2022.csv,12,0,0.0,0.0,6.67,0,0,DOS_SYN_HPING,0,0.0,1.0,1.0,CRITICAL,1
Pir Panjal Range,33.5,74.2,J&K LoC,RT_IOT2022.csv,12,0,0.0021,0.0,6.67,0,0,ARP_POISIONING,0,0.0,1.0,1.0,CRITICAL,1
Galwan Valley,34.4,73.6,J&K LoC,RT_IOT2022.csv,12,0,0.3211,0.0,6.67,0,0,MQTT_PUBLISH,0,0.0,1.0,1.0,CRITICAL,1
Mizoram Border,22.7,92.7,Northeast Sector,RT_IOT2022.csv,12,0,0.0,0.0,6.67,0,0,DOS_SYN_HPING,0,0.0,1.0,1.0,CRITICAL,1
Wagah Border,31.6,74.6,Punjab Sector,RT_IOT2022.csv,12,0,0.0,0.0,6.67,0,0,DOS_SYN_HPING,0,0.0,1.0,1.0,CRITICAL,1
Mizoram Border,22.7,92.7,Northeast Sector,RT_IOT2022.csv,12,0,0.0,0.0,6.67,0,0,DOS_SYN_HPING,0,0.0,1.0,1.0,CRITICAL,1
Anjaw District,28.1,96.3,Arunachal Sector,RT_IOT2022.csv,12,0,0.0,0.0,6.67,0,0,DOS_SYN_HPING,0,0.0,1.0,1.0,CRITICAL,1
Mizoram Border,22.7,92.7,Northeast Sector,RT_IOT2022.csv,12,0,0.0,0.0,6.67,0,0,DOS_SYN_HPING,0,0.0,1.0,1.0,CRITICAL,1
Lipulekh Pass,30.2,80.3,Uttarakhand Pass,RT_IOT2022.csv,12,0,0.0,0.0,6.67,0,0,DOS_SYN_HPING,0,0.0,1.0,1.0,CRITICAL,1
Galwan Valley,34.4,73.6,J&K LoC,RT_IOT2022.csv,12,0,0.0,0.0,6.67,0,0,DOS_SYN_HPING,0,0.0,1.0,1.0,CRITICAL,1
Doklam Plateau,27.3,89.1,Sikkim Ridge,RT_IOT2022.csv,12,0,0.0,0.0,6.67,0,0,DOS_SYN_HPING,0,0.0,1.0,1.0,CRITICAL,1
Siachen Glacier,35.5,76.9,Ladakh LAC,RT_IOT2022.csv,12,0,0.0,0.0,6.67,0,0,DOS_SYN_HPING,0,0.0,1.0,1.0,CRITICAL,1
Mizoram Border,22.7,92.7,Northeast Sector,RT_IOT2022.csv,12,0,0.0,0.0,6.67,0,0,DOS_SYN_HPING,0,0.0,1.0,1.0,CRITICAL,1
Tawang Sector,27.6,91.9,Arunachal Sector,RT_IOT2022.csv,12,0,0.0,0.0,6.67,0,0,DOS_SYN_HPING,0,0.0,1.0,1.0,CRITICAL,1
Pangong Tso,33.7,78.9,Ladakh LAC,RT_IOT2022.csv,12,0,0.0,0.0,6.67,0,0,DOS_SYN_HPING,0,0.0,1.0,1.0,CRITICAL,1
Lipulekh Pass,30.2,80.3,Uttarakhand Pass,RT_IOT2022.csv,12,0,0.0,0.0,6.67,0,0,DOS_SYN_HPING,0,0.0,1.0,1.0,CRITICAL,1
Doklam Plateau,27.3,89.1,Sikkim Ridge,RT_IOT2022.csv,12,0,0.0031,0.0,6.67,0,0,ARP_POISIONING,0,0.0,1.0,1.0,CRITICAL,1
Galwan Valley,34.4,73.6,J&K LoC,RT_IOT2022.csv,12,0,0.0,0.0,6.67,0,0,DOS_SYN_HPING,0,0.0,1.0,1.0,CRITICAL,1
Rann of Kutch,23.9,70.0,Gujarat Coast,RT_IOT2022.csv,12,0,0.0,0.0,6.67,0,0,DOS_SYN_HPING,0,0.0,1.0,1.0,CRITICAL,1
Rann of Kutch,23.9,70.0,Gujarat Coast,RT_IOT2022.csv,12,0,0.0,0.0,6.67,0,0,DOS_SYN_HPING,0,0.0,1.0,1.0,CRITICAL,1
Kutch Gulf,23.0,68.9,Gujarat Coast,RT_IOT2022.csv,12,0,0.0,0.0,6.67,0,0,DOS_SYN_HPING,0,0.0,1.0,1.0,CRITICAL,1
Wagah Border,31.6,74.6,Punjab Sector,RT_IOT2022.csv,12,0,0.0,0.0,6.67,0,0,DOS_SYN_HPING,0,0.0,1.0,1.0,CRITICAL,1
Doklam Plateau,27.3,89.1,Sikkim Ridge,RT_IOT2022.csv,12,0,0.0,0.0,6.67,0,0,DOS_SYN_HPING,0,0.0,1.0,1.0,CRITICAL,1
Lipulekh Pass,30.2,80.3,Uttarakhand Pass,RT_IOT2022.csv,12,0,0.0,0.0,6.67,0,0,NMAP_OS_DETECTION,0,0.0,1.0,1.0,CRITICAL,1
Nathula Pass,27.4,88.8,Sikkim Ridge,RT_IOT2022.csv,12,0,0.0,0.0,6.67,0,0,DOS_SYN_HPING,0,0.0,1.0,1.0,CRITICAL,1
Siachen Glacier,35.5,76.9,Ladakh LAC,RT_IOT2022.csv,12,0,0.0,0.0,6.67,0,0,DOS_SYN_HPING,0,0.0,1.0,1.0,CRITICAL,1
Galwan Valley,34.4,73.6,J&K LoC,RT_IOT2022.csv,12,0,0.0,0.0,6.67,0,0,DOS_SYN_HPING,0,0.0,1.0,1.0,CRITICAL,1
Pangong Tso,33.7,78.9,Ladakh LAC,RT_IOT2022.csv,12,0,0.0003,0.0,6.67,0,0,THING_SPEAK,0,0.0,1.0,1.0,CRITICAL,1
Doklam Plateau,27.3,89.1,Sikkim Ridge,RT_IOT2022.csv,12,0,0.0,0.0,6.67,0,0,DOS_SYN_HPING,0,0.0,1.0,1.0,CRITICAL,1
Siachen Glacier,35.5,76.9,Ladakh LAC,RT_IOT2022.csv,12,0,0.0,0.0,6.67,0,0,DOS_SYN_HPING,0,0.0,1.0,1.0,CRITICAL,1
Galwan Valley,34.4,73.6,J&K LoC,RT_IOT2022.csv,12,0,0.47,0.0,6.67,0,0,MQTT_PUBLISH,0,0.0,1.0,1.0,CRITICAL,1
Rann of Kutch,23.9,70.0,Gujarat Coast,RT_IOT2022.csv,12,0,0.0,0.0,6.67,0,0,DOS_SYN_HPING,0,0.0,1.0,1.0,CRITICAL,1
Anjaw District,28.1,96.3,Arunachal Sector,RT_IOT2022.csv,12,0,0.0152,0.0,6.67,0,2,THING_SPEAK,0,0.0,1.0,1.0,CRITICAL,1
Lipulekh Pass,30.2,80.3,Uttarakhand Pass,RT_IOT2022.csv,12,0,0.0,0.0,6.67,0,0,DOS_SYN_HPING,0,0.0,1.0,1.0,CRITICAL,1
Nathula Pass,27.4,88.8,Sikkim Ridge,RT_IOT2022.csv,12,0,0.0,0.0,6.67,0,0,DOS_SYN_HPING,0,0.0,1.0,1.0,CRITICAL,1
Kutch Gulf,23.0,68.9,Gujarat Coast,RT_IOT2022.csv,12,0,0.0,0.0,6.67,0,0,DOS_SYN_HPING,0,0.0,1.0,1.0,CRITICAL,1
Kutch Gulf,23.0,68.9,Gujarat Coast,RT_IOT2022.csv,12,0,0.0,0.0,6.67,0,0,DOS_SYN_HPING,0,0.0,1.0,1.0,CRITICAL,1
Tawang Sector,27.6,91.9,Arunachal Sector,RT_IOT2022.csv,12,0,0.0,0.0,6.67,0,0,DOS_SYN_HPING,0,0.0,1.0,1.0,CRITICAL,1
Rann of Kutch,23.9,70.0,Gujarat Coast,RT_IOT2022.csv,12,0,0.0085,0.0,6.67,0,2,THING_SPEAK,0,0.0,1.0,1.0,CRITICAL,1
Anjaw District,28.1,96.3,Arunachal Sector,RT_IOT2022.csv,12,0,0.0,0.0,6.67,0,0,DOS_SYN_HPING,0,0.0,1.0,1.0,CRITICAL,1
Rann of Kutch,23.9,70.0,Gujarat Coast,RT_IOT2022.csv,12,0,0.0,0.0,6.67,0,0,DOS_SYN_HPING,0,0.0,1.0,1.0,CRITICAL,1
Doklam Plateau,27.3,89.1,Sikkim Ridge,RT_IOT2022.csv,12,0,0.0,0.0,6.67,0,1,NMAP_XMAS_TREE_SCAN,0,0.0,1.0,1.0,CRITICAL,1
Galwan Valley,34.4,73.6,J&K LoC,RT_IOT2022.csv,12,0,0.0,0.0,6.67,0,0,DOS_SYN_HPING,0,0.0,1.0,1.0,CRITICAL,1
Kutch Gulf,23.0,68.9,Gujarat Coast,RT_IOT2022.csv,12,0,0.0,0.0,6.67,0,0,DOS_SYN_HPING,0,0.0,1.0,1.0,CRITICAL,1
Depsang Plains,35.1,77.8,Ladakh LAC,RT_IOT2022.csv,12,0,0.0,0.0,6.67,0,0,DOS_SYN_HPING,0,0.0,1.0,1.0,CRITICAL,1
Kutch Gulf,23.0,68.9,Gujarat Coast,RT_IOT2022.csv,12,0,0.0,0.0,6.67,0,0,DOS_SYN_HPING,0,0.0,1.0,1.0,CRITICAL,1
Depsang Plains,35.1,77.8,Ladakh LAC,RT_IOT2022.csv,12,0,0.0,0.0,6.67,0,0,DOS_SYN_HPING,0,0.0,1.0,1.0,CRITICAL,1
Pangong Tso,33.7,78.9,Ladakh LAC,RT_IOT2022.csv,12,0,0.0002,0.0,6.67,0,0,ARP_POISIONING,0,0.0,1.0,1.0,CRITICAL,1
Wagah Border,31.6,74.6,Punjab Sector,RT_IOT2022.csv,12,0,0.0,0.0,6.67,0,0,NMAP_UDP_SCAN,0,0.0,1.0,1.0,CRITICAL,1
Mizoram Border,22.7,92.7,Northeast Sector,RT_IOT2022.csv,12,0,0.0,0.0,6.67,0,0,DOS_SYN_HPING,0,0.0,1.0,1.0,CRITICAL,1
Doklam Plateau,27.3,89.1,Sikkim Ridge,RT_IOT2022.csv,12,0,0.0,0.0,6.67,0,0,DOS_SYN_HPING,0,0.0,1.0,1.0,CRITICAL,1
Galwan Valley,34.4,73.6,J&K LoC,RT_IOT2022.csv,12,0,0.0,0.0,6.67,0,0,DOS_SYN_HPING,0,0.0,1.0,1.0,CRITICAL,1
Pangong Tso,33.7,78.9,Ladakh LAC,RT_IOT2022.csv,12,0,0.0,0.0,6.67,0,0,NMAP_UDP_SCAN,0,0.0,1.0,1.0,CRITICAL,1
Pir Panjal Range,33.5,74.2,J&K LoC,RT_IOT2022.csv,12,0,0.0,0.0,6.67,0,0,DOS_SYN_HPING,0,0.0,1.0,1.0,CRITICAL,1
Barmer Sector,25.7,71.4,Rajasthan Border,RT_IOT2022.csv,12,0,0.0,0.0,6.67,0,0,NMAP_UDP_SCAN,0,0.0,1.0,1.0,CRITICAL,1
Galwan Valley,34.4,73.6,J&K LoC,RT_IOT2022.csv,12,0,0.0,0.0,6.67,0,0,DOS_SYN_HPING,0,0.0,1.0,1.0,CRITICAL,1
Anjaw District,28.1,96.3,Arunachal Sector,RT_IOT2022.csv,12,0,0.0089,0.0,6.67,0,2,THING_SPEAK,0,0.0,1.0,1.0,CRITICAL,1
Pangong Tso,33.7,78.9,Ladakh LAC,RT_IOT2022.csv,12,0,0.0,0.0,6.67,0,0,DOS_SYN_HPING,0,0.0,1.0,1.0,CRITICAL,1
Siachen Glacier,35.5,76.9,Ladakh LAC,RT_IOT2022.csv,12,0,0.0,0.0,6.67,0,0,DOS_SYN_HPING,0,0.0,1.0,1.0,CRITICAL,1
Rann of Kutch,23.9,70.0,Gujarat Coast,RT_IOT2022.csv,12,0,0.2492,0.0,6.67,0,0,MQTT_PUBLISH,0,0.0,1.0,1.0,CRITICAL,1
Wagah Border,31.6,74.6,Punjab Sector,RT_IOT2022.csv,12,0,0.0,0.0,6.67,0,0,DOS_SYN_HPING,0,0.0,1.0,1.0,CRITICAL,1
Siachen Glacier,35.5,76.9,Ladakh LAC,RT_IOT2022.csv,12,0,0.0,0.0,6.67,0,0,DOS_SYN_HPING,0,0.0,1.0,1.0,CRITICAL,1
Wagah Border,31.6,74.6,Punjab Sector,RT_IOT2022.csv,12,0,0.0,0.0,6.67,0,0,DOS_SYN_HPING,0,0.0,1.0,1.0,CRITICAL,1
Doklam Plateau,27.3,89.1,Sikkim Ridge,RT_IOT2022.csv,12,0,0.0,0.0,6.67,0,0,DOS_SYN_HPING,0,0.0,1.0,1.0,CRITICAL,1
Depsang Plains,35.1,77.8,Ladakh LAC,RT_IOT2022.csv,12,0,0.0,0.0,6.67,0,0,DOS_SYN_HPING,0,0.0,1.0,1.0,CRITICAL,1
Doklam Plateau,27.3,89.1,Sikkim Ridge,RT_IOT2022.csv,12,0,0.0,0.0,6.67,0,0,DOS_SYN_HPING,0,0.0,1.0,1.0,CRITICAL,1
Siachen Glacier,35.5,76.9,Ladakh LAC,RT_IOT2022.csv,12,0,0.0,0.0,6.67,0,0,DOS_SYN_HPING,0,0.0,1.0,1.0,CRITICAL,1
Pangong Tso,33.7,78.9,Ladakh LAC,RT_IOT2022.csv,12,0,0.0,0.0,6.67,0,0,DOS_SYN_HPING,0,0.0,1.0,1.0,CRITICAL,1
Pir Panjal Range,33.5,74.2,J&K LoC,RT_IOT2022.csv,12,0,0.0,0.0,6.67,0,0,DOS_SYN_HPING,0,0.0,1.0,1.0,CRITICAL,1
Barmer Sector,25.7,71.4,Rajasthan Border,RT_IOT2022.csv,12,0,0.0,0.0,6.67,0,0,DOS_SYN_HPING,0,0.0,1.0,1.0,CRITICAL,1
Siachen Glacier,35.5,76.9,Ladakh LAC,RT_IOT2022.csv,12,0,0.0,0.0,6.67,0,0,DOS_SYN_HPING,0,0.0,1.0,1.0,CRITICAL,1
Rann of Kutch,23.9,70.0,Gujarat Coast,RT_IOT2022.csv,12,0,0.0,0.0,6.67,0,0,DOS_SYN_HPING,0,0.0,1.0,1.0,CRITICAL,1
Lipulekh Pass,30.2,80.3,Uttarakhand Pass,RT_IOT2022.csv,12,0,0.0003,0.0,6.67,0,0,THING_SPEAK,0,0.0,1.0,1.0,CRITICAL,1
Pir Panjal Range,33.5,74.2,J&K LoC,RT_IOT2022.csv,12,0,0.0,0.0,6.67,0,0,DOS_SYN_HPING,0,0.0,1.0,1.0,CRITICAL,1
Kutch Gulf,23.0,68.9,Gujarat Coast,RT_IOT2022.csv,12,0,0.0073,0.0,6.67,0,2,THING_SPEAK,0,0.0,1.0,1.0,CRITICAL,1
Anjaw District,28.1,96.3,Arunachal Sector,RT_IOT2022.csv,12,0,0.0,0.0,6.67,0,0,DOS_SYN_HPING,0,0.0,1.0,1.0,CRITICAL,1
Lipulekh Pass,30.2,80.3,Uttarakhand Pass,RT_IOT2022.csv,12,0,0.0,0.0,6.67,0,0,DOS_SYN_HPING,0,0.0,1.0,1.0,CRITICAL,1
Nathula Pass,27.4,88.8,Sikkim Ridge,RT_IOT2022.csv,12,0,0.0,0.0,6.67,0,0,DOS_SYN_HPING,0,0.0,1.0,1.0,CRITICAL,1
Barmer Sector,25.7,71.4,Rajasthan Border,RT_IOT2022.csv,12,0,0.0,0.0,6.67,0,0,DOS_SYN_HPING,0,0.0,1.0,1.0,CRITICAL,1
Pangong Tso,33.7,78.9,Ladakh LAC,RT_IOT2022.csv,12,0,0.0,0.0,6.67,0,0,DOS_SYN_HPING,0,0.0,1.0,1.0,CRITICAL,1
Tawang Sector,27.6,91.9,Arunachal Sector,RT_IOT2022.csv,12,0,0.0,0.0,6.67,0,0,DOS_SYN_HPING,0,0.0,1.0,1.0,CRITICAL,1
Pangong Tso,33.7,78.9,Ladakh LAC,RT_IOT2022.csv,12,0,0.0002,0.0,6.67,0,0,THING_SPEAK,0,0.0,1.0,1.0,CRITICAL,1
Tawang Sector,27.6,91.9,Arunachal Sector,RT_IOT2022.csv,12,0,0.0,0.0,6.67,0,0,DOS_SYN_HPING,0,0.0,1.0,1.0,CRITICAL,1
Siachen Glacier,35.5,76.9,Ladakh LAC,RT_IOT2022.csv,12,0,0.0,0.0,6.67,0,0,DOS_SYN_HPING,0,0.0,1.0,1.0,CRITICAL,1
Depsang Plains,35.1,77.8,Ladakh LAC,RT_IOT2022.csv,12,0,0.0,0.0,6.67,0,0,DOS_SYN_HPING,0,0.0,1.0,1.0,CRITICAL,1
Mizoram Border,22.7,92.7,Northeast Sector,RT_IOT2022.csv,12,0,0.0,0.0,6.67,0,0,DOS_SYN_HPING,0,0.0,1.0,1.0,CRITICAL,1
Galwan Valley,34.4,73.6,J&K LoC,RT_IOT2022.csv,12,0,0.0,0.0,6.67,0,0,DOS_SYN_HPING,0,0.0,1.0,1.0,CRITICAL,1
Pir Panjal Range,33.5,74.2,J&K LoC,RT_IOT2022.csv,12,0,0.0,0.0,6.67,0,0,DOS_SYN_HPING,0,0.0,1.0,1.0,CRITICAL,1
Depsang Plains,35.1,77.8,Ladakh LAC,RT_IOT2022.csv,12,0,0.0,0.0,6.67,0,0,DOS_SYN_HPING,0,0.0,1.0,1.0,CRITICAL,1
Kutch Gulf,23.0,68.9,Gujarat Coast,RT_IOT2022.csv,12,0,0.0,0.0,6.67,0,0,DOS_SYN_HPING,0,0.0,1.0,1.0,CRITICAL,1
Tawang Sector,27.6,91.9,Arunachal Sector,RT_IOT2022.csv,12,0,0.0,0.0,6.67,0,0,DOS_SYN_HPING,0,0.0,1.0,1.0,CRITICAL,1
Nathula Pass,27.4,88.8,Sikkim Ridge,RT_IOT2022.csv,12,0,0.0,0.0,6.67,0,0,DOS_SYN_HPING,0,0.0,1.0,1.0,CRITICAL,1
Tawang Sector,27.6,91.9,Arunachal Sector,RT_IOT2022.csv,12,0,0.0,0.0,6.67,0,0,DOS_SYN_HPING,0,0.0,1.0,1.0,CRITICAL,1
Nathula Pass,27.4,88.8,Sikkim Ridge,RT_IOT2022.csv,12,0,0.0023,0.0,6.67,0,0,ARP_POISIONING,0,0.0,1.0,1.0,CRITICAL,1
Doklam Plateau,27.3,89.1,Sikkim Ridge,RT_IOT2022.csv,12,0,0.3504,0.0,6.67,0,0,MQTT_PUBLISH,0,0.0,1.0,1.0,CRITICAL,1
Nathula Pass,27.4,88.8,Sikkim Ridge,RT_IOT2022.csv,12,0,0.0,0.0,6.67,0,0,DOS_SYN_HPING,0,0.0,1.0,1.0,CRITICAL,1
Anjaw District,28.1,96.3,Arunachal Sector,RT_IOT2022.csv,12,0,0.0,0.0,6.67,0,0,DOS_SYN_HPING,0,0.0,1.0,1.0,CRITICAL,1
Lipulekh Pass,30.2,80.3,Uttarakhand Pass,RT_IOT2022.csv,12,0,0.0,0.0,6.67,0,0,DOS_SYN_HPING,0,0.0,1.0,1.0,CRITICAL,1
Rann of Kutch,23.9,70.0,Gujarat Coast,RT_IOT2022.csv,12,0,0.0,0.0,6.67,0,0,DOS_SYN_HPING,0,0.0,1.0,1.0,CRITICAL,1
Doklam Plateau,27.3,89.1,Sikkim Ridge,RT_IOT2022.csv,12,0,0.0,0.0,6.67,0,0,ARP_POISIONING,0,0.0,1.0,1.0,CRITICAL,1
Anjaw District,28.1,96.3,Arunachal Sector,RT_IOT2022.csv,12,0,0.0,0.0,6.67,0,0,DOS_SYN_HPING,0,0.0,1.0,1.0,CRITICAL,1
Galwan Valley,34.4,73.6,J&K LoC,RT_IOT2022.csv,12,0,0.0,0.0,6.67,0,0,DOS_SYN_HPING,0,0.0,1.0,1.0,CRITICAL,1
Anjaw District,28.1,96.3,Arunachal Sector,RT_IOT2022.csv,12,0,0.0,0.0,6.67,0,0,DOS_SYN_HPING,0,0.0,1.0,1.0,CRITICAL,1
Galwan Valley,34.4,73.6,J&K LoC,RT_IOT2022.csv,12,0,0.0,0.0,6.67,0,0,DOS_SYN_HPING,0,0.0,1.0,1.0,CRITICAL,1
Siachen Glacier,35.5,76.9,Ladakh LAC,RT_IOT2022.csv,12,0,0.0,0.0,6.67,0,0,DOS_SYN_HPING,0,0.0,1.0,1.0,CRITICAL,1
Mizoram Border,22.7,92.7,Northeast Sector,RT_IOT2022.csv,12,0,0.0,0.0,6.67,0,0,DOS_SYN_HPING,0,0.0,1.0,1.0,CRITICAL,1
Galwan Valley,34.4,73.6,J&K LoC,RT_IOT2022.csv,12,0,0.0,0.0,6.67,0,0,DOS_SYN_HPING,0,0.0,1.0,1.0,CRITICAL,1
Nathula Pass,27.4,88.8,Sikkim Ridge,RT_IOT2022.csv,12,0,0.0,0.0,6.67,0,0,DOS_SYN_HPING,0,0.0,1.0,1.0,CRITICAL,1
Rann of Kutch,23.9,70.0,Gujarat Coast,RT_IOT2022.csv,12,0,0.0,0.0,6.67,0,0,DOS_SYN_HPING,0,0.0,1.0,1.0,CRITICAL,1
Mizoram Border,22.7,92.7,Northeast Sector,RT_IOT2022.csv,12,0,0.0,0.0,6.67,0,0,NMAP_OS_DETECTION,0,0.0,1.0,1.0,CRITICAL,1
Siachen Glacier,35.5,76.9,Ladakh LAC,RT_IOT2022.csv,12,0,0.0,0.0,6.67,0,0,DOS_SYN_HPING,0,0.0,1.0,1.0,CRITICAL,1
Siachen Glacier,35.5,76.9,Ladakh LAC,RT_IOT2022.csv,12,0,0.0,0.0,6.67,0,1,NMAP_XMAS_TREE_SCAN,0,0.0,1.0,1.0,CRITICAL,1
Anjaw District,28.1,96.3,Arunachal Sector,RT_IOT2022.csv,12,0,0.0,0.0,6.67,0,0,DOS_SYN_HPING,0,0.0,1.0,1.0,CRITICAL,1
Lipulekh Pass,30.2,80.3,Uttarakhand Pass,RT_IOT2022.csv,12,0,0.0,0.0,6.67,0,0,DOS_SYN_HPING,0,0.0,1.0,1.0,CRITICAL,1
Mizoram Border,22.7,92.7,Northeast Sector,RT_IOT2022.csv,12,0,0.0,0.0,6.67,0,0,DOS_SYN_HPING,0,0.0,1.0,1.0,CRITICAL,1
Pangong Tso,33.7,78.9,Ladakh LAC,RT_IOT2022.csv,12,0,0.0,0.0,6.67,0,0,DOS_SYN_HPING,0,0.0,1.0,1.0,CRITICAL,1
Siachen Glacier,35.5,76.9,Ladakh LAC,RT_IOT2022.csv,12,0,0.0,0.0,6.67,0,0,DOS_SYN_HPING,0,0.0,1.0,1.0,CRITICAL,1
Pangong Tso,33.7,78.9,Ladakh LAC,RT_IOT2022.csv,12,0,0.0,0.0,6.67,0,0,DOS_SYN_HPING,0,0.0,1.0,1.0,CRITICAL,1
Pir Panjal Range,33.5,74.2,J&K LoC,RT_IOT2022.csv,12,0,0.0,0.0,6.67,0,0,DOS_SYN_HPING,0,0.0,1.0,1.0,CRITICAL,1
Depsang Plains,35.1,77.8,Ladakh LAC,RT_IOT2022.csv,12,0,0.0,0.0,6.67,0,0,DOS_SYN_HPING,0,0.0,1.0,1.0,CRITICAL,1
Anjaw District,28.1,96.3,Arunachal Sector,RT_IOT2022.csv,12,0,0.0,0.0,6.67,0,0,DOS_SYN_HPING,0,0.0,1.0,1.0,CRITICAL,1
Galwan Valley,34.4,73.6,J&K LoC,RT_IOT2022.csv,12,0,0.0,0.0,6.67,0,0,ARP_POISIONING,0,0.0,1.0,1.0,CRITICAL,1
Siachen Glacier,35.5,76.9,Ladakh LAC,RT_IOT2022.csv,12,0,0.0,0.0,6.67,0,0,DOS_SYN_HPING,0,0.0,1.0,1.0,CRITICAL,1
Pir Panjal Range,33.5,74.2,J&K LoC,RT_IOT2022.csv,12,0,0.0003,0.0,6.67,0,0,THING_SPEAK,0,0.0,1.0,1.0,CRITICAL,1
Depsang Plains,35.1,77.8,Ladakh LAC,RT_IOT2022.csv,12,0,0.0002,0.0,6.67,0,0,ARP_POISIONING,0,0.0,1.0,1.0,CRITICAL,1
Tawang Sector,27.6,91.9,Arunachal Sector,RT_IOT2022.csv,12,0,0.0,0.0,6.67,0,0,DOS_SYN_HPING,0,0.0,1.0,1.0,CRITICAL,1
Pir Panjal Range,33.5,74.2,J&K LoC,RT_IOT2022.csv,12,0,0.0,0.0,6.67,0,0,DOS_SYN_HPING,0,0.0,1.0,1.0,CRITICAL,1
Wagah Border,31.6,74.6,Punjab Sector,RT_IOT2022.csv,12,0,0.0,0.0,6.67,0,0,DOS_SYN_HPING,0,0.0,1.0,1.0,CRITICAL,1
Galwan Valley,34.4,73.6,J&K LoC,RT_IOT2022.csv,12,0,0.009,0.0,6.67,0,2,THING_SPEAK,0,0.0,1.0,1.0,CRITICAL,1
Doklam Plateau,27.3,89.1,Sikkim Ridge,RT_IOT2022.csv,12,0,0.0,0.0,6.67,0,0,DOS_SYN_HPING,0,0.0,1.0,1.0,CRITICAL,1
Mizoram Border,22.7,92.7,Northeast Sector,RT_IOT2022.csv,12,0,0.0,0.0,6.67,0,0,DOS_SYN_HPING,0,0.0,1.0,1.0,CRITICAL,1
Doklam Plateau,27.3,89.1,Sikkim Ridge,RT_IOT2022.csv,12,0,0.6207,0.0,6.67,0,0,MQTT_PUBLISH,0,0.0,1.0,1.0,CRITICAL,1
Nathula Pass,27.4,88.8,Sikkim Ridge,RT_IOT2022.csv,12,0,0.0,0.0,6.67,0,0,DOS_SYN_HPING,0,0.0,1.0,1.0,CRITICAL,1
Nathula Pass,27.4,88.8,Sikkim Ridge,RT_IOT2022.csv,12,0,0.0,0.0,6.67,0,0,DOS_SYN_HPING,0,0.0,1.0,1.0,CRITICAL,1
Wagah Border,31.6,74.6,Punjab Sector,RT_IOT2022.csv,12,0,0.0,0.0,6.67,0,0,DOS_SYN_HPING,0,0.0,1.0,1.0,CRITICAL,1
Siachen Glacier,35.5,76.9,Ladakh LAC,RT_IOT2022.csv,12,0,0.0,0.0,6.67,0,1,NMAP_XMAS_TREE_SCAN,0,0.0,1.0,1.0,CRITICAL,1
Rann of Kutch,23.9,70.0,Gujarat Coast,RT_IOT2022.csv,12,0,0.0,0.0,6.67,0,0,DOS_SYN_HPING,0,0.0,1.0,1.0,CRITICAL,1
Mizoram Border,22.7,92.7,Northeast Sector,RT_IOT2022.csv,12,0,0.0,0.0,6.67,0,0,DOS_SYN_HPING,0,0.0,1.0,1.0,CRITICAL,1
Siachen Glacier,35.5,76.9,Ladakh LAC,RT_IOT2022.csv,12,0,0.169,0.0,6.67,0,0,MQTT_PUBLISH,0,0.0,1.0,1.0,CRITICAL,1
Rann of Kutch,23.9,70.0,Gujarat Coast,RT_IOT2022.csv,12,0,0.0,0.0,6.67,0,0,DOS_SYN_HPING,0,0.0,1.0,1.0,CRITICAL,1
Rann of Kutch,23.9,70.0,Gujarat Coast,RT_IOT2022.csv,12,0,0.0,0.0,6.67,0,0,DOS_SYN_HPING,0,0.0,1.0,1.0,CRITICAL,1
Kutch Gulf,23.0,68.9,Gujarat Coast,RT_IOT2022.csv,12,0,0.0,0.0,6.67,0,0,NMAP_UDP_SCAN,0,0.0,1.0,1.0,CRITICAL,1
Anjaw District,28.1,96.3,Arunachal Sector,RT_IOT2022.csv,12,0,0.0,0.0,6.67,0,0,DOS_SYN_HPING,0,0.0,1.0,1.0,CRITICAL,1
Nathula Pass,27.4,88.8,Sikkim Ridge,RT_IOT2022.csv,12,0,0.3904,0.0,6.67,0,0,MQTT_PUBLISH,0,0.0,1.0,1.0,CRITICAL,1
Rann of Kutch,23.9,70.0,Gujarat Coast,RT_IOT2022.csv,12,0,0.0,0.0,6.67,0,0,DOS_SYN_HPING,0,0.0,1.0,1.0,CRITICAL,1
Siachen Glacier,35.5,76.9,Ladakh LAC,RT_IOT2022.csv,12,0,0.0,0.0,6.67,0,0,DOS_SYN_HPING,0,0.0,1.0,1.0,CRITICAL,1
Rann of Kutch,23.9,70.0,Gujarat Coast,RT_IOT2022.csv,12,0,0.1019,0.0,6.67,0,2,ARP_POISIONING,0,0.0,1.0,1.0,CRITICAL,1
Pir Panjal Range,33.5,74.2,J&K LoC,RT_IOT2022.csv,12,0,0.0,0.0,6.67,0,0,DOS_SYN_HPING,0,0.0,1.0,1.0,CRITICAL,1
Barmer Sector,25.7,71.4,Rajasthan Border,RT_IOT2022.csv,12,0,0.0,0.0,6.67,0,0,DOS_SYN_HPING,0,0.0,1.0,1.0,CRITICAL,1
Anjaw District,28.1,96.3,Arunachal Sector,RT_IOT2022.csv,12,0,0.0,0.0,6.67,0,1,NMAP_UDP_SCAN,0,0.0,1.0,0.86,CRITICAL,1
Lipulekh Pass,30.2,80.3,Uttarakhand Pass,RT_IOT2022.csv,12,0,0.0,0.0,6.67,0,0,DOS_SYN_HPING,0,0.0,1.0,1.0,CRITICAL,1
Depsang Plains,35.1,77.8,Ladakh LAC,RT_IOT2022.csv,12,0,0.0,0.0,6.67,0,0,ARP_POISIONING,0,0.0,1.0,1.0,CRITICAL,1
Pir Panjal Range,33.5,74.2,J&K LoC,RT_IOT2022.csv,12,0,0.0,0.0,6.67,0,0,DOS_SYN_HPING,0,0.0,1.0,1.0,CRITICAL,1
Anjaw District,28.1,96.3,Arunachal Sector,RT_IOT2022.csv,12,0,0.0,0.0,6.67,0,0,DOS_SYN_HPING,0,0.0,1.0,1.0,CRITICAL,1
Depsang Plains,35.1,77.8,Ladakh LAC,RT_IOT2022.csv,12,0,0.4899,0.0,6.67,0,0,MQTT_PUBLISH,0,0.0,1.0,1.0,CRITICAL,1
Kutch Gulf,23.0,68.9,Gujarat Coast,RT_IOT2022.csv,12,0,0.0,0.0,6.67,0,0,DOS_SYN_HPING,0,0.0,1.0,1.0,CRITICAL,1
Wagah Border,31.6,74.6,Punjab Sector,RT_IOT2022.csv,12,0,0.0,0.0,6.67,0,0,DOS_SYN_HPING,0,0.0,1.0,1.0,CRITICAL,1
Wagah Border,31.6,74.6,Punjab Sector,RT_IOT2022.csv,12,0,0.0,0.0,6.67,0,0,DOS_SYN_HPING,0,0.0,1.0,1.0,CRITICAL,1
Depsang Plains,35.1,77.8,Ladakh LAC,RT_IOT2022.csv,12,0,0.0599,0.0,6.67,0,2,ARP_POISIONING,0,0.0,1.0,1.0,CRITICAL,1
Kutch Gulf,23.0,68.9,Gujarat Coast,RT_IOT2022.csv,12,0,0.0002,0.0,6.67,0,0,THING_SPEAK,0,0.0,1.0,1.0,CRITICAL,1
Wagah Border,31.6,74.6,Punjab Sector,RT_IOT2022.csv,12,0,0.0,0.0,6.67,0,0,DOS_SYN_HPING,0,0.0,1.0,1.0,CRITICAL,1
Kutch Gulf,23.0,68.9,Gujarat Coast,RT_IOT2022.csv,12,0,0.0,0.0,6.67,0,0,DOS_SYN_HPING,0,0.0,1.0,1.0,CRITICAL,1
Rann of Kutch,23.9,70.0,Gujarat Coast,RT_IOT2022.csv,12,0,0.0,0.0,6.67,0,0,DOS_SYN_HPING,0,0.0,1.0,1.0,CRITICAL,1
Pangong Tso,33.7,78.9,Ladakh LAC,RT_IOT2022.csv,12,0,0.0,0.0,6.67,0,0,DOS_SYN_HPING,0,0.0,1.0,1.0,CRITICAL,1
Pangong Tso,33.7,78.9,Ladakh LAC,RT_IOT2022.csv,12,0,0.0,0.0,6.67,0,0,DOS_SYN_HPING,0,0.0,1.0,1.0,CRITICAL,1
Pir Panjal Range,33.5,74.2,J&K LoC,RT_IOT2022.csv,12,0,0.0,0.0,6.67,0,0,DOS_SYN_HPING,0,0.0,1.0,1.0,CRITICAL,1
Nathula Pass,27.4,88.8,Sikkim Ridge,RT_IOT2022.csv,12,0,0.0,0.0,6.67,0,0,DOS_SYN_HPING,0,0.0,1.0,1.0,CRITICAL,1
Doklam Plateau,27.3,89.1,Sikkim Ridge,RT_IOT2022.csv,12,0,0.0,0.0,6.67,0,0,DOS_SYN_HPING,0,0.0,1.0,1.0,CRITICAL,1
Tawang Sector,27.6,91.9,Arunachal Sector,RT_IOT2022.csv,12,0,0.0,0.0,6.67,0,0,DOS_SYN_HPING,0,0.0,1.0,1.0,CRITICAL,1
Wagah Border,31.6,74.6,Punjab Sector,RT_IOT2022.csv,12,0,0.4298,0.0,6.67,0,0,MQTT_PUBLISH,0,0.0,1.0,1.0,CRITICAL,1
Kutch Gulf,23.0,68.9,Gujarat Coast,RT_IOT2022.csv,12,0,0.0,0.0,6.67,0,0,DOS_SYN_HPING,0,0.0,1.0,1.0,CRITICAL,1
Depsang Plains,35.1,77.8,Ladakh LAC,RT_IOT2022.csv,12,0,0.0,0.0,6.67,0,0,DOS_SYN_HPING,0,0.0,1.0,1.0,CRITICAL,1
Lipulekh Pass,30.2,80.3,Uttarakhand Pass,RT_IOT2022.csv,12,0,0.0,0.0,6.67,0,0,DOS_SYN_HPING,0,0.0,1.0,1.0,CRITICAL,1
Mizoram Border,22.7,92.7,Northeast Sector,RT_IOT2022.csv,12,0,0.0,0.0,6.67,0,0,DOS_SYN_HPING,0,0.0,1.0,1.0,CRITICAL,1
Tawang Sector,27.6,91.9,Arunachal Sector,RT_IOT2022.csv,12,0,0.0,0.0,6.67,0,0,DOS_SYN_HPING,0,0.0,1.0,1.0,CRITICAL,1
Tawang Sector,27.6,91.9,Arunachal Sector,RT_IOT2022.csv,12,0,0.0,0.0,6.67,0,0,DOS_SYN_HPING,0,0.0,1.0,1.0,CRITICAL,1
0,33.5,74.2,J&K LoC,Train_data.csv,12,0,1.0,0.0,6.67,3,13,ANOMALY,0,0.0,1.0,0.5025,CRITICAL,0
0,35.1,77.8,Ladakh LAC,Train_data.csv,12,0,0.0,0.0,6.67,2,12,NORMAL,0,0.0,1.0,0.2045,LOW,0
0,28.1,96.3,Arunachal Sector,Train_data.csv,12,0,0.0,0.0,6.67,12,50,ANOMALY,0,1.0,1.0,0.3025,CRITICAL,0
0,27.3,89.1,Sikkim Ridge,Train_data.csv,12,0,0.45,0.0,6.67,0,2,NORMAL,0,0.0,1.0,0.227,LOW,0
0,23.0,68.9,Gujarat Coast,Train_data.csv,12,0,0.0,0.0,6.67,2,12,ANOMALY,0,1.0,1.0,0.183,CRITICAL,0
0,34.4,73.6,J&K LoC,Train_data.csv,12,0,1.0,0.0,6.67,0,2,NORMAL,0,0.0,1.0,0.3965,MEDIUM,0
0,27.3,89.1,Sikkim Ridge,Train_data.csv,12,0,1.0,0.0,6.67,0,1,NORMAL,0,0.0,1.0,0.3765,MEDIUM,0
0,35.5,76.9,Ladakh LAC,Train_data.csv,12,0,1.0,0.0,6.67,0,1,NORMAL,0,0.0,1.0,0.3775,MEDIUM,0
0,23.0,68.9,Gujarat Coast,Train_data.csv,12,0,1.0,0.0,6.67,0,2,NORMAL,0,0.0,1.0,0.378,MEDIUM,0
0,31.6,74.6,Punjab Sector,Train_data.csv,12,0,0.0,0.0,6.67,12,50,ANOMALY,0,1.0,1.0,0.305,CRITICAL,0
0,27.4,88.8,Sikkim Ridge,Train_data.csv,12,0,1.0,0.0,6.67,0,1,NORMAL,0,0.0,1.0,0.373,MEDIUM,0
0,28.1,96.3,Arunachal Sector,Train_data.csv,12,0,0.0,0.0,6.67,12,50,ANOMALY,0,0.09,1.0,0.3025,CRITICAL,0
0,35.5,76.9,Ladakh LAC,Train_data.csv,12,0,0.0,0.0,6.67,12,50,ANOMALY,0,1.0,1.0,0.312,CRITICAL,0
0,33.5,74.2,J&K LoC,Train_data.csv,12,0,0.0,0.0,6.67,0,1,ANOMALY,0,0.0,1.0,0.079,CRITICAL,0
0,31.6,74.6,Punjab Sector,Train_data.csv,12,0,0.0,0.0,6.67,12,50,ANOMALY,0,1.0,1.0,0.305,CRITICAL,0
0,27.6,91.9,Arunachal Sector,Train_data.csv,12,0,1.0,0.0,6.67,4,19,NORMAL,0,0.0,1.0,0.516,MEDIUM,0
0,27.3,89.1,Sikkim Ridge,Train_data.csv,12,0,0.0,0.0,6.67,12,50,ANOMALY,0,1.0,1.0,0.311,CRITICAL,0
0,25.7,71.4,Rajasthan Border,Train_data.csv,12,0,0.01,0.0,6.67,0,2,ANOMALY,0,0.0,1.0,0.085,CRITICAL,0
0,25.7,71.4,Rajasthan Border,Train_data.csv,12,0,0.44,0.0,6.67,11,46,NORMAL,0,0.0,1.0,0.421,MEDIUM,0
0,27.3,89.1,Sikkim Ridge,Train_data.csv,12,0,0.0,0.0,6.67,12,50,ANOMALY,0,1.0,1.0,0.311,CRITICAL,0
0,27.6,91.9,Arunachal Sector,Train_data.csv,12,0,1.0,0.0,6.67,0,2,NORMAL,0,0.0,1.0,0.39,MEDIUM,0
0,31.6,74.6,Punjab Sector,Train_data.csv,12,0,0.0,0.0,6.67,12,50,ANOMALY,0,1.0,1.0,0.305,CRITICAL,0
0,31.6,74.6,Punjab Sector,Train_data.csv,12,0,1.0,0.0,6.67,0,1,NORMAL,0,0.0,1.0,0.3705,MEDIUM,0
0,30.2,80.3,Uttarakhand Pass,Train_data.csv,12,0,0.08,0.0,6.67,0,1,ANOMALY,0,0.0,1.0,0.0885,CRITICAL,0
0,34.4,73.6,J&K LoC,Train_data.csv,12,0,0.46,0.0,6.67,12,50,NORMAL,0,0.0,1.0,0.4535,MEDIUM,0
0,27.4,88.8,Sikkim Ridge,Train_data.csv,12,0,1.0,0.0,6.67,2,11,NORMAL,0,0.0,1.0,0.4905,MEDIUM,0
0,31.6,74.6,Punjab Sector,Train_data.csv,12,0,0.01,0.0,6.67,0,2,ANOMALY,0,0.0,1.0,0.089,CRITICAL,0
0,22.7,92.7,Northeast Sector,Train_data.csv,12,0,0.0,0.0,6.67,12,50,ANOMALY,0,1.0,1.0,0.294,CRITICAL,0
0,27.4,88.8,Sikkim Ridge,Train_data.csv,12,0,1.0,0.0,6.67,9,38,NORMAL,0,0.0,1.0,0.5715,HIGH,0
0,28.1,96.3,Arunachal Sector,Train_data.csv,12,0,1.0,0.0,6.67,0,1,NORMAL,0,0.0,1.0,0.368,MEDIUM,0
0,30.2,80.3,Uttarakhand Pass,Train_data.csv,12,0,0.0,0.0,6.67,12,50,ANOMALY,0,1.0,1.0,0.299,CRITICAL,0
0,35.5,76.9,Ladakh LAC,Train_data.csv,12,0,0.08,0.0,6.67,0,1,ANOMALY,0,0.0,1.0,0.1015,CRITICAL,0
0,34.4,73.6,J&K LoC,Train_data.csv,12,0,1.0,0.0,6.67,0,2,NORMAL,0,0.0,1.0,0.3965,MEDIUM,0
0,25.7,71.4,Rajasthan Border,Train_data.csv,12,0,1.0,0.0,6.67,0,1,NORMAL,0,0.0,1.0,0.3665,MEDIUM,0
0,22.7,92.7,Northeast Sector,Train_data.csv,12,0,0.0,0.0,6.67,12,50,ANOMALY,0,0.0,1.0,0.294,CRITICAL,0
0,23.9,70.0,Gujarat Coast,Train_data.csv,12,0,1.0,0.0,6.67,2,9,NORMAL,0,0.0,1.0,0.4725,MEDIUM,0
0,30.2,80.3,Uttarakhand Pass,Train_data.csv,12,0,1.0,0.0,6.67,1,8,NORMAL,0,0.0,1.0,0.473,MEDIUM,0
0,35.1,77.8,Ladakh LAC,Train_data.csv,12,0,0.35,0.0,6.67,0,1,NORMAL,0,0.0,1.0,0.189,LOW,0
0,22.7,92.7,Northeast Sector,Train_data.csv,12,0,0.0,0.0,6.67,12,50,ANOMALY,0,0.0,1.0,0.294,CRITICAL,0
0,27.3,89.1,Sikkim Ridge,Train_data.csv,12,0,1.0,0.0,6.67,0,3,NORMAL,0,0.0,1.0,0.4075,MEDIUM,0
0,27.6,91.9,Arunachal Sector,Train_data.csv,12,0,0.08,0.0,6.67,0,1,ANOMALY,0,0.0,1.0,0.0985,CRITICAL,0
0,33.5,74.2,J&K LoC,Train_data.csv,12,0,1.0,0.0,6.67,4,17,NORMAL,0,0.0,1.0,0.5145,MEDIUM,0
0,23.0,68.9,Gujarat Coast,Train_data.csv,12,0,0.0,0.0,6.67,12,50,ANOMALY,0,1.0,1.0,0.297,CRITICAL,0
0,23.0,68.9,Gujarat Coast,Train_data.csv,12,0,1.0,0.0,6.67,0,1,NORMAL,0,0.0,1.0,0.3625,MEDIUM,0
0,27.6,91.9,Arunachal Sector,Train_data.csv,12,0,0.0,0.0,6.67,12,50,ANOMALY,0,0.0,1.0,0.309,CRITICAL,0
0,22.7,92.7,Northeast Sector,Train_data.csv,12,0,0.0,0.0,6.67,12,50,ANOMALY,0,1.0,1.0,0.294,CRITICAL,0
0,27.3,89.1,Sikkim Ridge,Train_data.csv,12,0,0.0,0.0,6.67,0,1,ANOMALY,0,0.0,1.0,0.0765,CRITICAL,0
0,27.4,88.8,Sikkim Ridge,Train_data.csv,12,0,1.0,0.0,6.67,0,4,NORMAL,0,0.25,1.0,0.4195,MEDIUM,0
0,23.0,68.9,Gujarat Coast,Train_data.csv,12,0,0.86,0.0,6.67,0,1,NORMAL,0,0.0,1.0,0.3205,MEDIUM,0
0,31.6,74.6,Punjab Sector,Train_data.csv,12,0,0.0,0.0,6.67,5,22,ANOMALY,0,1.0,1.0,0.221,CRITICAL,0
0,35.5,76.9,Ladakh LAC,Train_data.csv,12,0,0.0,0.0,6.67,12,50,ANOMALY,0,1.0,1.0,0.312,CRITICAL,0
0,27.6,91.9,Arunachal Sector,Train_data.csv,12,0,0.0,0.0,6.67,12,50,ANOMALY,0,1.0,1.0,0.309,CRITICAL,0
0,28.1,96.3,Arunachal Sector,Train_data.csv,12,0,1.0,0.0,6.67,3,16,NORMAL,0,0.0,1.0,0.5005,MEDIUM,0
0,22.7,92.7,Northeast Sector,Train_data.csv,12,0,0.08,0.0,6.67,0,1,ANOMALY,0,0.0,1.0,0.0835,CRITICAL,0
0,25.7,71.4,Rajasthan Border,Train_data.csv,12,0,0.0,0.0,6.67,12,50,ANOMALY,0,1.0,1.0,0.301,CRITICAL,0
0,28.1,96.3,Arunachal Sector,Train_data.csv,12,0,1.0,0.0,6.67,1,8,NORMAL,0,0.0,1.0,0.4765,MEDIUM,0
0,23.0,68.9,Gujarat Coast,Train_data.csv,12,0,0.45,0.0,6.67,12,50,NORMAL,0,0.0,1.0,0.432,MEDIUM,0
0,23.0,68.9,Gujarat Coast,Train_data.csv,12,0,0.45,0.0,6.67,10,43,NORMAL,0,0.0,1.0,0.411,MEDIUM,0
0,28.1,96.3,Arunachal Sector,Train_data.csv,12,0,1.0,0.0,6.67,0,2,NORMAL,0,0.0,1.0,0.3835,MEDIUM,0
0,27.3,89.1,Sikkim Ridge,Train_data.csv,12,0,0.0,0.0,6.67,5,22,ANOMALY,0,1.0,1.0,0.227,CRITICAL,0
0,33.5,74.2,J&K LoC,Train_data.csv,12,0,0.3,0.0,6.67,0,1,NORMAL,0,0.0,1.0,0.169,LOW,0
0,30.2,80.3,Uttarakhand Pass,Train_data.csv,12,0,0.0,0.0,6.67,4,19,ANOMALY,0,1.0,1.0,0.206,CRITICAL,0
0,35.5,76.9,Ladakh LAC,Train_data.csv,12,0,0.0,0.0,6.67,12,50,ANOMALY,0,0.0,1.0,0.312,CRITICAL,0
0,25.7,71.4,Rajasthan Border,Train_data.csv,12,0,1.0,0.0,6.67,1,8,NORMAL,0,0.0,1.0,0.475,MEDIUM,0
0,30.2,80.3,Uttarakhand Pass,Train_data.csv,12,0,0.43,0.0,6.67,12,50,NORMAL,0,0.0,1.0,0.428,MEDIUM,0
0,27.4,88.8,Sikkim Ridge,Train_data.csv,12,0,0.0,0.0,6.67,12,50,ANOMALY,0,1.0,1.0,0.3075,CRITICAL,0
0,25.7,71.4,Rajasthan Border,Train_data.csv,12,0,0.0,0.0,6.67,12,50,ANOMALY,0,0.06,1.0,0.301,CRITICAL,0
0,33.5,74.2,J&K LoC,Train_data.csv,12,0,0.0,0.0,6.67,5,23,ANOMALY,0,1.0,1.0,0.2325,CRITICAL,0
0,27.6,91.9,Arunachal Sector,Train_data.csv,12,0,1.0,0.0,6.67,0,2,NORMAL,0,0.0,1.0,0.39,MEDIUM,0
0,27.3,89.1,Sikkim Ridge,Train_data.csv,12,0,0.0,0.0,6.67,0,2,ANOMALY,0,1.0,1.0,0.092,CRITICAL,0
0,35.5,76.9,Ladakh LAC,Train_data.csv,12,0,0.0,0.0,6.67,12,50,ANOMALY,0,1.0,1.0,0.312,CRITICAL,0
0,31.6,74.6,Punjab Sector,Train_data.csv,12,0,1.0,0.0,6.67,0,1,NORMAL,0,0.0,1.0,0.3705,MEDIUM,0
0,27.3,89.1,Sikkim Ridge,Train_data.csv,12,0,0.0,0.0,6.67,12,50,ANOMALY,0,1.0,1.0,0.311,CRITICAL,0
0,28.1,96.3,Arunachal Sector,Train_data.csv,12,0,0.43,0.0,6.67,12,50,NORMAL,0,0.0,1.0,0.4315,MEDIUM,0
0,25.7,71.4,Rajasthan Border,Train_data.csv,12,0,0.0,0.0,6.67,12,50,ANOMALY,0,0.0,1.0,0.301,CRITICAL,0
0,27.3,89.1,Sikkim Ridge,Train_data.csv,12,0,0.0,0.0,6.67,12,50,ANOMALY,0,1.0,1.0,0.311,CRITICAL,0
0,27.3,89.1,Sikkim Ridge,Train_data.csv,12,0,1.0,0.0,6.67,4,17,NORMAL,0,0.0,1.0,0.512,MEDIUM,0
0,27.3,89.1,Sikkim Ridge,Train_data.csv,12,0,0.0,0.0,6.67,12,50,ANOMALY,0,1.0,1.0,0.311,CRITICAL,0
0,33.7,78.9,Ladakh LAC,Train_data.csv,12,0,0.0,0.0,6.67,0,1,ANOMALY,0,0.0,1.0,0.08,CRITICAL,0
0,34.4,73.6,J&K LoC,Train_data.csv,12,0,0.0,0.0,6.67,12,50,ANOMALY,0,1.0,1.0,0.3155,CRITICAL,0
0,23.9,70.0,Gujarat Coast,Train_data.csv,12,0,0.0,0.0,6.67,12,50,ANOMALY,0,1.0,1.0,0.2955,CRITICAL,0
0,34.4,73.6,J&K LoC,Train_data.csv,12,0,1.0,0.0,6.67,12,50,ANOMALY,0,0.0,1.0,0.6155,CRITICAL,0
0,27.6,91.9,Arunachal Sector,Train_data.csv,12,0,1.0,0.0,6.67,12,50,NORMAL,0,0.0,1.0,0.609,HIGH,0
0,25.7,71.4,Rajasthan Border,Train_data.csv,12,0,0.0,0.0,6.67,12,50,ANOMALY,0,1.0,1.0,0.301,CRITICAL,0
0,34.4,73.6,J&K LoC,Train_data.csv,12,0,0.08,0.0,6.67,0,1,ANOMALY,0,0.0,1.0,0.105,CRITICAL,0
0,31.6,74.6,Punjab Sector,Train_data.csv,12,0,0.01,0.0,6.67,12,50,ANOMALY,0,0.0,1.0,0.308,CRITICAL,0
0,25.7,71.4,Rajasthan Border,Train_data.csv,12,0,1.0,0.0,6.67,0,1,NORMAL,0,0.0,1.0,0.3665,MEDIUM,0
0,31.6,74.6,Punjab Sector,Train_data.csv,12,0,1.0,0.0,6.67,0,1,NORMAL,0,0.0,1.0,0.3705,MEDIUM,0
0,27.6,91.9,Arunachal Sector,Train_data.csv,12,0,1.0,0.0,6.67,0,1,NORMAL,0,0.0,1.0,0.3745,MEDIUM,0
0,35.1,77.8,Ladakh LAC,Train_data.csv,12,0,1.0,0.0,6.67,2,9,NORMAL,0,0.0,1.0,0.4955,MEDIUM,0
0,33.5,74.2,J&K LoC,Train_data.csv,12,0,0.0,0.0,6.67,4,20,ANOMALY,0,1.0,1.0,0.2235,CRITICAL,0
0,27.6,91.9,Arunachal Sector,Train_data.csv,12,0,1.0,0.0,6.67,3,15,NORMAL,0,0.07,1.0,0.504,MEDIUM,0
0,23.9,70.0,Gujarat Coast,Train_data.csv,12,0,0.0,0.0,6.67,12,50,ANOMALY,0,1.0,1.0,0.2955,CRITICAL,0
0,35.5,76.9,Ladakh LAC,Train_data.csv,12,0,0.18,0.0,6.67,0,1,ANOMALY,0,0.0,1.0,0.1315,CRITICAL,0
0,35.5,76.9,Ladakh LAC,Train_data.csv,12,0,1.0,0.0,6.67,1,7,NORMAL,0,0.0,1.0,0.4705,MEDIUM,0
0,23.0,68.9,Gujarat Coast,Train_data.csv,12,0,0.0,0.0,6.67,12,50,ANOMALY,0,0.0,1.0,0.297,CRITICAL,0
0,22.7,92.7,Northeast Sector,Train_data.csv,12,0,1.0,0.0,6.67,0,1,NORMAL,0,1.0,1.0,0.3595,MEDIUM,0
0,23.9,70.0,Gujarat Coast,Train_data.csv,12,0,1.0,0.0,6.67,1,6,NORMAL,0,0.0,1.0,0.4385,MEDIUM,0
0,23.0,68.9,Gujarat Coast,Train_data.csv,12,0,0.0,0.0,6.67,12,50,ANOMALY,0,1.0,1.0,0.297,CRITICAL,0
0,33.7,78.9,Ladakh LAC,Train_data.csv,12,0,0.0,0.0,6.67,12,50,ANOMALY,0,1.0,1.0,0.3145,CRITICAL,0
0,33.5,74.2,J&K LoC,Train_data.csv,12,0,1.0,0.0,6.67,0,2,NORMAL,0,0.0,1.0,0.3945,MEDIUM,0
0,25.7,71.4,Rajasthan Border,Train_data.csv,12,0,1.0,0.0,6.67,0,1,NORMAL,0,0.0,1.0,0.3665,MEDIUM,0
0,35.5,76.9,Ladakh LAC,Train_data.csv,12,0,1.0,0.0,6.67,1,5,NORMAL,0,0.0,1.0,0.4395,MEDIUM,0
0,34.4,73.6,J&K LoC,Train_data.csv,12,0,0.0,0.0,6.67,12,50,ANOMALY,0,1.0,1.0,0.3155,CRITICAL,0
0,33.5,74.2,J&K LoC,Train_data.csv,12,0,1.0,0.0,6.67,1,5,NORMAL,0,0.0,1.0,0.441,MEDIUM,0
0,27.6,91.9,Arunachal Sector,Train_data.csv,12,0,0.01,0.0,6.67,0,1,ANOMALY,0,0.0,1.0,0.0775,CRITICAL,0
0,23.0,68.9,Gujarat Coast,Train_data.csv,12,0,0.0,0.0,6.67,12,50,ANOMALY,0,0.12,1.0,0.297,CRITICAL,0
0,35.5,76.9,Ladakh LAC,Train_data.csv,12,0,0.0,0.0,6.67,12,50,ANOMALY,0,1.0,1.0,0.312,CRITICAL,0
0,27.6,91.9,Arunachal Sector,Train_data.csv,12,0,0.0,0.0,6.67,8,35,ANOMALY,0,0.17,1.0,0.264,CRITICAL,0
0,27.6,91.9,Arunachal Sector,Train_data.csv,12,0,0.45,0.0,6.67,12,50,NORMAL,0,0.0,1.0,0.444,MEDIUM,0
0,27.6,91.9,Arunachal Sector,Train_data.csv,12,0,1.0,0.0,6.67,2,9,NORMAL,0,0.0,1.0,0.486,MEDIUM,0
0,25.7,71.4,Rajasthan Border,Train_data.csv,12,0,0.0,0.0,6.67,0,1,NORMAL,0,0.0,1.0,0.0665,LOW,0
0,33.5,74.2,J&K LoC,Train_data.csv,12,0,1.0,0.0,6.67,0,1,NORMAL,0,0.0,1.0,0.379,MEDIUM,0
0,33.5,74.2,J&K LoC,Train_data.csv,12,0,1.0,0.0,6.67,5,22,NORMAL,0,0.0,1.0,0.5295,HIGH,0
0,23.0,68.9,Gujarat Coast,Train_data.csv,12,0,1.0,0.0,6.67,1,8,NORMAL,0,0.0,1.0,0.471,MEDIUM,0
0,33.7,78.9,Ladakh LAC,Train_data.csv,12,0,0.01,0.0,6.67,0,2,ANOMALY,0,0.0,1.0,0.0985,CRITICAL,0
0,22.7,92.7,Northeast Sector,Train_data.csv,12,0,0.35,0.0,6.67,0,2,NORMAL,0,0.0,1.0,0.18,LOW,0
0,30.2,80.3,Uttarakhand Pass,Train_data.csv,12,0,1.0,0.0,6.67,0,2,NORMAL,0,0.0,1.0,0.38,MEDIUM,0
0,30.2,80.3,Uttarakhand Pass,Train_data.csv,12,0,1.0,0.0,6.67,0,4,NORMAL,0,0.0,1.0,0.411,MEDIUM,0
0,25.7,71.4,Rajasthan Border,Train_data.csv,12,0,0.0,0.0,6.67,12,50,ANOMALY,0,1.0,1.0,0.301,CRITICAL,0
0,23.0,68.9,Gujarat Coast,Train_data.csv,12,0,0.0,0.0,6.67,12,50,ANOMALY,0,1.0,1.0,0.297,CRITICAL,0
0,22.7,92.7,Northeast Sector,Train_data.csv,12,0,1.0,0.0,6.67,0,1,NORMAL,0,0.0,1.0,0.3595,MEDIUM,0
0,30.2,80.3,Uttarakhand Pass,Train_data.csv,12,0,0.0,0.0,6.67,12,50,ANOMALY,0,1.0,1.0,0.299,CRITICAL,0
0,31.6,74.6,Punjab Sector,Train_data.csv,12,0,1.0,0.0,6.67,1,7,NORMAL,0,0.0,1.0,0.4635,MEDIUM,0
0,23.0,68.9,Gujarat Coast,Train_data.csv,12,0,1.0,0.0,6.67,0,1,NORMAL,0,1.0,1.0,0.3625,MEDIUM,0
0,33.7,78.9,Ladakh LAC,Train_data.csv,12,0,1.0,0.0,6.67,0,2,NORMAL,0,0.0,1.0,0.3955,MEDIUM,0
0,27.6,91.9,Arunachal Sector,Train_data.csv,12,0,0.0,0.0,6.67,12,50,ANOMALY,0,1.0,1.0,0.309,CRITICAL,0
0,31.6,74.6,Punjab Sector,Train_data.csv,12,0,1.0,0.0,6.67,12,50,ANOMALY,0,0.0,1.0,0.605,CRITICAL,0
0,35.1,77.8,Ladakh LAC,Train_data.csv,12,0,0.08,0.0,6.67,0,1,ANOMALY,0,0.0,1.0,0.108,CRITICAL,0
0,27.6,91.9,Arunachal Sector,Train_data.csv,12,0,1.0,0.0,6.67,0,2,NORMAL,0,0.0,1.0,0.39,MEDIUM,0
0,25.7,71.4,Rajasthan Border,Train_data.csv,12,0,0.08,0.0,6.67,0,1,ANOMALY,0,0.0,1.0,0.0905,CRITICAL,0
0,22.7,92.7,Northeast Sector,Train_data.csv,12,0,1.0,0.0,6.67,0,2,NORMAL,0,0.0,1.0,0.375,MEDIUM,0
0,27.4,88.8,Sikkim Ridge,Train_data.csv,12,0,1.0,0.0,6.67,2,12,NORMAL,0,0.0,1.0,0.4935,MEDIUM,0
0,28.1,96.3,Arunachal Sector,Train_data.csv,12,0,1.0,0.0,6.67,1,7,NORMAL,0,0.0,1.0,0.461,MEDIUM,0
0,27.3,89.1,Sikkim Ridge,Train_data.csv,12,0,0.0,0.0,6.67,2,11,ANOMALY,0,1.0,1.0,0.194,CRITICAL,0
0,25.7,71.4,Rajasthan Border,Train_data.csv,12,0,0.0,0.0,6.67,12,50,ANOMALY,0,1.0,1.0,0.301,CRITICAL,0
0,30.2,80.3,Uttarakhand Pass,Train_data.csv,12,0,0.0,0.0,6.67,12,50,ANOMALY,0,1.0,1.0,0.299,CRITICAL,0
0,35.1,77.8,Ladakh LAC,Train_data.csv,12,0,1.0,0.0,6.67,5,23,NORMAL,0,0.0,1.0,0.5375,HIGH,0
0,30.2,80.3,Uttarakhand Pass,Train_data.csv,12,0,0.08,0.0,6.67,0,1,ANOMALY,0,0.0,1.0,0.0885,CRITICAL,0
0,27.3,89.1,Sikkim Ridge,Train_data.csv,12,0,1.0,0.0,6.67,2,11,NORMAL,0,0.0,1.0,0.494,MEDIUM,0
0,25.7,71.4,Rajasthan Border,Train_data.csv,12,0,0.01,0.0,6.67,2,12,ANOMALY,0,0.0,1.0,0.19,CRITICAL,0
0,33.5,74.2,J&K LoC,Train_data.csv,12,0,1.0,0.0,6.67,12,50,ANOMALY,0,0.0,1.0,0.6135,CRITICAL,0
0,22.7,92.7,Northeast Sector,Train_data.csv,12,0,0.0,0.0,6.67,12,50,ANOMALY,0,1.0,1.0,0.294,CRITICAL,0
0,31.6,74.6,Punjab Sector,Train_data.csv,12,0,0.78,0.0,6.67,12,50,NORMAL,0,0.0,1.0,0.539,HIGH,0
0,28.1,96.3,Arunachal Sector,Train_data.csv,12,0,1.0,0.0,6.67,0,1,NORMAL,0,0.0,1.0,0.368,MEDIUM,0
0,27.3,89.1,Sikkim Ridge,Train_data.csv,12,0,0.0,0.0,6.67,12,50,ANOMALY,0,0.0,1.0,0.311,CRITICAL,0
0,35.5,76.9,Ladakh LAC,Train_data.csv,12,0,1.0,0.0,6.67,0,1,NORMAL,0,0.0,1.0,0.3775,MEDIUM,0
0,22.7,92.7,Northeast Sector,Train_data.csv,12,0,0.0,0.0,6.67,12,50,ANOMALY,0,1.0,1.0,0.294,CRITICAL,0
0,23.9,70.0,Gujarat Coast,Train_data.csv,12,0,0.0,0.0,6.67,12,50,ANOMALY,0,1.0,1.0,0.2955,CRITICAL,0
0,23.9,70.0,Gujarat Coast,Train_data.csv,12,0,0.09,0.0,6.67,0,2,NORMAL,0,0.0,1.0,0.1035,LOW,0
0,27.6,91.9,Arunachal Sector,Train_data.csv,12,0,0.01,0.0,6.67,0,2,ANOMALY,0,0.0,1.0,0.093,CRITICAL,0
0,27.6,91.9,Arunachal Sector,Train_data.csv,12,0,0.0,0.0,6.67,12,50,ANOMALY,0,1.0,1.0,0.309,CRITICAL,0
0,23.9,70.0,Gujarat Coast,Train_data.csv,12,0,1.0,0.0,6.67,0,2,NORMAL,0,0.0,1.0,0.3765,MEDIUM,0
0,30.2,80.3,Uttarakhand Pass,Train_data.csv,12,0,0.08,0.0,6.67,0,1,ANOMALY,0,0.0,1.0,0.0885,CRITICAL,0
0,25.7,71.4,Rajasthan Border,Train_data.csv,12,0,1.0,0.0,6.67,0,3,NORMAL,0,0.0,1.0,0.3975,MEDIUM,0
0,27.4,88.8,Sikkim Ridge,Train_data.csv,12,0,0.46,0.0,6.67,12,50,NORMAL,0,0.0,1.0,0.4455,MEDIUM,0
0,27.3,89.1,Sikkim Ridge,Train_data.csv,12,0,0.0,0.0,6.67,12,50,ANOMALY,0,1.0,1.0,0.311,CRITICAL,0
0,31.6,74.6,Punjab Sector,Train_data.csv,12,0,1.0,0.0,6.67,0,1,NORMAL,0,0.0,1.0,0.3705,MEDIUM,0
0,23.9,70.0,Gujarat Coast,Train_data.csv,12,0,0.0,0.0,6.67,6,28,ANOMALY,0,1.0,1.0,0.2295,CRITICAL,0
0,28.1,96.3,Arunachal Sector,Train_data.csv,12,0,1.0,0.0,6.67,0,1,NORMAL,0,0.0,1.0,0.368,MEDIUM,0
0,23.9,70.0,Gujarat Coast,Train_data.csv,12,0,1.0,0.0,6.67,0,2,NORMAL,0,0.0,1.0,0.3765,MEDIUM,0
0,33.7,78.9,Ladakh LAC,Train_data.csv,12,0,0.0,0.0,6.67,12,50,ANOMALY,0,1.0,1.0,0.3145,CRITICAL,0
0,27.3,89.1,Sikkim Ridge,Train_data.csv,12,0,0.36,0.0,6.67,3,13,NORMAL,0,0.0,1.0,0.308,LOW,0
0,33.5,74.2,J&K LoC,Train_data.csv,12,0,1.0,0.0,6.67,0,1,NORMAL,0,0.0,1.0,0.379,MEDIUM,0
0,22.7,92.7,Northeast Sector,Train_data.csv,12,0,0.0,0.0,6.67,12,50,ANOMALY,0,1.0,1.0,0.294,CRITICAL,0
0,33.5,74.2,J&K LoC,Train_data.csv,12,0,1.0,0.0,6.67,3,16,NORMAL,0,0.0,1.0,0.5115,MEDIUM,0
0,27.6,91.9,Arunachal Sector,Train_data.csv,12,0,1.0,0.0,6.67,12,50,ANOMALY,0,0.0,1.0,0.609,CRITICAL,0
0,23.9,70.0,Gujarat Coast,Train_data.csv,12,0,0.0,0.0,6.67,12,50,ANOMALY,0,1.0,1.0,0.2955,CRITICAL,0
0,22.7,92.7,Northeast Sector,Train_data.csv,12,0,1.0,0.0,6.67,2,9,NORMAL,0,0.0,1.0,0.471,MEDIUM,0
0,22.7,92.7,Northeast Sector,Train_data.csv,12,0,1.0,0.0,6.67,2,10,NORMAL,0,0.1,1.0,0.474,MEDIUM,0
0,35.1,77.8,Ladakh LAC,Train_data.csv,12,0,0.18,0.0,6.67,0,1,ANOMALY,0,0.0,1.0,0.138,CRITICAL,0
0,23.0,68.9,Gujarat Coast,Train_data.csv,12,0,0.08,0.0,6.67,0,1,ANOMALY,0,0.0,1.0,0.0865,CRITICAL,0
0,22.7,92.7,Northeast Sector,Train_data.csv,12,0,1.0,0.0,6.67,0,1,NORMAL,0,0.0,1.0,0.3595,MEDIUM,0
0,23.0,68.9,Gujarat Coast,Train_data.csv,12,0,1.0,0.0,6.67,2,10,NORMAL,0,0.0,1.0,0.477,MEDIUM,0
0,33.7,78.9,Ladakh LAC,Train_data.csv,12,0,1.0,0.0,6.67,0,3,NORMAL,0,0.0,1.0,0.411,MEDIUM,0
0,23.0,68.9,Gujarat Coast,Train_data.csv,12,0,1.0,0.0,6.67,0,4,NORMAL,0,0.0,1.0,0.409,MEDIUM,0
0,34.4,73.6,J&K LoC,Train_data.csv,12,0,1.0,0.0,6.67,0,4,NORMAL,0,0.0,1.0,0.4275,MEDIUM,0
0,27.4,88.8,Sikkim Ridge,Train_data.csv,12,0,1.0,0.0,6.67,0,1,NORMAL,0,0.0,1.0,0.373,MEDIUM,0
0,31.6,74.6,Punjab Sector,Train_data.csv,12,0,1.0,0.0,6.67,4,20,ANOMALY,0,0.0,1.0,0.515,CRITICAL,0
0,27.3,89.1,Sikkim Ridge,Train_data.csv,12,0,0.0,0.0,6.67,12,50,ANOMALY,0,0.0,1.0,0.311,CRITICAL,0
0,25.7,71.4,Rajasthan Border,Train_data.csv,12,0,1.0,0.0,6.67,0,1,NORMAL,0,0.0,1.0,0.3665,MEDIUM,0
0,33.7,78.9,Ladakh LAC,Train_data.csv,12,0,0.0,0.0,6.67,12,50,ANOMALY,0,1.0,1.0,0.3145,CRITICAL,0
0,31.6,74.6,Punjab Sector,Train_data.csv,12,0,0.0,0.0,6.67,12,50,ANOMALY,0,1.0,1.0,0.305,CRITICAL,0
0,31.6,74.6,Punjab Sector,Train_data.csv,12,0,1.0,0.0,6.67,8,34,NORMAL,0,0.0,1.0,0.557,HIGH,0
0,31.6,74.6,Punjab Sector,Train_data.csv,12,0,0.0,0.0,6.67,12,50,ANOMALY,0,1.0,1.0,0.305,CRITICAL,0
0,27.6,91.9,Arunachal Sector,Train_data.csv,12,0,1.0,0.0,6.67,1,5,NORMAL,0,0.0,1.0,0.4365,MEDIUM,0
0,27.6,91.9,Arunachal Sector,Train_data.csv,12,0,0.08,0.0,6.67,0,1,ANOMALY,0,0.0,1.0,0.0985,CRITICAL,0
0,33.7,78.9,Ladakh LAC,Train_data.csv,12,0,0.0,0.0,6.67,12,50,ANOMALY,0,1.0,1.0,0.3145,CRITICAL,0
0,27.3,89.1,Sikkim Ridge,Train_data.csv,12,0,0.0,0.0,6.67,12,50,ANOMALY,0,1.0,1.0,0.311,CRITICAL,0
0,30.2,80.3,Uttarakhand Pass,Train_data.csv,12,0,0.0,0.0,6.67,12,50,ANOMALY,0,1.0,1.0,0.299,CRITICAL,0
0,28.1,96.3,Arunachal Sector,Train_data.csv,12,0,0.91,0.0,6.67,0,1,NORMAL,0,0.0,1.0,0.341,MEDIUM,0
0,27.3,89.1,Sikkim Ridge,Train_data.csv,12,0,1.0,0.0,6.67,0,1,NORMAL,0,0.0,1.0,0.3765,MEDIUM,0
0,27.6,91.9,Arunachal Sector,Train_data.csv,12,0,1.0,0.0,6.67,0,3,NORMAL,0,0.0,1.0,0.4055,MEDIUM,0
0,33.7,78.9,Ladakh LAC,Train_data.csv,12,0,1.0,0.0,6.67,0,1,NORMAL,0,0.0,1.0,0.38,MEDIUM,0
0,31.6,74.6,Punjab Sector,Train_data.csv,12,0,1.0,0.0,6.67,0,4,NORMAL,0,0.0,1.0,0.417,MEDIUM,0
0,23.9,70.0,Gujarat Coast,Train_data.csv,12,0,0.0,0.0,6.67,12,50,ANOMALY,0,1.0,1.0,0.2955,CRITICAL,0
0,27.6,91.9,Arunachal Sector,Train_data.csv,12,0,0.0,0.0,6.67,1,7,ANOMALY,0,1.0,1.0,0.1675,CRITICAL,0
0,23.9,70.0,Gujarat Coast,Train_data.csv,12,0,1.0,0.0,6.67,1,7,NORMAL,0,0.0,1.0,0.454,MEDIUM,0
0,30.2,80.3,Uttarakhand Pass,Train_data.csv,12,0,1.0,0.0,6.67,1,6,NORMAL,0,0.17,1.0,0.442,MEDIUM,0
0,35.5,76.9,Ladakh LAC,Train_data.csv,12,0,0.0,0.0,6.67,12,50,ANOMALY,0,1.0,1.0,0.312,CRITICAL,0
0,28.1,96.3,Arunachal Sector,Train_data.csv,12,0,0.44,0.0,6.67,12,50,NORMAL,0,0.0,1.0,0.4345,MEDIUM,0
0,35.1,77.8,Ladakh LAC,Train_data.csv,12,0,1.0,0.0,6.67,0,4,NORMAL,0,0.0,1.0,0.4305,MEDIUM,0
0,35.1,77.8,Ladakh LAC,Train_data.csv,12,0,1.0,0.0,6.67,2,12,NORMAL,0,0.0,1.0,0.5045,MEDIUM,0
0,28.1,96.3,Arunachal Sector,Train_data.csv,12,0,1.0,0.0,6.67,1,8,NORMAL,0,0.0,1.0,0.4765,MEDIUM,0
0,27.3,89.1,Sikkim Ridge,Train_data.csv,12,0,1.0,0.0,6.67,1,8,NORMAL,0,0.0,1.0,0.485,MEDIUM,0
0,23.0,68.9,Gujarat Coast,Train_data.csv,12,0,0.0,0.0,6.67,12,50,ANOMALY,0,0.0,1.0,0.297,CRITICAL,0
0,35.5,76.9,Ladakh LAC,Train_data.csv,12,0,1.0,0.0,6.67,7,33,NORMAL,0,0.0,1.0,0.561,HIGH,0
0,23.9,70.0,Gujarat Coast,Train_data.csv,12,0,0.0,0.0,6.67,12,50,ANOMALY,0,1.0,1.0,0.2955,CRITICAL,0
0,33.7,78.9,Ladakh LAC,Train_data.csv,12,0,0.0,0.0,6.67,12,50,ANOMALY,0,0.0,1.0,0.3145,CRITICAL,0
0,35.5,76.9,Ladakh LAC,Train_data.csv,12,0,1.0,0.0,6.67,0,2,NORMAL,0,0.0,1.0,0.393,MEDIUM,0
0,25.7,71.4,Rajasthan Border,Train_data.csv,12,0,0.48,0.0,6.67,0,4,NORMAL,0,0.0,1.0,0.257,LOW,0
0,23.0,68.9,Gujarat Coast,Train_data.csv,12,0,0.0,0.0,6.67,12,50,ANOMALY,0,1.0,1.0,0.297,CRITICAL,0
0,31.6,74.6,Punjab Sector,Train_data.csv,12,0,1.0,0.0,6.67,0,2,NORMAL,0,0.0,1.0,0.386,MEDIUM,0
0,34.4,73.6,J&K LoC,Train_data.csv,12,0,1.0,0.0,6.67,2,10,NORMAL,0,0.0,1.0,0.4955,MEDIUM,0
0,34.4,73.6,J&K LoC,Train_data.csv,12,0,0.0,0.0,6.67,12,50,ANOMALY,0,1.0,1.0,0.3155,CRITICAL,0
0,28.1,96.3,Arunachal Sector,Train_data.csv,12,0,1.0,0.0,6.67,0,3,NORMAL,0,0.0,1.0,0.399,MEDIUM,0
0,27.3,89.1,Sikkim Ridge,Train_data.csv,12,0,0.0,0.0,6.67,12,50,ANOMALY,0,1.0,1.0,0.311,CRITICAL,0
0,22.7,92.7,Northeast Sector,Train_data.csv,12,0,0.0,0.0,6.67,12,50,ANOMALY,0,1.0,1.0,0.294,CRITICAL,0
0,27.6,91.9,Arunachal Sector,Train_data.csv,12,0,0.45,0.0,6.67,12,50,NORMAL,0,0.0,1.0,0.444,MEDIUM,0
0,35.5,76.9,Ladakh LAC,Train_data.csv,12,0,0.0,0.0,6.67,7,31,ANOMALY,0,1.0,1.0,0.255,CRITICAL,0
0,22.7,92.7,Northeast Sector,Train_data.csv,12,0,0.0,0.0,6.67,12,50,ANOMALY,0,1.0,1.0,0.294,CRITICAL,0
0,35.5,76.9,Ladakh LAC,Train_data.csv,12,0,0.0,0.0,6.67,12,50,ANOMALY,0,1.0,1.0,0.312,CRITICAL,0
0,35.1,77.8,Ladakh LAC,Train_data.csv,12,0,0.0,0.0,6.67,1,5,ANOMALY,0,1.0,1.0,0.146,CRITICAL,0
0,27.3,89.1,Sikkim Ridge,Train_data.csv,12,0,1.0,0.0,6.67,1,6,NORMAL,0,0.0,1.0,0.454,MEDIUM,0
0,27.3,89.1,Sikkim Ridge,Train_data.csv,12,0,0.0,0.0,6.67,12,50,ANOMALY,0,1.0,1.0,0.311,CRITICAL,0
0,31.6,74.6,Punjab Sector,Train_data.csv,12,0,0.0,0.0,6.67,0,1,NORMAL,0,1.0,1.0,0.0705,LOW,0
0,33.5,74.2,J&K LoC,Train_data.csv,12,0,1.0,0.0,6.67,0,1,NORMAL,0,0.0,1.0,0.379,MEDIUM,0
0,33.5,74.2,J&K LoC,Train_data.csv,12,0,1.0,0.0,6.67,0,2,NORMAL,0,0.0,1.0,0.3945,MEDIUM,0
0,27.6,91.9,Arunachal Sector,Train_data.csv,12,0,1.0,0.0,6.67,2,9,NORMAL,0,0.0,1.0,0.486,MEDIUM,0
0,22.7,92.7,Northeast Sector,Train_data.csv,12,0,1.0,0.0,6.67,0,1,NORMAL,0,0.0,1.0,0.3595,MEDIUM,0
0,31.6,74.6,Punjab Sector,Train_data.csv,12,0,0.0,0.0,6.67,0,2,NORMAL,0,0.5,1.0,0.086,LOW,0
0,34.4,73.6,J&K LoC,Train_data.csv,12,0,0.0,0.0,6.67,12,50,ANOMALY,0,1.0,1.0,0.3155,CRITICAL,0
0,22.7,92.7,Northeast Sector,Train_data.csv,12,0,0.0,0.0,6.67,12,50,ANOMALY,0,1.0,1.0,0.294,CRITICAL,0
0,35.5,76.9,Ladakh LAC,Train_data.csv,12,0,0.0,0.0,6.67,12,50,ANOMALY,0,1.0,1.0,0.312,CRITICAL,0
0,30.2,80.3,Uttarakhand Pass,Train_data.csv,12,0,0.0,0.0,6.67,12,50,ANOMALY,0,0.0,1.0,0.299,CRITICAL,0
0,23.0,68.9,Gujarat Coast,Train_data.csv,12,0,0.0,0.0,6.67,12,50,ANOMALY,0,1.0,1.0,0.297,CRITICAL,0
0,33.7,78.9,Ladakh LAC,Train_data.csv,12,0,1.0,0.0,6.67,1,8,NORMAL,0,0.0,1.0,0.4885,MEDIUM,0
4,27.6,91.9,Arunachal Sector,Train_data.csv,12,0,1.0,0.0,6.67,0,1,NORMAL,0,0.0,1.0,0.3745,MEDIUM,0
0,27.4,88.8,Sikkim Ridge,Train_data.csv,12,0,1.0,0.0,6.67,12,50,NORMAL,0,0.0,1.0,0.6075,HIGH,0
0,33.5,74.2,J&K LoC,Train_data.csv,12,0,1.0,0.0,6.67,4,17,NORMAL,0,0.0,1.0,0.5145,MEDIUM,0
0,33.7,78.9,Ladakh LAC,Train_data.csv,12,0,1.0,0.0,6.67,1,8,NORMAL,0,0.0,1.0,0.4885,MEDIUM,0
0,31.6,74.6,Punjab Sector,Train_data.csv,12,0,1.0,0.0,6.67,1,8,NORMAL,0,0.0,1.0,0.479,MEDIUM,0
0,27.3,89.1,Sikkim Ridge,Train_data.csv,12,0,0.08,0.0,6.67,0,1,ANOMALY,0,0.0,1.0,0.1005,CRITICAL,0
0,34.4,73.6,J&K LoC,Train_data.csv,12,0,0.0,0.0,6.67,12,50,ANOMALY,0,1.0,1.0,0.3155,CRITICAL,0
0,25.7,71.4,Rajasthan Border,Train_data.csv,12,0,0.45,0.0,6.67,12,50,NORMAL,0,0.0,1.0,0.436,MEDIUM,0
0,23.9,70.0,Gujarat Coast,Train_data.csv,12,0,0.0,0.0,6.67,12,50,ANOMALY,0,1.0,1.0,0.2955,CRITICAL,0
0,30.2,80.3,Uttarakhand Pass,Train_data.csv,12,0,0.0,0.0,6.67,12,50,ANOMALY,0,0.0,1.0,0.299,CRITICAL,0
0,35.5,76.9,Ladakh LAC,Train_data.csv,12,0,0.0,0.0,6.67,12,50,ANOMALY,0,0.0,1.0,0.312,CRITICAL,0
0,35.5,76.9,Ladakh LAC,Train_data.csv,12,0,1.0,0.0,6.67,0,1,NORMAL,0,0.0,1.0,0.3775,MEDIUM,0
0,27.3,89.1,Sikkim Ridge,Train_data.csv,12,0,0.0,0.0,6.67,12,50,ANOMALY,0,1.0,1.0,0.311,CRITICAL,0
0,27.4,88.8,Sikkim Ridge,Train_data.csv,12,0,1.0,0.0,6.67,3,16,NORMAL,0,0.0,1.0,0.5055,MEDIUM,0
0,30.2,80.3,Uttarakhand Pass,Train_data.csv,12,0,0.0,0.0,6.67,12,50,ANOMALY,0,1.0,1.0,0.299,CRITICAL,0
0,33.7,78.9,Ladakh LAC,Train_data.csv,12,0,1.0,0.0,6.67,0,2,NORMAL,0,0.0,1.0,0.3955,MEDIUM,0
0,27.4,88.8,Sikkim Ridge,Train_data.csv,12,0,0.0,0.0,6.67,12,50,ANOMALY,0,1.0,1.0,0.3075,CRITICAL,0
0,27.6,91.9,Arunachal Sector,Train_data.csv,12,0,1.0,0.0,6.67,0,2,NORMAL,0,0.0,1.0,0.39,MEDIUM,0
0,25.7,71.4,Rajasthan Border,Train_data.csv,12,0,0.08,0.0,6.67,0,1,NORMAL,0,0.0,1.0,0.0905,LOW,0
0,23.0,68.9,Gujarat Coast,Train_data.csv,12,0,1.0,0.0,6.67,0,2,NORMAL,0,0.0,1.0,0.378,MEDIUM,0
0,31.6,74.6,Punjab Sector,Train_data.csv,12,0,0.0,0.0,6.67,0,2,NORMAL,0,0.5,1.0,0.086,LOW,0
0,35.1,77.8,Ladakh LAC,Train_data.csv,12,0,0.0,0.0,6.67,12,50,ANOMALY,0,1.0,1.0,0.3185,CRITICAL,0
0,22.7,92.7,Northeast Sector,Train_data.csv,12,0,0.41,0.0,6.67,12,50,NORMAL,0,0.0,1.0,0.417,MEDIUM,0
0,35.1,77.8,Ladakh LAC,Train_data.csv,12,0,0.42,0.0,6.67,12,50,NORMAL,0,0.0,1.0,0.4445,MEDIUM,0
1,22.7,92.7,Northeast Sector,Train_data.csv,12,0,1.0,0.0,6.67,0,2,ANOMALY,0,0.0,1.0,0.375,CRITICAL,0
0,35.1,77.8,Ladakh LAC,Train_data.csv,12,0,0.08,0.0,6.67,0,1,ANOMALY,0,0.0,1.0,0.108,CRITICAL,0
0,27.4,88.8,Sikkim Ridge,Train_data.csv,12,0,1.0,0.0,6.67,1,5,NORMAL,0,0.0,1.0,0.435,MEDIUM,0
0,34.4,73.6,J&K LoC,Train_data.csv,12,0,0.0,0.0,6.67,12,50,ANOMALY,0,0.0,1.0,0.3155,CRITICAL,0
0,34.4,73.6,J&K LoC,Train_data.csv,12,0,1.0,0.0,6.67,0,2,NORMAL,0,0.0,1.0,0.3965,MEDIUM,0
0,25.7,71.4,Rajasthan Border,Train_data.csv,12,0,1.0,0.0,6.67,3,15,NORMAL,0,0.0,1.0,0.496,MEDIUM,0
0,25.7,71.4,Rajasthan Border,Train_data.csv,12,0,0.2,0.0,6.67,0,1,ANOMALY,0,0.0,1.0,0.1265,CRITICAL,0
0,34.4,73.6,J&K LoC,Train_data.csv,12,0,0.0,0.0,6.67,8,36,ANOMALY,0,1.0,1.0,0.2735,CRITICAL,0
0,22.7,92.7,Northeast Sector,Train_data.csv,12,0,0.0,0.0,6.67,0,1,ANOMALY,0,1.0,1.0,0.0595,CRITICAL,0
0,27.6,91.9,Arunachal Sector,Train_data.csv,12,0,0.46,0.0,6.67,12,50,NORMAL,0,0.0,1.0,0.447,MEDIUM,0
0,27.6,91.9,Arunachal Sector,Train_data.csv,12,0,1.0,0.0,6.67,1,8,NORMAL,0,0.0,1.0,0.483,MEDIUM,0
0,27.6,91.9,Arunachal Sector,Train_data.csv,12,0,0.0,0.0,6.67,12,50,ANOMALY,0,1.0,1.0,0.309,CRITICAL,0
1,27.3,89.1,Sikkim Ridge,Train_data.csv,12,0,1.0,0.0,6.67,1,5,ANOMALY,0,0.0,1.0,0.4385,CRITICAL,0
0,35.5,76.9,Ladakh LAC,Train_data.csv,12,0,0.95,0.0,6.67,0,4,NORMAL,0,0.0,1.0,0.409,MEDIUM,0
0,27.3,89.1,Sikkim Ridge,Train_data.csv,12,0,1.0,0.0,6.67,0,1,NORMAL,0,0.0,1.0,0.3765,MEDIUM,0
0,33.7,78.9,Ladakh LAC,Train_data.csv,12,0,0.0,0.0,6.67,12,50,ANOMALY,0,1.0,1.0,0.3145,CRITICAL,0
0,35.1,77.8,Ladakh LAC,Train_data.csv,12,0,0.0,0.0,6.67,12,50,ANOMALY,0,1.0,1.0,0.3185,CRITICAL,0
0,28.1,96.3,Arunachal Sector,Train_data.csv,12,0,0.0,0.0,6.67,12,50,ANOMALY,0,0.0,1.0,0.3025,CRITICAL,0
0,25.7,71.4,Rajasthan Border,Train_data.csv,12,0,0.0,0.0,6.67,12,50,ANOMALY,0,1.0,1.0,0.301,CRITICAL,0
0,23.0,68.9,Gujarat Coast,Train_data.csv,12,0,0.0,0.0,6.67,12,50,ANOMALY,0,1.0,1.0,0.297,CRITICAL,0
0,28.1,96.3,Arunachal Sector,Train_data.csv,12,0,0.01,0.0,6.67,1,5,ANOMALY,0,0.0,1.0,0.133,CRITICAL,0
0,27.6,91.9,Arunachal Sector,Train_data.csv,12,0,0.0,0.0,6.67,12,50,ANOMALY,0,1.0,1.0,0.309,CRITICAL,0
0,23.0,68.9,Gujarat Coast,Train_data.csv,12,0,1.0,0.0,6.67,2,9,NORMAL,0,0.0,1.0,0.474,MEDIUM,0
0,25.7,71.4,Rajasthan Border,Train_data.csv,12,0,0.0,0.0,6.67,12,50,ANOMALY,0,1.0,1.0,0.301,CRITICAL,0
0,23.9,70.0,Gujarat Coast,Train_data.csv,12,0,0.17,0.0,6.67,0,1,NORMAL,0,0.0,1.0,0.112,LOW,0
0,33.5,74.2,J&K LoC,Train_data.csv,12,0,1.0,0.0,6.67,1,6,NORMAL,0,0.0,1.0,0.4565,MEDIUM,0
0,23.9,70.0,Gujarat Coast,Train_data.csv,12,0,0.0,0.0,6.67,12,50,ANOMALY,0,1.0,1.0,0.2955,CRITICAL,0
2,22.7,92.7,Northeast Sector,Train_data.csv,12,0,1.0,0.0,6.67,0,4,ANOMALY,0,0.0,1.0,0.406,CRITICAL,0
0,27.3,89.1,Sikkim Ridge,Train_data.csv,12,0,0.0,0.0,6.67,12,50,ANOMALY,0,1.0,1.0,0.311,CRITICAL,0
0,28.1,96.3,Arunachal Sector,Train_data.csv,12,0,0.08,0.0,6.67,0,1,ANOMALY,0,0.0,1.0,0.092,CRITICAL,0
0,27.6,91.9,Arunachal Sector,Train_data.csv,12,0,1.0,0.0,6.67,4,18,NORMAL,0,0.0,1.0,0.513,MEDIUM,0
0,33.7,78.9,Ladakh LAC,Train_data.csv,12,0,1.0,0.0,6.67,5,22,NORMAL,0,0.0,1.0,0.5305,HIGH,0
0,23.0,68.9,Gujarat Coast,Train_data.csv,12,0,1.0,0.0,6.67,0,2,NORMAL,0,0.0,1.0,0.378,MEDIUM,0
0,25.7,71.4,Rajasthan Border,Train_data.csv,12,0,1.0,0.0,6.67,12,50,ANOMALY,0,0.0,1.0,0.601,CRITICAL,0
0,23.9,70.0,Gujarat Coast,Train_data.csv,12,0,1.0,0.0,6.67,0,2,NORMAL,0,0.0,1.0,0.3765,MEDIUM,0
0,35.5,76.9,Ladakh LAC,Train_data.csv,12,0,0.0,0.0,6.67,12,50,ANOMALY,0,1.0,1.0,0.312,CRITICAL,0
0,27.4,88.8,Sikkim Ridge,Train_data.csv,12,0,0.0,0.0,6.67,0,1,ANOMALY,0,0.0,1.0,0.073,CRITICAL,0
0,33.7,78.9,Ladakh LAC,Train_data.csv,12,0,1.0,0.0,6.67,0,1,NORMAL,0,0.0,1.0,0.38,MEDIUM,0
0,33.5,74.2,J&K LoC,Train_data.csv,12,0,0.0,0.0,6.67,12,50,ANOMALY,0,0.0,1.0,0.3135,CRITICAL,0
0,27.6,91.9,Arunachal Sector,Train_data.csv,12,0,0.0,0.0,6.67,12,50,ANOMALY,0,1.0,1.0,0.309,CRITICAL,0
0,35.5,76.9,Ladakh LAC,Train_data.csv,12,0,1.0,0.0,6.67,5,23,NORMAL,0,0.04,1.0,0.531,HIGH,0
0,30.2,80.3,Uttarakhand Pass,Train_data.csv,12,0,0.0,0.0,6.67,12,50,ANOMALY,0,0.0,1.0,0.299,CRITICAL,0
0,33.5,74.2,J&K LoC,Train_data.csv,12,0,0.0,0.0,6.67,0,1,ANOMALY,0,0.0,1.0,0.079,CRITICAL,0
0,33.5,74.2,J&K LoC,Train_data.csv,12,0,0.0,0.0,6.67,12,50,ANOMALY,0,1.0,1.0,0.3135,CRITICAL,0
0,34.4,73.6,J&K LoC,Train_data.csv,12,0,1.0,0.0,6.67,0,2,NORMAL,0,0.0,1.0,0.3965,MEDIUM,0
0,27.6,91.9,Arunachal Sector,Train_data.csv,12,0,1.0,0.0,6.67,6,25,NORMAL,0,0.0,1.0,0.534,HIGH,0
0,35.5,76.9,Ladakh LAC,Train_data.csv,12,0,0.0,0.0,6.67,12,50,ANOMALY,0,0.0,1.0,0.312,CRITICAL,0
0,27.6,91.9,Arunachal Sector,Train_data.csv,12,0,0.0,0.0,6.67,12,50,ANOMALY,0,0.0,1.0,0.309,CRITICAL,0
0,30.2,80.3,Uttarakhand Pass,Train_data.csv,12,0,1.0,0.0,6.67,2,9,NORMAL,0,0.0,1.0,0.476,MEDIUM,0
0,27.6,91.9,Arunachal Sector,Train_data.csv,12,0,0.0,0.0,6.67,0,1,NORMAL,0,0.0,1.0,0.0745,LOW,0
0,34.4,73.6,J&K LoC,Train_data.csv,12,0,0.0,0.0,6.67,12,50,ANOMALY,0,1.0,1.0,0.3155,CRITICAL,0
0,27.4,88.8,Sikkim Ridge,Train_data.csv,12,0,1.0,0.0,6.67,1,6,NORMAL,0,0.0,1.0,0.4505,MEDIUM,0
0,35.1,77.8,Ladakh LAC,Train_data.csv,12,0,1.0,0.0,6.67,3,14,NORMAL,0,0.0,1.0,0.5105,MEDIUM,0
0,33.7,78.9,Ladakh LAC,Train_data.csv,12,0,0.0,0.0,6.67,12,50,ANOMALY,0,1.0,1.0,0.3145,CRITICAL,0
0,35.1,77.8,Ladakh LAC,Train_data.csv,12,0,1.0,0.0,6.67,0,4,NORMAL,0,0.0,1.0,0.4305,MEDIUM,0
0,34.4,73.6,J&K LoC,Train_data.csv,12,0,0.0,0.0,6.67,12,50,ANOMALY,0,1.0,1.0,0.3155,CRITICAL,0
0,27.3,89.1,Sikkim Ridge,Train_data.csv,12,0,0.45,0.0,6.67,12,50,NORMAL,0,0.0,1.0,0.446,MEDIUM,0
0,23.9,70.0,Gujarat Coast,Train_data.csv,12,0,1.0,0.0,6.67,2,10,NORMAL,0,0.0,1.0,0.4755,MEDIUM,0
0,23.0,68.9,Gujarat Coast,Train_data.csv,12,0,1.0,0.0,6.67,7,32,NORMAL,0,0.0,1.0,0.543,HIGH,0
0,34.4,73.6,J&K LoC,Train_data.csv,12,0,0.0,0.0,6.67,12,50,ANOMALY,0,1.0,1.0,0.3155,CRITICAL,0
0,35.1,77.8,Ladakh LAC,Train_data.csv,12,0,1.0,0.0,6.67,5,21,NORMAL,0,0.0,1.0,0.5315,HIGH,0
30,28.1,96.3,Arunachal Sector,Train_data.csv,12,0,1.0,0.0,6.67,0,1,NORMAL,0,0.0,1.0,0.368,MEDIUM,0
0,31.6,74.6,Punjab Sector,Train_data.csv,12,0,0.44,0.0,6.67,12,50,NORMAL,0,0.0,1.0,0.437,MEDIUM,0
0,23.0,68.9,Gujarat Coast,Train_data.csv,12,0,1.0,0.0,6.67,5,22,NORMAL,0,0.0,1.0,0.513,MEDIUM,0
0,23.9,70.0,Gujarat Coast,Train_data.csv,12,0,0.0,0.0,6.67,12,50,ANOMALY,0,1.0,1.0,0.2955,CRITICAL,0
0,28.1,96.3,Arunachal Sector,Train_data.csv,12,0,0.24,0.0,6.67,0,1,NORMAL,0,0.0,1.0,0.14,LOW,0
0,35.5,76.9,Ladakh LAC,Train_data.csv,12,0,1.0,0.0,6.67,1,5,NORMAL,0,0.0,1.0,0.4395,MEDIUM,0
0,35.1,77.8,Ladakh LAC,Train_data.csv,12,0,1.0,0.0,6.67,0,3,NORMAL,0,0.33,1.0,0.415,MEDIUM,0
0,35.5,76.9,Ladakh LAC,Train_data.csv,12,0,0.0,0.0,6.67,12,50,ANOMALY,0,0.0,1.0,0.312,CRITICAL,0
0,35.1,77.8,Ladakh LAC,Train_data.csv,12,0,1.0,0.0,6.67,2,9,NORMAL,0,0.0,1.0,0.4955,MEDIUM,0
0,23.9,70.0,Gujarat Coast,Train_data.csv,12,0,0.0,0.0,6.67,12,50,ANOMALY,0,0.44,1.0,0.2955,CRITICAL,0
0,27.6,91.9,Arunachal Sector,Train_data.csv,12,0,1.0,0.0,6.67,3,14,NORMAL,0,0.0,1.0,0.501,MEDIUM,0
0,23.9,70.0,Gujarat Coast,Train_data.csv,12,0,0.0,0.0,6.67,12,50,ANOMALY,0,0.0,1.0,0.2955,CRITICAL,0
0,30.2,80.3,Uttarakhand Pass,Train_data.csv,12,0,0.0,0.0,6.67,12,50,ANOMALY,0,0.0,1.0,0.299,CRITICAL,0
30,30.2,80.3,Uttarakhand Pass,Train_data.csv,12,0,1.0,0.0,6.67,0,1,NORMAL,0,0.0,1.0,0.3645,MEDIUM,0
0,27.3,89.1,Sikkim Ridge,Train_data.csv,12,0,1.0,0.0,6.67,2,10,NORMAL,0,0.0,1.0,0.491,MEDIUM,0
0,23.9,70.0,Gujarat Coast,Train_data.csv,12,0,0.0,0.0,6.67,12,50,ANOMALY,0,1.0,1.0,0.2955,CRITICAL,0
0,35.1,77.8,Ladakh LAC,Train_data.csv,12,0,1.0,0.0,6.67,0,1,NORMAL,0,0.0,1.0,0.384,MEDIUM,0
0,34.4,73.6,J&K LoC,Train_data.csv,12,0,0.01,0.0,6.67,0,2,ANOMALY,0,0.0,1.0,0.0995,CRITICAL,0
0,27.3,89.1,Sikkim Ridge,Train_data.csv,12,0,1.0,0.0,6.67,0,2,NORMAL,0,0.0,1.0,0.392,MEDIUM,0
22,28.1,96.3,Arunachal Sector,Train_data.csv,12,0,1.0,0.0,6.67,0,1,NORMAL,0,0.0,1.0,0.368,MEDIUM,0
0,30.2,80.3,Uttarakhand Pass,Train_data.csv,12,0,0.0,0.0,6.67,12,50,ANOMALY,0,1.0,1.0,0.299,CRITICAL,0
0,23.0,68.9,Gujarat Coast,Train_data.csv,12,0,1.0,0.0,6.67,0,1,NORMAL,0,0.0,1.0,0.3625,MEDIUM,0
0,30.2,80.3,Uttarakhand Pass,Train_data.csv,12,0,0.0,0.0,6.67,12,50,ANOMALY,0,1.0,1.0,0.299,CRITICAL,0
0,33.7,78.9,Ladakh LAC,Train_data.csv,12,0,1.0,0.0,6.67,0,3,NORMAL,0,0.0,1.0,0.411,MEDIUM,0
0,27.6,91.9,Arunachal Sector,Train_data.csv,12,0,1.0,0.0,6.67,2,10,NORMAL,0,0.0,1.0,0.489,MEDIUM,0
0,23.0,68.9,Gujarat Coast,Train_data.csv,12,0,1.0,0.0,6.67,1,5,NORMAL,0,0.0,1.0,0.4245,MEDIUM,0
0,33.7,78.9,Ladakh LAC,Train_data.csv,12,0,0.0,0.0,6.67,12,50,ANOMALY,0,1.0,1.0,0.3145,CRITICAL,0
0,27.4,88.8,Sikkim Ridge,Train_data.csv,12,0,0.0,0.0,6.67,12,50,ANOMALY,0,1.0,1.0,0.3075,CRITICAL,0
0,30.2,80.3,Uttarakhand Pass,Train_data.csv,12,0,0.0,0.0,6.67,12,50,ANOMALY,0,0.0,1.0,0.299,CRITICAL,0
0,23.0,68.9,Gujarat Coast,Train_data.csv,12,0,0.0,0.0,6.67,0,1,ANOMALY,0,0.0,1.0,0.0625,CRITICAL,0
0,25.7,71.4,Rajasthan Border,Train_data.csv,12,0,1.0,0.0,6.67,0,1,NORMAL,0,1.0,1.0,0.3665,MEDIUM,0
0,27.3,89.1,Sikkim Ridge,Train_data.csv,12,0,1.0,0.0,6.67,1,5,NORMAL,0,0.0,1.0,0.4385,MEDIUM,0
0,27.6,91.9,Arunachal Sector,Train_data.csv,12,0,1.0,0.0,6.67,0,1,ANOMALY,0,0.0,1.0,0.3745,CRITICAL,0
0,28.1,96.3,Arunachal Sector,Train_data.csv,12,0,0.42,0.0,6.67,12,50,NORMAL,0,0.0,1.0,0.4285,MEDIUM,0
0,27.3,89.1,Sikkim Ridge,Train_data.csv,12,0,1.0,0.0,6.67,1,6,NORMAL,0,0.0,1.0,0.454,MEDIUM,0
0,33.7,78.9,Ladakh LAC,Train_data.csv,12,0,1.0,0.0,6.67,0,4,NORMAL,0,0.0,1.0,0.4265,MEDIUM,0
0,31.6,74.6,Punjab Sector,Train_data.csv,12,0,0.0,0.0,6.67,12,50,ANOMALY,0,1.0,1.0,0.305,CRITICAL,0
0,33.7,78.9,Ladakh LAC,Train_data.csv,12,0,0.45,0.0,6.67,12,50,NORMAL,0,0.0,1.0,0.4495,MEDIUM,0
0,31.6,74.6,Punjab Sector,Train_data.csv,12,0,0.0,0.0,6.67,12,50,ANOMALY,0,1.0,1.0,0.305,CRITICAL,0
0,23.0,68.9,Gujarat Coast,Train_data.csv,12,0,1.0,0.0,6.67,12,50,ANOMALY,0,0.0,1.0,0.597,CRITICAL,0
0,22.7,92.7,Northeast Sector,Train_data.csv,12,0,1.0,0.0,6.67,2,12,NORMAL,0,0.08,1.0,0.48,MEDIUM,0
0,34.4,73.6,J&K LoC,Train_data.csv,12,0,1.0,0.0,6.67,12,50,ANOMALY,0,0.0,1.0,0.6155,CRITICAL,0
0,23.0,68.9,Gujarat Coast,Train_data.csv,12,0,0.0,0.0,6.67,7,30,ANOMALY,0,1.0,1.0,0.237,CRITICAL,0
0,34.4,73.6,J&K LoC,Train_data.csv,12,0,0.0,0.0,6.67,12,50,ANOMALY,0,1.0,1.0,0.3155,CRITICAL,0
0,28.1,96.3,Arunachal Sector,Train_data.csv,12,0,0.0,0.0,6.67,12,50,ANOMALY,0,1.0,1.0,0.3025,CRITICAL,0
0,35.5,76.9,Ladakh LAC,Train_data.csv,12,0,0.0,0.0,6.67,12,50,ANOMALY,0,1.0,1.0,0.312,CRITICAL,0
0,35.5,76.9,Ladakh LAC,Train_data.csv,12,0,0.0,0.0,6.67,2,12,ANOMALY,0,1.0,1.0,0.198,CRITICAL,0
0,35.5,76.9,Ladakh LAC,Train_data.csv,12,0,1.0,0.0,6.67,0,3,NORMAL,0,0.0,1.0,0.4085,MEDIUM,0
0,35.1,77.8,Ladakh LAC,Train_data.csv,12,0,1.0,0.0,6.67,1,5,NORMAL,0,0.0,1.0,0.446,MEDIUM,0
0,23.9,70.0,Gujarat Coast,Train_data.csv,12,0,0.0,0.0,6.67,12,50,ANOMALY,0,0.0,1.0,0.2955,CRITICAL,0
0,35.1,77.8,Ladakh LAC,Train_data.csv,12,0,1.0,0.0,6.67,1,5,NORMAL,0,0.0,1.0,0.446,MEDIUM,0
0,28.1,96.3,Arunachal Sector,Train_data.csv,12,0,1.0,0.0,6.67,2,11,NORMAL,0,0.0,1.0,0.4855,MEDIUM,0
0,25.7,71.4,Rajasthan Border,Train_data.csv,12,0,1.0,0.0,6.67,1,5,NORMAL,0,0.0,1.0,0.4285,MEDIUM,0
0,22.7,92.7,Northeast Sector,Train_data.csv,12,0,1.0,0.0,6.67,0,2,NORMAL,0,0.0,1.0,0.375,MEDIUM,0
0,23.9,70.0,Gujarat Coast,Train_data.csv,12,0,0.0,0.0,6.67,12,50,ANOMALY,0,1.0,1.0,0.2955,CRITICAL,0
0,35.5,76.9,Ladakh LAC,Train_data.csv,12,0,0.0,0.0,6.67,12,50,ANOMALY,0,1.0,1.0,0.312,CRITICAL,0
0,22.7,92.7,Northeast Sector,Train_data.csv,12,0,0.0,0.0,6.67,12,50,ANOMALY,0,1.0,1.0,0.294,CRITICAL,0
0,31.6,74.6,Punjab Sector,Train_data.csv,12,0,0.0,0.0,6.67,7,31,ANOMALY,0,1.0,1.0,0.248,CRITICAL,0
0,35.5,76.9,Ladakh LAC,Train_data.csv,12,0,0.0,0.0,6.67,12,50,ANOMALY,0,1.0,1.0,0.312,CRITICAL,0
0,27.3,89.1,Sikkim Ridge,Train_data.csv,12,0,0.0,0.0,6.67,12,50,ANOMALY,0,1.0,1.0,0.311,CRITICAL,0
28,33.5,74.2,J&K LoC,Train_data.csv,12,0,1.0,0.0,6.67,0,1,ANOMALY,0,0.0,1.0,0.379,CRITICAL,0
0,28.1,96.3,Arunachal Sector,Train_data.csv,12,0,1.0,0.0,6.67,1,8,NORMAL,0,0.0,1.0,0.4765,MEDIUM,0
0,35.5,76.9,Ladakh LAC,Train_data.csv,12,0,1.0,0.0,6.67,0,2,NORMAL,0,0.0,1.0,0.393,MEDIUM,0
0,33.5,74.2,J&K LoC,Train_data.csv,12,0,1.0,0.0,6.67,12,50,ANOMALY,0,0.0,1.0,0.6135,CRITICAL,0
0,22.7,92.7,Northeast Sector,Train_data.csv,12,0,1.0,0.0,6.67,0,4,NORMAL,0,0.0,1.0,0.406,MEDIUM,0
0,22.7,92.7,Northeast Sector,Train_data.csv,12,0,1.0,0.0,6.67,0,1,NORMAL,0,0.0,1.0,0.3595,MEDIUM,0
0,22.7,92.7,Northeast Sector,Train_data.csv,12,0,1.0,0.0,6.67,0,1,NORMAL,0,0.0,1.0,0.3595,MEDIUM,0
0,33.5,74.2,J&K LoC,Train_data.csv,12,0,1.0,0.0,6.67,0,1,NORMAL,0,0.0,1.0,0.379,MEDIUM,0
0,27.3,89.1,Sikkim Ridge,Train_data.csv,12,0,1.0,0.0,6.67,2,11,NORMAL,0,0.0,1.0,0.494,MEDIUM,0
0,35.5,76.9,Ladakh LAC,Train_data.csv,12,0,0.0,0.0,6.67,12,50,ANOMALY,0,1.0,1.0,0.312,CRITICAL,0
0,31.6,74.6,Punjab Sector,Train_data.csv,12,0,0.0,0.0,6.67,12,50,ANOMALY,0,1.0,1.0,0.305,CRITICAL,0
0,33.7,78.9,Ladakh LAC,Train_data.csv,12,0,0.0,0.0,6.67,0,1,NORMAL,0,0.0,1.0,0.08,LOW,0
0,27.4,88.8,Sikkim Ridge,Train_data.csv,12,0,1.0,0.0,6.67,0,1,NORMAL,0,0.0,1.0,0.373,MEDIUM,0
0,31.6,74.6,Punjab Sector,Train_data.csv,12,0,1.0,0.0,6.67,0,4,NORMAL,0,0.0,1.0,0.417,MEDIUM,0
0,22.7,92.7,Northeast Sector,Train_data.csv,12,0,1.0,0.0,6.67,0,1,NORMAL,0,1.0,1.0,0.3595,MEDIUM,0
0,27.6,91.9,Arunachal Sector,Train_data.csv,12,0,0.0,0.0,6.67,12,50,ANOMALY,0,1.0,1.0,0.309,CRITICAL,0
0,33.7,78.9,Ladakh LAC,Train_data.csv,12,0,0.0,0.0,6.67,12,50,ANOMALY,0,1.0,1.0,0.3145,CRITICAL,0
0,23.0,68.9,Gujarat Coast,Train_data.csv,12,0,0.36,0.0,6.67,0,3,NORMAL,0,0.0,1.0,0.2015,LOW,0
0,35.1,77.8,Ladakh LAC,Train_data.csv,12,0,1.0,0.0,6.67,0,2,NORMAL,0,0.0,1.0,0.3995,MEDIUM,0
0,30.2,80.3,Uttarakhand Pass,Train_data.csv,12,0,0.0,0.0,6.67,12,50,ANOMALY,0,1.0,1.0,0.299,CRITICAL,0
0,23.0,68.9,Gujarat Coast,Train_data.csv,12,0,0.0,0.0,6.67,12,50,ANOMALY,0,0.23,1.0,0.297,CRITICAL,0
0,30.2,80.3,Uttarakhand Pass,Train_data.csv,12,0,0.75,0.0,6.67,0,1,NORMAL,0,0.0,1.0,0.2895,LOW,0
0,28.1,96.3,Arunachal Sector,Train_data.csv,12,0,0.0,0.0,6.67,0,2,NORMAL,0,0.5,1.0,0.0835,LOW,0
0,23.9,70.0,Gujarat Coast,Train_data.csv,12,0,0.0,0.0,6.67,0,2,NORMAL,0,0.5,1.0,0.0765,LOW,0
0,28.1,96.3,Arunachal Sector,Train_data.csv,12,0,0.0,0.0,6.67,12,50,ANOMALY,0,1.0,1.0,0.3025,CRITICAL,0
0,25.7,71.4,Rajasthan Border,Train_data.csv,12,0,1.0,0.0,6.67,12,50,ANOMALY,0,0.0,1.0,0.601,CRITICAL,0
0,27.3,89.1,Sikkim Ridge,Train_data.csv,12,0,0.08,0.0,6.67,0,1,ANOMALY,0,0.0,1.0,0.1005,CRITICAL,0
0,35.1,77.8,Ladakh LAC,Train_data.csv,12,0,0.36,0.0,6.67,0,1,NORMAL,0,0.0,1.0,0.192,LOW,0
0,27.4,88.8,Sikkim Ridge,Train_data.csv,12,0,0.0,0.0,6.67,12,50,ANOMALY,0,1.0,1.0,0.3075,CRITICAL,0
0,35.1,77.8,Ladakh LAC,Train_data.csv,12,0,1.0,0.0,6.67,0,3,NORMAL,0,0.0,1.0,0.415,MEDIUM,0
0,33.5,74.2,J&K LoC,Train_data.csv,12,0,1.0,0.0,6.67,0,1,NORMAL,0,0.0,1.0,0.379,MEDIUM,0
0,31.6,74.6,Punjab Sector,Train_data.csv,12,0,0.0,0.0,6.67,12,50,ANOMALY,0,1.0,1.0,0.305,CRITICAL,0
0,28.1,96.3,Arunachal Sector,Train_data.csv,12,0,0.46,0.0,6.67,12,50,NORMAL,0,0.0,1.0,0.4405,MEDIUM,0
0,27.4,88.8,Sikkim Ridge,Train_data.csv,12,0,1.0,0.0,6.67,1,8,NORMAL,0,0.0,1.0,0.4815,MEDIUM,0
0,31.6,74.6,Punjab Sector,Train_data.csv,12,0,0.0,0.0,6.67,12,50,ANOMALY,0,0.0,1.0,0.305,CRITICAL,0
0,33.7,78.9,Ladakh LAC,Train_data.csv,12,0,1.0,0.0,6.67,9,38,NORMAL,0,0.0,1.0,0.5785,HIGH,0
0,27.6,91.9,Arunachal Sector,Train_data.csv,12,0,0.0,0.0,6.67,12,50,ANOMALY,0,1.0,1.0,0.309,CRITICAL,0
0,27.3,89.1,Sikkim Ridge,Train_data.csv,12,0,0.18,0.0,6.67,0,1,ANOMALY,0,0.0,1.0,0.1305,CRITICAL,0
0,33.7,78.9,Ladakh LAC,Train_data.csv,12,0,0.0,0.0,6.67,12,50,ANOMALY,0,0.0,1.0,0.3145,CRITICAL,0
0,23.0,68.9,Gujarat Coast,Train_data.csv,12,0,1.0,0.0,6.67,1,7,NORMAL,0,0.0,1.0,0.4555,MEDIUM,0
0,34.4,73.6,J&K LoC,Train_data.csv,12,0,0.0,0.0,6.67,0,1,ANOMALY,0,0.0,1.0,0.081,CRITICAL,0
0,23.9,70.0,Gujarat Coast,Train_data.csv,12,0,1.0,0.0,6.67,4,20,NORMAL,0,0.0,1.0,0.5055,MEDIUM,0
0,28.1,96.3,Arunachal Sector,Train_data.csv,12,0,0.43,0.0,6.67,10,42,NORMAL,0,0.0,1.0,0.4075,MEDIUM,0
0,30.2,80.3,Uttarakhand Pass,Train_data.csv,12,0,0.0,0.0,6.67,12,50,ANOMALY,0,1.0,1.0,0.299,CRITICAL,0
0,35.5,76.9,Ladakh LAC,Train_data.csv,12,0,0.0,0.0,6.67,12,50,ANOMALY,0,0.05,1.0,0.312,CRITICAL,0
0,28.1,96.3,Arunachal Sector,Train_data.csv,12,0,1.0,0.0,6.67,0,1,NORMAL,0,0.0,1.0,0.368,MEDIUM,0
0,23.0,68.9,Gujarat Coast,Train_data.csv,12,0,0.1,0.0,6.67,0,1,NORMAL,0,0.0,1.0,0.0925,LOW,0
0,27.6,91.9,Arunachal Sector,Train_data.csv,12,0,0.08,0.0,6.67,0,1,ANOMALY,0,0.0,1.0,0.0985,CRITICAL,0
0,34.4,73.6,J&K LoC,Train_data.csv,12,0,1.0,0.0,6.67,4,19,NORMAL,0,0.0,1.0,0.5225,HIGH,0
0,27.4,88.8,Sikkim Ridge,Train_data.csv,12,0,0.0,0.0,6.67,12,50,ANOMALY,0,1.0,1.0,0.3075,CRITICAL,0
0,35.5,76.9,Ladakh LAC,Train_data.csv,12,0,1.0,0.0,6.67,0,2,NORMAL,0,0.0,1.0,0.393,MEDIUM,0
0,27.6,91.9,Arunachal Sector,Train_data.csv,12,0,0.08,0.0,6.67,0,1,ANOMALY,0,0.0,1.0,0.0985,CRITICAL,0
0,27.3,89.1,Sikkim Ridge,Train_data.csv,12,0,1.0,0.0,6.67,11,46,ANOMALY,0,0.0,1.0,0.599,CRITICAL,0
0,30.2,80.3,Uttarakhand Pass,Train_data.csv,12,0,0.08,0.0,6.67,0,1,ANOMALY,0,0.0,1.0,0.0885,CRITICAL,0
0,31.6,74.6,Punjab Sector,Train_data.csv,12,0,0.45,0.0,6.67,12,50,NORMAL,0,0.0,1.0,0.44,MEDIUM,0
0,25.7,71.4,Rajasthan Border,Train_data.csv,12,0,0.0,0.0,6.67,12,50,ANOMALY,0,1.0,1.0,0.301,CRITICAL,0
0,23.9,70.0,Gujarat Coast,Train_data.csv,12,0,0.45,0.0,6.67,12,50,NORMAL,0,0.0,1.0,0.4305,MEDIUM,0
0,35.1,77.8,Ladakh LAC,Train_data.csv,12,0,0.0,0.0,6.67,10,42,ANOMALY,0,1.0,1.0,0.2945,CRITICAL,0
0,28.1,96.3,Arunachal Sector,Train_data.csv,12,0,0.46,0.0,6.67,12,50,NORMAL,0,0.0,1.0,0.4405,MEDIUM,0
0,35.1,77.8,Ladakh LAC,Train_data.csv,12,0,0.0,0.0,6.67,12,50,ANOMALY,0,1.0,1.0,0.3185,CRITICAL,0
0,35.1,77.8,Ladakh LAC,Train_data.csv,12,0,0.0,0.0,6.67,12,50,ANOMALY,0,1.0,1.0,0.3185,CRITICAL,0
0,33.7,78.9,Ladakh LAC,Train_data.csv,12,0,0.0,0.0,6.67,12,50,ANOMALY,0,1.0,1.0,0.3145,CRITICAL,0
0,30.2,80.3,Uttarakhand Pass,Train_data.csv,12,0,0.0,0.0,6.67,0,1,NORMAL,0,0.0,1.0,0.0645,LOW,0
0,33.5,74.2,J&K LoC,Train_data.csv,12,0,0.0,0.0,6.67,12,50,ANOMALY,0,1.0,1.0,0.3135,CRITICAL,0
0,23.0,68.9,Gujarat Coast,Train_data.csv,12,0,1.0,0.0,6.67,0,1,NORMAL,0,0.0,1.0,0.3625,MEDIUM,0
0,31.6,74.6,Punjab Sector,Train_data.csv,12,0,1.0,0.0,6.67,12,50,NORMAL,0,0.0,1.0,0.605,HIGH,0
0,23.0,68.9,Gujarat Coast,Train_data.csv,12,0,0.0,0.0,6.67,0,1,NORMAL,0,0.0,1.0,0.0625,LOW,0
0,35.5,76.9,Ladakh LAC,Train_data.csv,12,0,1.0,0.0,6.67,0,1,NORMAL,0,0.0,1.0,0.3775,MEDIUM,0
0,23.9,70.0,Gujarat Coast,Train_data.csv,12,0,1.0,0.0,6.67,0,2,NORMAL,0,0.5,1.0,0.3765,MEDIUM,0
0,33.5,74.2,J&K LoC,Train_data.csv,12,0,1.0,0.0,6.67,0,2,NORMAL,0,0.0,1.0,0.3945,MEDIUM,0
0,34.4,73.6,J&K LoC,Train_data.csv,12,0,1.0,0.0,6.67,1,8,NORMAL,0,0.12,1.0,0.4895,MEDIUM,0
0,27.4,88.8,Sikkim Ridge,Train_data.csv,12,0,1.0,0.0,6.67,0,1,NORMAL,0,0.0,1.0,0.373,MEDIUM,0
0,23.9,70.0,Gujarat Coast,Train_data.csv,12,0,1.0,0.0,6.67,0,1,NORMAL,0,0.0,1.0,0.361,MEDIUM,0
0,27.4,88.8,Sikkim Ridge,Train_data.csv,12,0,1.0,0.0,6.67,3,16,NORMAL,0,0.06,1.0,0.5055,MEDIUM,0
0,23.9,70.0,Gujarat Coast,Train_data.csv,12,0,1.0,0.0,6.67,1,7,NORMAL,0,0.0,1.0,0.454,MEDIUM,0
0,22.7,92.7,Northeast Sector,Train_data.csv,12,0,1.0,0.0,6.67,0,2,NORMAL,0,0.0,1.0,0.375,MEDIUM,0
0,27.4,88.8,Sikkim Ridge,Train_data.csv,12,0,1.0,0.0,6.67,0,2,NORMAL,0,0.0,1.0,0.3885,MEDIUM,0
0,35.1,77.8,Ladakh LAC,Train_data.csv,12,0,0.0,0.0,6.67,12,50,ANOMALY,0,1.0,1.0,0.3185,CRITICAL,0
0,28.1,96.3,Arunachal Sector,Train_data.csv,12,0,0.0,0.0,6.67,12,50,ANOMALY,0,0.18,1.0,0.3025,CRITICAL,0
0,33.7,78.9,Ladakh LAC,Train_data.csv,12,0,0.48,0.0,6.67,0,1,NORMAL,0,0.0,1.0,0.224,LOW,0
0,27.4,88.8,Sikkim Ridge,Train_data.csv,12,0,1.0,0.0,6.67,0,1,NORMAL,0,0.0,1.0,0.373,MEDIUM,0
0,30.2,80.3,Uttarakhand Pass,Train_data.csv,12,0,0.0,0.0,6.67,12,50,ANOMALY,0,1.0,1.0,0.299,CRITICAL,0
0,27.3,89.1,Sikkim Ridge,Train_data.csv,12,0,0.0,0.0,6.67,12,50,ANOMALY,0,1.0,1.0,0.311,CRITICAL,0
0,35.5,76.9,Ladakh LAC,Train_data.csv,12,0,1.0,0.0,6.67,0,1,NORMAL,0,0.0,1.0,0.3775,MEDIUM,0
0,27.6,91.9,Arunachal Sector,Train_data.csv,12,0,1.0,0.0,6.67,0,2,NORMAL,0,0.0,1.0,0.39,MEDIUM,0
0,25.7,71.4,Rajasthan Border,Train_data.csv,12,0,1.0,0.0,6.67,0,3,NORMAL,0,0.0,1.0,0.3975,MEDIUM,0
0,35.1,77.8,Ladakh LAC,Train_data.csv,12,0,0.0,0.0,6.67,12,50,ANOMALY,0,0.01,1.0,0.3185,CRITICAL,0
0,33.7,78.9,Ladakh LAC,Train_data.csv,12,0,0.0,0.0,6.67,12,50,ANOMALY,0,1.0,1.0,0.3145,CRITICAL,0
0,33.5,74.2,J&K LoC,Train_data.csv,12,0,1.0,0.0,6.67,1,6,NORMAL,0,0.0,1.0,0.4565,MEDIUM,0
0,34.4,73.6,J&K LoC,Train_data.csv,12,0,1.0,0.0,6.67,5,24,NORMAL,0,0.0,1.0,0.5375,HIGH,0
0,27.3,89.1,Sikkim Ridge,Train_data.csv,12,0,0.0,0.0,6.67,12,50,ANOMALY,0,1.0,1.0,0.311,CRITICAL,0
2,33.7,78.9,Ladakh LAC,Train_data.csv,12,0,1.0,0.0,6.67,0,3,ANOMALY,0,0.0,1.0,0.411,CRITICAL,0
0,34.4,73.6,J&K LoC,Train_data.csv,12,0,0.45,0.0,6.67,12,50,NORMAL,0,0.0,1.0,0.4505,MEDIUM,0
0,27.3,89.1,Sikkim Ridge,Train_data.csv,12,0,1.0,0.0,6.67,1,7,NORMAL,0,0.0,1.0,0.4695,MEDIUM,0
0,27.4,88.8,Sikkim Ridge,Train_data.csv,12,0,0.0,0.0,6.67,12,50,ANOMALY,0,0.0,1.0,0.3075,CRITICAL,0
0,35.5,76.9,Ladakh LAC,Train_data.csv,12,0,0.0,0.0,6.67,12,50,ANOMALY,0,1.0,1.0,0.312,CRITICAL,0
0,34.4,73.6,J&K LoC,Train_data.csv,12,0,1.0,0.0,6.67,0,1,NORMAL,0,0.0,1.0,0.381,MEDIUM,0
0,35.5,76.9,Ladakh LAC,Train_data.csv,12,0,0.0,0.0,6.67,12,50,ANOMALY,0,0.0,1.0,0.312,CRITICAL,0
0,31.6,74.6,Punjab Sector,Train_data.csv,12,0,0.0,0.0,6.67,12,50,ANOMALY,0,1.0,1.0,0.305,CRITICAL,0
0,23.9,70.0,Gujarat Coast,Train_data.csv,12,0,0.0,0.0,6.67,12,50,ANOMALY,0,1.0,1.0,0.2955,CRITICAL,0
0,35.5,76.9,Ladakh LAC,Train_data.csv,12,0,0.0,0.0,6.67,12,50,ANOMALY,0,0.11,1.0,0.312,CRITICAL,0
0,27.6,91.9,Arunachal Sector,Train_data.csv,12,0,0.0,0.0,6.67,0,1,ANOMALY,0,0.0,1.0,0.0745,CRITICAL,0
0,28.1,96.3,Arunachal Sector,Train_data.csv,12,0,1.0,0.0,6.67,0,1,NORMAL,0,0.0,1.0,0.368,MEDIUM,0
0,28.1,96.3,Arunachal Sector,Train_data.csv,12,0,0.0,0.0,6.67,12,50,ANOMALY,0,1.0,1.0,0.3025,CRITICAL,0
0,33.7,78.9,Ladakh LAC,Train_data.csv,12,0,1.0,0.0,6.67,3,14,NORMAL,0,0.0,1.0,0.5065,MEDIUM,0
0,35.1,77.8,Ladakh LAC,Train_data.csv,12,0,1.0,0.0,6.67,1,5,NORMAL,0,0.0,1.0,0.446,MEDIUM,0
0,27.4,88.8,Sikkim Ridge,Train_data.csv,12,0,1.0,0.0,6.67,3,16,NORMAL,0,0.0,1.0,0.5055,MEDIUM,0
0,28.1,96.3,Arunachal Sector,Train_data.csv,12,0,0.0,0.0,6.67,0,1,NORMAL,0,0.0,1.0,0.068,LOW,0
0,28.1,96.3,Arunachal Sector,Train_data.csv,12,0,1.0,0.0,6.67,0,1,NORMAL,0,0.0,1.0,0.368,MEDIUM,0
0,33.7,78.9,Ladakh LAC,Train_data.csv,12,0,1.0,0.0,6.67,4,17,NORMAL,0,0.0,1.0,0.5155,MEDIUM,0
0,33.5,74.2,J&K LoC,Train_data.csv,12,0,0.0,0.0,6.67,12,50,ANOMALY,0,0.0,1.0,0.3135,CRITICAL,0
0,31.6,74.6,Punjab Sector,Train_data.csv,12,0,1.0,0.0,6.67,5,23,NORMAL,0,0.0,1.0,0.524,HIGH,0
0,27.3,89.1,Sikkim Ridge,Train_data.csv,12,0,1.0,0.0,6.67,0,1,NORMAL,0,0.0,1.0,0.3765,MEDIUM,0
0,33.7,78.9,Ladakh LAC,Train_data.csv,12,0,0.0,0.0,6.67,12,50,ANOMALY,0,1.0,1.0,0.3145,CRITICAL,0
0,23.9,70.0,Gujarat Coast,Train_data.csv,12,0,0.0,0.0,6.67,12,50,ANOMALY,0,1.0,1.0,0.2955,CRITICAL,0
0,33.5,74.2,J&K LoC,Train_data.csv,12,0,1.0,0.0,6.67,5,22,NORMAL,0,0.0,1.0,0.5295,HIGH,0
0,35.1,77.8,Ladakh LAC,Train_data.csv,12,0,0.0,0.0,6.67,12,50,ANOMALY,0,0.04,1.0,0.3185,CRITICAL,0
0,33.5,74.2,J&K LoC,Train_data.csv,12,0,0.0,0.0,6.67,12,50,ANOMALY,0,1.0,1.0,0.3135,CRITICAL,0
0,25.7,71.4,Rajasthan Border,Train_data.csv,12,0,1.0,0.0,6.67,0,2,NORMAL,0,0.0,1.0,0.382,MEDIUM,0
0,34.4,73.6,J&K LoC,Train_data.csv,12,0,1.0,0.0,6.67,12,50,ANOMALY,0,0.0,1.0,0.6155,CRITICAL,0
0,23.0,68.9,Gujarat Coast,Train_data.csv,12,0,0.0,0.0,6.67,12,50,ANOMALY,0,1.0,1.0,0.297,CRITICAL,0
0,34.4,73.6,J&K LoC,Train_data.csv,12,0,1.0,0.0,6.67,0,1,NORMAL,0,0.0,1.0,0.381,MEDIUM,0
0,35.1,77.8,Ladakh LAC,Train_data.csv,12,0,1.0,0.0,6.67,7,30,NORMAL,0,0.0,1.0,0.5585,HIGH,0
0,34.4,73.6,J&K LoC,Train_data.csv,12,0,0.0,0.0,6.67,12,50,ANOMALY,0,1.0,1.0,0.3155,CRITICAL,0
0,27.3,89.1,Sikkim Ridge,Train_data.csv,12,0,1.0,0.0,6.67,0,2,NORMAL,0,0.0,1.0,0.392,MEDIUM,0
0,31.6,74.6,Punjab Sector,Train_data.csv,12,0,1.0,0.0,6.67,0,1,NORMAL,0,0.0,1.0,0.3705,MEDIUM,0
0,27.3,89.1,Sikkim Ridge,Train_data.csv,12,0,1.0,0.0,6.67,6,28,NORMAL,0,0.0,1.0,0.545,HIGH,0
0,34.4,73.6,J&K LoC,Train_data.csv,12,0,0.0,0.0,6.67,12,50,ANOMALY,0,1.0,1.0,0.3155,CRITICAL,0
0,35.5,76.9,Ladakh LAC,Train_data.csv,12,0,1.0,0.0,6.67,0,1,NORMAL,0,0.0,1.0,0.3775,MEDIUM,0
0,23.9,70.0,Gujarat Coast,Train_data.csv,12,0,1.0,0.0,6.67,3,16,NORMAL,0,0.0,1.0,0.4935,MEDIUM,0
0,22.7,92.7,Northeast Sector,Train_data.csv,12,0,0.0,0.0,6.67,12,50,ANOMALY,0,0.0,1.0,0.294,CRITICAL,0
0,23.0,68.9,Gujarat Coast,Train_data.csv,12,0,0.0,0.0,6.67,12,50,ANOMALY,0,1.0,1.0,0.297,CRITICAL,0
0,34.4,73.6,J&K LoC,Train_data.csv,12,0,1.0,0.0,6.67,2,9,NORMAL,0,0.0,1.0,0.4925,MEDIUM,0
0,23.9,70.0,Gujarat Coast,Train_data.csv,12,0,1.0,0.0,6.67,12,50,NORMAL,0,0.0,1.0,0.5955,HIGH,0
0,25.7,71.4,Rajasthan Border,Train_data.csv,12,0,1.0,0.0,6.67,0,2,NORMAL,0,0.0,1.0,0.382,MEDIUM,0
0,27.4,88.8,Sikkim Ridge,Train_data.csv,12,0,1.0,0.0,6.67,0,2,NORMAL,0,0.0,1.0,0.3885,MEDIUM,0
0,35.5,76.9,Ladakh LAC,Train_data.csv,12,0,1.0,0.0,6.67,12,50,ANOMALY,0,0.0,1.0,0.612,CRITICAL,0
0,22.7,92.7,Northeast Sector,Train_data.csv,12,0,0.0,0.0,6.67,12,50,ANOMALY,0,0.09,1.0,0.294,CRITICAL,0
0,27.3,89.1,Sikkim Ridge,Train_data.csv,12,0,0.0,0.0,6.67,12,50,ANOMALY,0,1.0,1.0,0.311,CRITICAL,0
0,35.1,77.8,Ladakh LAC,Train_data.csv,12,0,1.0,0.0,6.67,0,2,NORMAL,0,0.5,1.0,0.3995,MEDIUM,0
0,33.7,78.9,Ladakh LAC,Train_data.csv,12,0,0.0,0.0,6.67,12,50,ANOMALY,0,0.0,1.0,0.3145,CRITICAL,0
0,27.3,89.1,Sikkim Ridge,Train_data.csv,12,0,0.0,0.0,6.67,0,1,NORMAL,0,0.0,1.0,0.0765,LOW,0
0,35.1,77.8,Ladakh LAC,Train_data.csv,12,0,1.0,0.0,6.67,1,5,NORMAL,0,0.0,1.0,0.446,MEDIUM,0
0,27.6,91.9,Arunachal Sector,Train_data.csv,12,0,0.0,0.0,6.67,12,50,ANOMALY,0,1.0,1.0,0.309,CRITICAL,0
0,27.4,88.8,Sikkim Ridge,Train_data.csv,12,0,1.0,0.0,6.67,1,5,NORMAL,0,0.0,1.0,0.435,MEDIUM,0
0,22.7,92.7,Northeast Sector,Train_data.csv,12,0,0.0,0.0,6.67,12,50,ANOMALY,0,0.0,1.0,0.294,CRITICAL,0
0,34.4,73.6,J&K LoC,Train_data.csv,12,0,0.0,0.0,6.67,12,50,ANOMALY,0,1.0,1.0,0.3155,CRITICAL,0
0,30.2,80.3,Uttarakhand Pass,Train_data.csv,12,0,1.0,0.0,6.67,2,9,NORMAL,0,0.0,1.0,0.476,MEDIUM,0
0,33.5,74.2,J&K LoC,Train_data.csv,12,0,0.0,0.0,6.67,0,1,NORMAL,0,0.0,1.0,0.079,LOW,0
0,23.9,70.0,Gujarat Coast,Train_data.csv,12,0,1.0,0.0,6.67,0,1,NORMAL,0,0.0,1.0,0.361,MEDIUM,0
0,33.5,74.2,J&K LoC,Train_data.csv,12,0,0.43,0.0,6.67,12,50,NORMAL,0,0.0,1.0,0.4425,MEDIUM,0
0,35.5,76.9,Ladakh LAC,Train_data.csv,12,0,1.0,0.0,6.67,12,50,ANOMALY,0,0.0,1.0,0.612,CRITICAL,0
0,23.9,70.0,Gujarat Coast,Train_data.csv,12,0,0.0,0.0,6.67,12,50,ANOMALY,0,1.0,1.0,0.2955,CRITICAL,0
0,22.7,92.7,Northeast Sector,Train_data.csv,12,0,0.0,0.0,6.67,6,25,ANOMALY,0,1.0,1.0,0.219,CRITICAL,0
0,27.6,91.9,Arunachal Sector,Train_data.csv,12,0,1.0,0.0,6.67,0,3,NORMAL,0,0.0,1.0,0.4055,MEDIUM,0
0,27.4,88.8,Sikkim Ridge,Train_data.csv,12,0,1.0,0.0,6.67,7,31,NORMAL,0,0.0,1.0,0.5505,HIGH,0
0,27.4,88.8,Sikkim Ridge,Train_data.csv,12,0,0.0,0.0,6.67,12,50,ANOMALY,0,1.0,1.0,0.3075,CRITICAL,0
0,27.4,88.8,Sikkim Ridge,Train_data.csv,12,0,1.0,0.0,6.67,1,5,NORMAL,0,0.0,1.0,0.435,MEDIUM,0
0,27.6,91.9,Arunachal Sector,Train_data.csv,12,0,0.0,0.0,6.67,12,50,ANOMALY,0,1.0,1.0,0.309,CRITICAL,0
0,22.7,92.7,Northeast Sector,Train_data.csv,12,0,0.01,0.0,6.67,0,4,ANOMALY,0,0.0,1.0,0.109,CRITICAL,0
0,22.7,92.7,Northeast Sector,Train_data.csv,12,0,1.0,0.0,6.67,0,4,NORMAL,0,0.0,1.0,0.406,MEDIUM,0
0,28.1,96.3,Arunachal Sector,Train_data.csv,12,0,1.0,0.0,6.67,1,7,NORMAL,0,0.0,1.0,0.461,MEDIUM,0
0,23.9,70.0,Gujarat Coast,Train_data.csv,12,0,1.0,0.0,6.67,0,1,NORMAL,0,0.0,1.0,0.361,MEDIUM,0
0,28.1,96.3,Arunachal Sector,Train_data.csv,12,0,0.0,0.0,6.67,12,50,ANOMALY,0,1.0,1.0,0.3025,CRITICAL,0
0,23.0,68.9,Gujarat Coast,Train_data.csv,12,0,0.08,0.0,6.67,0,1,ANOMALY,0,0.0,1.0,0.0865,CRITICAL,0
0,30.2,80.3,Uttarakhand Pass,Train_data.csv,12,0,1.0,0.0,6.67,0,4,NORMAL,0,0.0,1.0,0.411,MEDIUM,0
0,27.4,88.8,Sikkim Ridge,Train_data.csv,12,0,0.48,0.0,6.67,0,1,NORMAL,0,0.0,1.0,0.217,LOW,0
0,34.4,73.6,J&K LoC,Train_data.csv,12,0,1.0,0.0,6.67,0,1,NORMAL,0,0.0,1.0,0.381,MEDIUM,0
0,31.6,74.6,Punjab Sector,Train_data.csv,12,0,0.0,0.0,6.67,12,50,ANOMALY,0,1.0,1.0,0.305,CRITICAL,0
0,27.6,91.9,Arunachal Sector,Train_data.csv,12,0,0.08,0.0,6.67,0,1,ANOMALY,0,0.0,1.0,0.0985,CRITICAL,0
0,33.7,78.9,Ladakh LAC,Train_data.csv,12,0,0.0,0.0,6.67,12,50,ANOMALY,0,1.0,1.0,0.3145,CRITICAL,0
0,35.5,76.9,Ladakh LAC,Train_data.csv,12,0,1.0,0.0,6.67,0,3,NORMAL,0,0.0,1.0,0.4085,MEDIUM,0
0,22.7,92.7,Northeast Sector,Train_data.csv,12,0,1.0,0.0,6.67,1,6,NORMAL,0,0.0,1.0,0.437,MEDIUM,0
0,34.4,73.6,J&K LoC,Train_data.csv,12,0,0.0,0.0,6.67,12,50,ANOMALY,0,1.0,1.0,0.3155,CRITICAL,0
0,23.0,68.9,Gujarat Coast,Train_data.csv,12,0,0.07,0.0,6.67,0,1,NORMAL,0,0.0,1.0,0.0835,LOW,0
0,23.9,70.0,Gujarat Coast,Train_data.csv,12,0,1.0,0.0,6.67,3,15,NORMAL,0,0.0,1.0,0.4905,MEDIUM,0
0,35.1,77.8,Ladakh LAC,Train_data.csv,12,0,1.0,0.0,6.67,4,19,NORMAL,0,0.0,1.0,0.5255,HIGH,0
0,30.2,80.3,Uttarakhand Pass,Train_data.csv,12,0,1.0,0.0,6.67,1,5,NORMAL,0,0.0,1.0,0.4265,MEDIUM,0
0,30.2,80.3,Uttarakhand Pass,Train_data.csv,12,0,1.0,0.0,6.67,0,1,NORMAL,0,0.0,1.0,0.3645,MEDIUM,0
0,28.1,96.3,Arunachal Sector,Train_data.csv,12,0,0.12,0.0,6.67,0,1,NORMAL,0,0.0,1.0,0.104,LOW,0
0,25.7,71.4,Rajasthan Border,Train_data.csv,12,0,1.0,0.0,6.67,0,3,NORMAL,0,0.0,1.0,0.3975,MEDIUM,0
0,27.3,89.1,Sikkim Ridge,Train_data.csv,12,0,1.0,0.0,6.67,3,14,NORMAL,0,0.07,1.0,0.503,MEDIUM,0
0,27.3,89.1,Sikkim Ridge,Train_data.csv,12,0,0.0,0.0,6.67,12,50,ANOMALY,0,1.0,1.0,0.311,CRITICAL,0
0,27.3,89.1,Sikkim Ridge,Train_data.csv,12,0,1.0,0.0,6.67,1,6,NORMAL,0,0.0,1.0,0.454,MEDIUM,0
0,23.9,70.0,Gujarat Coast,Train_data.csv,12,0,0.3,0.0,6.67,0,1,NORMAL,0,0.0,1.0,0.151,LOW,0
0,31.6,74.6,Punjab Sector,Train_data.csv,12,0,1.0,0.0,6.67,0,1,NORMAL,0,0.0,1.0,0.3705,MEDIUM,0
2,28.1,96.3,Arunachal Sector,Train_data.csv,12,0,1.0,0.0,6.67,0,4,ANOMALY,0,0.0,1.0,0.4145,CRITICAL,0
0,33.5,74.2,J&K LoC,Train_data.csv,12,0,0.0,0.0,6.67,12,50,ANOMALY,0,0.14,1.0,0.3135,CRITICAL,0
1,23.9,70.0,Gujarat Coast,Train_data.csv,12,0,1.0,0.0,6.67,0,1,NORMAL,0,0.0,1.0,0.361,MEDIUM,0
0,33.5,74.2,J&K LoC,Train_data.csv,12,0,0.0,0.0,6.67,12,50,ANOMALY,0,0.1,1.0,0.3135,CRITICAL,0
0,25.7,71.4,Rajasthan Border,Train_data.csv,12,0,0.0,0.0,6.67,12,50,ANOMALY,0,1.0,1.0,0.301,CRITICAL,0
0,28.1,96.3,Arunachal Sector,Train_data.csv,12,0,0.42,0.0,6.67,12,50,NORMAL,0,0.0,1.0,0.4285,MEDIUM,0
0,23.0,68.9,Gujarat Coast,Train_data.csv,12,0,0.0,0.0,6.67,12,50,ANOMALY,0,1.0,1.0,0.297,CRITICAL,0
0,27.6,91.9,Arunachal Sector,Train_data.csv,12,0,1.0,0.0,6.67,0,1,NORMAL,0,0.0,1.0,0.3745,MEDIUM,0
0,27.6,91.9,Arunachal Sector,Train_data.csv,12,0,1.0,0.0,6.67,0,1,NORMAL,0,0.0,1.0,0.3745,MEDIUM,0
0,27.3,89.1,Sikkim Ridge,Train_data.csv,12,0,0.0,0.0,6.67,12,50,ANOMALY,0,1.0,1.0,0.311,CRITICAL,0
0,22.7,92.7,Northeast Sector,Train_data.csv,12,0,0.0,0.0,6.67,12,50,ANOMALY,0,1.0,1.0,0.294,CRITICAL,0
0,30.2,80.3,Uttarakhand Pass,Train_data.csv,12,0,1.0,0.0,6.67,3,13,NORMAL,0,0.0,1.0,0.488,MEDIUM,0
0,28.1,96.3,Arunachal Sector,Train_data.csv,12,0,0.0,0.0,6.67,12,50,ANOMALY,0,1.0,1.0,0.3025,CRITICAL,0
0,27.3,89.1,Sikkim Ridge,Train_data.csv,12,0,1.0,0.0,6.67,1,5,NORMAL,0,0.0,1.0,0.4385,MEDIUM,0
0,27.6,91.9,Arunachal Sector,Train_data.csv,12,0,0.0,0.0,6.67,12,50,ANOMALY,0,1.0,1.0,0.309,CRITICAL,0
0,31.6,74.6,Punjab Sector,Train_data.csv,12,0,0.0,0.0,6.67,12,50,ANOMALY,0,1.0,1.0,0.305,CRITICAL,0
0,28.1,96.3,Arunachal Sector,Train_data.csv,12,0,0.0,0.0,6.67,12,50,ANOMALY,0,0.17,1.0,0.3025,CRITICAL,0
0,30.2,80.3,Uttarakhand Pass,Train_data.csv,12,0,1.0,0.0,6.67,1,6,NORMAL,0,0.0,1.0,0.442,MEDIUM,0
0,28.1,96.3,Arunachal Sector,Train_data.csv,12,0,0.0,0.0,6.67,12,50,ANOMALY,0,1.0,1.0,0.3025,CRITICAL,0
0,27.6,91.9,Arunachal Sector,Train_data.csv,12,0,0.0,0.0,6.67,12,50,ANOMALY,0,1.0,1.0,0.309,CRITICAL,0
0,22.7,92.7,Northeast Sector,Train_data.csv,12,0,0.0,0.0,6.67,12,50,ANOMALY,0,0.0,1.0,0.294,CRITICAL,0
0,28.1,96.3,Arunachal Sector,Train_data.csv,12,0,0.0,0.0,6.67,12,50,ANOMALY,0,0.0,1.0,0.3025,CRITICAL,0
0,34.4,73.6,J&K LoC,Train_data.csv,12,0,0.3,0.0,6.67,0,2,NORMAL,0,0.0,1.0,0.1865,LOW,0
0,28.1,96.3,Arunachal Sector,Train_data.csv,12,0,0.0,0.0,6.67,12,50,ANOMALY,0,0.0,1.0,0.3025,CRITICAL,0
0,27.4,88.8,Sikkim Ridge,Train_data.csv,12,0,0.0,0.0,6.67,12,50,ANOMALY,0,1.0,1.0,0.3075,CRITICAL,0
0,34.4,73.6,J&K LoC,Train_data.csv,12,0,1.0,0.0,6.67,1,8,NORMAL,0,0.0,1.0,0.4895,MEDIUM,0
0,27.6,91.9,Arunachal Sector,Train_data.csv,12,0,0.08,0.0,6.67,0,1,ANOMALY,0,0.0,1.0,0.0985,CRITICAL,0
0,35.5,76.9,Ladakh LAC,Train_data.csv,12,0,0.46,0.0,6.67,4,19,NORMAL,0,0.0,1.0,0.357,MEDIUM,0
0,27.4,88.8,Sikkim Ridge,Train_data.csv,12,0,1.0,0.0,6.67,2,10,NORMAL,0,0.0,1.0,0.4875,MEDIUM,0
0,25.7,71.4,Rajasthan Border,Train_data.csv,12,0,0.0,0.0,6.67,12,50,ANOMALY,0,1.0,1.0,0.301,CRITICAL,0
0,22.7,92.7,Northeast Sector,Train_data.csv,12,0,1.0,0.0,6.67,2,11,NORMAL,0,0.0,1.0,0.477,MEDIUM,0
0,28.1,96.3,Arunachal Sector,Train_data.csv,12,0,0.0,0.0,6.67,11,49,ANOMALY,0,1.0,1.0,0.2995,CRITICAL,0
0,23.9,70.0,Gujarat Coast,Train_data.csv,12,0,1.0,0.0,6.67,0,2,NORMAL,0,0.0,1.0,0.3765,MEDIUM,0
0,33.7,78.9,Ladakh LAC,Train_data.csv,12,0,0.0,0.0,6.67,12,50,ANOMALY,0,1.0,1.0,0.3145,CRITICAL,0
0,23.0,68.9,Gujarat Coast,Train_data.csv,12,0,0.0,0.0,6.67,12,50,ANOMALY,0,0.0,1.0,0.297,CRITICAL,0
0,30.2,80.3,Uttarakhand Pass,Train_data.csv,12,0,0.0,0.0,6.67,12,50,ANOMALY,0,1.0,1.0,0.299,CRITICAL,0
0,23.0,68.9,Gujarat Coast,Train_data.csv,12,0,0.08,0.0,6.67,0,1,ANOMALY,0,0.0,1.0,0.0865,CRITICAL,0
0,23.0,68.9,Gujarat Coast,Train_data.csv,12,0,1.0,0.0,6.67,1,6,NORMAL,0,0.0,1.0,0.44,MEDIUM,0
0,27.4,88.8,Sikkim Ridge,Train_data.csv,12,0,0.0,0.0,6.67,9,38,ANOMALY,0,1.0,1.0,0.2715,CRITICAL,0
0,33.7,78.9,Ladakh LAC,Train_data.csv,12,0,0.0,0.0,6.67,12,50,ANOMALY,0,1.0,1.0,0.3145,CRITICAL,0
0,27.4,88.8,Sikkim Ridge,Train_data.csv,12,0,0.08,0.0,6.67,0,1,ANOMALY,0,0.0,1.0,0.097,CRITICAL,0
0,23.9,70.0,Gujarat Coast,Train_data.csv,12,0,1.0,0.0,6.67,1,6,NORMAL,0,0.0,1.0,0.4385,MEDIUM,0
0,22.7,92.7,Northeast Sector,Train_data.csv,12,0,1.0,0.0,6.67,3,15,NORMAL,0,0.0,1.0,0.489,MEDIUM,0
0,33.5,74.2,J&K LoC,Train_data.csv,12,0,0.18,0.0,6.67,0,1,ANOMALY,0,0.0,1.0,0.133,CRITICAL,0
0,35.5,76.9,Ladakh LAC,Train_data.csv,12,0,0.0,0.0,6.67,12,50,ANOMALY,0,1.0,1.0,0.312,CRITICAL,0
0,30.2,80.3,Uttarakhand Pass,Train_data.csv,12,0,1.0,0.0,6.67,0,3,NORMAL,0,0.0,1.0,0.3955,MEDIUM,0
0,34.4,73.6,J&K LoC,Train_data.csv,12,0,1.0,0.0,6.67,4,20,NORMAL,0,0.0,1.0,0.5255,HIGH,0
0,25.7,71.4,Rajasthan Border,Train_data.csv,12,0,1.0,0.0,6.67,12,50,ANOMALY,0,0.0,1.0,0.601,CRITICAL,0
0,22.7,92.7,Northeast Sector,Train_data.csv,12,0,0.0,0.0,6.67,12,50,ANOMALY,0,1.0,1.0,0.294,CRITICAL,0
0,35.1,77.8,Ladakh LAC,Train_data.csv,12,0,1.0,0.0,6.67,5,23,NORMAL,0,0.0,1.0,0.5375,HIGH,0
0,31.6,74.6,Punjab Sector,Train_data.csv,12,0,1.0,0.0,6.67,1,6,NORMAL,0,0.0,1.0,0.448,MEDIUM,0
0,22.7,92.7,Northeast Sector,Train_data.csv,12,0,1.0,0.0,6.67,0,3,NORMAL,0,0.0,1.0,0.3905,MEDIUM,0
0,23.9,70.0,Gujarat Coast,Train_data.csv,12,0,1.0,0.0,6.67,2,10,NORMAL,0,0.0,1.0,0.4755,MEDIUM,0
0,28.1,96.3,Arunachal Sector,Train_data.csv,12,0,1.0,0.0,6.67,0,2,NORMAL,0,0.0,1.0,0.3835,MEDIUM,0
0,34.4,73.6,J&K LoC,Train_data.csv,12,0,0.43,0.0,6.67,0,4,NORMAL,0,0.0,1.0,0.2565,LOW,0
0,33.5,74.2,J&K LoC,Train_data.csv,12,0,1.0,0.0,6.67,3,13,NORMAL,0,0.0,1.0,0.5025,MEDIUM,0
0,33.5,74.2,J&K LoC,Train_data.csv,12,0,0.44,0.0,6.67,12,50,NORMAL,0,0.0,1.0,0.4455,MEDIUM,0
0,30.2,80.3,Uttarakhand Pass,Train_data.csv,12,0,0.0,0.0,6.67,12,50,ANOMALY,0,1.0,1.0,0.299,CRITICAL,0
0,22.7,92.7,Northeast Sector,Train_data.csv,12,0,0.0,0.0,6.67,12,50,ANOMALY,0,0.0,1.0,0.294,CRITICAL,0
0,35.1,77.8,Ladakh LAC,Train_data.csv,12,0,0.0,0.0,6.67,12,50,ANOMALY,0,1.0,1.0,0.3185,CRITICAL,0
0,31.6,74.6,Punjab Sector,Train_data.csv,12,0,1.0,0.0,6.67,2,10,NORMAL,0,0.0,1.0,0.485,MEDIUM,0
0,35.1,77.8,Ladakh LAC,Train_data.csv,12,0,0.18,0.0,6.67,0,1,ANOMALY,0,0.0,1.0,0.138,CRITICAL,0
0,22.7,92.7,Northeast Sector,Train_data.csv,12,0,0.0,0.0,6.67,12,50,ANOMALY,0,0.0,1.0,0.294,CRITICAL,0
0,25.7,71.4,Rajasthan Border,Train_data.csv,12,0,0.0,0.0,6.67,12,50,ANOMALY,0,0.0,1.0,0.301,CRITICAL,0
0,33.5,74.2,J&K LoC,Train_data.csv,12,0,1.0,0.0,6.67,0,1,NORMAL,0,0.0,1.0,0.379,MEDIUM,0
0,30.2,80.3,Uttarakhand Pass,Train_data.csv,12,0,0.0,0.0,6.67,12,50,ANOMALY,0,1.0,1.0,0.299,CRITICAL,0
0,34.4,73.6,J&K LoC,Train_data.csv,12,0,0.0,0.0,6.67,12,50,ANOMALY,0,1.0,1.0,0.3155,CRITICAL,0
0,35.1,77.8,Ladakh LAC,Train_data.csv,12,0,1.0,0.0,6.67,1,7,NORMAL,0,0.0,1.0,0.477,MEDIUM,0
0,28.1,96.3,Arunachal Sector,Train_data.csv,12,0,1.0,0.0,6.67,2,9,NORMAL,0,0.0,1.0,0.4795,MEDIUM,0
0,23.0,68.9,Gujarat Coast,Train_data.csv,12,0,0.46,0.0,6.67,12,50,NORMAL,0,0.0,1.0,0.435,MEDIUM,0
0,35.5,76.9,Ladakh LAC,Train_data.csv,12,0,1.0,0.0,6.67,2,11,NORMAL,0,0.0,1.0,0.495,MEDIUM,0
0,23.9,70.0,Gujarat Coast,Train_data.csv,12,0,0.45,0.0,6.67,12,50,NORMAL,0,0.0,1.0,0.4305,MEDIUM,0
0,33.7,78.9,Ladakh LAC,Train_data.csv,12,0,0.0,0.0,6.67,12,50,ANOMALY,0,1.0,1.0,0.3145,CRITICAL,0
0,27.4,88.8,Sikkim Ridge,Train_data.csv,12,0,0.0,0.0,6.67,3,13,ANOMALY,0,1.0,1.0,0.1965,CRITICAL,0
0,33.7,78.9,Ladakh LAC,Train_data.csv,12,0,0.0,0.0,6.67,12,50,ANOMALY,0,1.0,1.0,0.3145,CRITICAL,0
0,27.3,89.1,Sikkim Ridge,Train_data.csv,12,0,0.0,0.0,6.67,7,32,ANOMALY,0,0.97,1.0,0.257,CRITICAL,0
0,27.3,89.1,Sikkim Ridge,Train_data.csv,12,0,1.0,0.0,6.67,0,1,NORMAL,0,0.0,1.0,0.3765,MEDIUM,0
0,35.1,77.8,Ladakh LAC,Train_data.csv,12,0,0.44,0.0,6.67,12,50,NORMAL,0,0.0,1.0,0.4505,MEDIUM,0
0,30.2,80.3,Uttarakhand Pass,Train_data.csv,12,0,1.0,0.0,6.67,1,5,NORMAL,0,0.0,1.0,0.4265,MEDIUM,0
0,23.0,68.9,Gujarat Coast,Train_data.csv,12,0,0.0,0.0,6.67,12,50,ANOMALY,0,1.0,1.0,0.297,CRITICAL,0
0,22.7,92.7,Northeast Sector,Train_data.csv,12,0,0.0,0.0,6.67,12,50,ANOMALY,0,1.0,1.0,0.294,CRITICAL,0
0,27.6,91.9,Arunachal Sector,Train_data.csv,12,0,1.0,0.0,6.67,0,3,NORMAL,0,0.0,1.0,0.4055,MEDIUM,0
0,33.5,74.2,J&K LoC,Train_data.csv,12,0,1.0,0.0,6.67,9,39,NORMAL,0,0.0,1.0,0.5805,HIGH,0
0,33.5,74.2,J&K LoC,Train_data.csv,12,0,1.0,0.0,6.67,1,7,NORMAL,0,0.0,1.0,0.472,MEDIUM,0
0,22.7,92.7,Northeast Sector,Train_data.csv,12,0,1.0,0.0,6.67,1,5,NORMAL,0,0.2,1.0,0.4215,MEDIUM,0
0,28.1,96.3,Arunachal Sector,Train_data.csv,12,0,0.0,0.0,6.67,12,50,ANOMALY,0,1.0,1.0,0.3025,CRITICAL,0
0,23.9,70.0,Gujarat Coast,Train_data.csv,12,0,0.0,0.0,6.67,12,50,ANOMALY,0,1.0,1.0,0.2955,CRITICAL,0
2,30.2,80.3,Uttarakhand Pass,Train_data.csv,12,0,1.0,0.0,6.67,0,2,ANOMALY,0,0.0,1.0,0.38,CRITICAL,0
0,35.1,77.8,Ladakh LAC,Train_data.csv,12,0,0.0,0.0,6.67,12,50,ANOMALY,0,1.0,1.0,0.3185,CRITICAL,0
0,27.6,91.9,Arunachal Sector,Train_data.csv,12,0,1.0,0.0,6.67,2,9,NORMAL,0,0.0,1.0,0.486,MEDIUM,0
0,25.7,71.4,Rajasthan Border,Train_data.csv,12,0,1.0,0.0,6.67,0,1,NORMAL,0,0.0,1.0,0.3665,MEDIUM,0
0,35.5,76.9,Ladakh LAC,Train_data.csv,12,0,0.0,0.0,6.67,12,50,ANOMALY,0,1.0,1.0,0.312,CRITICAL,0
0,27.3,89.1,Sikkim Ridge,Train_data.csv,12,0,0.0,0.0,6.67,4,19,ANOMALY,0,1.0,1.0,0.218,CRITICAL,0
0,23.0,68.9,Gujarat Coast,Train_data.csv,12,0,0.0,0.0,6.67,12,50,ANOMALY,0,0.0,1.0,0.297,CRITICAL,0
0,35.5,76.9,Ladakh LAC,Train_data.csv,12,0,1.0,0.0,6.67,1,5,NORMAL,0,0.0,1.0,0.4395,MEDIUM,0
0,27.4,88.8,Sikkim Ridge,Train_data.csv,12,0,0.0,0.0,6.67,12,50,ANOMALY,0,0.05,1.0,0.3075,CRITICAL,0
0,33.7,78.9,Ladakh LAC,Train_data.csv,12,0,0.0,0.0,6.67,12,50,ANOMALY,0,1.0,1.0,0.3145,CRITICAL,0
0,30.2,80.3,Uttarakhand Pass,Train_data.csv,12,0,1.0,0.0,6.67,4,20,NORMAL,0,0.0,1.0,0.509,MEDIUM,0
0,33.7,78.9,Ladakh LAC,Train_data.csv,12,0,1.0,0.0,6.67,10,44,NORMAL,0,0.0,1.0,0.5965,HIGH,0
0,22.7,92.7,Northeast Sector,Train_data.csv,12,0,0.0,0.0,6.67,12,50,ANOMALY,0,1.0,1.0,0.294,CRITICAL,0
0,34.4,73.6,J&K LoC,Train_data.csv,12,0,0.18,0.0,6.67,0,1,ANOMALY,0,0.0,1.0,0.135,CRITICAL,0
0,22.7,92.7,Northeast Sector,Train_data.csv,12,0,1.0,0.0,6.67,0,1,NORMAL,0,0.0,1.0,0.3595,MEDIUM,0
0,23.0,68.9,Gujarat Coast,Train_data.csv,12,0,1.0,0.0,6.67,2,12,NORMAL,0,0.0,1.0,0.483,MEDIUM,0
0,23.9,70.0,Gujarat Coast,Train_data.csv,12,0,1.0,0.0,6.67,0,4,NORMAL,0,0.0,1.0,0.4075,MEDIUM,0
0,23.9,70.0,Gujarat Coast,Train_data.csv,12,0,1.0,0.0,6.67,0,3,NORMAL,0,0.0,1.0,0.392,MEDIUM,0
0,35.5,76.9,Ladakh LAC,Train_data.csv,12,0,0.46,0.0,6.67,12,50,NORMAL,0,0.0,1.0,0.45,MEDIUM,0
0,33.5,74.2,J&K LoC,Train_data.csv,12,0,1.0,0.0,6.67,0,1,NORMAL,0,0.0,1.0,0.379,MEDIUM,0
0,30.2,80.3,Uttarakhand Pass,Train_data.csv,12,0,0.0,0.0,6.67,12,50,ANOMALY,0,1.0,1.0,0.299,CRITICAL,0
0,22.7,92.7,Northeast Sector,Train_data.csv,12,0,1.0,0.0,6.67,2,10,NORMAL,0,0.0,1.0,0.474,MEDIUM,0
0,33.5,74.2,J&K LoC,Train_data.csv,12,0,0.0,0.0,6.67,12,50,ANOMALY,0,1.0,1.0,0.3135,CRITICAL,0
0,30.2,80.3,Uttarakhand Pass,Train_data.csv,12,0,0.0,0.0,6.67,12,50,ANOMALY,0,1.0,1.0,0.299,CRITICAL,0
0,28.1,96.3,Arunachal Sector,Train_data.csv,12,0,1.0,0.0,6.67,1,6,NORMAL,0,0.0,1.0,0.4455,MEDIUM,0
0,34.4,73.6,J&K LoC,Train_data.csv,12,0,1.0,0.0,6.67,0,1,NORMAL,0,0.0,1.0,0.381,MEDIUM,0
0,34.4,73.6,J&K LoC,Train_data.csv,12,0,0.0,0.0,6.67,12,50,ANOMALY,0,0.0,1.0,0.3155,CRITICAL,0
0,28.1,96.3,Arunachal Sector,Train_data.csv,12,0,0.28,0.0,6.67,0,2,ANOMALY,0,0.0,1.0,0.1675,CRITICAL,0
0,23.9,70.0,Gujarat Coast,Train_data.csv,12,0,0.08,0.0,6.67,0,1,ANOMALY,0,0.0,1.0,0.085,CRITICAL,0
30,27.4,88.8,Sikkim Ridge,Train_data.csv,12,0,1.0,0.0,6.67,0,1,NORMAL,0,0.0,1.0,0.373,MEDIUM,0
0,27.4,88.8,Sikkim Ridge,Train_data.csv,12,0,0.0,0.0,6.67,12,50,ANOMALY,0,0.09,1.0,0.3075,CRITICAL,0
0,33.7,78.9,Ladakh LAC,Train_data.csv,12,0,0.0,0.0,6.67,12,50,ANOMALY,0,1.0,1.0,0.3145,CRITICAL,0
0,30.2,80.3,Uttarakhand Pass,Train_data.csv,12,0,1.0,0.0,6.67,12,50,NORMAL,0,0.0,1.0,0.599,HIGH,0
0,31.6,74.6,Punjab Sector,Train_data.csv,12,0,1.0,0.0,6.67,1,7,NORMAL,0,0.0,1.0,0.4635,MEDIUM,0
0,22.7,92.7,Northeast Sector,Train_data.csv,12,0,0.0,0.0,6.67,12,50,ANOMALY,0,1.0,1.0,0.294,CRITICAL,0
0,25.7,71.4,Rajasthan Border,Train_data.csv,12,0,1.0,0.0,6.67,6,26,NORMAL,0,0.0,1.0,0.529,HIGH,0
0,31.6,74.6,Punjab Sector,Train_data.csv,12,0,1.0,0.0,6.67,0,1,NORMAL,0,0.0,1.0,0.3705,MEDIUM,0
0,33.5,74.2,J&K LoC,Train_data.csv,12,0,1.0,0.0,6.67,4,19,NORMAL,0,0.0,1.0,0.5205,HIGH,0
0,27.3,89.1,Sikkim Ridge,Train_data.csv,12,0,1.0,0.0,6.67,0,1,NORMAL,0,0.0,1.0,0.3765,MEDIUM,0
0,22.7,92.7,Northeast Sector,Train_data.csv,12,0,1.0,0.0,6.67,2,10,NORMAL,0,0.0,1.0,0.474,MEDIUM,0
0,28.1,96.3,Arunachal Sector,Train_data.csv,12,0,0.0,0.0,6.67,12,50,ANOMALY,0,1.0,1.0,0.3025,CRITICAL,0
0,34.4,73.6,J&K LoC,Train_data.csv,12,0,1.0,0.0,6.67,5,24,NORMAL,0,0.0,1.0,0.5375,HIGH,0
0,27.3,89.1,Sikkim Ridge,Train_data.csv,12,0,0.0,0.0,6.67,12,50,ANOMALY,0,0.0,1.0,0.311,CRITICAL,0
0,34.4,73.6,J&K LoC,Train_data.csv,12,0,0.0,0.0,6.67,0,1,NORMAL,0,0.0,1.0,0.081,LOW,0
0,34.4,73.6,J&K LoC,Train_data.csv,12,0,0.46,0.0,6.67,12,50,NORMAL,0,0.0,1.0,0.4535,MEDIUM,0
0,33.5,74.2,J&K LoC,Train_data.csv,12,0,1.0,0.0,6.67,0,2,NORMAL,0,0.0,1.0,0.3945,MEDIUM,0
0,23.0,68.9,Gujarat Coast,Train_data.csv,12,0,1.0,0.0,6.67,0,2,NORMAL,0,0.0,1.0,0.378,MEDIUM,0
0,33.7,78.9,Ladakh LAC,Train_data.csv,12,0,0.0,0.0,6.67,12,50,ANOMALY,0,1.0,1.0,0.3145,CRITICAL,0
0,23.9,70.0,Gujarat Coast,Train_data.csv,12,0,1.0,0.0,6.67,4,19,NORMAL,0,0.0,1.0,0.5025,MEDIUM,0
0,34.4,73.6,J&K LoC,Train_data.csv,12,0,1.0,0.0,6.67,0,1,NORMAL,0,0.0,1.0,0.381,MEDIUM,0
0,27.6,91.9,Arunachal Sector,Train_data.csv,12,0,1.0,0.0,6.67,0,2,NORMAL,0,0.0,1.0,0.39,MEDIUM,0
0,25.7,71.4,Rajasthan Border,Train_data.csv,12,0,1.0,0.0,6.67,2,10,NORMAL,0,0.0,1.0,0.481,MEDIUM,0
0,27.6,91.9,Arunachal Sector,Train_data.csv,12,0,1.0,0.0,6.67,1,8,NORMAL,0,0.0,1.0,0.483,MEDIUM,0
0,25.7,71.4,Rajasthan Border,Train_data.csv,12,0,1.0,0.0,6.67,2,12,NORMAL,0,0.0,1.0,0.487,MEDIUM,0
30,33.5,74.2,J&K LoC,Train_data.csv,12,0,1.0,0.0,6.67,0,1,NORMAL,0,0.0,1.0,0.379,MEDIUM,0
0,35.1,77.8,Ladakh LAC,Train_data.csv,12,0,0.45,0.0,6.67,12,50,NORMAL,0,0.0,1.0,0.4535,MEDIUM,0
0,35.1,77.8,Ladakh LAC,Train_data.csv,12,0,1.0,0.0,6.67,4,19,NORMAL,0,0.0,1.0,0.5255,HIGH,0
0,22.7,92.7,Northeast Sector,Train_data.csv,12,0,0.0,0.0,6.67,0,1,NORMAL,0,0.0,1.0,0.0595,LOW,0
0,27.4,88.8,Sikkim Ridge,Train_data.csv,12,0,0.0,0.0,6.67,12,50,ANOMALY,0,1.0,1.0,0.3075,CRITICAL,0
0,27.4,88.8,Sikkim Ridge,Train_data.csv,12,0,1.0,0.0,6.67,0,2,NORMAL,0,0.0,1.0,0.3885,MEDIUM,0
0,27.3,89.1,Sikkim Ridge,Train_data.csv,12,0,1.0,0.0,6.67,3,13,NORMAL,0,0.0,1.0,0.5,MEDIUM,0
0,27.3,89.1,Sikkim Ridge,Train_data.csv,12,0,0.46,0.0,6.67,3,15,NORMAL,0,0.0,1.0,0.344,MEDIUM,0
0,25.7,71.4,Rajasthan Border,Train_data.csv,12,0,0.0,0.0,6.67,12,50,ANOMALY,0,0.08,1.0,0.301,CRITICAL,0
2,30.2,80.3,Uttarakhand Pass,Train_data.csv,12,0,1.0,0.0,6.67,0,2,ANOMALY,0,0.0,1.0,0.38,CRITICAL,0
0,35.5,76.9,Ladakh LAC,Train_data.csv,12,0,0.0,0.0,6.67,12,50,ANOMALY,0,1.0,1.0,0.312,CRITICAL,0
24,31.6,74.6,Punjab Sector,Train_data.csv,12,0,1.0,0.0,6.67,0,2,NORMAL,0,0.0,1.0,0.386,MEDIUM,0
0,25.7,71.4,Rajasthan Border,Train_data.csv,12,0,0.0,0.0,6.67,12,50,ANOMALY,0,1.0,1.0,0.301,CRITICAL,0
0,34.4,73.6,J&K LoC,Train_data.csv,12,0,0.0,0.0,6.67,12,50,ANOMALY,0,0.0,1.0,0.3155,CRITICAL,0
0,28.1,96.3,Arunachal Sector,Train_data.csv,12,0,1.0,0.0,6.67,0,4,NORMAL,0,0.0,1.0,0.4145,MEDIUM,0
0,23.0,68.9,Gujarat Coast,Train_data.csv,12,0,1.0,0.0,6.67,4,17,NORMAL,0,0.0,1.0,0.498,MEDIUM,0
0,31.6,74.6,Punjab Sector,Train_data.csv,12,0,0.46,0.0,6.67,12,50,NORMAL,0,0.0,1.0,0.443,MEDIUM,0
0,35.5,76.9,Ladakh LAC,Train_data.csv,12,0,0.45,0.0,6.67,12,50,NORMAL,0,0.0,1.0,0.447,MEDIUM,0
0,35.1,77.8,Ladakh LAC,Train_data.csv,12,0,0.0,0.0,6.67,12,50,ANOMALY,0,0.0,1.0,0.3185,CRITICAL,0
0,30.2,80.3,Uttarakhand Pass,Train_data.csv,12,0,0.0,0.0,6.67,9,39,ANOMALY,0,1.0,1.0,0.266,CRITICAL,0
0,27.3,89.1,Sikkim Ridge,Train_data.csv,12,0,0.0,0.0,6.67,12,50,ANOMALY,0,1.0,1.0,0.311,CRITICAL,0
0,22.7,92.7,Northeast Sector,Train_data.csv,12,0,1.0,0.0,6.67,0,1,NORMAL,0,0.0,1.0,0.3595,MEDIUM,0
0,27.4,88.8,Sikkim Ridge,Train_data.csv,12,0,0.0,0.0,6.67,12,50,ANOMALY,0,1.0,1.0,0.3075,CRITICAL,0
0,33.5,74.2,J&K LoC,Train_data.csv,12,0,1.0,0.0,6.67,0,1,NORMAL,0,0.0,1.0,0.379,MEDIUM,0
0,33.7,78.9,Ladakh LAC,Train_data.csv,12,0,1.0,0.0,6.67,1,5,NORMAL,0,0.0,1.0,0.442,MEDIUM,0
2,27.3,89.1,Sikkim Ridge,Train_data.csv,12,0,1.0,0.0,6.67,0,1,NORMAL,0,0.0,1.0,0.3765,MEDIUM,0
0,35.5,76.9,Ladakh LAC,Train_data.csv,12,0,1.0,0.0,6.67,3,16,NORMAL,0,0.0,1.0,0.51,MEDIUM,0
0,30.2,80.3,Uttarakhand Pass,Train_data.csv,12,0,1.0,0.0,6.67,1,7,NORMAL,0,0.0,1.0,0.4575,MEDIUM,0
0,35.5,76.9,Ladakh LAC,Train_data.csv,12,0,1.0,0.0,6.67,5,24,NORMAL,0,0.0,1.0,0.534,HIGH,0
0,27.4,88.8,Sikkim Ridge,Train_data.csv,12,0,1.0,0.0,6.67,0,2,NORMAL,0,0.0,1.0,0.3885,MEDIUM,0
0,28.1,96.3,Arunachal Sector,Train_data.csv,12,0,1.0,0.0,6.67,0,1,NORMAL,0,0.0,1.0,0.368,MEDIUM,0
0,35.5,76.9,Ladakh LAC,Train_data.csv,12,0,1.0,0.0,6.67,0,1,NORMAL,0,0.0,1.0,0.3775,MEDIUM,0
0,34.4,73.6,J&K LoC,Train_data.csv,12,0,0.0,0.0,6.67,1,6,ANOMALY,0,0.83,1.0,0.1585,CRITICAL,0
0,27.4,88.8,Sikkim Ridge,Train_data.csv,12,0,0.0,0.0,6.67,12,50,ANOMALY,0,1.0,1.0,0.3075,CRITICAL,0
0,22.7,92.7,Northeast Sector,Train_data.csv,12,0,0.43,0.0,6.67,6,27,NORMAL,0,0.0,1.0,0.354,MEDIUM,0
0,35.5,76.9,Ladakh LAC,Train_data.csv,12,0,0.0,0.0,6.67,12,50,ANOMALY,0,0.0,1.0,0.312,CRITICAL,0
0,27.3,89.1,Sikkim Ridge,Train_data.csv,12,0,1.0,0.0,6.67,0,2,NORMAL,0,0.0,1.0,0.392,MEDIUM,0
0,33.7,78.9,Ladakh LAC,Train_data.csv,12,0,1.0,0.0,6.67,0,4,NORMAL,0,0.0,1.0,0.4265,MEDIUM,0
0,23.9,70.0,Gujarat Coast,Train_data.csv,12,0,0.0,0.0,6.67,12,50,ANOMALY,0,1.0,1.0,0.2955,CRITICAL,0
0,27.3,89.1,Sikkim Ridge,Train_data.csv,12,0,1.0,0.0,6.67,0,1,NORMAL,0,0.0,1.0,0.3765,MEDIUM,0
0,22.7,92.7,Northeast Sector,Train_data.csv,12,0,0.0,0.0,6.67,12,50,ANOMALY,0,1.0,1.0,0.294,CRITICAL,0
0,33.7,78.9,Ladakh LAC,Train_data.csv,12,0,1.0,0.0,6.67,1,8,NORMAL,0,0.0,1.0,0.4885,MEDIUM,0
0,34.4,73.6,J&K LoC,Train_data.csv,12,0,0.0,0.0,6.67,12,50,ANOMALY,0,1.0,1.0,0.3155,CRITICAL,0
0,30.2,80.3,Uttarakhand Pass,Train_data.csv,12,0,0.0,0.0,6.67,12,50,ANOMALY,0,1.0,1.0,0.299,CRITICAL,0
0,31.6,74.6,Punjab Sector,Train_data.csv,12,0,1.0,0.0,6.67,1,5,NORMAL,0,0.2,1.0,0.4325,MEDIUM,0
0,22.7,92.7,Northeast Sector,Train_data.csv,12,0,0.0,0.0,6.67,12,50,ANOMALY,0,1.0,1.0,0.294,CRITICAL,0
0,33.5,74.2,J&K LoC,Train_data.csv,12,0,1.0,0.0,6.67,0,2,NORMAL,0,0.0,1.0,0.3945,MEDIUM,0
0,33.5,74.2,J&K LoC,Train_data.csv,12,0,0.46,0.0,6.67,12,50,NORMAL,0,0.0,1.0,0.4515,MEDIUM,0
0,31.6,74.6,Punjab Sector,Train_data.csv,12,0,1.0,0.0,6.67,0,3,NORMAL,0,0.0,1.0,0.4015,MEDIUM,0
0,28.1,96.3,Arunachal Sector,Train_data.csv,12,0,0.0,0.0,6.67,12,50,ANOMALY,0,1.0,1.0,0.3025,CRITICAL,0
0,27.3,89.1,Sikkim Ridge,Train_data.csv,12,0,1.0,0.0,6.67,5,24,NORMAL,0,0.0,1.0,0.533,HIGH,0
0,35.5,76.9,Ladakh LAC,Train_data.csv,12,0,1.0,0.0,6.67,0,1,NORMAL,0,0.0,1.0,0.3775,MEDIUM,0
0,27.3,89.1,Sikkim Ridge,Train_data.csv,12,0,0.0,0.0,6.67,12,50,ANOMALY,0,0.04,1.0,0.311,CRITICAL,0
0,28.1,96.3,Arunachal Sector,Train_data.csv,12,0,0.0,0.0,6.67,12,50,ANOMALY,0,1.0,1.0,0.3025,CRITICAL,0
0,35.1,77.8,Ladakh LAC,Train_data.csv,12,0,0.24,0.0,6.67,0,1,NORMAL,0,0.0,1.0,0.156,LOW,0
0,33.7,78.9,Ladakh LAC,Train_data.csv,12,0,1.0,0.0,6.67,2,10,NORMAL,0,0.0,1.0,0.4945,MEDIUM,0
0,30.2,80.3,Uttarakhand Pass,Train_data.csv,12,0,1.0,0.0,6.67,1,5,NORMAL,0,0.0,1.0,0.4265,MEDIUM,0
0,28.1,96.3,Arunachal Sector,Train_data.csv,12,0,1.0,0.0,6.67,0,2,NORMAL,0,0.0,1.0,0.3835,MEDIUM,0
0,22.7,92.7,Northeast Sector,Train_data.csv,12,0,0.01,0.0,6.67,6,28,ANOMALY,0,0.0,1.0,0.231,CRITICAL,0
0,27.4,88.8,Sikkim Ridge,Train_data.csv,12,0,0.0,0.0,6.67,12,50,ANOMALY,0,0.0,1.0,0.3075,CRITICAL,0
0,22.7,92.7,Northeast Sector,Train_data.csv,12,0,1.0,0.0,6.67,0,2,NORMAL,0,0.0,1.0,0.375,MEDIUM,0
0,31.6,74.6,Punjab Sector,Train_data.csv,12,0,0.0,0.0,6.67,0,1,NORMAL,0,0.0,1.0,0.0705,LOW,0
0,35.1,77.8,Ladakh LAC,Train_data.csv,12,0,1.0,0.0,6.67,0,1,NORMAL,0,0.0,1.0,0.384,MEDIUM,0
0,33.7,78.9,Ladakh LAC,Train_data.csv,12,0,1.0,0.0,6.67,0,1,NORMAL,0,0.0,1.0,0.38,MEDIUM,0
0,25.7,71.4,Rajasthan Border,Train_data.csv,12,0,1.0,0.0,6.67,0,1,NORMAL,0,0.0,1.0,0.3665,MEDIUM,0
0,30.2,80.3,Uttarakhand Pass,Train_data.csv,12,0,0.0,0.0,6.67,12,50,ANOMALY,0,0.0,1.0,0.299,CRITICAL,0
0,27.6,91.9,Arunachal Sector,Train_data.csv,12,0,0.43,0.0,6.67,12,50,NORMAL,0,0.0,1.0,0.438,MEDIUM,0
0,27.4,88.8,Sikkim Ridge,Train_data.csv,12,0,1.0,0.0,6.67,1,5,NORMAL,0,0.0,1.0,0.435,MEDIUM,0
0,33.5,74.2,J&K LoC,Train_data.csv,12,0,1.0,0.0,6.67,0,2,NORMAL,0,0.0,1.0,0.3945,MEDIUM,0
0,28.1,96.3,Arunachal Sector,Train_data.csv,12,0,0.0,0.0,6.67,12,50,ANOMALY,0,1.0,1.0,0.3025,CRITICAL,0
0,35.1,77.8,Ladakh LAC,Train_data.csv,12,0,0.0,0.0,6.67,12,50,ANOMALY,0,1.0,1.0,0.3185,CRITICAL,0
0,27.6,91.9,Arunachal Sector,Train_data.csv,12,0,1.0,0.0,6.67,0,1,NORMAL,0,0.0,1.0,0.3745,MEDIUM,0
0,22.7,92.7,Northeast Sector,Train_data.csv,12,0,0.0,0.0,6.67,12,50,ANOMALY,0,1.0,1.0,0.294,CRITICAL,0
0,23.0,68.9,Gujarat Coast,Train_data.csv,12,0,0.0,0.0,6.67,12,50,ANOMALY,0,0.0,1.0,0.297,CRITICAL,0
0,23.9,70.0,Gujarat Coast,Train_data.csv,12,0,1.0,0.0,6.67,3,13,NORMAL,0,0.0,1.0,0.4845,MEDIUM,0
2,33.5,74.2,J&K LoC,Train_data.csv,12,0,1.0,0.0,6.67,0,3,ANOMALY,0,0.0,1.0,0.41,CRITICAL,0
0,34.4,73.6,J&K LoC,Train_data.csv,12,0,1.0,0.0,6.67,0,1,NORMAL,0,0.0,1.0,0.381,MEDIUM,0
0,27.6,91.9,Arunachal Sector,Train_data.csv,12,0,1.0,0.0,6.67,2,10,NORMAL,0,0.0,1.0,0.489,MEDIUM,0
0,35.1,77.8,Ladakh LAC,Train_data.csv,12,0,1.0,0.0,6.67,1,5,NORMAL,0,0.0,1.0,0.446,MEDIUM,0
0,35.1,77.8,Ladakh LAC,Train_data.csv,12,0,1.0,0.0,6.67,12,50,ANOMALY,0,0.0,1.0,0.6185,CRITICAL,0
0,23.9,70.0,Gujarat Coast,Train_data.csv,12,0,0.0,0.0,6.67,0,1,ANOMALY,0,0.0,1.0,0.061,CRITICAL,0
0,22.7,92.7,Northeast Sector,Train_data.csv,12,0,1.0,0.0,6.67,6,26,NORMAL,0,0.0,1.0,0.522,HIGH,0
0,35.5,76.9,Ladakh LAC,Train_data.csv,12,0,1.0,0.0,6.67,1,7,NORMAL,0,0.0,1.0,0.4705,MEDIUM,0
0,25.7,71.4,Rajasthan Border,Train_data.csv,12,0,1.0,0.0,6.67,0,2,NORMAL,0,0.0,1.0,0.382,MEDIUM,0
0,30.2,80.3,Uttarakhand Pass,Train_data.csv,12,0,0.0,0.0,6.67,12,50,ANOMALY,0,1.0,1.0,0.299,CRITICAL,0
0,34.4,73.6,J&K LoC,Train_data.csv,12,0,1.0,0.0,6.67,0,2,NORMAL,0,0.0,1.0,0.3965,MEDIUM,0
0,33.5,74.2,J&K LoC,Train_data.csv,12,0,0.0,0.0,6.67,12,50,ANOMALY,0,1.0,1.0,0.3135,CRITICAL,0
0,33.5,74.2,J&K LoC,Train_data.csv,12,0,1.0,0.0,6.67,0,1,NORMAL,0,0.0,1.0,0.379,MEDIUM,0
0,30.2,80.3,Uttarakhand Pass,Train_data.csv,12,0,0.0,0.0,6.67,12,50,ANOMALY,0,1.0,1.0,0.299,CRITICAL,0
0,25.7,71.4,Rajasthan Border,Train_data.csv,12,0,1.0,0.0,6.67,12,50,ANOMALY,0,0.0,1.0,0.601,CRITICAL,0
0,28.1,96.3,Arunachal Sector,Train_data.csv,12,0,1.0,0.0,6.67,0,2,NORMAL,0,0.0,1.0,0.3835,MEDIUM,0
1,23.0,68.9,Gujarat Coast,Train_data.csv,12,0,1.0,0.0,6.67,0,1,NORMAL,0,0.0,1.0,0.3625,MEDIUM,0
0,27.3,89.1,Sikkim Ridge,Train_data.csv,12,0,0.0,0.0,6.67,12,50,ANOMALY,0,1.0,1.0,0.311,CRITICAL,0
0,22.7,92.7,Northeast Sector,Train_data.csv,12,0,0.0,0.0,6.67,12,50,ANOMALY,0,1.0,1.0,0.294,CRITICAL,0
0,35.1,77.8,Ladakh LAC,Train_data.csv,12,0,1.0,0.0,6.67,1,8,NORMAL,0,0.0,1.0,0.4925,MEDIUM,0
0,35.5,76.9,Ladakh LAC,Train_data.csv,12,0,0.0,0.0,6.67,12,50,ANOMALY,0,0.0,1.0,0.312,CRITICAL,0
0,22.7,92.7,Northeast Sector,Train_data.csv,12,0,0.0,0.0,6.67,12,50,ANOMALY,0,1.0,1.0,0.294,CRITICAL,0
0,27.6,91.9,Arunachal Sector,Train_data.csv,12,0,0.0,0.0,6.67,12,50,ANOMALY,0,1.0,1.0,0.309,CRITICAL,0
0,27.6,91.9,Arunachal Sector,Train_data.csv,12,0,0.0,0.0,6.67,12,50,ANOMALY,0,1.0,1.0,0.309,CRITICAL,0
0,23.0,68.9,Gujarat Coast,Train_data.csv,12,0,1.0,0.0,6.67,0,4,NORMAL,0,0.0,1.0,0.409,MEDIUM,0
0,35.5,76.9,Ladakh LAC,Train_data.csv,12,0,0.0,0.0,6.67,12,50,ANOMALY,0,1.0,1.0,0.312,CRITICAL,0
0,27.4,88.8,Sikkim Ridge,Train_data.csv,12,0,0.45,0.0,6.67,10,42,NORMAL,0,0.0,1.0,0.4185,MEDIUM,0
0,27.6,91.9,Arunachal Sector,Train_data.csv,12,0,1.0,0.0,6.67,0,1,NORMAL,0,0.0,1.0,0.3745,MEDIUM,0
0,35.5,76.9,Ladakh LAC,Train_data.csv,12,0,0.0,0.0,6.67,12,50,ANOMALY,0,1.0,1.0,0.312,CRITICAL,0
0,22.7,92.7,Northeast Sector,Train_data.csv,12,0,0.0,0.0,6.67,12,50,ANOMALY,0,1.0,1.0,0.294,CRITICAL,0
0,35.5,76.9,Ladakh LAC,Train_data.csv,12,0,1.0,0.0,6.67,2,12,NORMAL,0,0.0,1.0,0.498,MEDIUM,0
0,34.4,73.6,J&K LoC,Train_data.csv,12,0,0.0,0.0,6.67,12,50,ANOMALY,0,0.19,1.0,0.3155,CRITICAL,0
0,25.7,71.4,Rajasthan Border,Train_data.csv,12,0,0.0,0.0,6.67,12,50,ANOMALY,0,1.0,1.0,0.301,CRITICAL,0
0,33.5,74.2,J&K LoC,Train_data.csv,12,0,1.0,0.0,6.67,0,1,NORMAL,0,0.0,1.0,0.379,MEDIUM,0
0,34.4,73.6,J&K LoC,Train_data.csv,12,0,0.0,0.0,6.67,12,50,ANOMALY,0,1.0,1.0,0.3155,CRITICAL,0
0,25.7,71.4,Rajasthan Border,Train_data.csv,12,0,0.0,0.0,6.67,12,50,ANOMALY,0,1.0,1.0,0.301,CRITICAL,0
0,30.2,80.3,Uttarakhand Pass,Train_data.csv,12,0,0.0,0.0,6.67,12,50,ANOMALY,0,1.0,1.0,0.299,CRITICAL,0
0,23.9,70.0,Gujarat Coast,Train_data.csv,12,0,0.0,0.0,6.67,9,40,ANOMALY,0,1.0,1.0,0.2655,CRITICAL,0
0,34.4,73.6,J&K LoC,Train_data.csv,12,0,0.0,0.0,6.67,12,50,ANOMALY,0,1.0,1.0,0.3155,CRITICAL,0
0,22.7,92.7,Northeast Sector,Train_data.csv,12,0,1.0,0.0,6.67,3,16,NORMAL,0,0.0,1.0,0.492,MEDIUM,0
0,31.6,74.6,Punjab Sector,Train_data.csv,12,0,1.0,0.0,6.67,1,5,NORMAL,0,0.0,1.0,0.4325,MEDIUM,0
0,23.9,70.0,Gujarat Coast,Train_data.csv,12,0,1.0,0.0,6.67,4,19,NORMAL,0,0.0,1.0,0.5025,MEDIUM,0
0,28.1,96.3,Arunachal Sector,Train_data.csv,12,0,1.0,0.0,6.67,7,33,NORMAL,0,0.0,1.0,0.5515,HIGH,0
0,22.7,92.7,Northeast Sector,Train_data.csv,12,0,0.0,0.0,6.67,12,50,ANOMALY,0,1.0,1.0,0.294,CRITICAL,0
0,31.6,74.6,Punjab Sector,Train_data.csv,12,0,0.0,0.0,6.67,12,50,ANOMALY,0,1.0,1.0,0.305,CRITICAL,0
0,34.4,73.6,J&K LoC,Train_data.csv,12,0,0.0,0.0,6.67,12,50,ANOMALY,0,1.0,1.0,0.3155,CRITICAL,0
0,33.5,74.2,J&K LoC,Train_data.csv,12,0,0.46,0.0,6.67,12,50,NORMAL,0,0.0,1.0,0.4515,MEDIUM,0
0,23.0,68.9,Gujarat Coast,Train_data.csv,12,0,1.0,0.0,6.67,0,1,NORMAL,0,0.0,1.0,0.3625,MEDIUM,0
0,27.6,91.9,Arunachal Sector,Train_data.csv,12,0,0.11,0.0,6.67,0,2,NORMAL,0,0.0,1.0,0.123,LOW,0
0,30.2,80.3,Uttarakhand Pass,Train_data.csv,12,0,0.0,0.0,6.67,9,39,ANOMALY,0,1.0,1.0,0.266,CRITICAL,0
0,28.1,96.3,Arunachal Sector,Train_data.csv,12,0,0.0,0.0,6.67,0,1,ANOMALY,0,0.0,1.0,0.068,CRITICAL,0
0,30.2,80.3,Uttarakhand Pass,Train_data.csv,12,0,0.0,0.0,6.67,12,50,ANOMALY,0,1.0,1.0,0.299,CRITICAL,0
0,22.7,92.7,Northeast Sector,Train_data.csv,12,0,0.0,0.0,6.67,10,44,ANOMALY,0,0.0,1.0,0.276,CRITICAL,0
0,33.5,74.2,J&K LoC,Train_data.csv,12,0,0.0,0.0,6.67,12,50,ANOMALY,0,1.0,1.0,0.3135,CRITICAL,0
0,33.7,78.9,Ladakh LAC,Train_data.csv,12,0,0.0,0.0,6.67,12,50,ANOMALY,0,1.0,1.0,0.3145,CRITICAL,0
0,22.7,92.7,Northeast Sector,Train_data.csv,12,0,0.0,0.0,6.67,12,50,ANOMALY,0,0.13,1.0,0.294,CRITICAL,0
0,27.3,89.1,Sikkim Ridge,Train_data.csv,12,0,1.0,0.0,6.67,1,6,NORMAL,0,0.0,1.0,0.454,MEDIUM,0
0,25.7,71.4,Rajasthan Border,Train_data.csv,12,0,1.0,0.0,6.67,0,2,NORMAL,0,0.0,1.0,0.382,MEDIUM,0
0,23.0,68.9,Gujarat Coast,Train_data.csv,12,0,0.0,0.0,6.67,12,50,ANOMALY,0,1.0,1.0,0.297,CRITICAL,0
0,27.4,88.8,Sikkim Ridge,Train_data.csv,12,0,1.0,0.0,6.67,0,2,NORMAL,0,0.0,1.0,0.3885,MEDIUM,0
0,27.3,89.1,Sikkim Ridge,Train_data.csv,12,0,1.0,0.0,6.67,1,7,NORMAL,0,0.0,1.0,0.4695,MEDIUM,0
0,27.3,89.1,Sikkim Ridge,Train_data.csv,12,0,0.0,0.0,6.67,12,50,ANOMALY,0,1.0,1.0,0.311,CRITICAL,0
0,23.9,70.0,Gujarat Coast,Train_data.csv,12,0,0.0,0.0,6.67,12,50,ANOMALY,0,1.0,1.0,0.2955,CRITICAL,0
0,28.1,96.3,Arunachal Sector,Train_data.csv,12,0,0.0,0.0,6.67,0,1,NORMAL,0,0.0,1.0,0.068,LOW,0
0,27.6,91.9,Arunachal Sector,Train_data.csv,12,0,1.0,0.0,6.67,6,26,NORMAL,0,0.0,1.0,0.537,HIGH,0
0,28.1,96.3,Arunachal Sector,Train_data.csv,12,0,0.12,0.0,6.67,0,2,NORMAL,0,0.0,1.0,0.1195,LOW,0
0,35.5,76.9,Ladakh LAC,Train_data.csv,12,0,1.0,0.0,6.67,4,20,NORMAL,0,0.0,1.0,0.522,HIGH,0
0,28.1,96.3,Arunachal Sector,Train_data.csv,12,0,0.0,0.0,6.67,7,32,ANOMALY,0,1.0,1.0,0.2485,CRITICAL,0
0,34.4,73.6,J&K LoC,Train_data.csv,12,0,1.0,0.0,6.67,0,1,NORMAL,0,0.0,1.0,0.381,MEDIUM,0
0,34.4,73.6,J&K LoC,Train_data.csv,12,0,1.0,0.0,6.67,8,35,NORMAL,0,0.0,1.0,0.5705,HIGH,0
0,25.7,71.4,Rajasthan Border,Train_data.csv,12,0,0.0,0.0,6.67,12,50,ANOMALY,0,1.0,1.0,0.301,CRITICAL,0
0,34.4,73.6,J&K LoC,Train_data.csv,12,0,0.0,0.0,6.67,12,50,ANOMALY,0,1.0,1.0,0.3155,CRITICAL,0
0,30.2,80.3,Uttarakhand Pass,Train_data.csv,12,0,1.0,0.0,6.67,12,50,ANOMALY,0,0.0,1.0,0.599,CRITICAL,0
0,23.0,68.9,Gujarat Coast,Train_data.csv,12,0,1.0,0.0,6.67,0,2,NORMAL,0,0.0,1.0,0.378,MEDIUM,0
0,25.7,71.4,Rajasthan Border,Train_data.csv,12,0,1.0,0.0,6.67,0,1,NORMAL,0,0.0,1.0,0.3665,MEDIUM,0
0,27.3,89.1,Sikkim Ridge,Train_data.csv,12,0,0.44,0.0,6.67,12,50,NORMAL,0,0.0,1.0,0.443,MEDIUM,0
0,35.5,76.9,Ladakh LAC,Train_data.csv,12,0,1.0,0.0,6.67,1,6,NORMAL,0,0.0,1.0,0.455,MEDIUM,0
0,33.5,74.2,J&K LoC,Train_data.csv,12,0,0.44,0.0,6.67,0,4,NORMAL,0,0.0,1.0,0.2575,LOW,0
0,23.9,70.0,Gujarat Coast,Train_data.csv,12,0,0.0,0.0,6.67,12,50,ANOMALY,0,1.0,1.0,0.2955,CRITICAL,0
0,31.6,74.6,Punjab Sector,Train_data.csv,12,0,0.01,0.0,6.67,4,20,ANOMALY,0,0.0,1.0,0.218,CRITICAL,0
0,34.4,73.6,J&K LoC,Train_data.csv,12,0,0.44,0.0,6.67,12,50,NORMAL,0,0.0,1.0,0.4475,MEDIUM,0
0,35.1,77.8,Ladakh LAC,Train_data.csv,12,0,0.0,0.0,6.67,12,50,ANOMALY,0,1.0,1.0,0.3185,CRITICAL,0
0,27.6,91.9,Arunachal Sector,Train_data.csv,12,0,0.08,0.0,6.67,0,1,ANOMALY,0,0.0,1.0,0.0985,CRITICAL,0
0,35.5,76.9,Ladakh LAC,Train_data.csv,12,0,1.0,0.0,6.67,3,14,NORMAL,0,0.0,1.0,0.504,MEDIUM,0
0,23.9,70.0,Gujarat Coast,Train_data.csv,12,0,1.0,0.0,6.67,1,7,NORMAL,0,0.0,1.0,0.454,MEDIUM,0
0,33.7,78.9,Ladakh LAC,Train_data.csv,12,0,1.0,0.0,6.67,3,14,NORMAL,0,0.0,1.0,0.5065,MEDIUM,0
0,27.6,91.9,Arunachal Sector,Train_data.csv,12,0,1.0,0.0,6.67,5,23,NORMAL,0,0.0,1.0,0.528,HIGH,0
0,22.7,92.7,Northeast Sector,Train_data.csv,12,0,0.0,0.0,6.67,12,50,ANOMALY,0,0.0,1.0,0.294,CRITICAL,0
0,23.9,70.0,Gujarat Coast,Train_data.csv,12,0,1.0,0.0,6.67,0,1,NORMAL,0,0.0,1.0,0.361,MEDIUM,0
0,33.7,78.9,Ladakh LAC,Train_data.csv,12,0,0.0,0.0,6.67,12,50,ANOMALY,0,1.0,1.0,0.3145,CRITICAL,0
0,28.1,96.3,Arunachal Sector,Train_data.csv,12,0,1.0,0.0,6.67,0,4,NORMAL,0,0.0,1.0,0.4145,MEDIUM,0
0,27.4,88.8,Sikkim Ridge,Train_data.csv,12,0,0.0,0.0,6.67,12,50,ANOMALY,0,1.0,1.0,0.3075,CRITICAL,0
0,31.6,74.6,Punjab Sector,Train_data.csv,12,0,0.0,0.0,6.67,12,50,ANOMALY,0,1.0,1.0,0.305,CRITICAL,0
0,22.7,92.7,Northeast Sector,Train_data.csv,12,0,1.0,0.0,6.67,0,1,NORMAL,0,0.0,1.0,0.3595,MEDIUM,0
0,33.5,74.2,J&K LoC,Train_data.csv,12,0,0.45,0.0,6.67,12,50,NORMAL,0,0.0,1.0,0.4485,MEDIUM,0
0,22.7,92.7,Northeast Sector,Train_data.csv,12,0,1.0,0.0,6.67,1,8,NORMAL,0,0.0,1.0,0.468,MEDIUM,0
0,35.1,77.8,Ladakh LAC,Train_data.csv,12,0,1.0,0.0,6.67,9,38,NORMAL,0,0.0,1.0,0.5825,HIGH,0
0,33.7,78.9,Ladakh LAC,Train_data.csv,12,0,1.0,0.0,6.67,0,4,NORMAL,0,0.0,1.0,0.4265,MEDIUM,0
0,30.2,80.3,Uttarakhand Pass,Train_data.csv,12,0,1.0,0.0,6.67,0,2,NORMAL,0,0.0,1.0,0.38,MEDIUM,0
0,35.1,77.8,Ladakh LAC,Train_data.csv,12,0,1.0,0.0,6.67,12,50,ANOMALY,0,0.0,1.0,0.6185,CRITICAL,0
0,28.1,96.3,Arunachal Sector,Train_data.csv,12,0,0.45,0.0,6.67,12,50,NORMAL,0,0.0,1.0,0.4375,MEDIUM,0
0,35.5,76.9,Ladakh LAC,Train_data.csv,12,0,1.0,0.0,6.67,0,2,NORMAL,0,0.0,1.0,0.393,MEDIUM,0
0,33.5,74.2,J&K LoC,Train_data.csv,12,0,0.0,0.0,6.67,12,50,ANOMALY,0,1.0,1.0,0.3135,CRITICAL,0
0,35.1,77.8,Ladakh LAC,Train_data.csv,12,0,1.0,0.0,6.67,0,1,NORMAL,0,0.0,1.0,0.384,MEDIUM,0
0,35.5,76.9,Ladakh LAC,Train_data.csv,12,0,1.0,0.0,6.67,0,1,NORMAL,0,1.0,1.0,0.3775,MEDIUM,0
0,35.5,76.9,Ladakh LAC,Train_data.csv,12,0,0.0,0.0,6.67,12,50,ANOMALY,0,1.0,1.0,0.312,CRITICAL,0
0,35.5,76.9,Ladakh LAC,Train_data.csv,12,0,0.01,0.0,6.67,11,48,ANOMALY,0,0.0,1.0,0.309,CRITICAL,0
0,30.2,80.3,Uttarakhand Pass,Train_data.csv,12,0,0.0,0.0,6.67,0,1,ANOMALY,0,1.0,1.0,0.0645,CRITICAL,0
0,28.1,96.3,Arunachal Sector,Train_data.csv,12,0,0.37,0.0,6.67,0,1,NORMAL,0,0.0,1.0,0.179,LOW,0
0,33.5,74.2,J&K LoC,Train_data.csv,12,0,0.0,0.0,6.67,12,50,ANOMALY,0,1.0,1.0,0.3135,CRITICAL,0
0,33.7,78.9,Ladakh LAC,Train_data.csv,12,0,0.0,0.0,6.67,8,37,ANOMALY,0,0.97,1.0,0.2755,CRITICAL,0
2,30.2,80.3,Uttarakhand Pass,Train_data.csv,12,0,1.0,0.0,6.67,0,1,NORMAL,0,0.0,1.0,0.3645,MEDIUM,0
0,31.6,74.6,Punjab Sector,Train_data.csv,12,0,0.0,0.0,6.67,12,50,ANOMALY,0,0.0,1.0,0.305,CRITICAL,0
0,31.6,74.6,Punjab Sector,Train_data.csv,12,0,0.0,0.0,6.67,12,50,ANOMALY,0,1.0,1.0,0.305,CRITICAL,0
0,23.0,68.9,Gujarat Coast,Train_data.csv,12,0,0.0,0.0,6.67,12,50,ANOMALY,0,1.0,1.0,0.297,CRITICAL,0
0,33.7,78.9,Ladakh LAC,Train_data.csv,12,0,0.0,0.0,6.67,12,50,ANOMALY,0,1.0,1.0,0.3145,CRITICAL,0
0,27.4,88.8,Sikkim Ridge,Train_data.csv,12,0,0.0,0.0,6.67,12,50,ANOMALY,0,1.0,1.0,0.3075,CRITICAL,0
0,23.9,70.0,Gujarat Coast,Train_data.csv,12,0,1.0,0.0,6.67,0,1,NORMAL,0,0.0,1.0,0.361,MEDIUM,0
0,23.9,70.0,Gujarat Coast,Train_data.csv,12,0,0.18,0.0,6.67,0,1,ANOMALY,0,0.0,1.0,0.115,CRITICAL,0
0,31.6,74.6,Punjab Sector,Train_data.csv,12,0,0.0,0.0,6.67,12,50,ANOMALY,0,1.0,1.0,0.305,CRITICAL,0
0,31.6,74.6,Punjab Sector,Train_data.csv,12,0,0.0,0.0,6.67,12,50,ANOMALY,0,1.0,1.0,0.305,CRITICAL,0
0,23.9,70.0,Gujarat Coast,Train_data.csv,12,0,1.0,0.0,6.67,0,4,NORMAL,0,0.0,1.0,0.4075,MEDIUM,0
0,31.6,74.6,Punjab Sector,Train_data.csv,12,0,0.0,0.0,6.67,12,50,ANOMALY,0,1.0,1.0,0.305,CRITICAL,0
0,22.7,92.7,Northeast Sector,Train_data.csv,12,0,1.0,0.0,6.67,2,12,NORMAL,0,0.0,1.0,0.48,MEDIUM,0
0,34.4,73.6,J&K LoC,Train_data.csv,12,0,0.0,0.0,6.67,12,50,ANOMALY,0,1.0,1.0,0.3155,CRITICAL,0
0,28.1,96.3,Arunachal Sector,Train_data.csv,12,0,1.0,0.0,6.67,2,11,NORMAL,0,0.0,1.0,0.4855,MEDIUM,0
0,34.4,73.6,J&K LoC,Train_data.csv,12,0,0.0,0.0,6.67,12,50,ANOMALY,0,0.0,1.0,0.3155,CRITICAL,0
0,34.4,73.6,J&K LoC,Train_data.csv,12,0,1.0,0.0,6.67,1,7,NORMAL,0,0.0,1.0,0.474,MEDIUM,0
0,27.4,88.8,Sikkim Ridge,Train_data.csv,12,0,1.0,0.0,6.67,0,1,NORMAL,0,0.0,1.0,0.373,MEDIUM,0
0,33.7,78.9,Ladakh LAC,Train_data.csv,12,0,0.28,0.0,6.67,12,50,ANOMALY,0,0.0,1.0,0.3985,CRITICAL,0
0,27.3,89.1,Sikkim Ridge,Train_data.csv,12,0,0.59,0.0,6.67,3,16,NORMAL,0,0.0,1.0,0.386,MEDIUM,0
0,27.3,89.1,Sikkim Ridge,Train_data.csv,12,0,0.0,0.0,6.67,12,50,ANOMALY,0,1.0,1.0,0.311,CRITICAL,0
0,31.6,74.6,Punjab Sector,Train_data.csv,12,0,0.0,0.0,6.67,0,1,ANOMALY,0,0.0,1.0,0.0705,CRITICAL,0
0,22.7,92.7,Northeast Sector,Train_data.csv,12,0,1.0,0.0,8.0,0,1,NORMAL,0,0.0,1.0,0.3645,MEDIUM,0
0,23.9,70.0,Gujarat Coast,Train_data.csv,12,0,1.0,0.0,6.67,0,3,NORMAL,0,0.0,1.0,0.392,MEDIUM,0
0,28.1,96.3,Arunachal Sector,Train_data.csv,12,0,1.0,0.0,6.67,0,2,NORMAL,0,0.0,1.0,0.3835,MEDIUM,0
0,27.6,91.9,Arunachal Sector,Train_data.csv,12,0,1.0,0.0,6.67,0,2,ANOMALY,0,0.0,1.0,0.39,CRITICAL,0
0,23.0,68.9,Gujarat Coast,Train_data.csv,12,0,1.0,0.0,6.67,0,3,NORMAL,0,0.0,1.0,0.3935,MEDIUM,0
0,34.4,73.6,J&K LoC,Train_data.csv,12,0,1.0,0.0,6.67,2,11,NORMAL,0,0.0,1.0,0.4985,MEDIUM,0
0,30.2,80.3,Uttarakhand Pass,Train_data.csv,12,0,1.0,0.0,6.67,0,2,NORMAL,0,0.0,1.0,0.38,MEDIUM,0
0,27.3,89.1,Sikkim Ridge,Train_data.csv,12,0,1.0,0.0,6.67,0,3,NORMAL,0,0.33,1.0,0.4075,MEDIUM,0
0,35.5,76.9,Ladakh LAC,Train_data.csv,12,0,0.0,0.0,6.67,0,1,ANOMALY,0,0.0,1.0,0.0775,CRITICAL,0
0,31.6,74.6,Punjab Sector,Train_data.csv,12,0,0.0,0.0,6.67,12,50,ANOMALY,0,1.0,1.0,0.305,CRITICAL,0
0,27.6,91.9,Arunachal Sector,Train_data.csv,12,0,1.0,0.0,6.67,5,24,NORMAL,0,0.0,1.0,0.531,HIGH,0
0,35.5,76.9,Ladakh LAC,Train_data.csv,12,0,1.0,0.0,6.67,6,27,NORMAL,0,0.0,1.0,0.543,HIGH,0
0,31.6,74.6,Punjab Sector,Train_data.csv,12,0,0.28,0.0,6.67,12,50,ANOMALY,0,0.0,1.0,0.389,CRITICAL,0
0,35.5,76.9,Ladakh LAC,Train_data.csv,12,0,1.0,0.0,6.67,5,22,NORMAL,0,0.0,1.0,0.528,HIGH,0
0,25.7,71.4,Rajasthan Border,Train_data.csv,12,0,0.01,0.0,6.67,8,37,ANOMALY,0,0.0,1.0,0.265,CRITICAL,0
0,35.5,76.9,Ladakh LAC,Train_data.csv,12,0,0.38,0.0,6.67,0,3,NORMAL,0,0.0,1.0,0.2225,LOW,0
0,27.3,89.1,Sikkim Ridge,Train_data.csv,12,0,1.0,0.0,6.67,0,1,NORMAL,0,0.0,1.0,0.3765,MEDIUM,0
0,23.9,70.0,Gujarat Coast,Train_data.csv,12,0,0.0,0.0,6.67,12,50,ANOMALY,0,1.0,1.0,0.2955,CRITICAL,0
0,33.7,78.9,Ladakh LAC,Train_data.csv,12,0,0.0,0.0,6.67,0,1,ANOMALY,0,0.0,1.0,0.08,CRITICAL,0
0,23.0,68.9,Gujarat Coast,Train_data.csv,12,0,0.0,0.0,6.67,12,50,ANOMALY,0,1.0,1.0,0.297,CRITICAL,0
0,25.7,71.4,Rajasthan Border,Train_data.csv,12,0,1.0,0.0,6.67,0,4,NORMAL,0,0.0,1.0,0.413,MEDIUM,0
0,33.5,74.2,J&K LoC,Train_data.csv,12,0,1.0,0.0,6.67,2,9,NORMAL,0,0.0,1.0,0.4905,MEDIUM,0
0,35.5,76.9,Ladakh LAC,Train_data.csv,12,0,1.0,0.0,6.67,0,2,NORMAL,0,0.0,1.0,0.393,MEDIUM,0
0,25.7,71.4,Rajasthan Border,Train_data.csv,12,0,1.0,0.0,6.67,0,3,NORMAL,0,0.0,1.0,0.3975,MEDIUM,0
0,22.7,92.7,Northeast Sector,Train_data.csv,12,0,0.0,0.0,6.67,3,13,ANOMALY,0,1.0,1.0,0.183,CRITICAL,0
0,23.0,68.9,Gujarat Coast,Train_data.csv,12,0,1.0,0.0,6.67,3,16,NORMAL,0,0.0,1.0,0.495,MEDIUM,0
0,35.5,76.9,Ladakh LAC,Train_data.csv,12,0,1.0,0.0,6.67,0,1,NORMAL,0,0.0,1.0,0.3775,MEDIUM,0
0,23.9,70.0,Gujarat Coast,Train_data.csv,12,0,0.0,0.0,6.67,12,50,ANOMALY,0,1.0,1.0,0.2955,CRITICAL,0
0,34.4,73.6,J&K LoC,Train_data.csv,12,0,0.0,0.0,6.67,12,50,ANOMALY,0,1.0,1.0,0.3155,CRITICAL,0
30,30.2,80.3,Uttarakhand Pass,Train_data.csv,12,0,1.0,0.0,6.67,0,1,NORMAL,0,0.0,1.0,0.3645,MEDIUM,0
0,27.4,88.8,Sikkim Ridge,Train_data.csv,12,0,1.0,0.0,6.67,0,1,NORMAL,0,0.0,1.0,0.373,MEDIUM,0
0,27.4,88.8,Sikkim Ridge,Train_data.csv,12,0,0.0,0.0,6.67,0,1,NORMAL,0,0.0,1.0,0.073,LOW,0
6,27.4,88.8,Sikkim Ridge,Train_data.csv,12,0,1.0,0.0,6.67,0,1,NORMAL,0,0.0,1.0,0.373,MEDIUM,0
0,35.1,77.8,Ladakh LAC,Train_data.csv,12,0,1.0,0.0,6.67,0,1,NORMAL,0,0.0,1.0,0.384,MEDIUM,0
0,27.4,88.8,Sikkim Ridge,Train_data.csv,12,0,1.0,0.0,6.67,0,1,NORMAL,0,0.0,1.0,0.373,MEDIUM,0
0,22.7,92.7,Northeast Sector,Train_data.csv,12,0,0.0,0.0,6.67,12,50,ANOMALY,0,1.0,1.0,0.294,CRITICAL,0
0,27.3,89.1,Sikkim Ridge,Train_data.csv,12,0,1.0,0.0,6.67,0,4,NORMAL,0,0.0,1.0,0.423,MEDIUM,0
0,27.6,91.9,Arunachal Sector,Train_data.csv,12,0,0.0,0.0,6.67,12,50,ANOMALY,0,0.0,1.0,0.309,CRITICAL,0
0,22.7,92.7,Northeast Sector,Train_data.csv,12,0,1.0,0.0,6.67,1,5,NORMAL,0,0.0,1.0,0.4215,MEDIUM,0
0,34.4,73.6,J&K LoC,Train_data.csv,12,0,1.0,0.0,6.67,1,7,NORMAL,0,0.0,1.0,0.474,MEDIUM,0
0,27.4,88.8,Sikkim Ridge,Train_data.csv,12,0,0.0,0.0,6.67,12,50,ANOMALY,0,0.0,1.0,0.3075,CRITICAL,0
0,27.4,88.8,Sikkim Ridge,Train_data.csv,12,0,0.0,0.0,6.67,12,50,ANOMALY,0,1.0,1.0,0.3075,CRITICAL,0
0,27.4,88.8,Sikkim Ridge,Train_data.csv,12,0,1.0,0.0,6.67,3,13,NORMAL,0,0.0,1.0,0.4965,MEDIUM,0
0,33.5,74.2,J&K LoC,Train_data.csv,12,0,0.0,0.0,6.67,12,50,ANOMALY,0,1.0,1.0,0.3135,CRITICAL,0
0,27.3,89.1,Sikkim Ridge,Train_data.csv,12,0,1.0,0.0,6.67,0,3,NORMAL,0,0.0,1.0,0.4075,MEDIUM,0
0,22.7,92.7,Northeast Sector,Train_data.csv,12,0,0.0,0.0,6.67,12,50,ANOMALY,0,1.0,1.0,0.294,CRITICAL,0
0,34.4,73.6,J&K LoC,Train_data.csv,12,0,0.0,0.0,6.67,12,50,ANOMALY,0,1.0,1.0,0.3155,CRITICAL,0
0,23.0,68.9,Gujarat Coast,Train_data.csv,12,0,0.0,0.0,6.67,12,50,ANOMALY,0,1.0,1.0,0.297,CRITICAL,0
0,30.2,80.3,Uttarakhand Pass,Train_data.csv,12,0,1.0,0.0,6.67,0,1,NORMAL,0,0.0,1.0,0.3645,MEDIUM,0
0,33.7,78.9,Ladakh LAC,Train_data.csv,12,0,0.0,0.0,6.67,5,23,ANOMALY,0,1.0,1.0,0.2335,CRITICAL,0
0,33.7,78.9,Ladakh LAC,Train_data.csv,12,0,0.0,0.0,6.67,12,50,ANOMALY,0,1.0,1.0,0.3145,CRITICAL,0
0,25.7,71.4,Rajasthan Border,Train_data.csv,12,0,1.0,0.0,6.67,0,1,NORMAL,0,0.0,1.0,0.3665,MEDIUM,0
0,31.6,74.6,Punjab Sector,Train_data.csv,12,0,1.0,0.0,6.67,9,39,NORMAL,0,0.0,1.0,0.572,HIGH,0
0,31.6,74.6,Punjab Sector,Train_data.csv,12,0,0.01,0.0,6.67,0,2,ANOMALY,0,0.0,1.0,0.089,CRITICAL,0
0,35.1,77.8,Ladakh LAC,Train_data.csv,12,0,0.44,0.0,6.67,9,41,NORMAL,0,0.0,1.0,0.4235,MEDIUM,0
0,30.2,80.3,Uttarakhand Pass,Train_data.csv,12,0,1.0,0.0,6.67,0,1,NORMAL,0,0.0,1.0,0.3645,MEDIUM,0
0,22.7,92.7,Northeast Sector,Train_data.csv,12,0,1.0,0.0,6.67,1,7,NORMAL,0,0.0,1.0,0.4525,MEDIUM,0
0,35.1,77.8,Ladakh LAC,Train_data.csv,12,0,1.0,0.0,6.67,3,14,NORMAL,0,0.0,1.0,0.5105,MEDIUM,0
0,27.4,88.8,Sikkim Ridge,Train_data.csv,12,0,0.0,0.0,6.67,3,14,ANOMALY,0,1.0,1.0,0.1995,CRITICAL,0
0,27.4,88.8,Sikkim Ridge,Train_data.csv,12,0,1.0,0.0,6.67,0,1,NORMAL,0,0.0,1.0,0.373,MEDIUM,0
0,33.5,74.2,J&K LoC,Train_data.csv,12,0,0.44,0.0,6.67,12,50,NORMAL,0,0.0,1.0,0.4455,MEDIUM,0
0,27.6,91.9,Arunachal Sector,Train_data.csv,12,0,0.34,0.0,6.67,0,4,NORMAL,0,0.0,1.0,0.223,LOW,0
0,27.4,88.8,Sikkim Ridge,Train_data.csv,12,0,0.0,0.0,6.67,0,1,ANOMALY,0,0.0,1.0,0.073,CRITICAL,0
0,25.7,71.4,Rajasthan Border,Train_data.csv,12,0,0.37,0.0,6.67,0,2,NORMAL,0,0.0,1.0,0.193,LOW,0
0,35.1,77.8,Ladakh LAC,Train_data.csv,12,0,0.0,0.0,6.67,12,50,ANOMALY,0,1.0,1.0,0.3185,CRITICAL,0
30,23.9,70.0,Gujarat Coast,Train_data.csv,12,0,1.0,0.0,6.67,0,1,NORMAL,0,0.0,1.0,0.361,MEDIUM,0
0,23.9,70.0,Gujarat Coast,Train_data.csv,12,0,1.0,0.0,6.67,0,1,NORMAL,0,0.0,1.0,0.361,MEDIUM,0
0,25.7,71.4,Rajasthan Border,Train_data.csv,12,0,1.0,0.0,6.67,0,2,NORMAL,0,0.5,1.0,0.382,MEDIUM,0
0,31.6,74.6,Punjab Sector,Train_data.csv,12,0,1.0,0.0,6.67,0,4,NORMAL,0,0.0,1.0,0.417,MEDIUM,0
0,23.0,68.9,Gujarat Coast,Train_data.csv,12,0,0.0,0.0,6.67,12,50,ANOMALY,0,1.0,1.0,0.297,CRITICAL,0
0,23.0,68.9,Gujarat Coast,Train_data.csv,12,0,1.0,0.0,6.67,0,1,NORMAL,0,0.0,1.0,0.3625,MEDIUM,0
0,33.5,74.2,J&K LoC,Train_data.csv,12,0,1.0,0.0,6.67,0,2,NORMAL,0,0.0,1.0,0.3945,MEDIUM,0
0,27.3,89.1,Sikkim Ridge,Train_data.csv,12,0,1.0,0.0,6.67,0,1,NORMAL,0,0.0,1.0,0.3765,MEDIUM,0
0,27.3,89.1,Sikkim Ridge,Train_data.csv,12,0,0.0,0.0,6.67,12,50,ANOMALY,0,1.0,1.0,0.311,CRITICAL,0
0,31.6,74.6,Punjab Sector,Train_data.csv,12,0,1.0,0.0,6.67,1,7,NORMAL,0,0.0,1.0,0.4635,MEDIUM,0
0,35.5,76.9,Ladakh LAC,Train_data.csv,12,0,1.0,0.0,6.67,0,1,NORMAL,0,0.0,1.0,0.3775,MEDIUM,0
0,23.9,70.0,Gujarat Coast,Train_data.csv,12,0,0.0,0.0,6.67,12,50,ANOMALY,0,1.0,1.0,0.2955,CRITICAL,0
0,23.0,68.9,Gujarat Coast,Train_data.csv,12,0,1.0,0.0,6.67,1,5,NORMAL,0,0.0,1.0,0.4245,MEDIUM,0
0,31.6,74.6,Punjab Sector,Train_data.csv,12,0,1.0,0.0,6.67,0,1,NORMAL,0,0.0,1.0,0.3705,MEDIUM,0
0,27.6,91.9,Arunachal Sector,Train_data.csv,12,0,1.0,0.0,6.67,1,7,NORMAL,0,0.0,1.0,0.4675,MEDIUM,0
0,28.1,96.3,Arunachal Sector,Train_data.csv,12,0,0.0,0.0,6.67,12,50,ANOMALY,0,1.0,1.0,0.3025,CRITICAL,0
0,27.3,89.1,Sikkim Ridge,Train_data.csv,12,0,0.0,0.0,6.67,12,50,ANOMALY,0,1.0,1.0,0.311,CRITICAL,0
0,31.6,74.6,Punjab Sector,Train_data.csv,12,0,0.01,0.0,6.67,12,50,ANOMALY,0,0.0,1.0,0.308,CRITICAL,0
0,23.0,68.9,Gujarat Coast,Train_data.csv,12,0,0.0,0.0,6.67,12,50,ANOMALY,0,0.0,1.0,0.297,CRITICAL,0
0,25.7,71.4,Rajasthan Border,Train_data.csv,12,0,1.0,0.0,6.67,0,4,NORMAL,0,0.0,1.0,0.413,MEDIUM,0
0,33.5,74.2,J&K LoC,Train_data.csv,12,0,0.0,0.0,6.67,0,1,NORMAL,0,0.0,1.0,0.079,LOW,0
0,22.7,92.7,Northeast Sector,Train_data.csv,12,0,0.0,0.0,6.67,12,50,ANOMALY,0,1.0,1.0,0.294,CRITICAL,0
0,25.7,71.4,Rajasthan Border,Train_data.csv,12,0,1.0,0.0,6.67,0,1,NORMAL,0,0.0,1.0,0.3665,MEDIUM,0
0,28.1,96.3,Arunachal Sector,Train_data.csv,12,0,1.0,0.0,6.67,0,1,NORMAL,0,0.0,1.0,0.368,MEDIUM,0
0,30.2,80.3,Uttarakhand Pass,Train_data.csv,12,0,0.0,0.0,6.67,12,50,ANOMALY,0,1.0,1.0,0.299,CRITICAL,0
0,27.3,89.1,Sikkim Ridge,Train_data.csv,12,0,0.0,0.0,6.67,12,50,ANOMALY,0,1.0,1.0,0.311,CRITICAL,0
0,31.6,74.6,Punjab Sector,Train_data.csv,12,0,0.0,0.0,6.67,12,50,ANOMALY,0,0.0,1.0,0.305,CRITICAL,0
0,23.9,70.0,Gujarat Coast,Train_data.csv,12,0,0.0,0.0,6.67,0,1,ANOMALY,0,0.0,1.0,0.061,CRITICAL,0
0,28.1,96.3,Arunachal Sector,Train_data.csv,12,0,0.0,0.0,6.67,2,9,ANOMALY,0,1.0,1.0,0.1795,CRITICAL,0
0,27.4,88.8,Sikkim Ridge,Train_data.csv,12,0,0.0,0.0,6.67,12,50,ANOMALY,0,1.0,1.0,0.3075,CRITICAL,0
0,35.1,77.8,Ladakh LAC,Train_data.csv,12,0,0.0,0.0,6.67,12,50,ANOMALY,0,1.0,1.0,0.3185,CRITICAL,0
1,23.0,68.9,Gujarat Coast,Train_data.csv,12,0,1.0,0.0,6.67,0,1,NORMAL,0,0.0,1.0,0.3625,MEDIUM,0
0,27.4,88.8,Sikkim Ridge,Train_data.csv,12,0,0.0,0.0,6.67,0,2,NORMAL,0,0.5,1.0,0.0885,LOW,0
0,27.3,89.1,Sikkim Ridge,Train_data.csv,12,0,0.0,0.0,6.67,0,2,NORMAL,0,0.5,1.0,0.092,LOW,0
0,27.4,88.8,Sikkim Ridge,Train_data.csv,12,0,1.0,0.0,6.67,0,2,NORMAL,0,0.0,1.0,0.3885,MEDIUM,0
0,33.7,78.9,Ladakh LAC,Train_data.csv,12,0,1.0,0.0,6.67,0,2,NORMAL,0,0.0,1.0,0.3955,MEDIUM,0
0,30.2,80.3,Uttarakhand Pass,Train_data.csv,12,0,1.0,0.0,6.67,0,3,NORMAL,0,0.0,1.0,0.3955,MEDIUM,0
0,23.0,68.9,Gujarat Coast,Train_data.csv,12,0,1.0,0.0,6.67,0,1,NORMAL,0,0.0,1.0,0.3625,MEDIUM,0
0,28.1,96.3,Arunachal Sector,Train_data.csv,12,0,0.0,0.0,6.67,12,50,ANOMALY,0,1.0,1.0,0.3025,CRITICAL,0
0,34.4,73.6,J&K LoC,Train_data.csv,12,0,0.0,0.0,6.67,12,50,ANOMALY,0,0.05,1.0,0.3155,CRITICAL,0
0,28.1,96.3,Arunachal Sector,Train_data.csv,12,0,1.0,0.0,6.67,1,7,NORMAL,0,0.0,1.0,0.461,MEDIUM,0
0,35.5,76.9,Ladakh LAC,Train_data.csv,12,0,1.0,0.0,6.67,3,16,NORMAL,0,0.0,1.0,0.51,MEDIUM,0
0,28.1,96.3,Arunachal Sector,Train_data.csv,12,0,0.0,0.0,6.67,12,50,ANOMALY,0,1.0,1.0,0.3025,CRITICAL,0
2,31.6,74.6,Punjab Sector,Train_data.csv,12,0,1.0,0.0,6.67,0,4,ANOMALY,0,0.0,1.0,0.417,CRITICAL,0
0,34.4,73.6,J&K LoC,Train_data.csv,12,0,0.0,0.0,6.67,0,1,ANOMALY,0,0.0,1.0,0.081,CRITICAL,0
0,23.0,68.9,Gujarat Coast,Train_data.csv,12,0,0.0,0.0,6.67,12,50,ANOMALY,0,1.0,1.0,0.297,CRITICAL,0
0,33.7,78.9,Ladakh LAC,Train_data.csv,12,0,1.0,0.0,6.67,0,2,ANOMALY,0,0.0,1.0,0.3955,CRITICAL,0
0,33.5,74.2,J&K LoC,Train_data.csv,12,0,0.44,0.0,6.67,12,50,NORMAL,0,0.0,1.0,0.4455,MEDIUM,0
0,25.7,71.4,Rajasthan Border,Train_data.csv,12,0,0.37,0.0,6.67,0,1,NORMAL,0,0.0,1.0,0.1775,LOW,0
0,27.6,91.9,Arunachal Sector,Train_data.csv,12,0,0.33,0.0,6.67,0,1,NORMAL,0,0.0,1.0,0.1735,LOW,0
0,30.2,80.3,Uttarakhand Pass,Train_data.csv,12,0,0.0,0.0,6.67,12,50,ANOMALY,0,1.0,1.0,0.299,CRITICAL,0
0,34.4,73.6,J&K LoC,Train_data.csv,12,0,0.0,0.0,6.67,12,50,ANOMALY,0,1.0,1.0,0.3155,CRITICAL,0
0,34.4,73.6,J&K LoC,Train_data.csv,12,0,0.0,0.0,6.67,12,50,ANOMALY,0,1.0,1.0,0.3155,CRITICAL,0
0,22.7,92.7,Northeast Sector,Train_data.csv,12,0,0.0,0.0,6.67,12,50,ANOMALY,0,1.0,1.0,0.294,CRITICAL,0
0,23.9,70.0,Gujarat Coast,Train_data.csv,12,0,0.0,0.0,6.67,12,50,ANOMALY,0,1.0,1.0,0.2955,CRITICAL,0
0,35.5,76.9,Ladakh LAC,Train_data.csv,12,0,0.0,0.0,6.67,12,50,ANOMALY,0,1.0,1.0,0.312,CRITICAL,0
0,27.6,91.9,Arunachal Sector,Train_data.csv,12,0,0.07,0.0,6.67,0,1,NORMAL,0,0.0,1.0,0.0955,LOW,0
0,35.5,76.9,Ladakh LAC,Train_data.csv,12,0,0.0,0.0,6.67,12,50,ANOMALY,0,1.0,1.0,0.312,CRITICAL,0
0,28.1,96.3,Arunachal Sector,Train_data.csv,12,0,0.0,0.0,6.67,12,50,ANOMALY,0,1.0,1.0,0.3025,CRITICAL,0
0,27.6,91.9,Arunachal Sector,Train_data.csv,12,0,0.44,0.0,6.67,12,50,NORMAL,0,0.0,1.0,0.441,MEDIUM,0
0,27.6,91.9,Arunachal Sector,Train_data.csv,12,0,1.0,0.0,6.67,0,3,NORMAL,0,0.0,1.0,0.4055,MEDIUM,0
0,27.4,88.8,Sikkim Ridge,Train_data.csv,12,0,0.78,0.0,6.67,3,15,NORMAL,0,0.0,1.0,0.4365,MEDIUM,0
0,35.5,76.9,Ladakh LAC,Train_data.csv,12,0,0.0,0.0,6.67,12,50,ANOMALY,0,0.0,1.0,0.312,CRITICAL,0
0,33.5,74.2,J&K LoC,Train_data.csv,12,0,1.0,0.0,6.67,0,1,NORMAL,0,0.0,1.0,0.379,MEDIUM,0
0,25.7,71.4,Rajasthan Border,Train_data.csv,12,0,0.0,0.0,6.67,0,2,NORMAL,0,0.0,1.0,0.082,LOW,0
0,23.0,68.9,Gujarat Coast,Train_data.csv,12,0,1.0,0.0,6.67,0,2,NORMAL,0,0.0,1.0,0.378,MEDIUM,0
0,35.5,76.9,Ladakh LAC,Train_data.csv,12,0,1.0,0.0,6.67,4,20,NORMAL,0,0.0,1.0,0.522,HIGH,0
0,25.7,71.4,Rajasthan Border,Train_data.csv,12,0,1.0,0.0,6.67,0,1,NORMAL,0,0.0,1.0,0.3665,MEDIUM,0
0,23.9,70.0,Gujarat Coast,Train_data.csv,12,0,1.0,0.0,6.67,0,1,NORMAL,0,0.0,1.0,0.361,MEDIUM,0
0,35.5,76.9,Ladakh LAC,Train_data.csv,12,0,1.0,0.0,6.67,1,8,NORMAL,0,0.0,1.0,0.486,MEDIUM,0
0,23.0,68.9,Gujarat Coast,Train_data.csv,12,0,0.0,0.0,6.67,12,50,ANOMALY,0,0.0,1.0,0.297,CRITICAL,0
0,28.1,96.3,Arunachal Sector,Train_data.csv,12,0,0.0,0.0,6.67,12,50,ANOMALY,0,1.0,1.0,0.3025,CRITICAL,0
0,23.0,68.9,Gujarat Coast,Train_data.csv,12,0,0.08,0.0,6.67,0,1,ANOMALY,0,0.0,1.0,0.0865,CRITICAL,0
0,27.4,88.8,Sikkim Ridge,Train_data.csv,12,0,0.0,0.0,6.67,0,1,NORMAL,0,0.0,1.0,0.073,LOW,0
0,23.9,70.0,Gujarat Coast,Train_data.csv,12,0,1.0,0.0,6.67,12,50,ANOMALY,0,0.0,1.0,0.5955,CRITICAL,0
0,35.5,76.9,Ladakh LAC,Train_data.csv,12,0,1.0,0.0,6.67,0,2,NORMAL,0,0.0,1.0,0.393,MEDIUM,0
0,28.1,96.3,Arunachal Sector,Train_data.csv,12,0,0.0,0.0,6.67,12,50,ANOMALY,0,1.0,1.0,0.3025,CRITICAL,0
0,27.6,91.9,Arunachal Sector,Train_data.csv,12,0,1.0,0.0,6.67,0,1,NORMAL,0,0.0,1.0,0.3745,MEDIUM,0
0,33.7,78.9,Ladakh LAC,Train_data.csv,12,0,1.0,0.0,6.67,5,22,NORMAL,0,0.0,1.0,0.5305,HIGH,0
0,27.6,91.9,Arunachal Sector,Train_data.csv,12,0,0.0,0.0,6.67,12,50,ANOMALY,0,1.0,1.0,0.309,CRITICAL,0
0,28.1,96.3,Arunachal Sector,Train_data.csv,12,0,1.0,0.0,6.67,0,4,NORMAL,0,0.0,1.0,0.4145,MEDIUM,0
0,34.4,73.6,J&K LoC,Train_data.csv,12,0,0.0,0.0,6.67,12,50,ANOMALY,0,1.0,1.0,0.3155,CRITICAL,0
0,25.7,71.4,Rajasthan Border,Train_data.csv,12,0,1.0,0.0,6.67,1,8,NORMAL,0,0.0,1.0,0.475,MEDIUM,0
0,30.2,80.3,Uttarakhand Pass,Train_data.csv,12,0,0.45,0.0,6.67,6,25,NORMAL,0,0.0,1.0,0.359,MEDIUM,0
0,23.9,70.0,Gujarat Coast,Train_data.csv,12,0,1.0,0.0,6.67,0,2,NORMAL,0,0.5,1.0,0.3765,MEDIUM,0
0,25.7,71.4,Rajasthan Border,Train_data.csv,12,0,1.0,0.0,6.67,3,15,NORMAL,0,0.0,1.0,0.496,MEDIUM,0
0,35.5,76.9,Ladakh LAC,Train_data.csv,12,0,0.0,0.0,6.67,12,50,ANOMALY,0,1.0,1.0,0.312,CRITICAL,0
0,34.4,73.6,J&K LoC,Train_data.csv,12,0,1.0,0.0,6.67,0,3,NORMAL,0,0.0,1.0,0.412,MEDIUM,0
0,27.3,89.1,Sikkim Ridge,Train_data.csv,12,0,1.0,0.0,6.67,4,20,NORMAL,0,0.0,1.0,0.521,HIGH,0
0,27.4,88.8,Sikkim Ridge,Train_data.csv,12,0,0.07,0.0,6.67,0,1,NORMAL,0,0.0,1.0,0.094,LOW,0
0,33.7,78.9,Ladakh LAC,Train_data.csv,12,0,0.0,0.0,6.67,0,1,ANOMALY,0,0.0,1.0,0.08,CRITICAL,0
0,23.0,68.9,Gujarat Coast,Train_data.csv,12,0,1.0,0.0,6.67,4,19,NORMAL,0,0.0,1.0,0.504,MEDIUM,0
0,30.2,80.3,Uttarakhand Pass,Train_data.csv,12,0,0.44,0.0,6.67,12,50,NORMAL,0,0.0,1.0,0.431,MEDIUM,0
0,23.0,68.9,Gujarat Coast,Train_data.csv,12,0,0.43,0.0,6.67,12,50,NORMAL,0,0.0,1.0,0.426,MEDIUM,0
0,34.4,73.6,J&K LoC,Train_data.csv,12,0,1.0,0.0,6.67,0,1,NORMAL,0,0.0,1.0,0.381,MEDIUM,0
0,23.9,70.0,Gujarat Coast,Train_data.csv,12,0,0.0,0.0,6.67,12,50,ANOMALY,0,1.0,1.0,0.2955,CRITICAL,0
0,33.7,78.9,Ladakh LAC,Train_data.csv,12,0,0.01,0.0,6.67,0,2,ANOMALY,0,0.0,1.0,0.0985,CRITICAL,0
0,27.3,89.1,Sikkim Ridge,Train_data.csv,12,0,1.0,0.0,6.67,10,43,ANOMALY,0,0.0,1.0,0.59,CRITICAL,0
0,27.3,89.1,Sikkim Ridge,Train_data.csv,12,0,0.0,0.0,6.67,12,50,ANOMALY,0,1.0,1.0,0.311,CRITICAL,0
0,23.9,70.0,Gujarat Coast,Train_data.csv,12,0,0.43,0.0,6.67,10,44,NORMAL,0,0.0,1.0,0.4065,MEDIUM,0
0,27.6,91.9,Arunachal Sector,Train_data.csv,12,0,0.0,0.0,6.67,12,50,ANOMALY,0,1.0,1.0,0.309,CRITICAL,0
0,33.7,78.9,Ladakh LAC,Train_data.csv,12,0,0.0,0.0,6.67,5,22,ANOMALY,0,1.0,1.0,0.2305,CRITICAL,0
0,28.1,96.3,Arunachal Sector,Train_data.csv,12,0,0.0,0.0,6.67,0,1,ANOMALY,0,0.0,1.0,0.068,CRITICAL,0
0,28.1,96.3,Arunachal Sector,Train_data.csv,12,0,1.0,0.0,6.67,3,13,NORMAL,0,0.0,1.0,0.4915,MEDIUM,0
0,35.5,76.9,Ladakh LAC,Train_data.csv,12,0,1.0,0.0,6.67,0,2,NORMAL,0,0.0,1.0,0.393,MEDIUM,0
0,35.5,76.9,Ladakh LAC,Train_data.csv,12,0,0.0,0.0,6.67,10,42,ANOMALY,0,0.81,1.0,0.288,CRITICAL,0
0,33.7,78.9,Ladakh LAC,Train_data.csv,12,0,0.0,0.0,6.67,0,1,ANOMALY,0,1.0,1.0,0.08,CRITICAL,0
0,27.4,88.8,Sikkim Ridge,Train_data.csv,12,0,0.46,0.0,6.67,1,7,NORMAL,0,0.0,1.0,0.304,LOW,0
0,28.1,96.3,Arunachal Sector,Train_data.csv,12,0,0.0,0.0,6.67,0,1,NORMAL,0,0.0,1.0,0.068,LOW,0
0,28.1,96.3,Arunachal Sector,Train_data.csv,12,0,0.0,0.0,6.67,12,50,ANOMALY,0,1.0,1.0,0.3025,CRITICAL,0
0,25.7,71.4,Rajasthan Border,Train_data.csv,12,0,0.0,0.0,6.67,12,50,ANOMALY,0,0.0,1.0,0.301,CRITICAL,0
0,33.7,78.9,Ladakh LAC,Train_data.csv,12,0,1.0,0.0,6.67,0,1,NORMAL,0,0.0,1.0,0.38,MEDIUM,0
0,33.5,74.2,J&K LoC,Train_data.csv,12,0,1.0,0.0,6.67,2,12,NORMAL,0,0.0,1.0,0.4995,MEDIUM,0
0,23.0,68.9,Gujarat Coast,Train_data.csv,12,0,1.0,0.0,6.67,1,5,NORMAL,0,0.0,1.0,0.4245,MEDIUM,0
0,35.5,76.9,Ladakh LAC,Train_data.csv,12,0,0.45,0.0,6.67,12,50,NORMAL,0,0.0,1.0,0.447,MEDIUM,0
0,27.6,91.9,Arunachal Sector,Train_data.csv,12,0,0.28,0.0,6.67,12,50,ANOMALY,0,0.0,1.0,0.393,CRITICAL,0
0,35.5,76.9,Ladakh LAC,Train_data.csv,12,0,0.0,0.0,6.67,12,50,ANOMALY,0,1.0,1.0,0.312,CRITICAL,0
0,27.6,91.9,Arunachal Sector,Train_data.csv,12,0,1.0,0.0,6.67,0,1,ANOMALY,0,0.0,1.0,0.3745,CRITICAL,0
0,28.1,96.3,Arunachal Sector,Train_data.csv,12,0,1.0,0.0,6.67,0,1,NORMAL,0,0.0,1.0,0.368,MEDIUM,0
0,34.4,73.6,J&K LoC,Train_data.csv,12,0,0.43,0.0,6.67,12,50,NORMAL,0,0.0,1.0,0.4445,MEDIUM,0
0,35.1,77.8,Ladakh LAC,Train_data.csv,12,0,0.0,0.0,6.67,12,50,ANOMALY,0,1.0,1.0,0.3185,CRITICAL,0
0,27.3,89.1,Sikkim Ridge,Train_data.csv,12,0,0.0,0.0,6.67,12,50,ANOMALY,0,1.0,1.0,0.311,CRITICAL,0
0,25.7,71.4,Rajasthan Border,Train_data.csv,12,0,0.46,0.0,6.67,12,50,NORMAL,0,0.0,1.0,0.439,MEDIUM,0
0,27.6,91.9,Arunachal Sector,Train_data.csv,12,0,0.44,0.0,6.67,12,50,NORMAL,0,0.0,1.0,0.441,MEDIUM,0
0,23.9,70.0,Gujarat Coast,Train_data.csv,12,0,0.0,0.0,6.67,12,50,ANOMALY,0,1.0,1.0,0.2955,CRITICAL,0
0,28.1,96.3,Arunachal Sector,Train_data.csv,12,0,0.0,0.0,6.67,0,1,NORMAL,0,0.0,1.0,0.068,LOW,0
0,33.5,74.2,J&K LoC,Train_data.csv,12,0,1.0,0.0,6.67,0,2,NORMAL,0,0.0,1.0,0.3945,MEDIUM,0
0,33.7,78.9,Ladakh LAC,Train_data.csv,12,0,0.28,0.0,6.67,12,50,ANOMALY,0,0.01,1.0,0.3985,CRITICAL,0
0,30.2,80.3,Uttarakhand Pass,Train_data.csv,12,0,0.43,0.0,6.67,12,50,NORMAL,0,0.0,1.0,0.428,MEDIUM,0
0,23.0,68.9,Gujarat Coast,Train_data.csv,12,0,0.0,0.0,6.67,12,50,ANOMALY,0,1.0,1.0,0.297,CRITICAL,0
0,35.1,77.8,Ladakh LAC,Train_data.csv,12,0,0.45,0.0,6.67,12,50,NORMAL,0,0.0,1.0,0.4535,MEDIUM,0
0,33.5,74.2,J&K LoC,Train_data.csv,12,0,0.0,0.0,6.67,12,50,ANOMALY,0,1.0,1.0,0.3135,CRITICAL,0
0,28.1,96.3,Arunachal Sector,Train_data.csv,12,0,0.0,0.0,6.67,12,50,ANOMALY,0,1.0,1.0,0.3025,CRITICAL,0
0,27.4,88.8,Sikkim Ridge,Train_data.csv,12,0,0.0,0.0,6.67,12,50,ANOMALY,0,1.0,1.0,0.3075,CRITICAL,0
0,31.6,74.6,Punjab Sector,Train_data.csv,12,0,0.0,0.0,6.67,12,50,ANOMALY,0,1.0,1.0,0.305,CRITICAL,0
0,31.6,74.6,Punjab Sector,Train_data.csv,12,0,1.0,0.0,6.67,1,5,NORMAL,0,0.0,1.0,0.4325,MEDIUM,0
0,35.1,77.8,Ladakh LAC,Train_data.csv,12,0,1.0,0.0,6.67,6,26,NORMAL,0,0.0,1.0,0.5465,HIGH,0
0,33.5,74.2,J&K LoC,Train_data.csv,12,0,1.0,0.0,6.67,0,3,NORMAL,0,0.0,1.0,0.41,MEDIUM,0
0,31.6,74.6,Punjab Sector,Train_data.csv,12,0,1.0,0.0,6.67,1,7,NORMAL,0,0.0,1.0,0.4635,MEDIUM,0
0,22.7,92.7,Northeast Sector,Train_data.csv,12,0,1.0,0.0,6.67,1,5,NORMAL,0,0.0,1.0,0.4215,MEDIUM,0
0,27.4,88.8,Sikkim Ridge,Train_data.csv,12,0,1.0,0.0,6.67,0,1,NORMAL,0,0.0,1.0,0.373,MEDIUM,0
0,31.6,74.6,Punjab Sector,Train_data.csv,12,0,0.0,0.0,6.67,12,50,ANOMALY,0,1.0,1.0,0.305,CRITICAL,0
0,27.3,89.1,Sikkim Ridge,Train_data.csv,12,0,0.0,0.0,6.67,0,1,NORMAL,0,0.0,1.0,0.0765,LOW,0
0,33.5,74.2,J&K LoC,Train_data.csv,12,0,1.0,0.0,6.67,12,50,ANOMALY,0,0.0,1.0,0.6135,CRITICAL,0
0,23.9,70.0,Gujarat Coast,Train_data.csv,12,0,0.0,0.0,6.67,12,50,ANOMALY,0,1.0,1.0,0.2955,CRITICAL,0
0,33.5,74.2,J&K LoC,Train_data.csv,12,0,0.42,0.0,6.67,12,50,NORMAL,0,0.0,1.0,0.4395,MEDIUM,0
0,27.4,88.8,Sikkim Ridge,Train_data.csv,12,0,0.0,0.0,6.67,4,19,ANOMALY,0,1.0,1.0,0.2145,CRITICAL,0
0,23.0,68.9,Gujarat Coast,Train_data.csv,12,0,1.0,0.0,6.67,0,1,NORMAL,0,0.0,1.0,0.3625,MEDIUM,0
0,28.1,96.3,Arunachal Sector,Train_data.csv,12,0,1.0,0.0,6.67,2,9,NORMAL,0,0.0,1.0,0.4795,MEDIUM,0
0,27.3,89.1,Sikkim Ridge,Train_data.csv,12,0,0.0,0.0,6.67,12,50,ANOMALY,0,1.0,1.0,0.311,CRITICAL,0
0,23.0,68.9,Gujarat Coast,Train_data.csv,12,0,1.0,0.0,6.67,12,50,ANOMALY,0,0.0,1.0,0.597,CRITICAL,0
0,34.4,73.6,J&K LoC,Train_data.csv,12,0,1.0,0.0,6.67,0,1,NORMAL,0,0.0,1.0,0.381,MEDIUM,0
0,25.7,71.4,Rajasthan Border,Train_data.csv,12,0,0.0,0.0,6.67,12,50,ANOMALY,0,1.0,1.0,0.301,CRITICAL,0
0,35.1,77.8,Ladakh LAC,Train_data.csv,12,0,1.0,0.0,6.67,0,2,NORMAL,0,0.5,1.0,0.3995,MEDIUM,0
0,30.2,80.3,Uttarakhand Pass,Train_data.csv,12,0,0.0,0.0,6.67,12,50,ANOMALY,0,0.0,1.0,0.299,CRITICAL,0
0,27.4,88.8,Sikkim Ridge,Train_data.csv,12,0,1.0,0.0,6.67,0,1,NORMAL,0,0.0,1.0,0.373,MEDIUM,0
0,27.4,88.8,Sikkim Ridge,Train_data.csv,12,0,0.0,0.0,6.67,0,1,NORMAL,0,0.0,1.0,0.073,LOW,0
0,27.4,88.8,Sikkim Ridge,Train_data.csv,12,0,0.0,0.0,6.67,0,1,NORMAL,0,0.0,1.0,0.073,LOW,0
0,27.4,88.8,Sikkim Ridge,Train_data.csv,12,0,0.0,0.0,6.67,1,7,ANOMALY,0,1.0,1.0,0.166,CRITICAL,0
0,27.3,89.1,Sikkim Ridge,Train_data.csv,12,0,0.0,0.0,6.67,12,50,ANOMALY,0,1.0,1.0,0.311,CRITICAL,0
0,27.3,89.1,Sikkim Ridge,Train_data.csv,12,0,1.0,0.0,6.67,0,3,NORMAL,0,0.0,1.0,0.4075,MEDIUM,0
0,30.2,80.3,Uttarakhand Pass,Train_data.csv,12,0,1.0,0.0,6.67,2,11,NORMAL,0,0.0,1.0,0.482,MEDIUM,0
0,23.0,68.9,Gujarat Coast,Train_data.csv,12,0,0.0,0.0,6.67,12,50,ANOMALY,0,0.0,1.0,0.297,CRITICAL,0
0,30.2,80.3,Uttarakhand Pass,Train_data.csv,12,0,0.43,0.0,6.67,12,50,NORMAL,0,0.0,1.0,0.428,MEDIUM,0
0,31.6,74.6,Punjab Sector,Train_data.csv,12,0,0.44,0.0,6.67,12,50,NORMAL,0,0.0,1.0,0.437,MEDIUM,0
0,23.9,70.0,Gujarat Coast,Train_data.csv,12,0,1.0,0.0,6.67,0,2,NORMAL,0,0.0,1.0,0.3765,MEDIUM,0
0,22.7,92.7,Northeast Sector,Train_data.csv,12,0,0.0,0.0,6.67,0,2,ANOMALY,0,0.0,1.0,0.075,CRITICAL,0
0,34.4,73.6,J&K LoC,Train_data.csv,12,0,0.0,0.0,6.67,12,50,ANOMALY,0,1.0,1.0,0.3155,CRITICAL,0
0,25.7,71.4,Rajasthan Border,Train_data.csv,12,0,1.0,0.0,6.67,0,1,NORMAL,0,0.0,1.0,0.3665,MEDIUM,0
0,33.7,78.9,Ladakh LAC,Train_data.csv,12,0,1.0,0.0,6.67,12,50,ANOMALY,0,0.0,1.0,0.6145,CRITICAL,0
0,35.5,76.9,Ladakh LAC,Train_data.csv,12,0,1.0,0.0,6.67,0,1,NORMAL,0,0.0,1.0,0.3775,MEDIUM,0
0,23.0,68.9,Gujarat Coast,Train_data.csv,12,0,1.0,0.0,6.67,0,3,NORMAL,0,0.0,1.0,0.3935,MEDIUM,0
0,34.4,73.6,J&K LoC,Train_data.csv,12,0,1.0,0.0,6.67,0,2,NORMAL,0,0.0,1.0,0.3965,MEDIUM,0
0,23.9,70.0,Gujarat Coast,Train_data.csv,12,0,0.0,0.0,6.67,0,2,NORMAL,0,0.0,1.0,0.0765,LOW,0
0,23.0,68.9,Gujarat Coast,Train_data.csv,12,0,0.0,0.0,6.67,9,39,ANOMALY,0,1.0,1.0,0.264,CRITICAL,0
0,22.7,92.7,Northeast Sector,Train_data.csv,12,0,0.0,0.0,6.67,12,50,ANOMALY,0,1.0,1.0,0.294,CRITICAL,0
0,25.7,71.4,Rajasthan Border,Train_data.csv,12,0,0.0,0.0,6.67,12,50,ANOMALY,0,1.0,1.0,0.301,CRITICAL,0
0,33.5,74.2,J&K LoC,Train_data.csv,12,0,0.0,0.0,6.67,12,50,ANOMALY,0,0.0,1.0,0.3135,CRITICAL,0
0,34.4,73.6,J&K LoC,Train_data.csv,12,0,0.0,0.0,6.67,12,50,ANOMALY,0,1.0,1.0,0.3155,CRITICAL,0
0,33.5,74.2,J&K LoC,Train_data.csv,12,0,0.0,0.0,6.67,12,50,ANOMALY,0,0.0,1.0,0.3135,CRITICAL,0
0,35.5,76.9,Ladakh LAC,Train_data.csv,12,0,0.0,0.0,6.67,12,50,ANOMALY,0,1.0,1.0,0.312,CRITICAL,0
0,27.6,91.9,Arunachal Sector,Train_data.csv,12,0,0.0,0.0,6.67,2,9,ANOMALY,0,1.0,1.0,0.186,CRITICAL,0
0,34.4,73.6,J&K LoC,Train_data.csv,12,0,1.0,0.0,6.67,3,15,NORMAL,0,0.0,1.0,0.5105,MEDIUM,0
0,27.3,89.1,Sikkim Ridge,Train_data.csv,12,0,1.0,0.0,6.67,0,1,NORMAL,0,0.0,1.0,0.3765,MEDIUM,0
0,23.0,68.9,Gujarat Coast,Train_data.csv,12,0,1.0,0.0,6.67,0,2,NORMAL,0,0.0,1.0,0.378,MEDIUM,0
0,27.6,91.9,Arunachal Sector,Train_data.csv,12,0,1.0,0.0,6.67,0,1,NORMAL,0,0.0,1.0,0.3745,MEDIUM,0
0,23.9,70.0,Gujarat Coast,Train_data.csv,12,0,0.08,0.0,6.67,0,1,ANOMALY,0,0.0,1.0,0.085,CRITICAL,0
0,31.6,74.6,Punjab Sector,Train_data.csv,12,0,0.0,0.0,6.67,12,50,ANOMALY,0,1.0,1.0,0.305,CRITICAL,0
0,31.6,74.6,Punjab Sector,Train_data.csv,12,0,0.08,0.0,6.67,0,1,ANOMALY,0,0.0,1.0,0.0945,CRITICAL,0
0,22.7,92.7,Northeast Sector,Train_data.csv,12,0,1.0,0.0,6.67,0,2,NORMAL,0,0.0,1.0,0.375,MEDIUM,0
0,27.3,89.1,Sikkim Ridge,Train_data.csv,12,0,0.0,0.0,6.67,12,50,ANOMALY,0,1.0,1.0,0.311,CRITICAL,0
0,28.1,96.3,Arunachal Sector,Train_data.csv,12,0,0.0,0.0,6.67,12,50,ANOMALY,0,0.0,1.0,0.3025,CRITICAL,0
0,22.7,92.7,Northeast Sector,Train_data.csv,12,0,1.0,0.0,6.67,1,5,NORMAL,0,0.0,1.0,0.4215,MEDIUM,0
0,30.2,80.3,Uttarakhand Pass,Train_data.csv,12,0,0.0,0.0,6.67,12,50,ANOMALY,0,1.0,1.0,0.299,CRITICAL,0
1,31.6,74.6,Punjab Sector,Train_data.csv,12,0,1.0,0.0,6.67,1,6,ANOMALY,0,0.17,1.0,0.448,CRITICAL,0
0,27.6,91.9,Arunachal Sector,Train_data.csv,12,0,1.0,0.0,6.67,5,23,NORMAL,0,0.0,1.0,0.528,HIGH,0
0,33.7,78.9,Ladakh LAC,Train_data.csv,12,0,0.0,0.0,6.67,12,50,ANOMALY,0,1.0,1.0,0.3145,CRITICAL,0
0,35.5,76.9,Ladakh LAC,Train_data.csv,12,0,1.0,0.0,6.67,3,16,NORMAL,0,0.0,1.0,0.51,MEDIUM,0
0,33.7,78.9,Ladakh LAC,Train_data.csv,12,0,1.0,0.0,6.67,0,1,NORMAL,0,0.0,1.0,0.38,MEDIUM,0
0,35.5,76.9,Ladakh LAC,Train_data.csv,12,0,0.45,0.0,6.67,12,50,NORMAL,0,0.0,1.0,0.447,MEDIUM,0
0,23.0,68.9,Gujarat Coast,Train_data.csv,12,0,0.0,0.0,6.67,12,50,ANOMALY,0,1.0,1.0,0.297,CRITICAL,0
0,35.1,77.8,Ladakh LAC,Train_data.csv,12,0,0.46,0.0,6.67,12,50,NORMAL,0,0.0,1.0,0.4565,MEDIUM,0
0,31.6,74.6,Punjab Sector,Train_data.csv,12,0,1.0,0.0,6.67,1,8,NORMAL,0,0.0,1.0,0.479,MEDIUM,0
0,22.7,92.7,Northeast Sector,Train_data.csv,12,0,0.0,0.0,6.67,12,50,ANOMALY,0,1.0,1.0,0.294,CRITICAL,0
0,23.0,68.9,Gujarat Coast,Train_data.csv,12,0,0.96,0.0,6.67,1,5,NORMAL,0,0.0,1.0,0.4125,MEDIUM,0
0,27.3,89.1,Sikkim Ridge,Train_data.csv,12,0,0.46,0.0,6.67,12,50,NORMAL,0,0.0,1.0,0.449,MEDIUM,0
0,35.1,77.8,Ladakh LAC,Train_data.csv,12,0,0.0,0.0,6.67,12,50,ANOMALY,0,1.0,1.0,0.3185,CRITICAL,0
0,23.9,70.0,Gujarat Coast,Train_data.csv,12,0,1.0,0.0,6.67,0,1,NORMAL,0,0.0,1.0,0.361,MEDIUM,0
0,35.1,77.8,Ladakh LAC,Train_data.csv,12,0,0.0,0.0,6.67,12,50,ANOMALY,0,1.0,1.0,0.3185,CRITICAL,0
0,25.7,71.4,Rajasthan Border,Train_data.csv,12,0,1.0,0.0,6.67,0,4,NORMAL,0,0.0,1.0,0.413,MEDIUM,0
0,25.7,71.4,Rajasthan Border,Train_data.csv,12,0,1.0,0.0,6.67,0,2,NORMAL,0,0.0,1.0,0.382,MEDIUM,0
0,35.5,76.9,Ladakh LAC,Train_data.csv,12,0,0.43,0.0,6.67,12,50,NORMAL,0,0.0,1.0,0.441,MEDIUM,0
0,23.0,68.9,Gujarat Coast,Train_data.csv,12,0,0.0,0.0,6.67,12,50,ANOMALY,0,1.0,1.0,0.297,CRITICAL,0
0,35.5,76.9,Ladakh LAC,Train_data.csv,12,0,1.0,0.0,6.67,0,3,NORMAL,0,0.0,1.0,0.4085,MEDIUM,0
0,33.7,78.9,Ladakh LAC,Train_data.csv,12,0,0.0,0.0,6.67,12,50,ANOMALY,0,0.0,1.0,0.3145,CRITICAL,0
0,23.9,70.0,Gujarat Coast,Train_data.csv,12,0,0.0,0.0,6.67,10,45,ANOMALY,0,1.0,1.0,0.2805,CRITICAL,0
0,22.7,92.7,Northeast Sector,Train_data.csv,12,0,0.42,0.0,6.67,12,50,NORMAL,0,0.0,1.0,0.42,MEDIUM,0
0,33.7,78.9,Ladakh LAC,Train_data.csv,12,0,1.0,0.0,6.67,6,28,NORMAL,0,0.0,1.0,0.5485,HIGH,0
0,33.5,74.2,J&K LoC,Train_data.csv,12,0,0.0,0.0,6.67,12,50,ANOMALY,0,1.0,1.0,0.3135,CRITICAL,0
0,33.5,74.2,J&K LoC,Train_data.csv,12,0,0.0,0.0,6.67,12,50,ANOMALY,0,1.0,1.0,0.3135,CRITICAL,0
0,23.0,68.9,Gujarat Coast,Train_data.csv,12,0,1.0,0.0,6.67,0,1,NORMAL,0,0.0,1.0,0.3625,MEDIUM,0
0,35.5,76.9,Ladakh LAC,Train_data.csv,12,0,1.0,0.0,6.67,3,15,NORMAL,0,0.0,1.0,0.507,MEDIUM,0
0,27.6,91.9,Arunachal Sector,Train_data.csv,12,0,0.0,0.0,6.67,4,19,ANOMALY,0,1.0,1.0,0.216,CRITICAL,0
0,25.7,71.4,Rajasthan Border,Train_data.csv,12,0,0.0,0.0,6.67,0,1,ANOMALY,0,0.0,1.0,0.0665,CRITICAL,0
0,22.7,92.7,Northeast Sector,Train_data.csv,12,0,0.01,0.0,6.67,7,33,ANOMALY,0,0.0,1.0,0.246,CRITICAL,0
0,23.9,70.0,Gujarat Coast,Train_data.csv,12,0,0.0,0.0,6.67,12,50,ANOMALY,0,1.0,1.0,0.2955,CRITICAL,0
0,27.3,89.1,Sikkim Ridge,Train_data.csv,12,0,0.0,0.0,6.67,12,50,ANOMALY,0,0.0,1.0,0.311,CRITICAL,0
0,33.7,78.9,Ladakh LAC,Train_data.csv,12,0,1.0,0.0,6.67,0,2,NORMAL,0,0.0,1.0,0.3955,MEDIUM,0
0,22.7,92.7,Northeast Sector,Train_data.csv,12,0,0.0,0.0,6.67,12,50,ANOMALY,0,0.0,1.0,0.294,CRITICAL,0
0,27.6,91.9,Arunachal Sector,Train_data.csv,12,0,0.45,0.0,6.67,12,50,NORMAL,0,0.0,1.0,0.444,MEDIUM,0
0,28.1,96.3,Arunachal Sector,Train_data.csv,12,0,1.0,0.0,6.67,0,1,NORMAL,0,0.0,1.0,0.368,MEDIUM,0
0,22.7,92.7,Northeast Sector,Train_data.csv,12,0,0.0,0.0,6.67,12,50,ANOMALY,0,1.0,1.0,0.294,CRITICAL,0
0,30.2,80.3,Uttarakhand Pass,Train_data.csv,12,0,0.42,0.0,6.67,0,1,NORMAL,0,0.0,1.0,0.1905,LOW,0
0,33.7,78.9,Ladakh LAC,Train_data.csv,12,0,1.0,0.0,6.67,0,1,NORMAL,0,0.0,1.0,0.38,MEDIUM,0
0,35.1,77.8,Ladakh LAC,Train_data.csv,12,0,1.0,0.0,6.67,0,1,NORMAL,0,0.0,1.0,0.384,MEDIUM,0
0,27.3,89.1,Sikkim Ridge,Train_data.csv,12,0,1.0,0.0,6.67,5,22,NORMAL,0,0.0,1.0,0.527,HIGH,0
0,22.7,92.7,Northeast Sector,Train_data.csv,12,0,0.0,0.0,6.67,12,50,ANOMALY,0,1.0,1.0,0.294,CRITICAL,0
2,27.3,89.1,Sikkim Ridge,Train_data.csv,12,0,1.0,0.0,6.67,0,1,ANOMALY,0,0.0,1.0,0.3765,CRITICAL,0
0,25.7,71.4,Rajasthan Border,Train_data.csv,12,0,1.0,0.0,6.67,9,41,NORMAL,0,0.0,1.0,0.574,HIGH,0
0,33.7,78.9,Ladakh LAC,Train_data.csv,12,0,0.44,0.0,6.67,12,50,NORMAL,0,0.0,1.0,0.4465,MEDIUM,0
0,23.0,68.9,Gujarat Coast,Train_data.csv,12,0,0.08,0.0,6.67,0,1,ANOMALY,0,0.0,1.0,0.0865,CRITICAL,0
0,23.0,68.9,Gujarat Coast,Train_data.csv,12,0,1.0,0.0,6.67,1,8,NORMAL,0,0.0,1.0,0.471,MEDIUM,0
0,31.6,74.6,Punjab Sector,Train_data.csv,12,0,1.0,0.0,6.67,2,10,NORMAL,0,0.0,1.0,0.485,MEDIUM,0
0,23.0,68.9,Gujarat Coast,Train_data.csv,12,0,0.0,0.0,6.67,0,1,NORMAL,0,0.0,1.0,0.0625,LOW,0
0,30.2,80.3,Uttarakhand Pass,Train_data.csv,12,0,1.0,0.0,6.67,2,12,NORMAL,0,0.0,1.0,0.485,MEDIUM,0
0,28.1,96.3,Arunachal Sector,Train_data.csv,12,0,1.0,0.0,6.67,0,2,NORMAL,0,0.0,1.0,0.3835,MEDIUM,0
0,23.0,68.9,Gujarat Coast,Train_data.csv,12,0,0.0,0.0,6.67,12,50,ANOMALY,0,0.0,1.0,0.297,CRITICAL,0
0,23.9,70.0,Gujarat Coast,Train_data.csv,12,0,0.0,0.0,6.67,0,4,ANOMALY,0,1.0,1.0,0.1075,CRITICAL,0
0,23.9,70.0,Gujarat Coast,Train_data.csv,12,0,0.0,0.0,6.67,12,50,ANOMALY,0,1.0,1.0,0.2955,CRITICAL,0
0,33.7,78.9,Ladakh LAC,Train_data.csv,12,0,0.01,0.0,6.67,12,50,ANOMALY,0,0.0,1.0,0.3175,CRITICAL,0
0,25.7,71.4,Rajasthan Border,Train_data.csv,12,0,0.0,0.0,6.67,12,50,ANOMALY,0,1.0,1.0,0.301,CRITICAL,0
0,35.1,77.8,Ladakh LAC,Train_data.csv,12,0,1.0,0.0,6.67,12,50,ANOMALY,0,0.0,1.0,0.6185,CRITICAL,0
0,30.2,80.3,Uttarakhand Pass,Train_data.csv,12,0,1.0,0.0,6.67,0,3,NORMAL,0,0.0,1.0,0.3955,MEDIUM,0
0,30.2,80.3,Uttarakhand Pass,Train_data.csv,12,0,1.0,0.0,6.67,12,50,ANOMALY,0,0.0,1.0,0.599,CRITICAL,0
0,28.1,96.3,Arunachal Sector,Train_data.csv,12,0,0.42,0.0,6.67,12,50,NORMAL,0,0.0,1.0,0.4285,MEDIUM,0
0,22.7,92.7,Northeast Sector,Train_data.csv,12,0,1.0,0.0,6.67,0,1,NORMAL,0,0.0,1.0,0.3595,MEDIUM,0
0,33.5,74.2,J&K LoC,Train_data.csv,12,0,0.0,0.0,6.67,0,2,ANOMALY,0,0.0,1.0,0.0945,CRITICAL,0
0,35.1,77.8,Ladakh LAC,Train_data.csv,12,0,1.0,0.0,6.67,0,1,NORMAL,0,0.0,1.0,0.384,MEDIUM,0
0,33.7,78.9,Ladakh LAC,Train_data.csv,12,0,1.0,0.0,6.67,12,50,ANOMALY,0,0.0,1.0,0.6145,CRITICAL,0
0,33.7,78.9,Ladakh LAC,Train_data.csv,12,0,1.0,0.0,6.67,2,12,NORMAL,0,0.0,1.0,0.5005,MEDIUM,0
1,33.5,74.2,J&K LoC,Train_data.csv,12,0,1.0,0.0,6.67,0,1,NORMAL,0,0.0,1.0,0.379,MEDIUM,0
0,27.4,88.8,Sikkim Ridge,Train_data.csv,12,0,0.0,0.0,6.67,12,50,ANOMALY,0,1.0,1.0,0.3075,CRITICAL,0
0,25.7,71.4,Rajasthan Border,Train_data.csv,12,0,0.0,0.0,6.67,12,50,ANOMALY,0,0.0,1.0,0.301,CRITICAL,0
0,23.9,70.0,Gujarat Coast,Train_data.csv,12,0,0.0,0.0,6.67,9,41,ANOMALY,0,1.0,1.0,0.2685,CRITICAL,0
0,23.0,68.9,Gujarat Coast,Train_data.csv,12,0,0.0,0.0,6.67,12,50,ANOMALY,0,0.11,1.0,0.297,CRITICAL,0
0,34.4,73.6,J&K LoC,Train_data.csv,12,0,0.0,0.0,6.67,12,50,ANOMALY,0,1.0,1.0,0.3155,CRITICAL,0
0,35.5,76.9,Ladakh LAC,Train_data.csv,12,0,1.0,0.0,6.67,3,15,NORMAL,0,0.0,1.0,0.507,MEDIUM,0
0,28.1,96.3,Arunachal Sector,Train_data.csv,12,0,0.0,0.0,6.67,0,1,NORMAL,0,0.0,1.0,0.068,LOW,0
0,28.1,96.3,Arunachal Sector,Train_data.csv,12,0,0.0,0.0,6.67,12,50,ANOMALY,0,1.0,1.0,0.3025,CRITICAL,0
0,23.0,68.9,Gujarat Coast,Train_data.csv,12,0,0.0,0.0,6.67,12,50,ANOMALY,0,1.0,1.0,0.297,CRITICAL,0
0,35.5,76.9,Ladakh LAC,Train_data.csv,12,0,0.46,0.0,6.67,12,50,NORMAL,0,0.0,1.0,0.45,MEDIUM,0
0,28.1,96.3,Arunachal Sector,Train_data.csv,12,0,0.0,0.0,6.67,12,50,ANOMALY,0,1.0,1.0,0.3025,CRITICAL,0
0,33.7,78.9,Ladakh LAC,Train_data.csv,12,0,1.0,0.0,6.67,2,11,NORMAL,0,0.0,1.0,0.4975,MEDIUM,0
0,35.5,76.9,Ladakh LAC,Train_data.csv,12,0,0.0,0.0,6.67,12,50,ANOMALY,0,1.0,1.0,0.312,CRITICAL,0
0,35.5,76.9,Ladakh LAC,Train_data.csv,12,0,0.0,0.0,6.67,12,50,ANOMALY,0,1.0,1.0,0.312,CRITICAL,0
0,35.5,76.9,Ladakh LAC,Train_data.csv,12,0,1.0,0.0,6.67,4,18,NORMAL,0,0.0,1.0,0.516,MEDIUM,0
0,30.2,80.3,Uttarakhand Pass,Train_data.csv,12,0,1.0,0.0,6.67,12,50,ANOMALY,0,0.0,1.0,0.599,CRITICAL,0
0,27.3,89.1,Sikkim Ridge,Train_data.csv,12,0,0.0,0.0,6.67,12,50,ANOMALY,0,1.0,1.0,0.311,CRITICAL,0
0,27.3,89.1,Sikkim Ridge,Train_data.csv,12,0,0.0,0.0,6.67,0,1,NORMAL,0,0.0,1.0,0.0765,LOW,0
0,27.4,88.8,Sikkim Ridge,Train_data.csv,12,0,0.0,0.0,6.67,12,50,ANOMALY,0,1.0,1.0,0.3075,CRITICAL,0
0,23.0,68.9,Gujarat Coast,Train_data.csv,12,0,1.0,0.0,6.67,2,12,NORMAL,0,0.0,1.0,0.483,MEDIUM,0
0,23.9,70.0,Gujarat Coast,Train_data.csv,12,0,0.0,0.0,6.67,12,50,ANOMALY,0,0.0,1.0,0.2955,CRITICAL,0
0,27.4,88.8,Sikkim Ridge,Train_data.csv,12,0,1.0,0.0,6.67,0,1,NORMAL,0,0.0,1.0,0.373,MEDIUM,0
0,31.6,74.6,Punjab Sector,Train_data.csv,12,0,0.0,0.0,6.67,12,50,ANOMALY,0,1.0,1.0,0.305,CRITICAL,0
0,23.0,68.9,Gujarat Coast,Train_data.csv,12,0,0.0,0.0,6.67,3,13,ANOMALY,0,1.0,1.0,0.186,CRITICAL,0
0,25.7,71.4,Rajasthan Border,Train_data.csv,12,0,0.0,0.0,6.67,2,12,ANOMALY,0,1.0,1.0,0.187,CRITICAL,0
0,35.5,76.9,Ladakh LAC,Train_data.csv,12,0,0.43,0.0,6.67,12,50,NORMAL,0,0.0,1.0,0.441,MEDIUM,0
0,22.7,92.7,Northeast Sector,Train_data.csv,12,0,1.0,0.0,6.67,0,3,NORMAL,0,0.0,1.0,0.3905,MEDIUM,0
0,35.5,76.9,Ladakh LAC,Train_data.csv,12,0,0.0,0.0,6.67,0,2,ANOMALY,0,0.0,1.0,0.093,CRITICAL,0
0,27.3,89.1,Sikkim Ridge,Train_data.csv,12,0,1.0,0.0,6.67,0,3,NORMAL,0,0.0,1.0,0.4075,MEDIUM,0
0,31.6,74.6,Punjab Sector,Train_data.csv,12,0,1.0,0.0,6.67,0,2,NORMAL,0,0.0,1.0,0.386,MEDIUM,0
0,27.3,89.1,Sikkim Ridge,Train_data.csv,12,0,1.0,0.0,6.67,4,19,NORMAL,0,0.0,1.0,0.518,MEDIUM,0
0,33.7,78.9,Ladakh LAC,Train_data.csv,12,0,0.0,0.0,6.67,12,50,ANOMALY,0,0.0,1.0,0.3145,CRITICAL,0
0,33.5,74.2,J&K LoC,Train_data.csv,12,0,0.0,0.0,6.67,12,50,ANOMALY,0,1.0,1.0,0.3135,CRITICAL,0
0,34.4,73.6,J&K LoC,Train_data.csv,12,0,1.0,0.0,6.67,0,2,NORMAL,0,0.0,1.0,0.3965,MEDIUM,0
5,33.7,78.9,Ladakh LAC,Train_data.csv,12,0,1.0,0.0,6.67,0,1,NORMAL,0,0.0,1.0,0.38,MEDIUM,0
0,22.7,92.7,Northeast Sector,Train_data.csv,12,0,0.0,0.0,6.67,12,50,ANOMALY,0,1.0,1.0,0.294,CRITICAL,0
0,25.7,71.4,Rajasthan Border,Train_data.csv,12,0,0.0,0.0,6.67,12,50,ANOMALY,0,1.0,1.0,0.301,CRITICAL,0
0,34.4,73.6,J&K LoC,Train_data.csv,12,0,1.0,0.0,6.67,0,3,NORMAL,0,0.0,1.0,0.412,MEDIUM,0
0,23.0,68.9,Gujarat Coast,Train_data.csv,12,0,1.0,0.0,6.67,2,12,NORMAL,0,0.0,1.0,0.483,MEDIUM,0
0,22.7,92.7,Northeast Sector,Train_data.csv,12,0,0.33,0.0,6.67,0,1,NORMAL,0,0.0,1.0,0.1585,LOW,0
0,34.4,73.6,J&K LoC,Train_data.csv,12,0,0.0,0.0,6.67,12,50,ANOMALY,0,1.0,1.0,0.3155,CRITICAL,0
0,27.3,89.1,Sikkim Ridge,Train_data.csv,12,0,0.0,0.0,6.67,0,2,NORMAL,0,0.5,1.0,0.092,LOW,0
0,27.4,88.8,Sikkim Ridge,Train_data.csv,12,0,1.0,0.0,6.67,0,1,NORMAL,0,0.0,1.0,0.373,MEDIUM,0
0,34.4,73.6,J&K LoC,Train_data.csv,12,0,1.0,0.0,6.67,0,1,NORMAL,0,0.0,1.0,0.381,MEDIUM,0
0,33.7,78.9,Ladakh LAC,Train_data.csv,12,0,1.0,0.0,6.67,0,1,NORMAL,0,0.0,1.0,0.38,MEDIUM,0
0,35.5,76.9,Ladakh LAC,Train_data.csv,12,0,1.0,0.0,6.67,2,11,NORMAL,0,0.0,1.0,0.495,MEDIUM,0
0,35.5,76.9,Ladakh LAC,Train_data.csv,12,0,0.43,0.0,6.67,12,50,NORMAL,0,0.0,1.0,0.441,MEDIUM,0
0,27.3,89.1,Sikkim Ridge,Train_data.csv,12,0,0.0,0.0,6.67,12,50,ANOMALY,0,1.0,1.0,0.311,CRITICAL,0
0,27.3,89.1,Sikkim Ridge,Train_data.csv,12,0,0.0,0.0,6.67,12,50,ANOMALY,0,1.0,1.0,0.311,CRITICAL,0
0,33.7,78.9,Ladakh LAC,Train_data.csv,12,0,1.0,0.0,6.67,0,2,NORMAL,0,0.0,1.0,0.3955,MEDIUM,0
0,27.6,91.9,Arunachal Sector,Train_data.csv,12,0,1.0,0.0,6.67,0,2,NORMAL,0,0.5,1.0,0.39,MEDIUM,0
0,35.5,76.9,Ladakh LAC,Train_data.csv,12,0,0.0,0.0,6.67,0,1,NORMAL,0,0.0,1.0,0.0775,LOW,0
0,23.0,68.9,Gujarat Coast,Train_data.csv,12,0,1.0,0.0,6.67,12,50,ANOMALY,0,0.0,1.0,0.597,CRITICAL,0
0,33.7,78.9,Ladakh LAC,Train_data.csv,12,0,0.0,0.0,6.67,4,19,ANOMALY,0,1.0,1.0,0.2215,CRITICAL,0
0,33.5,74.2,J&K LoC,Train_data.csv,12,0,1.0,0.0,6.67,0,2,ANOMALY,0,0.0,1.0,0.3945,CRITICAL,0
0,30.2,80.3,Uttarakhand Pass,Train_data.csv,12,0,1.0,0.0,6.67,0,1,NORMAL,0,0.0,1.0,0.3645,MEDIUM,0
0,23.9,70.0,Gujarat Coast,Train_data.csv,12,0,0.0,0.0,6.67,12,50,ANOMALY,0,1.0,1.0,0.2955,CRITICAL,0
0,31.6,74.6,Punjab Sector,Train_data.csv,12,0,0.01,0.0,6.67,2,11,ANOMALY,0,0.0,1.0,0.191,CRITICAL,0
0,33.7,78.9,Ladakh LAC,Train_data.csv,12,0,1.0,0.0,6.67,5,24,NORMAL,0,0.0,1.0,0.5365,HIGH,0
0,31.6,74.6,Punjab Sector,Train_data.csv,12,0,1.0,0.0,6.67,0,1,NORMAL,0,0.0,1.0,0.3705,MEDIUM,0
0,27.6,91.9,Arunachal Sector,Train_data.csv,12,0,1.0,0.0,6.67,0,4,NORMAL,0,0.0,1.0,0.421,MEDIUM,0
0,34.4,73.6,J&K LoC,Train_data.csv,12,0,0.44,0.0,6.67,12,50,NORMAL,0,0.0,1.0,0.4475,MEDIUM,0
0,33.7,78.9,Ladakh LAC,Train_data.csv,12,0,0.42,0.0,6.67,10,42,NORMAL,0,0.0,1.0,0.4165,MEDIUM,0
0,27.6,91.9,Arunachal Sector,Train_data.csv,12,0,1.0,0.0,6.67,12,50,ANOMALY,0,0.0,1.0,0.609,CRITICAL,0
0,35.5,76.9,Ladakh LAC,Train_data.csv,12,0,1.0,0.0,6.67,2,10,NORMAL,0,0.0,1.0,0.492,MEDIUM,0
0,35.1,77.8,Ladakh LAC,Train_data.csv,12,0,1.0,0.0,6.67,0,2,NORMAL,0,0.0,1.0,0.3995,MEDIUM,0
0,22.7,92.7,Northeast Sector,Train_data.csv,12,0,1.0,0.0,6.67,0,1,NORMAL,0,0.0,1.0,0.3595,MEDIUM,0
0,27.4,88.8,Sikkim Ridge,Train_data.csv,12,0,1.0,0.0,6.67,2,11,NORMAL,0,0.0,1.0,0.4905,MEDIUM,0
0,27.3,89.1,Sikkim Ridge,Train_data.csv,12,0,0.0,0.0,6.67,12,50,ANOMALY,0,1.0,1.0,0.311,CRITICAL,0
0,33.5,74.2,J&K LoC,Train_data.csv,12,0,1.0,0.0,6.67,1,6,NORMAL,0,0.0,1.0,0.4565,MEDIUM,0
0,33.7,78.9,Ladakh LAC,Train_data.csv,12,0,0.0,0.0,6.67,0,1,NORMAL,0,0.0,1.0,0.08,LOW,0
0,27.3,89.1,Sikkim Ridge,Train_data.csv,12,0,1.0,0.0,6.67,5,22,NORMAL,0,0.0,1.0,0.527,HIGH,0
0,23.9,70.0,Gujarat Coast,Train_data.csv,12,0,0.0,0.0,6.67,12,50,ANOMALY,0,1.0,1.0,0.2955,CRITICAL,0
0,31.6,74.6,Punjab Sector,Train_data.csv,12,0,1.0,0.0,6.67,4,18,NORMAL,0,0.0,1.0,0.509,MEDIUM,0
0,28.1,96.3,Arunachal Sector,Train_data.csv,12,0,1.0,0.0,6.67,1,5,NORMAL,0,0.0,1.0,0.43,MEDIUM,0
0,33.7,78.9,Ladakh LAC,Train_data.csv,12,0,0.0,0.0,6.67,12,50,ANOMALY,0,1.0,1.0,0.3145,CRITICAL,0
0,35.1,77.8,Ladakh LAC,Train_data.csv,12,0,0.78,0.0,6.67,2,11,NORMAL,0,0.0,1.0,0.4355,MEDIUM,0
0,34.4,73.6,J&K LoC,Train_data.csv,12,0,1.0,0.0,6.67,2,11,NORMAL,0,0.09,1.0,0.4985,MEDIUM,0
0,35.5,76.9,Ladakh LAC,Train_data.csv,12,0,1.0,0.0,6.67,5,23,NORMAL,0,0.0,1.0,0.531,HIGH,0
0,23.0,68.9,Gujarat Coast,Train_data.csv,12,0,1.0,0.0,6.67,0,2,NORMAL,0,0.0,1.0,0.378,MEDIUM,0
0,31.6,74.6,Punjab Sector,Train_data.csv,12,0,0.0,0.0,6.67,12,50,ANOMALY,0,1.0,1.0,0.305,CRITICAL,0
0,27.3,89.1,Sikkim Ridge,Train_data.csv,12,0,0.0,0.0,6.67,12,50,ANOMALY,0,1.0,1.0,0.311,CRITICAL,0
0,23.0,68.9,Gujarat Coast,Train_data.csv,12,0,0.0,0.0,6.67,12,50,ANOMALY,0,0.0,1.0,0.297,CRITICAL,0
0,35.5,76.9,Ladakh LAC,Train_data.csv,12,0,1.0,0.0,6.67,1,7,NORMAL,0,0.0,1.0,0.4705,MEDIUM,0
0,33.7,78.9,Ladakh LAC,Train_data.csv,12,0,0.3,0.0,6.67,0,1,NORMAL,0,0.0,1.0,0.17,LOW,0
0,28.1,96.3,Arunachal Sector,Train_data.csv,12,0,1.0,0.0,6.67,0,2,NORMAL,0,0.0,1.0,0.3835,MEDIUM,0
0,33.5,74.2,J&K LoC,Train_data.csv,12,0,0.0,0.0,6.67,0,2,NORMAL,0,0.5,1.0,0.0945,LOW,0
0,31.6,74.6,Punjab Sector,Train_data.csv,12,0,0.0,0.0,6.67,0,1,ANOMALY,0,0.0,1.0,0.0705,CRITICAL,0
0,23.9,70.0,Gujarat Coast,Train_data.csv,12,0,0.0,0.0,6.67,12,50,ANOMALY,0,1.0,1.0,0.2955,CRITICAL,0
0,33.7,78.9,Ladakh LAC,Train_data.csv,12,0,1.0,0.0,6.67,0,1,NORMAL,0,0.0,1.0,0.38,MEDIUM,0
0,23.9,70.0,Gujarat Coast,Train_data.csv,12,0,0.0,0.0,6.67,12,50,ANOMALY,0,1.0,1.0,0.2955,CRITICAL,0
0,34.4,73.6,J&K LoC,Train_data.csv,12,0,0.0,0.0,6.67,12,50,ANOMALY,0,1.0,1.0,0.3155,CRITICAL,0
0,33.7,78.9,Ladakh LAC,Train_data.csv,12,0,0.0,0.0,6.67,12,50,ANOMALY,0,1.0,1.0,0.3145,CRITICAL,0
0,27.4,88.8,Sikkim Ridge,Train_data.csv,12,0,1.0,0.0,6.67,1,8,NORMAL,0,0.0,1.0,0.4815,MEDIUM,0
0,35.1,77.8,Ladakh LAC,Train_data.csv,12,0,1.0,0.0,6.67,5,22,NORMAL,0,0.0,1.0,0.5345,HIGH,0
0,23.9,70.0,Gujarat Coast,Train_data.csv,12,0,0.0,0.0,6.67,12,50,ANOMALY,0,1.0,1.0,0.2955,CRITICAL,0
0,33.5,74.2,J&K LoC,Train_data.csv,12,0,0.0,0.0,6.67,12,50,ANOMALY,0,1.0,1.0,0.3135,CRITICAL,0
0,30.2,80.3,Uttarakhand Pass,Train_data.csv,12,0,1.0,0.0,6.67,0,1,ANOMALY,0,0.0,1.0,0.3645,CRITICAL,0
0,27.6,91.9,Arunachal Sector,Train_data.csv,12,0,0.0,0.0,6.67,12,50,ANOMALY,0,0.0,1.0,0.309,CRITICAL,0
0,34.4,73.6,J&K LoC,Train_data.csv,12,0,0.0,0.0,6.67,12,50,ANOMALY,0,1.0,1.0,0.3155,CRITICAL,0
0,31.6,74.6,Punjab Sector,Train_data.csv,12,0,1.0,0.0,6.67,1,5,NORMAL,0,0.0,1.0,0.4325,MEDIUM,0
0,30.2,80.3,Uttarakhand Pass,Train_data.csv,12,0,0.08,0.0,6.67,0,1,ANOMALY,0,0.0,1.0,0.0885,CRITICAL,0
0,23.0,68.9,Gujarat Coast,Train_data.csv,12,0,0.08,0.0,6.67,0,1,ANOMALY,0,0.0,1.0,0.0865,CRITICAL,0
0,31.6,74.6,Punjab Sector,Train_data.csv,12,0,1.0,0.0,6.67,2,10,NORMAL,0,0.0,1.0,0.485,MEDIUM,0
0,34.4,73.6,J&K LoC,Train_data.csv,12,0,0.0,0.0,6.67,12,50,ANOMALY,0,1.0,1.0,0.3155,CRITICAL,0
0,34.4,73.6,J&K LoC,Train_data.csv,12,0,0.0,0.0,6.67,12,50,ANOMALY,0,1.0,1.0,0.3155,CRITICAL,0
0,23.0,68.9,Gujarat Coast,Train_data.csv,12,0,1.0,0.0,6.67,0,2,NORMAL,0,0.0,1.0,0.378,MEDIUM,0
0,35.5,76.9,Ladakh LAC,Train_data.csv,12,0,1.0,0.0,6.67,1,5,NORMAL,0,0.0,1.0,0.4395,MEDIUM,0
0,22.7,92.7,Northeast Sector,Train_data.csv,12,0,0.08,0.0,6.67,0,1,ANOMALY,0,0.0,1.0,0.0835,CRITICAL,0
0,34.4,73.6,J&K LoC,Train_data.csv,12,0,1.0,0.0,6.67,0,1,NORMAL,0,0.0,1.0,0.381,MEDIUM,0
0,25.7,71.4,Rajasthan Border,Train_data.csv,12,0,1.0,0.0,6.67,6,27,NORMAL,0,0.0,1.0,0.532,HIGH,0
0,22.7,92.7,Northeast Sector,Train_data.csv,12,0,0.0,0.0,6.67,12,50,ANOMALY,0,1.0,1.0,0.294,CRITICAL,0
0,27.3,89.1,Sikkim Ridge,Train_data.csv,12,0,1.0,0.0,6.67,1,5,NORMAL,0,0.0,1.0,0.4385,MEDIUM,0
0,35.1,77.8,Ladakh LAC,Train_data.csv,12,0,0.0,0.0,6.67,0,2,ANOMALY,0,0.0,1.0,0.0995,CRITICAL,0
0,33.5,74.2,J&K LoC,Train_data.csv,12,0,1.0,0.0,6.67,0,1,NORMAL,0,0.0,1.0,0.379,MEDIUM,0
0,35.5,76.9,Ladakh LAC,Train_data.csv,12,0,1.0,0.0,6.67,0,1,NORMAL,0,0.0,1.0,0.3775,MEDIUM,0
0,27.4,88.8,Sikkim Ridge,Train_data.csv,12,0,1.0,0.0,6.67,2,11,NORMAL,0,0.0,1.0,0.4905,MEDIUM,0
0,22.7,92.7,Northeast Sector,Train_data.csv,12,0,0.0,0.0,6.67,5,22,ANOMALY,0,1.0,1.0,0.21,CRITICAL,0
0,23.0,68.9,Gujarat Coast,Train_data.csv,12,0,0.0,0.0,6.67,12,50,ANOMALY,0,1.0,1.0,0.297,CRITICAL,0
0,35.1,77.8,Ladakh LAC,Train_data.csv,12,0,1.0,0.0,6.67,0,1,NORMAL,0,0.0,1.0,0.384,MEDIUM,0
0,23.9,70.0,Gujarat Coast,Train_data.csv,12,0,0.28,0.0,6.67,12,50,ANOMALY,0,0.0,1.0,0.3795,CRITICAL,0
0,35.5,76.9,Ladakh LAC,Train_data.csv,12,0,0.0,0.0,6.67,12,50,ANOMALY,0,0.0,1.0,0.312,CRITICAL,0
0,23.0,68.9,Gujarat Coast,Train_data.csv,12,0,0.08,0.0,6.67,0,1,NORMAL,0,0.0,1.0,0.0865,LOW,0
0,31.6,74.6,Punjab Sector,Train_data.csv,12,0,0.0,0.0,6.67,12,50,ANOMALY,0,1.0,1.0,0.305,CRITICAL,0
0,27.6,91.9,Arunachal Sector,Train_data.csv,12,0,0.06,0.0,6.67,12,50,ANOMALY,0,0.0,1.0,0.327,CRITICAL,0
0,27.3,89.1,Sikkim Ridge,Train_data.csv,12,0,0.0,0.0,6.67,0,1,ANOMALY,0,0.0,1.0,0.0765,CRITICAL,0
0,34.4,73.6,J&K LoC,Train_data.csv,12,0,0.0,0.0,6.67,12,50,ANOMALY,0,1.0,1.0,0.3155,CRITICAL,0
0,22.7,92.7,Northeast Sector,Train_data.csv,12,0,0.0,0.0,6.67,12,50,ANOMALY,0,0.0,1.0,0.294,CRITICAL,0
0,33.7,78.9,Ladakh LAC,Train_data.csv,12,0,0.12,0.0,6.67,0,2,NORMAL,0,0.0,1.0,0.1315,LOW,0
0,27.6,91.9,Arunachal Sector,Train_data.csv,12,0,1.0,0.0,6.67,12,50,ANOMALY,0,0.0,1.0,0.609,CRITICAL,0
0,27.4,88.8,Sikkim Ridge,Train_data.csv,12,0,0.0,0.0,6.67,12,50,ANOMALY,0,1.0,1.0,0.3075,CRITICAL,0
0,25.7,71.4,Rajasthan Border,Train_data.csv,12,0,0.08,0.0,6.67,0,1,ANOMALY,0,0.0,1.0,0.0905,CRITICAL,0
0,27.4,88.8,Sikkim Ridge,Train_data.csv,12,0,1.0,0.0,6.67,4,19,NORMAL,0,0.0,1.0,0.5145,MEDIUM,0
0,27.4,88.8,Sikkim Ridge,Train_data.csv,12,0,0.0,0.0,6.67,7,33,ANOMALY,0,1.0,1.0,0.2565,CRITICAL,0
0,30.2,80.3,Uttarakhand Pass,Train_data.csv,12,0,1.0,0.0,6.67,2,12,NORMAL,0,0.0,1.0,0.485,MEDIUM,0
0,23.9,70.0,Gujarat Coast,Train_data.csv,12,0,1.0,0.0,6.67,1,5,NORMAL,0,0.0,1.0,0.423,MEDIUM,0
0,28.1,96.3,Arunachal Sector,Train_data.csv,12,0,1.0,0.0,6.67,0,1,NORMAL,0,0.0,1.0,0.368,MEDIUM,0
0,23.9,70.0,Gujarat Coast,Train_data.csv,12,0,0.08,0.0,6.67,0,1,ANOMALY,0,0.0,1.0,0.085,CRITICAL,0
0,23.0,68.9,Gujarat Coast,Train_data.csv,12,0,0.0,0.0,6.67,12,50,ANOMALY,0,0.0,1.0,0.297,CRITICAL,0
0,22.7,92.7,Northeast Sector,Train_data.csv,12,0,1.0,0.0,6.67,1,6,NORMAL,0,0.17,1.0,0.437,MEDIUM,0
0,33.5,74.2,J&K LoC,Train_data.csv,12,0,0.0,0.0,6.67,12,50,ANOMALY,0,1.0,1.0,0.3135,CRITICAL,0
0,23.0,68.9,Gujarat Coast,Train_data.csv,12,0,0.0,0.0,6.67,12,50,ANOMALY,0,1.0,1.0,0.297,CRITICAL,0
0,33.7,78.9,Ladakh LAC,Train_data.csv,12,0,1.0,0.0,6.67,0,1,NORMAL,0,0.0,1.0,0.38,MEDIUM,0
0,23.0,68.9,Gujarat Coast,Train_data.csv,12,0,0.0,0.0,6.67,12,50,ANOMALY,0,0.0,1.0,0.297,CRITICAL,0
0,23.0,68.9,Gujarat Coast,Train_data.csv,12,0,0.08,0.0,6.67,0,1,ANOMALY,0,0.0,1.0,0.0865,CRITICAL,0
0,27.6,91.9,Arunachal Sector,Train_data.csv,12,0,0.44,0.0,6.67,12,50,NORMAL,0,0.0,1.0,0.441,MEDIUM,0
0,25.7,71.4,Rajasthan Border,Train_data.csv,12,0,0.0,0.0,6.67,12,50,ANOMALY,0,1.0,1.0,0.301,CRITICAL,0
0,33.7,78.9,Ladakh LAC,Train_data.csv,12,0,1.0,0.0,6.67,0,1,NORMAL,0,0.0,1.0,0.38,MEDIUM,0
0,27.4,88.8,Sikkim Ridge,Train_data.csv,12,0,1.0,0.0,6.67,0,1,NORMAL,0,0.0,1.0,0.373,MEDIUM,0
0,23.0,68.9,Gujarat Coast,Train_data.csv,12,0,1.0,0.0,6.67,5,21,NORMAL,0,0.0,1.0,0.51,MEDIUM,0
0,35.5,76.9,Ladakh LAC,Train_data.csv,12,0,0.0,0.0,6.67,12,50,ANOMALY,0,1.0,1.0,0.312,CRITICAL,0
0,28.1,96.3,Arunachal Sector,Train_data.csv,12,0,0.12,0.0,6.67,0,1,NORMAL,0,0.0,1.0,0.104,LOW,0
0,23.0,68.9,Gujarat Coast,Train_data.csv,12,0,0.0,0.0,6.67,0,1,NORMAL,0,0.0,1.0,0.0625,LOW,0
0,27.3,89.1,Sikkim Ridge,Train_data.csv,12,0,1.0,0.0,6.67,0,1,NORMAL,0,0.0,1.0,0.3765,MEDIUM,0
0,22.7,92.7,Northeast Sector,Train_data.csv,12,0,0.87,0.0,6.67,0,1,NORMAL,0,0.0,1.0,0.3205,MEDIUM,0
0,35.1,77.8,Ladakh LAC,Train_data.csv,12,0,0.0,0.0,6.67,0,1,ANOMALY,0,0.0,1.0,0.084,CRITICAL,0
0,25.7,71.4,Rajasthan Border,Train_data.csv,12,0,0.0,0.0,6.67,12,50,ANOMALY,0,1.0,1.0,0.301,CRITICAL,0
0,23.9,70.0,Gujarat Coast,Train_data.csv,12,0,1.0,0.0,6.67,3,16,NORMAL,0,0.0,1.0,0.4935,MEDIUM,0
0,33.5,74.2,J&K LoC,Train_data.csv,12,0,0.0,0.0,6.67,12,50,ANOMALY,0,1.0,1.0,0.3135,CRITICAL,0
0,35.5,76.9,Ladakh LAC,Train_data.csv,12,0,0.0,0.0,6.67,12,50,ANOMALY,0,1.0,1.0,0.312,CRITICAL,0
4,22.7,92.7,Northeast Sector,Train_data.csv,12,0,1.0,0.0,6.67,0,1,NORMAL,0,0.0,1.0,0.3595,MEDIUM,0
0,28.1,96.3,Arunachal Sector,Train_data.csv,12,0,0.44,0.0,6.67,12,50,NORMAL,0,0.0,1.0,0.4345,MEDIUM,0
0,28.1,96.3,Arunachal Sector,Train_data.csv,12,0,1.0,0.0,6.67,0,1,NORMAL,0,0.0,1.0,0.368,MEDIUM,0
0,28.1,96.3,Arunachal Sector,Train_data.csv,12,0,1.0,0.0,6.67,0,2,NORMAL,0,0.0,1.0,0.3835,MEDIUM,0
0,31.6,74.6,Punjab Sector,Train_data.csv,12,0,0.0,0.0,6.67,12,50,ANOMALY,0,1.0,1.0,0.305,CRITICAL,0
0,31.6,74.6,Punjab Sector,Train_data.csv,12,0,1.0,0.0,6.67,2,12,NORMAL,0,0.0,1.0,0.491,MEDIUM,0
0,27.4,88.8,Sikkim Ridge,Train_data.csv,12,0,0.0,0.0,6.67,12,50,ANOMALY,0,0.05,1.0,0.3075,CRITICAL,0
0,34.4,73.6,J&K LoC,Train_data.csv,12,0,1.0,0.0,6.67,0,2,NORMAL,0,0.0,1.0,0.3965,MEDIUM,0
0,22.7,92.7,Northeast Sector,Train_data.csv,12,0,0.28,0.0,6.67,10,42,ANOMALY,0,0.0,1.0,0.354,CRITICAL,0
0,33.7,78.9,Ladakh LAC,Train_data.csv,12,0,1.0,0.0,6.67,0,2,NORMAL,0,0.0,1.0,0.3955,MEDIUM,0
0,34.4,73.6,J&K LoC,Train_data.csv,12,0,1.0,0.0,6.67,0,3,NORMAL,0,0.0,1.0,0.412,MEDIUM,0
0,30.2,80.3,Uttarakhand Pass,Train_data.csv,12,0,0.0,0.0,6.67,12,50,ANOMALY,0,1.0,1.0,0.299,CRITICAL,0
0,27.3,89.1,Sikkim Ridge,Train_data.csv,12,0,0.08,0.0,6.67,0,1,ANOMALY,0,0.0,1.0,0.1005,CRITICAL,0
0,31.6,74.6,Punjab Sector,Train_data.csv,12,0,0.0,0.0,6.67,12,50,ANOMALY,0,1.0,1.0,0.305,CRITICAL,0
0,33.5,74.2,J&K LoC,Train_data.csv,12,0,0.0,0.0,6.67,12,50,ANOMALY,0,1.0,1.0,0.3135,CRITICAL,0
0,34.4,73.6,J&K LoC,Train_data.csv,12,0,1.0,0.0,6.67,2,10,NORMAL,0,0.0,1.0,0.4955,MEDIUM,0
0,27.6,91.9,Arunachal Sector,Train_data.csv,12,0,1.0,0.0,6.67,0,1,NORMAL,0,0.0,1.0,0.3745,MEDIUM,0
0,27.4,88.8,Sikkim Ridge,Train_data.csv,12,0,0.0,0.0,6.67,12,50,ANOMALY,0,1.0,1.0,0.3075,CRITICAL,0
0,23.0,68.9,Gujarat Coast,Train_data.csv,12,0,0.44,0.0,6.67,12,50,NORMAL,0,0.0,1.0,0.429,MEDIUM,0
0,31.6,74.6,Punjab Sector,Train_data.csv,12,0,0.01,0.0,6.67,0,2,ANOMALY,0,0.0,1.0,0.089,CRITICAL,0
0,28.1,96.3,Arunachal Sector,Train_data.csv,12,0,1.0,0.0,6.67,0,4,NORMAL,0,0.0,1.0,0.4145,MEDIUM,0
0,31.6,74.6,Punjab Sector,Train_data.csv,12,0,1.0,0.0,6.67,0,2,NORMAL,0,0.0,1.0,0.386,MEDIUM,0
0,22.7,92.7,Northeast Sector,Train_data.csv,12,0,0.0,0.0,6.67,12,50,ANOMALY,0,1.0,1.0,0.294,CRITICAL,0
0,27.4,88.8,Sikkim Ridge,Train_data.csv,12,0,0.0,0.0,6.67,12,50,ANOMALY,0,1.0,1.0,0.3075,CRITICAL,0
0,33.5,74.2,J&K LoC,Train_data.csv,12,0,0.0,0.0,6.67,10,45,ANOMALY,0,0.0,1.0,0.2985,CRITICAL,0
0,23.0,68.9,Gujarat Coast,Train_data.csv,12,0,1.0,0.0,6.67,2,9,NORMAL,0,0.0,1.0,0.474,MEDIUM,0
0,27.6,91.9,Arunachal Sector,Train_data.csv,12,0,1.0,0.0,6.67,4,18,NORMAL,0,0.0,1.0,0.513,MEDIUM,0
0,33.7,78.9,Ladakh LAC,Train_data.csv,12,0,0.0,0.0,6.67,12,50,ANOMALY,0,1.0,1.0,0.3145,CRITICAL,0
0,23.0,68.9,Gujarat Coast,Train_data.csv,12,0,1.0,0.0,6.67,0,4,NORMAL,0,0.0,1.0,0.409,MEDIUM,0
0,33.7,78.9,Ladakh LAC,Train_data.csv,12,0,1.0,0.0,6.67,0,1,NORMAL,0,0.0,1.0,0.38,MEDIUM,0
0,28.1,96.3,Arunachal Sector,Train_data.csv,12,0,1.0,0.0,6.67,1,8,NORMAL,0,0.0,1.0,0.4765,MEDIUM,0
0,33.7,78.9,Ladakh LAC,Train_data.csv,12,0,1.0,0.0,6.67,1,7,NORMAL,0,0.0,1.0,0.473,MEDIUM,0
0,31.6,74.6,Punjab Sector,Train_data.csv,12,0,1.0,0.0,6.67,8,36,NORMAL,0,0.0,1.0,0.563,HIGH,0
0,27.6,91.9,Arunachal Sector,Train_data.csv,12,0,1.0,0.0,6.67,0,1,ANOMALY,0,0.0,1.0,0.3745,CRITICAL,0
2,31.6,74.6,Punjab Sector,Train_data.csv,12,0,1.0,0.0,6.67,0,3,ANOMALY,0,0.0,1.0,0.4015,CRITICAL,0
0,22.7,92.7,Northeast Sector,Train_data.csv,12,0,1.0,0.0,6.67,1,7,NORMAL,0,0.0,1.0,0.4525,MEDIUM,0
0,23.9,70.0,Gujarat Coast,Train_data.csv,12,0,1.0,0.0,6.67,0,2,NORMAL,0,0.0,1.0,0.3765,MEDIUM,0
0,22.7,92.7,Northeast Sector,Train_data.csv,12,0,1.0,0.0,6.67,0,3,NORMAL,0,0.0,1.0,0.3905,MEDIUM,0
0,35.1,77.8,Ladakh LAC,Train_data.csv,12,0,0.19,0.0,6.67,0,1,NORMAL,0,0.0,1.0,0.141,LOW,0
2,27.3,89.1,Sikkim Ridge,Train_data.csv,12,0,1.0,0.0,6.67,0,3,ANOMALY,0,0.0,1.0,0.4075,CRITICAL,0
0,33.7,78.9,Ladakh LAC,Train_data.csv,12,0,1.0,0.0,6.67,1,5,NORMAL,0,0.0,1.0,0.442,MEDIUM,0
0,33.5,74.2,J&K LoC,Train_data.csv,12,0,0.01,0.0,6.67,2,12,ANOMALY,0,0.0,1.0,0.2025,CRITICAL,0
0,25.7,71.4,Rajasthan Border,Train_data.csv,12,0,0.01,0.0,6.67,6,29,ANOMALY,0,0.0,1.0,0.241,CRITICAL,0
0,27.6,91.9,Arunachal Sector,Train_data.csv,12,0,1.0,0.0,6.67,0,1,NORMAL,0,0.0,1.0,0.3745,MEDIUM,0
0,30.2,80.3,Uttarakhand Pass,Train_data.csv,12,0,1.0,0.0,6.67,3,14,NORMAL,0,0.0,1.0,0.491,MEDIUM,0
0,31.6,74.6,Punjab Sector,Train_data.csv,12,0,1.0,0.0,6.67,0,4,NORMAL,0,0.0,1.0,0.417,MEDIUM,0
0,27.4,88.8,Sikkim Ridge,Train_data.csv,12,0,1.0,0.0,6.67,0,2,NORMAL,0,0.0,1.0,0.3885,MEDIUM,0
0,27.4,88.8,Sikkim Ridge,Train_data.csv,12,0,0.35,0.0,6.67,0,1,NORMAL,0,0.0,1.0,0.178,LOW,0
0,35.1,77.8,Ladakh LAC,Train_data.csv,12,0,0.0,0.0,6.67,12,50,ANOMALY,0,0.0,1.0,0.3185,CRITICAL,0
0,27.3,89.1,Sikkim Ridge,Train_data.csv,12,0,0.0,0.0,6.67,12,50,ANOMALY,0,0.0,1.0,0.311,CRITICAL,0
0,28.1,96.3,Arunachal Sector,Train_data.csv,12,0,1.0,0.0,6.67,12,50,ANOMALY,0,0.0,1.0,0.6025,CRITICAL,0
0,23.9,70.0,Gujarat Coast,Train_data.csv,12,0,0.0,0.0,6.67,12,50,ANOMALY,0,1.0,1.0,0.2955,CRITICAL,0
0,23.9,70.0,Gujarat Coast,Train_data.csv,12,0,0.0,0.0,6.67,12,50,ANOMALY,0,1.0,1.0,0.2955,CRITICAL,0
0,23.0,68.9,Gujarat Coast,Train_data.csv,12,0,1.0,0.0,7.33,0,1,NORMAL,0,1.0,1.0,0.365,MEDIUM,0
0,35.1,77.8,Ladakh LAC,Train_data.csv,12,0,0.01,0.0,6.67,12,50,ANOMALY,0,0.0,1.0,0.3215,CRITICAL,0
0,23.9,70.0,Gujarat Coast,Train_data.csv,12,0,1.0,0.0,6.67,0,1,NORMAL,0,0.0,1.0,0.361,MEDIUM,0
0,28.1,96.3,Arunachal Sector,Train_data.csv,12,0,1.0,0.0,6.67,1,6,NORMAL,0,0.0,1.0,0.4455,MEDIUM,0
0,27.3,89.1,Sikkim Ridge,Train_data.csv,12,0,1.0,0.0,6.67,4,18,NORMAL,0,0.0,1.0,0.515,MEDIUM,0
0,22.7,92.7,Northeast Sector,Train_data.csv,12,0,1.0,0.0,6.67,0,1,NORMAL,0,0.0,1.0,0.3595,MEDIUM,0
0,33.5,74.2,J&K LoC,Train_data.csv,12,0,1.0,0.0,6.67,1,7,NORMAL,0,0.0,1.0,0.472,MEDIUM,0
0,35.1,77.8,Ladakh LAC,Train_data.csv,12,0,1.0,0.0,6.67,3,14,NORMAL,0,0.0,1.0,0.5105,MEDIUM,0
0,28.1,96.3,Arunachal Sector,Train_data.csv,12,0,0.0,0.0,6.67,0,1,ANOMALY,0,0.0,1.0,0.068,CRITICAL,0
0,23.0,68.9,Gujarat Coast,Train_data.csv,12,0,1.0,0.0,6.67,0,1,NORMAL,0,0.0,1.0,0.3625,MEDIUM,0
0,30.2,80.3,Uttarakhand Pass,Train_data.csv,12,0,0.0,0.0,6.67,12,50,ANOMALY,0,1.0,1.0,0.299,CRITICAL,0
0,33.7,78.9,Ladakh LAC,Train_data.csv,12,0,0.0,0.0,6.67,12,50,ANOMALY,0,1.0,1.0,0.3145,CRITICAL,0
0,27.4,88.8,Sikkim Ridge,Train_data.csv,12,0,0.0,0.0,6.67,12,50,ANOMALY,0,1.0,1.0,0.3075,CRITICAL,0
0,23.9,70.0,Gujarat Coast,Train_data.csv,12,0,0.0,0.0,6.67,12,50,ANOMALY,0,1.0,1.0,0.2955,CRITICAL,0
0,33.7,78.9,Ladakh LAC,Train_data.csv,12,0,1.0,0.0,6.67,0,1,NORMAL,0,0.0,1.0,0.38,MEDIUM,0
0,23.0,68.9,Gujarat Coast,Train_data.csv,12,0,0.0,0.0,6.67,12,50,ANOMALY,0,1.0,1.0,0.297,CRITICAL,0
2,23.0,68.9,Gujarat Coast,Train_data.csv,12,0,1.0,0.0,6.67,0,3,ANOMALY,0,0.0,1.0,0.3935,CRITICAL,0
5,33.5,74.2,J&K LoC,Train_data.csv,12,0,1.0,0.0,6.67,0,1,ANOMALY,0,0.0,1.0,0.379,CRITICAL,0
0,27.6,91.9,Arunachal Sector,Train_data.csv,12,0,0.0,0.0,6.67,0,1,ANOMALY,0,0.0,1.0,0.0745,CRITICAL,0
0,33.7,78.9,Ladakh LAC,Train_data.csv,12,0,1.0,0.0,6.67,1,6,NORMAL,0,0.0,1.0,0.4575,MEDIUM,0
0,30.2,80.3,Uttarakhand Pass,Train_data.csv,12,0,1.0,0.0,6.67,6,29,NORMAL,0,0.0,1.0,0.536,HIGH,0
0,27.4,88.8,Sikkim Ridge,Train_data.csv,12,0,1.0,0.0,6.67,0,1,NORMAL,0,0.0,1.0,0.373,MEDIUM,0
0,27.3,89.1,Sikkim Ridge,Train_data.csv,12,0,0.0,0.0,6.67,12,50,ANOMALY,0,1.0,1.0,0.311,CRITICAL,0
0,23.0,68.9,Gujarat Coast,Train_data.csv,12,0,1.0,0.0,6.67,0,1,NORMAL,0,0.0,1.0,0.3625,MEDIUM,0
0,23.0,68.9,Gujarat Coast,Train_data.csv,12,0,0.01,0.0,6.67,0,2,ANOMALY,0,0.0,1.0,0.081,CRITICAL,0
0,33.7,78.9,Ladakh LAC,Train_data.csv,12,0,1.0,0.0,6.67,4,18,NORMAL,0,0.0,1.0,0.5185,MEDIUM,0
0,23.0,68.9,Gujarat Coast,Train_data.csv,12,0,0.0,0.0,6.67,12,50,ANOMALY,0,1.0,1.0,0.297,CRITICAL,0
0,33.7,78.9,Ladakh LAC,Train_data.csv,12,0,0.0,0.0,6.67,12,50,ANOMALY,0,1.0,1.0,0.3145,CRITICAL,0
0,27.3,89.1,Sikkim Ridge,Train_data.csv,12,0,1.0,0.0,6.67,0,3,NORMAL,0,0.33,1.0,0.4075,MEDIUM,0
0,35.1,77.8,Ladakh LAC,Train_data.csv,12,0,1.0,0.0,6.67,0,2,NORMAL,0,0.0,1.0,0.3995,MEDIUM,0
0,28.1,96.3,Arunachal Sector,Train_data.csv,12,0,0.0,0.0,6.67,12,50,ANOMALY,0,1.0,1.0,0.3025,CRITICAL,0
0,22.7,92.7,Northeast Sector,Train_data.csv,12,0,0.0,0.0,6.67,11,49,ANOMALY,0,1.0,1.0,0.291,CRITICAL,0
0,27.3,89.1,Sikkim Ridge,Train_data.csv,12,0,1.0,0.0,6.67,0,1,NORMAL,0,0.0,1.0,0.3765,MEDIUM,0
0,25.7,71.4,Rajasthan Border,Train_data.csv,12,0,0.0,0.0,6.67,12,50,ANOMALY,0,0.0,1.0,0.301,CRITICAL,0
0,34.4,73.6,J&K LoC,Train_data.csv,12,0,1.0,0.0,6.67,12,50,ANOMALY,0,0.0,1.0,0.6155,CRITICAL,0
0,31.6,74.6,Punjab Sector,Train_data.csv,12,0,0.0,0.0,6.67,12,50,ANOMALY,0,1.0,1.0,0.305,CRITICAL,0
0,28.1,96.3,Arunachal Sector,Train_data.csv,12,0,1.0,0.0,6.67,5,23,NORMAL,0,0.0,1.0,0.5215,HIGH,0
0,23.0,68.9,Gujarat Coast,Train_data.csv,12,0,0.0,0.0,6.67,0,1,ANOMALY,0,0.0,1.0,0.0625,CRITICAL,0
0,33.5,74.2,J&K LoC,Train_data.csv,12,0,1.0,0.0,6.67,0,3,NORMAL,0,0.0,1.0,0.41,MEDIUM,0
0,27.4,88.8,Sikkim Ridge,Train_data.csv,12,0,0.0,0.0,6.67,12,50,ANOMALY,0,1.0,1.0,0.3075,CRITICAL,0
0,34.4,73.6,J&K LoC,Train_data.csv,12,0,0.43,0.0,6.67,12,50,NORMAL,0,0.0,1.0,0.4445,MEDIUM,0
0,27.4,88.8,Sikkim Ridge,Train_data.csv,12,0,0.0,0.0,6.67,12,50,ANOMALY,0,0.05,1.0,0.3075,CRITICAL,0
0,34.4,73.6,J&K LoC,Train_data.csv,12,0,0.0,0.0,6.67,12,50,ANOMALY,0,1.0,1.0,0.3155,CRITICAL,0
0,27.3,89.1,Sikkim Ridge,Train_data.csv,12,0,0.0,0.0,6.67,0,1,ANOMALY,0,0.0,1.0,0.0765,CRITICAL,0
0,35.1,77.8,Ladakh LAC,Train_data.csv,12,0,1.0,0.0,6.67,0,2,NORMAL,0,0.0,1.0,0.3995,MEDIUM,0
0,31.6,74.6,Punjab Sector,Train_data.csv,12,0,0.0,0.0,6.67,12,50,ANOMALY,0,0.0,1.0,0.305,CRITICAL,0
0,27.6,91.9,Arunachal Sector,Train_data.csv,12,0,1.0,0.0,6.67,0,3,NORMAL,0,0.0,1.0,0.4055,MEDIUM,0
0,33.7,78.9,Ladakh LAC,Train_data.csv,12,0,0.0,0.0,6.67,5,22,ANOMALY,0,0.95,1.0,0.2305,CRITICAL,0
0,35.1,77.8,Ladakh LAC,Train_data.csv,12,0,1.0,0.0,6.67,5,21,NORMAL,0,0.0,1.0,0.5315,HIGH,0
0,33.5,74.2,J&K LoC,Train_data.csv,12,0,0.0,0.0,6.67,12,50,ANOMALY,0,0.0,1.0,0.3135,CRITICAL,0
0,23.9,70.0,Gujarat Coast,Train_data.csv,12,0,0.0,0.0,6.67,12,50,ANOMALY,0,1.0,1.0,0.2955,CRITICAL,0
0,23.9,70.0,Gujarat Coast,Train_data.csv,12,0,0.0,0.0,6.67,12,50,ANOMALY,0,1.0,1.0,0.2955,CRITICAL,0
0,35.1,77.8,Ladakh LAC,Train_data.csv,12,0,0.0,0.0,6.67,0,1,ANOMALY,0,1.0,1.0,0.084,CRITICAL,0
0,28.1,96.3,Arunachal Sector,Train_data.csv,12,0,0.0,0.0,6.67,12,50,ANOMALY,0,1.0,1.0,0.3025,CRITICAL,0
0,22.7,92.7,Northeast Sector,Train_data.csv,12,0,0.0,0.0,6.67,0,2,ANOMALY,0,0.0,1.0,0.075,CRITICAL,0
0,30.2,80.3,Uttarakhand Pass,Train_data.csv,12,0,1.0,0.0,6.67,1,8,NORMAL,0,0.0,1.0,0.473,MEDIUM,0
0,34.4,73.6,J&K LoC,Train_data.csv,12,0,1.0,0.0,6.67,0,1,NORMAL,0,0.0,1.0,0.381,MEDIUM,0
0,35.5,76.9,Ladakh LAC,Train_data.csv,12,0,1.0,0.0,6.67,1,8,NORMAL,0,0.0,1.0,0.486,MEDIUM,0
0,33.7,78.9,Ladakh LAC,Train_data.csv,12,0,0.0,0.0,6.67,12,50,ANOMALY,0,1.0,1.0,0.3145,CRITICAL,0
0,22.7,92.7,Northeast Sector,Train_data.csv,12,0,0.0,0.0,6.67,12,50,ANOMALY,0,0.0,1.0,0.294,CRITICAL,0
0,35.5,76.9,Ladakh LAC,Train_data.csv,12,0,0.0,0.0,6.67,12,50,ANOMALY,0,1.0,1.0,0.312,CRITICAL,0
0,33.5,74.2,J&K LoC,Train_data.csv,12,0,0.0,0.0,6.67,12,50,ANOMALY,0,1.0,1.0,0.3135,CRITICAL,0
0,25.7,71.4,Rajasthan Border,Train_data.csv,12,0,0.0,0.0,6.67,12,50,ANOMALY,0,1.0,1.0,0.301,CRITICAL,0
0,33.5,74.2,J&K LoC,Train_data.csv,12,0,1.0,0.0,6.67,0,4,NORMAL,0,0.0,1.0,0.4255,MEDIUM,0
0,23.9,70.0,Gujarat Coast,Train_data.csv,12,0,1.0,0.0,6.67,1,5,NORMAL,0,0.0,1.0,0.423,MEDIUM,0
0,27.6,91.9,Arunachal Sector,Train_data.csv,12,0,0.0,0.0,6.67,0,2,NORMAL,0,0.0,1.0,0.09,LOW,0
0,23.9,70.0,Gujarat Coast,Train_data.csv,12,0,0.08,0.0,6.67,0,1,ANOMALY,0,0.0,1.0,0.085,CRITICAL,0
0,35.5,76.9,Ladakh LAC,Train_data.csv,12,0,1.0,0.0,6.67,0,4,NORMAL,0,0.0,1.0,0.424,MEDIUM,0
0,27.6,91.9,Arunachal Sector,Train_data.csv,12,0,0.0,0.0,6.67,12,50,ANOMALY,0,1.0,1.0,0.309,CRITICAL,0
0,33.7,78.9,Ladakh LAC,Train_data.csv,12,0,1.0,0.0,6.67,5,21,NORMAL,0,0.0,1.0,0.5275,HIGH,0
0,34.4,73.6,J&K LoC,Train_data.csv,12,0,1.0,0.0,6.67,0,2,NORMAL,0,0.0,1.0,0.3965,MEDIUM,0
0,34.4,73.6,J&K LoC,Train_data.csv,12,0,1.0,0.0,6.67,0,4,NORMAL,0,0.0,1.0,0.4275,MEDIUM,0
0,35.5,76.9,Ladakh LAC,Train_data.csv,12,0,1.0,0.0,6.67,1,5,NORMAL,0,0.0,1.0,0.4395,MEDIUM,0
0,34.4,73.6,J&K LoC,Train_data.csv,12,0,0.01,0.0,6.67,0,2,ANOMALY,0,0.0,1.0,0.0995,CRITICAL,0
0,28.1,96.3,Arunachal Sector,Train_data.csv,12,0,1.0,0.0,6.67,0,1,NORMAL,0,0.0,1.0,0.368,MEDIUM,0
0,34.4,73.6,J&K LoC,Train_data.csv,12,0,0.44,0.0,6.67,12,50,NORMAL,0,0.0,1.0,0.4475,MEDIUM,0
0,35.1,77.8,Ladakh LAC,Train_data.csv,12,0,0.08,0.0,6.67,0,1,ANOMALY,0,0.0,1.0,0.108,CRITICAL,0
0,22.7,92.7,Northeast Sector,Train_data.csv,12,0,0.01,0.0,6.67,0,2,ANOMALY,0,0.0,1.0,0.078,CRITICAL,0
0,34.4,73.6,J&K LoC,Train_data.csv,12,0,1.0,0.0,6.67,3,13,NORMAL,0,0.0,1.0,0.5045,MEDIUM,0
0,34.4,73.6,J&K LoC,Train_data.csv,12,0,0.0,0.0,6.67,0,1,ANOMALY,0,0.0,1.0,0.081,CRITICAL,0
0,35.1,77.8,Ladakh LAC,Train_data.csv,12,0,1.0,0.0,6.67,2,9,NORMAL,0,0.0,1.0,0.4955,MEDIUM,0
0,34.4,73.6,J&K LoC,Train_data.csv,12,0,0.0,0.0,6.67,12,50,ANOMALY,0,1.0,1.0,0.3155,CRITICAL,0
0,27.4,88.8,Sikkim Ridge,Train_data.csv,12,0,1.0,0.0,6.67,2,12,NORMAL,0,0.0,1.0,0.4935,MEDIUM,0
0,23.9,70.0,Gujarat Coast,Train_data.csv,12,0,1.0,0.0,6.67,0,3,NORMAL,0,0.0,1.0,0.392,MEDIUM,0
0,23.0,68.9,Gujarat Coast,Train_data.csv,12,0,0.0,0.0,6.67,4,18,ANOMALY,0,1.0,1.0,0.201,CRITICAL,0
0,30.2,80.3,Uttarakhand Pass,Train_data.csv,12,0,1.0,0.0,6.67,1,8,NORMAL,0,0.0,1.0,0.473,MEDIUM,0
0,34.4,73.6,J&K LoC,Train_data.csv,12,0,0.0,0.0,6.67,12,50,ANOMALY,0,1.0,1.0,0.3155,CRITICAL,0
0,23.0,68.9,Gujarat Coast,Train_data.csv,12,0,1.0,0.0,6.67,0,4,NORMAL,0,0.0,1.0,0.409,MEDIUM,0
0,35.1,77.8,Ladakh LAC,Train_data.csv,12,0,1.0,0.0,6.67,2,11,NORMAL,0,0.0,1.0,0.5015,MEDIUM,0
0,31.6,74.6,Punjab Sector,Train_data.csv,12,0,1.0,0.0,6.67,0,2,NORMAL,0,0.0,1.0,0.386,MEDIUM,0
0,27.3,89.1,Sikkim Ridge,Train_data.csv,12,0,1.0,0.0,6.67,0,1,NORMAL,0,0.0,1.0,0.3765,MEDIUM,0
0,33.5,74.2,J&K LoC,Train_data.csv,12,0,0.0,0.0,6.67,12,50,ANOMALY,0,1.0,1.0,0.3135,CRITICAL,0
0,27.6,91.9,Arunachal Sector,Train_data.csv,12,0,0.28,0.0,6.67,12,50,ANOMALY,0,0.0,1.0,0.393,CRITICAL,0
0,31.6,74.6,Punjab Sector,Train_data.csv,12,0,0.0,0.0,6.67,12,50,ANOMALY,0,1.0,1.0,0.305,CRITICAL,0
0,27.3,89.1,Sikkim Ridge,Train_data.csv,12,0,1.0,0.0,6.67,7,30,NORMAL,0,0.0,1.0,0.551,HIGH,0
0,27.4,88.8,Sikkim Ridge,Train_data.csv,12,0,1.0,0.0,6.67,0,4,NORMAL,0,0.0,1.0,0.4195,MEDIUM,0
0,22.7,92.7,Northeast Sector,Train_data.csv,12,0,0.0,0.0,6.67,12,50,ANOMALY,0,1.0,1.0,0.294,CRITICAL,0
0,25.7,71.4,Rajasthan Border,Train_data.csv,12,0,1.0,0.0,6.67,12,50,ANOMALY,0,0.0,1.0,0.601,CRITICAL,0
0,27.3,89.1,Sikkim Ridge,Train_data.csv,12,0,0.0,0.0,6.67,12,50,ANOMALY,0,1.0,1.0,0.311,CRITICAL,0
0,27.3,89.1,Sikkim Ridge,Train_data.csv,12,0,0.0,0.0,6.67,12,50,ANOMALY,0,1.0,1.0,0.311,CRITICAL,0
0,25.7,71.4,Rajasthan Border,Train_data.csv,12,0,1.0,0.0,6.67,0,1,NORMAL,0,0.0,1.0,0.3665,MEDIUM,0
0,28.1,96.3,Arunachal Sector,Train_data.csv,12,0,1.0,0.0,6.67,3,13,NORMAL,0,0.0,1.0,0.4915,MEDIUM,0
0,35.5,76.9,Ladakh LAC,Train_data.csv,12,0,0.0,0.0,6.67,8,35,ANOMALY,0,1.0,1.0,0.267,CRITICAL,0
2,27.4,88.8,Sikkim Ridge,Train_data.csv,12,0,1.0,0.0,6.67,0,3,ANOMALY,0,0.0,1.0,0.404,CRITICAL,0
0,34.4,73.6,J&K LoC,Train_data.csv,12,0,0.42,0.0,6.67,12,50,NORMAL,0,0.0,1.0,0.4415,MEDIUM,0
0,35.5,76.9,Ladakh LAC,Train_data.csv,12,0,0.06,0.0,6.67,0,3,NORMAL,0,0.0,1.0,0.1265,LOW,0
0,27.3,89.1,Sikkim Ridge,Train_data.csv,12,0,0.0,0.0,6.67,12,50,ANOMALY,0,1.0,1.0,0.311,CRITICAL,0
0,23.0,68.9,Gujarat Coast,Train_data.csv,12,0,0.09,0.0,6.67,0,1,NORMAL,0,0.0,1.0,0.0895,LOW,0
0,23.0,68.9,Gujarat Coast,Train_data.csv,12,0,1.0,0.0,6.67,2,11,NORMAL,0,0.0,1.0,0.48,MEDIUM,0
1,33.7,78.9,Ladakh LAC,Train_data.csv,12,0,0.0,0.0,6.67,12,50,ANOMALY,0,0.66,1.0,0.3145,CRITICAL,0
0,27.3,89.1,Sikkim Ridge,Train_data.csv,12,0,0.08,0.0,6.67,0,1,ANOMALY,0,0.0,1.0,0.1005,CRITICAL,0
2,35.5,76.9,Ladakh LAC,Train_data.csv,12,0,1.0,0.0,8.0,0,1,NORMAL,0,0.0,1.0,0.3825,MEDIUM,0
0,23.0,68.9,Gujarat Coast,Train_data.csv,12,0,0.0,0.0,6.67,0,1,NORMAL,0,0.0,1.0,0.0625,LOW,0
0,33.7,78.9,Ladakh LAC,Train_data.csv,12,0,1.0,0.0,6.67,4,18,NORMAL,0,0.0,1.0,0.5185,MEDIUM,0
0,23.0,68.9,Gujarat Coast,Train_data.csv,12,0,1.0,0.0,6.67,12,50,ANOMALY,0,0.0,1.0,0.597,CRITICAL,0
0,23.9,70.0,Gujarat Coast,Train_data.csv,12,0,1.0,0.0,6.67,0,2,NORMAL,0,0.0,1.0,0.3765,MEDIUM,0
0,25.7,71.4,Rajasthan Border,Train_data.csv,12,0,1.0,0.0,6.67,3,15,NORMAL,0,0.0,1.0,0.496,MEDIUM,0
0,27.6,91.9,Arunachal Sector,Train_data.csv,12,0,1.0,0.0,6.67,0,2,NORMAL,0,0.0,1.0,0.39,MEDIUM,0
0,22.7,92.7,Northeast Sector,Train_data.csv,12,0,0.0,0.0,6.67,12,50,ANOMALY,0,1.0,1.0,0.294,CRITICAL,0
0,25.7,71.4,Rajasthan Border,Train_data.csv,12,0,0.0,0.0,6.67,12,50,ANOMALY,0,1.0,1.0,0.301,CRITICAL,0
0,31.6,74.6,Punjab Sector,Train_data.csv,12,0,0.0,0.0,6.67,12,50,ANOMALY,0,1.0,1.0,0.305,CRITICAL,0
0,23.9,70.0,Gujarat Coast,Train_data.csv,12,0,0.44,0.0,6.67,0,3,NORMAL,0,0.0,1.0,0.224,LOW,0
0,33.5,74.2,J&K LoC,Train_data.csv,12,0,0.0,0.0,6.67,12,50,ANOMALY,0,1.0,1.0,0.3135,CRITICAL,0
0,34.4,73.6,J&K LoC,Train_data.csv,12,0,1.0,0.0,6.67,0,2,NORMAL,0,0.0,1.0,0.3965,MEDIUM,0
0,33.5,74.2,J&K LoC,Train_data.csv,12,0,1.0,0.0,6.67,7,32,NORMAL,0,0.0,1.0,0.5595,HIGH,0
0,23.0,68.9,Gujarat Coast,Train_data.csv,12,0,1.0,0.0,6.67,0,1,NORMAL,0,0.0,1.0,0.3625,MEDIUM,0
0,33.7,78.9,Ladakh LAC,Train_data.csv,12,0,0.0,0.0,6.67,12,50,ANOMALY,0,1.0,1.0,0.3145,CRITICAL,0
0,27.6,91.9,Arunachal Sector,Train_data.csv,12,0,1.0,0.0,6.67,0,4,NORMAL,0,0.0,1.0,0.421,MEDIUM,0
0,23.0,68.9,Gujarat Coast,Train_data.csv,12,0,1.0,0.0,6.67,4,20,NORMAL,0,0.0,1.0,0.507,MEDIUM,0
0,33.7,78.9,Ladakh LAC,Train_data.csv,12,0,1.0,0.0,6.67,0,4,NORMAL,0,0.25,1.0,0.4265,MEDIUM,0
0,27.3,89.1,Sikkim Ridge,Train_data.csv,12,0,1.0,0.0,6.67,6,26,NORMAL,0,0.0,1.0,0.539,HIGH,0
0,25.7,71.4,Rajasthan Border,Train_data.csv,12,0,1.0,0.0,6.67,1,7,NORMAL,0,0.0,1.0,0.4595,MEDIUM,0
0,31.6,74.6,Punjab Sector,Train_data.csv,12,0,0.0,0.0,6.67,12,50,ANOMALY,0,1.0,1.0,0.305,CRITICAL,0
0,33.5,74.2,J&K LoC,Train_data.csv,12,0,1.0,0.0,6.67,1,6,NORMAL,0,0.0,1.0,0.4565,MEDIUM,0
0,34.4,73.6,J&K LoC,Train_data.csv,12,0,1.0,0.0,6.67,0,4,NORMAL,0,0.0,1.0,0.4275,MEDIUM,0
0,27.6,91.9,Arunachal Sector,Train_data.csv,12,0,1.0,0.0,6.67,0,1,NORMAL,0,0.0,1.0,0.3745,MEDIUM,0
0,22.7,92.7,Northeast Sector,Train_data.csv,12,0,1.0,0.0,6.67,2,11,NORMAL,0,0.0,1.0,0.477,MEDIUM,0
0,30.2,80.3,Uttarakhand Pass,Train_data.csv,12,0,1.0,0.0,6.67,0,1,NORMAL,0,0.0,1.0,0.3645,MEDIUM,0
0,33.7,78.9,Ladakh LAC,Train_data.csv,12,0,0.0,0.0,6.67,12,50,ANOMALY,0,1.0,1.0,0.3145,CRITICAL,0
0,27.6,91.9,Arunachal Sector,Train_data.csv,12,0,0.0,0.0,6.67,12,50,ANOMALY,0,1.0,1.0,0.309,CRITICAL,0
0,28.1,96.3,Arunachal Sector,Train_data.csv,12,0,1.0,0.0,6.67,12,50,ANOMALY,0,0.0,1.0,0.6025,CRITICAL,0
0,30.2,80.3,Uttarakhand Pass,Train_data.csv,12,0,0.0,0.0,6.67,12,50,ANOMALY,0,0.0,1.0,0.299,CRITICAL,0
0,27.6,91.9,Arunachal Sector,Train_data.csv,12,0,0.0,0.0,6.67,12,50,ANOMALY,0,1.0,1.0,0.309,CRITICAL,0
0,31.6,74.6,Punjab Sector,Train_data.csv,12,0,1.0,0.0,6.67,0,4,NORMAL,0,0.0,1.0,0.417,MEDIUM,0
0,27.3,89.1,Sikkim Ridge,Train_data.csv,12,0,1.0,0.0,6.67,1,7,NORMAL,0,0.0,1.0,0.4695,MEDIUM,0
0,31.6,74.6,Punjab Sector,Train_data.csv,12,0,1.0,0.0,6.67,8,36,NORMAL,0,0.0,1.0,0.563,HIGH,0
0,35.5,76.9,Ladakh LAC,Train_data.csv,12,0,0.3,0.0,6.67,0,2,NORMAL,0,0.0,1.0,0.183,LOW,0
2,31.6,74.6,Punjab Sector,Train_data.csv,12,0,1.0,0.0,6.67,0,4,ANOMALY,0,0.0,1.0,0.417,CRITICAL,0
0,33.5,74.2,J&K LoC,Train_data.csv,12,0,1.0,0.0,6.67,1,6,NORMAL,0,0.0,1.0,0.4565,MEDIUM,0
0,35.5,76.9,Ladakh LAC,Train_data.csv,12,0,0.0,0.0,6.67,12,50,ANOMALY,0,1.0,1.0,0.312,CRITICAL,0
0,27.6,91.9,Arunachal Sector,Train_data.csv,12,0,0.0,0.0,6.67,12,50,ANOMALY,0,1.0,1.0,0.309,CRITICAL,0
0,25.7,71.4,Rajasthan Border,Train_data.csv,12,0,0.08,0.0,6.67,0,1,ANOMALY,0,0.0,1.0,0.0905,CRITICAL,0
0,31.6,74.6,Punjab Sector,Train_data.csv,12,0,1.0,0.0,6.67,0,2,NORMAL,0,0.0,1.0,0.386,MEDIUM,0
0,25.7,71.4,Rajasthan Border,Train_data.csv,12,0,0.0,0.0,6.67,12,50,ANOMALY,0,0.0,1.0,0.301,CRITICAL,0
0,30.2,80.3,Uttarakhand Pass,Train_data.csv,12,0,1.0,0.0,6.67,0,1,ANOMALY,0,0.0,1.0,0.3645,CRITICAL,0
0,25.7,71.4,Rajasthan Border,Train_data.csv,12,0,0.0,0.0,6.67,12,50,ANOMALY,0,0.0,1.0,0.301,CRITICAL,0
0,31.6,74.6,Punjab Sector,Train_data.csv,12,0,0.01,0.0,6.67,6,25,ANOMALY,0,0.0,1.0,0.233,CRITICAL,0
0,34.4,73.6,J&K LoC,Train_data.csv,12,0,0.0,0.0,6.67,12,50,ANOMALY,0,1.0,1.0,0.3155,CRITICAL,0
0,23.0,68.9,Gujarat Coast,Train_data.csv,12,0,0.12,0.0,6.67,0,1,NORMAL,0,0.0,1.0,0.0985,LOW,0
0,27.3,89.1,Sikkim Ridge,Train_data.csv,12,0,0.0,0.0,6.67,12,50,ANOMALY,0,0.17,1.0,0.311,CRITICAL,0
0,35.1,77.8,Ladakh LAC,Train_data.csv,12,0,1.0,0.0,6.67,0,4,NORMAL,0,0.0,1.0,0.4305,MEDIUM,0
0,27.3,89.1,Sikkim Ridge,Train_data.csv,12,0,0.0,0.0,6.67,0,1,ANOMALY,0,1.0,1.0,0.0765,CRITICAL,0
0,27.3,89.1,Sikkim Ridge,Train_data.csv,12,0,1.0,0.0,6.67,0,1,NORMAL,0,0.0,1.0,0.3765,MEDIUM,0
0,34.4,73.6,J&K LoC,Train_data.csv,12,0,1.0,0.0,6.67,0,1,NORMAL,0,0.0,1.0,0.381,MEDIUM,0
0,22.7,92.7,Northeast Sector,Train_data.csv,12,0,0.0,0.0,6.67,12,50,ANOMALY,0,1.0,1.0,0.294,CRITICAL,0
0,33.7,78.9,Ladakh LAC,Train_data.csv,12,0,0.0,0.0,6.67,12,50,ANOMALY,0,1.0,1.0,0.3145,CRITICAL,0
0,27.6,91.9,Arunachal Sector,Train_data.csv,12,0,0.0,0.0,6.67,12,50,ANOMALY,0,1.0,1.0,0.309,CRITICAL,0
0,27.3,89.1,Sikkim Ridge,Train_data.csv,12,0,0.08,0.0,6.67,0,1,ANOMALY,0,0.0,1.0,0.1005,CRITICAL,0
0,23.9,70.0,Gujarat Coast,Train_data.csv,12,0,1.0,0.0,6.67,0,4,NORMAL,0,0.0,1.0,0.4075,MEDIUM,0
0,23.0,68.9,Gujarat Coast,Train_data.csv,12,0,1.0,0.0,6.67,2,12,NORMAL,0,0.0,1.0,0.483,MEDIUM,0
0,23.0,68.9,Gujarat Coast,Train_data.csv,12,0,0.0,0.0,6.67,1,5,ANOMALY,0,1.0,1.0,0.1245,CRITICAL,0
0,33.7,78.9,Ladakh LAC,Train_data.csv,12,0,0.0,0.0,6.67,0,1,NORMAL,0,0.0,1.0,0.08,LOW,0
0,23.9,70.0,Gujarat Coast,Train_data.csv,12,0,0.0,0.0,6.67,12,50,ANOMALY,0,1.0,1.0,0.2955,CRITICAL,0
0,23.9,70.0,Gujarat Coast,Train_data.csv,12,0,0.0,0.0,6.67,12,50,ANOMALY,0,1.0,1.0,0.2955,CRITICAL,0
0,27.3,89.1,Sikkim Ridge,Train_data.csv,12,0,1.0,0.0,6.67,0,1,NORMAL,0,0.0,1.0,0.3765,MEDIUM,0
0,30.2,80.3,Uttarakhand Pass,Train_data.csv,12,0,0.0,0.0,6.67,12,50,ANOMALY,0,1.0,1.0,0.299,CRITICAL,0
0,35.1,77.8,Ladakh LAC,Train_data.csv,12,0,0.0,0.0,6.67,12,50,ANOMALY,0,1.0,1.0,0.3185,CRITICAL,0
0,23.0,68.9,Gujarat Coast,Train_data.csv,12,0,0.0,0.0,6.67,12,50,ANOMALY,0,1.0,1.0,0.297,CRITICAL,0
0,22.7,92.7,Northeast Sector,Train_data.csv,12,0,1.0,0.0,6.67,2,11,NORMAL,0,0.0,1.0,0.477,MEDIUM,0
0,27.4,88.8,Sikkim Ridge,Train_data.csv,12,0,0.0,0.0,6.67,12,50,ANOMALY,0,1.0,1.0,0.3075,CRITICAL,0
0,30.2,80.3,Uttarakhand Pass,Train_data.csv,12,0,0.0,0.0,6.67,12,50,ANOMALY,0,1.0,1.0,0.299,CRITICAL,0
0,27.4,88.8,Sikkim Ridge,Train_data.csv,12,0,0.3,0.0,6.67,0,2,NORMAL,0,0.0,1.0,0.1785,LOW,0
0,34.4,73.6,J&K LoC,Train_data.csv,12,0,0.0,0.0,6.67,0,1,NORMAL,0,0.0,1.0,0.081,LOW,0
0,31.6,74.6,Punjab Sector,Train_data.csv,12,0,1.0,0.0,6.67,3,16,NORMAL,0,0.0,1.0,0.503,MEDIUM,0
0,25.7,71.4,Rajasthan Border,Train_data.csv,12,0,0.3,0.0,6.67,0,1,NORMAL,0,0.0,1.0,0.1565,LOW,0
0,33.5,74.2,J&K LoC,Train_data.csv,12,0,0.0,0.0,6.67,12,50,ANOMALY,0,1.0,1.0,0.3135,CRITICAL,0
0,33.5,74.2,J&K LoC,Train_data.csv,12,0,0.0,0.0,6.67,12,50,ANOMALY,0,1.0,1.0,0.3135,CRITICAL,0
0,27.4,88.8,Sikkim Ridge,Train_data.csv,12,0,0.0,0.0,6.67,0,1,NORMAL,0,0.0,1.0,0.073,LOW,0
0,22.7,92.7,Northeast Sector,Train_data.csv,12,0,1.0,0.0,6.67,2,10,NORMAL,0,0.0,1.0,0.474,MEDIUM,0
0,27.4,88.8,Sikkim Ridge,Train_data.csv,12,0,0.0,0.0,6.67,12,50,ANOMALY,0,1.0,1.0,0.3075,CRITICAL,0
0,31.6,74.6,Punjab Sector,Train_data.csv,12,0,0.0,0.0,6.67,4,19,ANOMALY,0,1.0,1.0,0.212,CRITICAL,0
0,31.6,74.6,Punjab Sector,Train_data.csv,12,0,1.0,0.0,6.67,1,7,NORMAL,0,0.0,1.0,0.4635,MEDIUM,0
0,22.7,92.7,Northeast Sector,Train_data.csv,12,0,0.01,0.0,6.67,0,2,ANOMALY,0,0.0,1.0,0.078,CRITICAL,0
0,23.0,68.9,Gujarat Coast,Train_data.csv,12,0,0.45,0.0,6.67,12,50,NORMAL,0,0.0,1.0,0.432,MEDIUM,0
0,34.4,73.6,J&K LoC,Train_data.csv,12,0,1.0,0.0,6.67,0,1,NORMAL,0,0.0,1.0,0.381,MEDIUM,0
0,34.4,73.6,J&K LoC,Train_data.csv,12,0,1.0,0.0,6.67,6,26,NORMAL,0,0.0,1.0,0.5435,HIGH,0
0,27.3,89.1,Sikkim Ridge,Train_data.csv,12,0,1.0,0.0,6.67,2,11,NORMAL,0,0.0,1.0,0.494,MEDIUM,0
0,27.4,88.8,Sikkim Ridge,Train_data.csv,12,0,1.0,0.0,6.67,12,50,ANOMALY,0,0.0,1.0,0.6075,CRITICAL,0
0,25.7,71.4,Rajasthan Border,Train_data.csv,12,0,0.01,0.0,6.67,7,30,ANOMALY,0,0.0,1.0,0.244,CRITICAL,0
0,27.4,88.8,Sikkim Ridge,Train_data.csv,12,0,1.0,0.0,6.67,0,4,NORMAL,0,0.25,1.0,0.4195,MEDIUM,0
0,27.4,88.8,Sikkim Ridge,Train_data.csv,12,0,0.45,0.0,6.67,12,50,NORMAL,0,0.0,1.0,0.4425,MEDIUM,0
0,33.5,74.2,J&K LoC,Train_data.csv,12,0,0.0,0.0,6.67,12,50,ANOMALY,0,1.0,1.0,0.3135,CRITICAL,0
0,28.1,96.3,Arunachal Sector,Train_data.csv,12,0,0.28,0.0,6.67,12,50,ANOMALY,0,0.0,1.0,0.3865,CRITICAL,0
0,27.4,88.8,Sikkim Ridge,Train_data.csv,12,0,0.0,0.0,6.67,12,50,ANOMALY,0,1.0,1.0,0.3075,CRITICAL,0
0,30.2,80.3,Uttarakhand Pass,Train_data.csv,12,0,1.0,0.0,6.67,0,1,NORMAL,0,0.0,1.0,0.3645,MEDIUM,0
0,27.4,88.8,Sikkim Ridge,Train_data.csv,12,0,1.0,0.0,6.67,0,3,NORMAL,0,0.0,1.0,0.404,MEDIUM,0
0,22.7,92.7,Northeast Sector,Train_data.csv,12,0,1.0,0.0,6.67,0,4,NORMAL,0,0.25,1.0,0.406,MEDIUM,0
0,22.7,92.7,Northeast Sector,Train_data.csv,12,0,1.0,0.0,6.67,6,28,NORMAL,0,0.0,1.0,0.528,HIGH,0
0,27.4,88.8,Sikkim Ridge,Train_data.csv,12,0,0.0,0.0,6.67,12,50,ANOMALY,0,0.99,1.0,0.3075,CRITICAL,0
0,27.3,89.1,Sikkim Ridge,Train_data.csv,12,0,1.0,0.0,6.67,1,6,NORMAL,0,0.0,1.0,0.454,MEDIUM,0
0,30.2,80.3,Uttarakhand Pass,Train_data.csv,12,0,1.0,0.0,6.67,3,16,NORMAL,0,0.0,1.0,0.497,MEDIUM,0
0,35.5,76.9,Ladakh LAC,Train_data.csv,12,0,1.0,0.0,6.67,0,1,NORMAL,0,0.0,1.0,0.3775,MEDIUM,0
0,27.3,89.1,Sikkim Ridge,Train_data.csv,12,0,1.0,0.0,6.67,12,50,ANOMALY,0,0.0,1.0,0.611,CRITICAL,0
0,33.7,78.9,Ladakh LAC,Train_data.csv,12,0,1.0,0.0,6.67,3,14,NORMAL,0,0.0,1.0,0.5065,MEDIUM,0
0,35.5,76.9,Ladakh LAC,Train_data.csv,12,0,1.0,0.0,6.67,0,1,NORMAL,0,0.0,1.0,0.3775,MEDIUM,0
0,34.4,73.6,J&K LoC,Train_data.csv,12,0,1.0,0.0,6.67,0,4,NORMAL,0,0.0,1.0,0.4275,MEDIUM,0
0,30.2,80.3,Uttarakhand Pass,Train_data.csv,12,0,0.9,0.0,6.67,0,3,NORMAL,0,0.0,1.0,0.3655,MEDIUM,0
0,35.1,77.8,Ladakh LAC,Train_data.csv,12,0,0.0,0.0,6.67,12,50,ANOMALY,0,0.0,1.0,0.3185,CRITICAL,0
0,31.6,74.6,Punjab Sector,Train_data.csv,12,0,1.0,0.0,6.67,0,1,NORMAL,0,0.0,1.0,0.3705,MEDIUM,0
0,27.3,89.1,Sikkim Ridge,Train_data.csv,12,0,1.0,0.0,6.67,4,18,NORMAL,0,0.0,1.0,0.515,MEDIUM,0
0,28.1,96.3,Arunachal Sector,Train_data.csv,12,0,0.0,0.0,6.67,12,50,ANOMALY,0,1.0,1.0,0.3025,CRITICAL,0
0,23.0,68.9,Gujarat Coast,Train_data.csv,12,0,1.0,0.0,6.67,0,2,NORMAL,0,0.0,1.0,0.378,MEDIUM,0
0,30.2,80.3,Uttarakhand Pass,Train_data.csv,12,0,1.0,0.0,6.67,0,1,NORMAL,0,0.0,1.0,0.3645,MEDIUM,0
0,23.0,68.9,Gujarat Coast,Train_data.csv,12,0,0.0,0.0,6.67,12,50,ANOMALY,0,1.0,1.0,0.297,CRITICAL,0
0,25.7,71.4,Rajasthan Border,Train_data.csv,12,0,1.0,0.0,6.67,3,15,NORMAL,0,0.0,1.0,0.496,MEDIUM,0
0,35.1,77.8,Ladakh LAC,Train_data.csv,12,0,1.0,0.0,6.67,0,1,NORMAL,0,0.0,1.0,0.384,MEDIUM,0
0,33.7,78.9,Ladakh LAC,Train_data.csv,12,0,1.0,0.0,6.67,2,11,NORMAL,0,0.0,1.0,0.4975,MEDIUM,0
0,30.2,80.3,Uttarakhand Pass,Train_data.csv,12,0,1.0,0.0,6.67,0,1,NORMAL,0,0.0,1.0,0.3645,MEDIUM,0
0,22.7,92.7,Northeast Sector,Train_data.csv,12,0,0.0,0.0,6.67,0,1,ANOMALY,0,0.0,1.0,0.0595,CRITICAL,0
0,35.5,76.9,Ladakh LAC,Train_data.csv,12,0,0.0,0.0,6.67,12,50,ANOMALY,0,1.0,1.0,0.312,CRITICAL,0
0,34.4,73.6,J&K LoC,Train_data.csv,12,0,0.0,0.0,6.67,12,50,ANOMALY,0,1.0,1.0,0.3155,CRITICAL,0
0,22.7,92.7,Northeast Sector,Train_data.csv,12,0,1.0,0.0,6.67,0,4,ANOMALY,0,0.0,1.0,0.406,CRITICAL,0
0,22.7,92.7,Northeast Sector,Train_data.csv,12,0,0.0,0.0,6.67,12,50,ANOMALY,0,0.0,1.0,0.294,CRITICAL,0
0,35.5,76.9,Ladakh LAC,Train_data.csv,12,0,0.0,0.0,6.67,12,50,ANOMALY,0,1.0,1.0,0.312,CRITICAL,0
2,27.3,89.1,Sikkim Ridge,Train_data.csv,12,0,1.0,0.0,6.67,1,5,ANOMALY,0,0.0,1.0,0.4385,CRITICAL,0
0,31.6,74.6,Punjab Sector,Train_data.csv,12,0,1.0,0.0,6.67,0,1,NORMAL,0,0.0,1.0,0.3705,MEDIUM,0
0,35.5,76.9,Ladakh LAC,Train_data.csv,12,0,0.0,0.0,6.67,12,50,ANOMALY,0,1.0,1.0,0.312,CRITICAL,0
0,27.6,91.9,Arunachal Sector,Train_data.csv,12,0,1.0,0.0,6.67,0,4,NORMAL,0,0.0,1.0,0.421,MEDIUM,0
0,28.1,96.3,Arunachal Sector,Train_data.csv,12,0,0.42,0.0,6.67,1,6,NORMAL,0,0.0,1.0,0.2715,LOW,0
0,31.6,74.6,Punjab Sector,Train_data.csv,12,0,0.08,0.0,6.67,0,1,ANOMALY,0,0.0,1.0,0.0945,CRITICAL,0
0,27.6,91.9,Arunachal Sector,Train_data.csv,12,0,1.0,0.0,6.67,0,1,NORMAL,0,0.0,1.0,0.3745,MEDIUM,0
0,27.3,89.1,Sikkim Ridge,Train_data.csv,12,0,1.0,0.0,6.67,7,33,NORMAL,0,0.0,1.0,0.56,HIGH,0
0,27.6,91.9,Arunachal Sector,Train_data.csv,12,0,1.0,0.0,6.67,0,1,NORMAL,0,0.0,1.0,0.3745,MEDIUM,0
0,23.0,68.9,Gujarat Coast,Train_data.csv,12,0,0.0,0.0,6.67,12,50,ANOMALY,0,1.0,1.0,0.297,CRITICAL,0
18,35.5,76.9,Ladakh LAC,Train_data.csv,12,0,1.0,0.0,6.67,0,1,NORMAL,0,0.0,1.0,0.3775,MEDIUM,0
0,33.7,78.9,Ladakh LAC,Train_data.csv,12,0,1.0,0.0,6.67,12,50,ANOMALY,0,0.0,1.0,0.6145,CRITICAL,0
0,33.7,78.9,Ladakh LAC,Train_data.csv,12,0,1.0,0.0,6.67,1,6,NORMAL,0,0.0,1.0,0.4575,MEDIUM,0
0,33.5,74.2,J&K LoC,Train_data.csv,12,0,0.08,0.0,6.67,0,1,ANOMALY,0,0.0,1.0,0.103,CRITICAL,0
0,22.7,92.7,Northeast Sector,Train_data.csv,12,0,0.0,0.0,6.67,12,50,ANOMALY,0,0.0,1.0,0.294,CRITICAL,0
0,27.4,88.8,Sikkim Ridge,Train_data.csv,12,0,0.44,0.0,6.67,12,50,NORMAL,0,0.0,1.0,0.4395,MEDIUM,0
0,35.5,76.9,Ladakh LAC,Train_data.csv,12,0,0.0,0.0,6.67,0,2,ANOMALY,0,0.0,1.0,0.093,CRITICAL,0
0,23.0,68.9,Gujarat Coast,Train_data.csv,12,0,1.0,0.0,6.67,1,6,NORMAL,0,0.0,1.0,0.44,MEDIUM,0
0,27.4,88.8,Sikkim Ridge,Train_data.csv,12,0,1.0,0.0,6.67,4,17,NORMAL,0,0.0,1.0,0.5085,MEDIUM,0
0,23.9,70.0,Gujarat Coast,Train_data.csv,12,0,0.0,0.0,6.67,4,19,ANOMALY,0,1.0,1.0,0.2025,CRITICAL,0
0,28.1,96.3,Arunachal Sector,Train_data.csv,12,0,0.28,0.0,6.67,10,45,ANOMALY,0,0.0,1.0,0.3715,CRITICAL,0
0,22.7,92.7,Northeast Sector,Train_data.csv,12,0,0.08,0.0,6.67,0,1,ANOMALY,0,0.0,1.0,0.0835,CRITICAL,0
0,23.9,70.0,Gujarat Coast,Train_data.csv,12,0,1.0,0.0,6.67,0,1,NORMAL,0,0.0,1.0,0.361,MEDIUM,0
0,33.7,78.9,Ladakh LAC,Train_data.csv,12,0,0.35,0.0,6.67,0,2,NORMAL,0,0.0,1.0,0.2005,LOW,0
0,25.7,71.4,Rajasthan Border,Train_data.csv,12,0,1.0,0.0,6.67,4,19,NORMAL,0,0.0,1.0,0.508,MEDIUM,0
0,27.6,91.9,Arunachal Sector,Train_data.csv,12,0,1.0,0.0,6.67,0,3,NORMAL,0,0.0,1.0,0.4055,MEDIUM,0
0,28.1,96.3,Arunachal Sector,Train_data.csv,12,0,1.0,0.0,6.67,0,1,NORMAL,0,1.0,1.0,0.368,MEDIUM,0
0,33.7,78.9,Ladakh LAC,Train_data.csv,12,0,1.0,0.0,6.67,12,50,NORMAL,0,0.0,1.0,0.6145,HIGH,0
0,25.7,71.4,Rajasthan Border,Train_data.csv,12,0,1.0,0.0,6.67,2,12,NORMAL,0,0.0,1.0,0.487,MEDIUM,0
0,33.7,78.9,Ladakh LAC,Train_data.csv,12,0,0.0,0.0,6.67,12,50,ANOMALY,0,1.0,1.0,0.3145,CRITICAL,0
0,31.6,74.6,Punjab Sector,Train_data.csv,12,0,0.0,0.0,6.67,12,50,ANOMALY,0,0.0,1.0,0.305,CRITICAL,0
0,30.2,80.3,Uttarakhand Pass,Train_data.csv,12,0,0.0,0.0,6.67,12,50,ANOMALY,0,1.0,1.0,0.299,CRITICAL,0
0,23.0,68.9,Gujarat Coast,Train_data.csv,12,0,0.0,0.0,6.67,12,50,ANOMALY,0,1.0,1.0,0.297,CRITICAL,0
0,22.7,92.7,Northeast Sector,Train_data.csv,12,0,0.0,0.0,6.67,12,50,ANOMALY,0,1.0,1.0,0.294,CRITICAL,0
0,35.1,77.8,Ladakh LAC,Train_data.csv,12,0,1.0,0.0,6.67,0,1,NORMAL,0,0.0,1.0,0.384,MEDIUM,0
0,22.7,92.7,Northeast Sector,Train_data.csv,12,0,0.0,0.0,6.67,12,50,ANOMALY,0,1.0,1.0,0.294,CRITICAL,0
0,34.4,73.6,J&K LoC,Train_data.csv,12,0,1.0,0.0,6.67,0,1,NORMAL,0,0.0,1.0,0.381,MEDIUM,0
0,27.4,88.8,Sikkim Ridge,Train_data.csv,12,0,1.0,0.0,6.67,0,1,NORMAL,0,0.0,1.0,0.373,MEDIUM,0
0,28.1,96.3,Arunachal Sector,Train_data.csv,12,0,0.0,0.0,6.67,12,50,ANOMALY,0,1.0,1.0,0.3025,CRITICAL,0
0,31.6,74.6,Punjab Sector,Train_data.csv,12,0,1.0,0.0,6.67,12,50,ANOMALY,0,0.0,1.0,0.605,CRITICAL,0
0,25.7,71.4,Rajasthan Border,Train_data.csv,12,0,0.45,0.0,6.67,12,50,NORMAL,0,0.0,1.0,0.436,MEDIUM,0
0,23.9,70.0,Gujarat Coast,Train_data.csv,12,0,1.0,0.0,6.67,0,4,NORMAL,0,0.0,1.0,0.4075,MEDIUM,0
0,27.3,89.1,Sikkim Ridge,Train_data.csv,12,0,0.0,0.0,6.67,12,50,ANOMALY,0,1.0,1.0,0.311,CRITICAL,0
0,33.5,74.2,J&K LoC,Train_data.csv,12,0,1.0,0.0,6.67,5,23,NORMAL,0,0.0,1.0,0.5325,HIGH,0
0,27.6,91.9,Arunachal Sector,Train_data.csv,12,0,1.0,0.0,6.67,1,5,NORMAL,0,0.0,1.0,0.4365,MEDIUM,0
0,33.7,78.9,Ladakh LAC,Train_data.csv,12,0,1.0,0.0,6.67,0,4,NORMAL,0,0.25,1.0,0.4265,MEDIUM,0
0,28.1,96.3,Arunachal Sector,Train_data.csv,12,0,0.0,0.0,6.67,12,50,ANOMALY,0,0.98,1.0,0.3025,CRITICAL,0
0,27.4,88.8,Sikkim Ridge,Train_data.csv,12,0,0.0,0.0,6.67,12,50,ANOMALY,0,1.0,1.0,0.3075,CRITICAL,0
0,25.7,71.4,Rajasthan Border,Train_data.csv,12,0,0.0,0.0,6.67,12,50,ANOMALY,0,1.0,1.0,0.301,CRITICAL,0
0,23.9,70.0,Gujarat Coast,Train_data.csv,12,0,1.0,0.0,6.67,2,10,NORMAL,0,0.0,1.0,0.4755,MEDIUM,0
0,33.7,78.9,Ladakh LAC,Train_data.csv,12,0,0.0,0.0,6.67,12,50,ANOMALY,0,1.0,1.0,0.3145,CRITICAL,0
0,27.6,91.9,Arunachal Sector,Train_data.csv,12,0,0.45,0.0,6.67,12,50,NORMAL,0,0.0,1.0,0.444,MEDIUM,0
0,22.7,92.7,Northeast Sector,Train_data.csv,12,0,0.0,0.0,6.67,12,50,ANOMALY,0,1.0,1.0,0.294,CRITICAL,0
0,27.3,89.1,Sikkim Ridge,Train_data.csv,12,0,1.0,0.0,6.67,1,8,NORMAL,0,0.0,1.0,0.485,MEDIUM,0
0,33.7,78.9,Ladakh LAC,Train_data.csv,12,0,0.0,0.0,6.67,12,50,ANOMALY,0,1.0,1.0,0.3145,CRITICAL,0
5,22.7,92.7,Northeast Sector,Train_data.csv,12,0,1.0,0.0,6.67,0,1,NORMAL,0,0.0,1.0,0.3595,MEDIUM,0
0,27.3,89.1,Sikkim Ridge,Train_data.csv,12,0,0.0,0.0,6.67,6,27,ANOMALY,0,1.0,1.0,0.242,CRITICAL,0
0,22.7,92.7,Northeast Sector,Train_data.csv,12,0,1.0,0.0,6.67,0,1,NORMAL,0,0.0,1.0,0.3595,MEDIUM,0
0,33.5,74.2,J&K LoC,Train_data.csv,12,0,1.0,0.0,6.67,1,8,NORMAL,0,0.0,1.0,0.4875,MEDIUM,0
0,33.5,74.2,J&K LoC,Train_data.csv,12,0,1.0,0.0,6.67,1,5,NORMAL,0,0.0,1.0,0.441,MEDIUM,0
0,30.2,80.3,Uttarakhand Pass,Train_data.csv,12,0,0.0,0.0,6.67,12,50,ANOMALY,0,1.0,1.0,0.299,CRITICAL,0
0,23.0,68.9,Gujarat Coast,Train_data.csv,12,0,0.0,0.0,6.67,12,50,ANOMALY,0,1.0,1.0,0.297,CRITICAL,0
0,22.7,92.7,Northeast Sector,Train_data.csv,12,0,1.0,0.0,6.67,7,33,NORMAL,0,0.0,1.0,0.543,HIGH,0
0,27.6,91.9,Arunachal Sector,Train_data.csv,12,0,1.0,0.0,6.67,0,1,NORMAL,0,0.0,1.0,0.3745,MEDIUM,0
0,35.1,77.8,Ladakh LAC,Train_data.csv,12,0,0.0,0.0,6.67,12,50,ANOMALY,0,0.0,1.0,0.3185,CRITICAL,0
0,27.6,91.9,Arunachal Sector,Train_data.csv,12,0,0.0,0.0,6.67,12,50,ANOMALY,0,1.0,1.0,0.309,CRITICAL,0
0,31.6,74.6,Punjab Sector,Train_data.csv,12,0,1.0,0.0,6.67,3,15,NORMAL,0,0.0,1.0,0.5,MEDIUM,0
0,30.2,80.3,Uttarakhand Pass,Train_data.csv,12,0,1.0,0.0,6.67,2,10,NORMAL,0,0.0,1.0,0.479,MEDIUM,0
0,34.4,73.6,J&K LoC,Train_data.csv,12,0,1.0,0.0,6.67,1,6,NORMAL,0,0.0,1.0,0.4585,MEDIUM,0
0,30.2,80.3,Uttarakhand Pass,Train_data.csv,12,0,0.0,0.0,6.67,12,50,ANOMALY,0,1.0,1.0,0.299,CRITICAL,0
0,35.5,76.9,Ladakh LAC,Train_data.csv,12,0,1.0,0.0,6.67,3,14,NORMAL,0,0.0,1.0,0.504,MEDIUM,0
0,27.4,88.8,Sikkim Ridge,Train_data.csv,12,0,1.0,0.0,6.67,0,1,NORMAL,0,0.0,1.0,0.373,MEDIUM,0
0,30.2,80.3,Uttarakhand Pass,Train_data.csv,12,0,1.0,0.0,6.67,0,4,NORMAL,0,0.0,1.0,0.411,MEDIUM,0
0,31.6,74.6,Punjab Sector,Train_data.csv,12,0,0.08,0.0,6.67,0,1,ANOMALY,0,0.0,1.0,0.0945,CRITICAL,0
0,27.3,89.1,Sikkim Ridge,Train_data.csv,12,0,0.0,0.0,6.67,12,50,ANOMALY,0,1.0,1.0,0.311,CRITICAL,0
0,27.3,89.1,Sikkim Ridge,Train_data.csv,12,0,1.0,0.0,6.67,0,2,NORMAL,0,0.5,1.0,0.392,MEDIUM,0
0,25.7,71.4,Rajasthan Border,Train_data.csv,12,0,1.0,0.0,6.67,12,50,ANOMALY,0,0.0,1.0,0.601,CRITICAL,0
0,23.0,68.9,Gujarat Coast,Train_data.csv,12,0,1.0,0.0,6.67,0,3,NORMAL,0,0.0,1.0,0.3935,MEDIUM,0
0,23.9,70.0,Gujarat Coast,Train_data.csv,12,0,0.43,0.0,6.67,12,50,NORMAL,0,0.0,1.0,0.4245,MEDIUM,0
0,28.1,96.3,Arunachal Sector,Train_data.csv,12,0,0.64,0.0,6.67,0,2,NORMAL,0,0.0,1.0,0.2755,LOW,0
0,27.3,89.1,Sikkim Ridge,Train_data.csv,12,0,0.0,0.0,6.67,0,1,NORMAL,0,0.0,1.0,0.0765,LOW,0
0,27.6,91.9,Arunachal Sector,Train_data.csv,12,0,0.45,0.0,6.67,12,50,NORMAL,0,0.0,1.0,0.444,MEDIUM,0
0,27.4,88.8,Sikkim Ridge,Train_data.csv,12,0,0.28,0.0,6.67,12,50,ANOMALY,0,0.0,1.0,0.3915,CRITICAL,0
0,34.4,73.6,J&K LoC,Train_data.csv,12,0,0.0,0.0,6.67,12,50,ANOMALY,0,1.0,1.0,0.3155,CRITICAL,0
0,27.3,89.1,Sikkim Ridge,Train_data.csv,12,0,1.0,0.0,6.67,0,1,NORMAL,0,0.0,1.0,0.3765,MEDIUM,0
0,35.5,76.9,Ladakh LAC,Train_data.csv,12,0,0.0,0.0,6.67,12,50,ANOMALY,0,1.0,1.0,0.312,CRITICAL,0
0,27.4,88.8,Sikkim Ridge,Train_data.csv,12,0,0.0,0.0,6.67,12,50,ANOMALY,0,1.0,1.0,0.3075,CRITICAL,0
0,23.9,70.0,Gujarat Coast,Train_data.csv,12,0,1.0,0.0,6.67,4,18,NORMAL,0,0.0,1.0,0.4995,MEDIUM,0
0,22.7,92.7,Northeast Sector,Train_data.csv,12,0,1.0,0.0,6.67,0,1,NORMAL,0,0.0,1.0,0.3595,MEDIUM,0
0,27.3,89.1,Sikkim Ridge,Train_data.csv,12,0,0.0,0.0,6.67,8,37,ANOMALY,0,1.0,1.0,0.272,CRITICAL,0
0,35.1,77.8,Ladakh LAC,Train_data.csv,12,0,0.0,0.0,6.67,0,2,NORMAL,0,0.0,1.0,0.0995,LOW,0
0,33.7,78.9,Ladakh LAC,Train_data.csv,12,0,0.0,0.0,6.67,12,50,ANOMALY,0,1.0,1.0,0.3145,CRITICAL,0
0,34.4,73.6,J&K LoC,Train_data.csv,12,0,0.0,0.0,6.67,0,1,NORMAL,0,0.0,1.0,0.081,LOW,0
0,23.0,68.9,Gujarat Coast,Train_data.csv,12,0,1.0,0.0,6.67,1,5,NORMAL,0,0.0,1.0,0.4245,MEDIUM,0
0,22.7,92.7,Northeast Sector,Train_data.csv,12,0,0.0,0.0,6.67,12,50,ANOMALY,0,1.0,1.0,0.294,CRITICAL,0
0,30.2,80.3,Uttarakhand Pass,Train_data.csv,12,0,0.33,0.0,6.67,0,2,NORMAL,0,0.0,1.0,0.179,LOW,0
0,35.5,76.9,Ladakh LAC,Train_data.csv,12,0,1.0,0.0,6.67,2,12,NORMAL,0,0.0,1.0,0.498,MEDIUM,0
0,35.1,77.8,Ladakh LAC,Train_data.csv,12,0,1.0,0.0,6.67,6,26,NORMAL,0,0.0,1.0,0.5465,HIGH,0
0,22.7,92.7,Northeast Sector,Train_data.csv,12,0,1.0,0.0,6.67,0,1,NORMAL,0,0.0,1.0,0.3595,MEDIUM,0
0,27.6,91.9,Arunachal Sector,Train_data.csv,12,0,1.0,0.0,6.67,1,8,NORMAL,0,0.0,1.0,0.483,MEDIUM,0
0,34.4,73.6,J&K LoC,Train_data.csv,12,0,0.0,0.0,6.67,12,50,ANOMALY,0,1.0,1.0,0.3155,CRITICAL,0
0,35.5,76.9,Ladakh LAC,Train_data.csv,12,0,1.0,0.0,6.67,1,7,NORMAL,0,0.0,1.0,0.4705,MEDIUM,0
0,33.7,78.9,Ladakh LAC,Train_data.csv,12,0,0.0,0.0,6.67,12,50,ANOMALY,0,1.0,1.0,0.3145,CRITICAL,0
0,31.6,74.6,Punjab Sector,Train_data.csv,12,0,0.0,0.0,6.67,12,50,ANOMALY,0,1.0,1.0,0.305,CRITICAL,0
0,33.5,74.2,J&K LoC,Train_data.csv,12,0,0.0,0.0,6.67,12,50,ANOMALY,0,1.0,1.0,0.3135,CRITICAL,0
0,27.6,91.9,Arunachal Sector,Train_data.csv,12,0,0.0,0.0,6.67,12,50,ANOMALY,0,1.0,1.0,0.309,CRITICAL,0
0,25.7,71.4,Rajasthan Border,Train_data.csv,12,0,0.42,0.0,6.67,1,5,NORMAL,0,0.0,1.0,0.2545,LOW,0
0,35.1,77.8,Ladakh LAC,Train_data.csv,12,0,0.0,0.0,6.67,12,50,ANOMALY,0,1.0,1.0,0.3185,CRITICAL,0
0,35.1,77.8,Ladakh LAC,Train_data.csv,12,0,0.0,0.0,6.67,12,50,ANOMALY,0,1.0,1.0,0.3185,CRITICAL,0
0,35.1,77.8,Ladakh LAC,Train_data.csv,12,0,0.0,0.0,6.67,0,2,ANOMALY,0,0.0,1.0,0.0995,CRITICAL,0
0,33.5,74.2,J&K LoC,Train_data.csv,12,0,0.0,0.0,6.67,12,50,ANOMALY,0,1.0,1.0,0.3135,CRITICAL,0
0,30.2,80.3,Uttarakhand Pass,Train_data.csv,12,0,1.0,0.0,6.67,0,1,NORMAL,0,0.0,1.0,0.3645,MEDIUM,0
0,23.9,70.0,Gujarat Coast,Train_data.csv,12,0,1.0,0.0,6.67,0,3,NORMAL,0,0.0,1.0,0.392,MEDIUM,0
0,35.1,77.8,Ladakh LAC,Train_data.csv,12,0,1.0,0.0,6.67,12,50,ANOMALY,0,0.0,1.0,0.6185,CRITICAL,0
0,35.1,77.8,Ladakh LAC,Train_data.csv,12,0,0.0,0.0,6.67,12,50,ANOMALY,0,1.0,1.0,0.3185,CRITICAL,0
0,23.9,70.0,Gujarat Coast,Train_data.csv,12,0,0.0,0.0,6.67,0,1,ANOMALY,0,1.0,1.0,0.061,CRITICAL,0
0,34.4,73.6,J&K LoC,Train_data.csv,12,0,1.0,0.0,6.67,12,50,ANOMALY,0,0.0,1.0,0.6155,CRITICAL,0
0,35.5,76.9,Ladakh LAC,Train_data.csv,12,0,0.0,0.0,6.67,12,50,ANOMALY,0,1.0,1.0,0.312,CRITICAL,0
0,27.4,88.8,Sikkim Ridge,Train_data.csv,12,0,0.0,0.0,6.67,12,50,ANOMALY,0,0.0,1.0,0.3075,CRITICAL,0
0,31.6,74.6,Punjab Sector,Train_data.csv,12,0,1.0,0.0,6.67,0,1,NORMAL,0,0.0,1.0,0.3705,MEDIUM,0
0,33.7,78.9,Ladakh LAC,Train_data.csv,12,0,1.0,0.0,6.67,1,7,NORMAL,0,0.0,1.0,0.473,MEDIUM,0
0,27.3,89.1,Sikkim Ridge,Train_data.csv,12,0,0.0,0.0,6.67,12,50,ANOMALY,0,0.44,1.0,0.311,CRITICAL,0
0,25.7,71.4,Rajasthan Border,Train_data.csv,12,0,0.0,0.0,6.67,12,50,ANOMALY,0,1.0,1.0,0.301,CRITICAL,0
0,27.3,89.1,Sikkim Ridge,Train_data.csv,12,0,1.0,0.0,6.67,0,1,NORMAL,0,0.0,1.0,0.3765,MEDIUM,0
0,28.1,96.3,Arunachal Sector,Train_data.csv,12,0,0.45,0.0,6.67,12,50,NORMAL,0,0.0,1.0,0.4375,MEDIUM,0
0,34.4,73.6,J&K LoC,Train_data.csv,12,0,1.0,0.0,6.67,0,1,NORMAL,0,0.0,1.0,0.381,MEDIUM,0
0,27.3,89.1,Sikkim Ridge,Train_data.csv,12,0,1.0,0.0,6.67,2,10,NORMAL,0,0.0,1.0,0.491,MEDIUM,0
0,23.9,70.0,Gujarat Coast,Train_data.csv,12,0,0.0,0.0,6.67,12,50,ANOMALY,0,0.2,1.0,0.2955,CRITICAL,0
0,31.6,74.6,Punjab Sector,Train_data.csv,12,0,0.0,0.0,6.67,12,50,ANOMALY,0,0.0,1.0,0.305,CRITICAL,0
0,33.5,74.2,J&K LoC,Train_data.csv,12,0,0.0,0.0,6.67,12,50,ANOMALY,0,1.0,1.0,0.3135,CRITICAL,0
0,34.4,73.6,J&K LoC,Train_data.csv,12,0,0.78,0.0,6.67,8,37,NORMAL,0,0.0,1.0,0.5105,MEDIUM,0
0,35.1,77.8,Ladakh LAC,Train_data.csv,12,0,1.0,0.0,6.67,1,6,NORMAL,0,0.0,1.0,0.4615,MEDIUM,0
0,30.2,80.3,Uttarakhand Pass,Train_data.csv,12,0,0.0,0.0,6.67,12,50,ANOMALY,0,1.0,1.0,0.299,CRITICAL,0
0,35.5,76.9,Ladakh LAC,Train_data.csv,12,0,1.0,0.0,6.67,6,28,NORMAL,0,0.0,1.0,0.546,HIGH,0
0,30.2,80.3,Uttarakhand Pass,Train_data.csv,12,0,0.0,0.0,6.67,12,50,ANOMALY,0,1.0,1.0,0.299,CRITICAL,0
0,33.5,74.2,J&K LoC,Train_data.csv,12,0,1.0,0.0,6.67,0,3,NORMAL,0,0.0,1.0,0.41,MEDIUM,0
0,28.1,96.3,Arunachal Sector,Train_data.csv,12,0,1.0,0.0,6.67,1,7,NORMAL,0,0.0,1.0,0.461,MEDIUM,0
0,30.2,80.3,Uttarakhand Pass,Train_data.csv,12,0,0.0,0.0,6.67,12,50,ANOMALY,0,0.0,1.0,0.299,CRITICAL,0
0,25.7,71.4,Rajasthan Border,Train_data.csv,12,0,1.0,0.0,6.67,1,5,NORMAL,0,0.0,1.0,0.4285,MEDIUM,0
0,35.5,76.9,Ladakh LAC,Train_data.csv,12,0,1.0,0.0,6.67,0,1,NORMAL,0,0.0,1.0,0.3775,MEDIUM,0
0,33.5,74.2,J&K LoC,Train_data.csv,12,0,1.0,0.0,6.67,0,3,NORMAL,0,0.0,1.0,0.41,MEDIUM,0
0,33.7,78.9,Ladakh LAC,Train_data.csv,12,0,0.3,0.0,6.67,0,1,NORMAL,0,0.0,1.0,0.17,LOW,0
0,23.9,70.0,Gujarat Coast,Train_data.csv,12,0,0.0,0.0,6.67,12,50,ANOMALY,0,1.0,1.0,0.2955,CRITICAL,0
0,31.6,74.6,Punjab Sector,Train_data.csv,12,0,1.0,0.0,6.67,4,18,NORMAL,0,0.0,1.0,0.509,MEDIUM,0
0,35.5,76.9,Ladakh LAC,Train_data.csv,12,0,0.01,0.0,6.67,0,2,ANOMALY,0,0.0,1.0,0.096,CRITICAL,0
0,25.7,71.4,Rajasthan Border,Train_data.csv,12,0,0.0,0.0,6.67,1,5,NORMAL,0,0.4,1.0,0.1285,LOW,0
0,35.5,76.9,Ladakh LAC,Train_data.csv,12,0,0.28,0.0,6.67,12,50,ANOMALY,0,0.0,1.0,0.396,CRITICAL,0
0,30.2,80.3,Uttarakhand Pass,Train_data.csv,12,0,0.0,0.0,6.67,0,1,NORMAL,0,0.0,1.0,0.0645,LOW,0
0,22.7,92.7,Northeast Sector,Train_data.csv,12,0,1.0,0.0,6.67,1,8,NORMAL,0,0.0,1.0,0.468,MEDIUM,0
0,22.7,92.7,Northeast Sector,Train_data.csv,12,0,0.0,0.0,6.67,12,50,ANOMALY,0,1.0,1.0,0.294,CRITICAL,0
0,33.5,74.2,J&K LoC,Train_data.csv,12,0,0.0,0.0,6.67,12,50,ANOMALY,0,1.0,1.0,0.3135,CRITICAL,0
0,27.4,88.8,Sikkim Ridge,Train_data.csv,12,0,0.78,0.0,6.67,12,50,NORMAL,0,0.0,1.0,0.5415,HIGH,0
0,30.2,80.3,Uttarakhand Pass,Train_data.csv,12,0,0.01,0.0,6.67,10,43,ANOMALY,0,0.0,1.0,0.281,CRITICAL,0
0,27.6,91.9,Arunachal Sector,Train_data.csv,12,0,0.0,0.0,6.67,12,50,ANOMALY,0,1.0,1.0,0.309,CRITICAL,0
0,33.5,74.2,J&K LoC,Train_data.csv,12,0,0.08,0.0,6.67,0,1,ANOMALY,0,0.0,1.0,0.103,CRITICAL,0
0,27.4,88.8,Sikkim Ridge,Train_data.csv,12,0,0.0,0.0,6.67,12,50,ANOMALY,0,0.0,1.0,0.3075,CRITICAL,0
0,23.0,68.9,Gujarat Coast,Train_data.csv,12,0,1.0,0.0,6.67,1,5,NORMAL,0,0.0,1.0,0.4245,MEDIUM,0
0,28.1,96.3,Arunachal Sector,Train_data.csv,12,0,1.0,0.0,6.67,4,19,NORMAL,0,0.0,1.0,0.5095,MEDIUM,0
0,23.0,68.9,Gujarat Coast,Train_data.csv,12,0,0.0,0.0,6.67,12,50,ANOMALY,0,1.0,1.0,0.297,CRITICAL,0
0,33.7,78.9,Ladakh LAC,Train_data.csv,12,0,1.0,0.0,6.67,0,1,NORMAL,0,0.0,1.0,0.38,MEDIUM,0
0,23.0,68.9,Gujarat Coast,Train_data.csv,12,0,0.0,0.0,6.67,8,36,ANOMALY,0,1.0,1.0,0.255,CRITICAL,0
0,35.1,77.8,Ladakh LAC,Train_data.csv,12,0,0.08,0.0,6.67,0,1,ANOMALY,0,0.0,1.0,0.108,CRITICAL,0
0,34.4,73.6,J&K LoC,Train_data.csv,12,0,1.0,0.0,6.67,2,10,NORMAL,0,0.0,1.0,0.4955,MEDIUM,0
0,28.1,96.3,Arunachal Sector,Train_data.csv,12,0,1.0,0.0,6.67,4,20,NORMAL,0,0.0,1.0,0.5125,MEDIUM,0
0,27.4,88.8,Sikkim Ridge,Train_data.csv,12,0,0.0,0.0,6.67,12,50,ANOMALY,0,1.0,1.0,0.3075,CRITICAL,0
0,25.7,71.4,Rajasthan Border,Train_data.csv,12,0,0.33,0.0,6.67,0,1,NORMAL,0,0.0,1.0,0.1655,LOW,0
0,28.1,96.3,Arunachal Sector,Train_data.csv,12,0,1.0,0.0,6.67,2,11,NORMAL,0,0.0,1.0,0.4855,MEDIUM,0
0,35.1,77.8,Ladakh LAC,Train_data.csv,12,0,0.0,0.0,6.67,12,50,ANOMALY,0,1.0,1.0,0.3185,CRITICAL,0
0,27.6,91.9,Arunachal Sector,Train_data.csv,12,0,0.0,0.0,6.67,12,50,ANOMALY,0,1.0,1.0,0.309,CRITICAL,0
0,27.3,89.1,Sikkim Ridge,Train_data.csv,12,0,0.0,0.0,6.67,12,50,ANOMALY,0,0.0,1.0,0.311,CRITICAL,0
0,30.2,80.3,Uttarakhand Pass,Train_data.csv,12,0,0.0,0.0,6.67,12,50,ANOMALY,0,0.06,1.0,0.299,CRITICAL,0
0,31.6,74.6,Punjab Sector,Train_data.csv,12,0,0.0,0.0,6.67,12,50,ANOMALY,0,1.0,1.0,0.305,CRITICAL,0
0,33.7,78.9,Ladakh LAC,Train_data.csv,12,0,0.44,0.0,6.67,12,50,NORMAL,0,0.0,1.0,0.4465,MEDIUM,0
0,31.6,74.6,Punjab Sector,Train_data.csv,12,0,0.0,0.0,6.67,12,50,ANOMALY,0,1.0,1.0,0.305,CRITICAL,0
0,31.6,74.6,Punjab Sector,Train_data.csv,12,0,0.0,0.0,6.67,12,50,ANOMALY,0,1.0,1.0,0.305,CRITICAL,0
0,23.0,68.9,Gujarat Coast,Train_data.csv,12,0,1.0,0.0,6.67,2,12,NORMAL,0,0.0,1.0,0.483,MEDIUM,0
0,27.4,88.8,Sikkim Ridge,Train_data.csv,12,0,0.01,0.0,6.67,6,29,ANOMALY,0,0.0,1.0,0.2475,CRITICAL,0
0,23.9,70.0,Gujarat Coast,Train_data.csv,12,0,0.0,0.0,6.67,12,50,ANOMALY,0,0.0,1.0,0.2955,CRITICAL,0
0,33.7,78.9,Ladakh LAC,Train_data.csv,12,0,0.0,0.0,6.67,0,1,NORMAL,0,0.0,1.0,0.08,LOW,0
0,25.7,71.4,Rajasthan Border,Train_data.csv,12,0,1.0,0.0,6.67,12,50,ANOMALY,0,0.0,1.0,0.601,CRITICAL,0
0,35.1,77.8,Ladakh LAC,Train_data.csv,12,0,0.46,0.0,6.67,12,50,NORMAL,0,0.0,1.0,0.4565,MEDIUM,0
0,34.4,73.6,J&K LoC,Train_data.csv,12,0,0.01,0.0,6.67,0,2,ANOMALY,0,0.0,1.0,0.0995,CRITICAL,0
0,23.9,70.0,Gujarat Coast,Train_data.csv,12,0,0.08,0.0,6.67,0,1,ANOMALY,0,0.0,1.0,0.085,CRITICAL,0
0,27.4,88.8,Sikkim Ridge,Train_data.csv,12,0,1.0,0.0,6.67,0,1,NORMAL,0,0.0,1.0,0.373,MEDIUM,0
0,31.6,74.6,Punjab Sector,Train_data.csv,12,0,0.43,0.0,6.67,12,50,NORMAL,0,0.0,1.0,0.434,MEDIUM,0
0,31.6,74.6,Punjab Sector,Train_data.csv,12,0,0.0,0.0,6.67,12,50,ANOMALY,0,1.0,1.0,0.305,CRITICAL,0
0,25.7,71.4,Rajasthan Border,Train_data.csv,12,0,0.0,0.0,6.67,12,50,ANOMALY,0,1.0,1.0,0.301,CRITICAL,0
0,33.7,78.9,Ladakh LAC,Train_data.csv,12,0,0.0,0.0,6.67,12,50,ANOMALY,0,1.0,1.0,0.3145,CRITICAL,0
0,35.5,76.9,Ladakh LAC,Train_data.csv,12,0,1.0,0.0,6.67,2,10,NORMAL,0,0.0,1.0,0.492,MEDIUM,0
0,35.1,77.8,Ladakh LAC,Train_data.csv,12,0,0.28,0.0,6.67,12,50,ANOMALY,0,0.0,1.0,0.4025,CRITICAL,0
0,23.9,70.0,Gujarat Coast,Train_data.csv,12,0,1.0,0.0,6.67,2,10,NORMAL,0,0.0,1.0,0.4755,MEDIUM,0
0,33.7,78.9,Ladakh LAC,Train_data.csv,12,0,0.45,0.0,6.67,12,50,NORMAL,0,0.0,1.0,0.4495,MEDIUM,0
0,30.2,80.3,Uttarakhand Pass,Train_data.csv,12,0,1.0,0.0,6.67,5,23,NORMAL,0,0.0,1.0,0.518,MEDIUM,0
0,27.3,89.1,Sikkim Ridge,Train_data.csv,12,0,1.0,0.0,6.67,2,9,NORMAL,0,0.0,1.0,0.488,MEDIUM,0
0,35.5,76.9,Ladakh LAC,Train_data.csv,12,0,0.0,0.0,6.67,12,50,ANOMALY,0,1.0,1.0,0.312,CRITICAL,0
0,27.3,89.1,Sikkim Ridge,Train_data.csv,12,0,1.0,0.0,6.67,0,2,NORMAL,0,0.0,1.0,0.392,MEDIUM,0
0,34.4,73.6,J&K LoC,Train_data.csv,12,0,0.0,0.0,6.67,12,50,ANOMALY,0,1.0,1.0,0.3155,CRITICAL,0
0,35.5,76.9,Ladakh LAC,Train_data.csv,12,0,1.0,0.0,6.67,0,1,NORMAL,0,0.0,1.0,0.3775,MEDIUM,0
0,35.5,76.9,Ladakh LAC,Train_data.csv,12,0,0.0,0.0,6.67,3,13,ANOMALY,0,1.0,1.0,0.201,CRITICAL,0
0,23.9,70.0,Gujarat Coast,Train_data.csv,12,0,0.0,0.0,6.67,12,50,ANOMALY,0,0.0,1.0,0.2955,CRITICAL,0
0,30.2,80.3,Uttarakhand Pass,Train_data.csv,12,0,1.0,0.0,6.67,3,13,NORMAL,0,0.0,1.0,0.488,MEDIUM,0
0,33.5,74.2,J&K LoC,Train_data.csv,12,0,0.0,0.0,6.67,12,50,ANOMALY,0,1.0,1.0,0.3135,CRITICAL,0
19,27.3,89.1,Sikkim Ridge,Train_data.csv,12,0,1.0,0.0,6.67,0,1,NORMAL,0,0.0,1.0,0.3765,MEDIUM,0
0,33.7,78.9,Ladakh LAC,Train_data.csv,12,0,0.0,0.0,6.67,12,50,ANOMALY,0,0.0,1.0,0.3145,CRITICAL,0
0,31.6,74.6,Punjab Sector,Train_data.csv,12,0,1.0,0.0,6.67,1,8,NORMAL,0,0.0,1.0,0.479,MEDIUM,0
0,33.5,74.2,J&K LoC,Train_data.csv,12,0,1.0,0.0,6.67,1,5,NORMAL,0,0.0,1.0,0.441,MEDIUM,0
0,27.4,88.8,Sikkim Ridge,Train_data.csv,12,0,1.0,0.0,6.67,3,15,NORMAL,0,0.0,1.0,0.5025,MEDIUM,0
0,35.1,77.8,Ladakh LAC,Train_data.csv,12,0,1.0,0.0,6.67,0,4,NORMAL,0,0.0,1.0,0.4305,MEDIUM,0
0,27.6,91.9,Arunachal Sector,Train_data.csv,12,0,0.0,0.0,6.67,12,50,ANOMALY,0,1.0,1.0,0.309,CRITICAL,0
0,33.5,74.2,J&K LoC,Train_data.csv,12,0,0.0,0.0,6.67,10,43,ANOMALY,0,1.0,1.0,0.2925,CRITICAL,0
0,27.4,88.8,Sikkim Ridge,Train_data.csv,12,0,0.0,0.0,6.67,12,50,ANOMALY,0,1.0,1.0,0.3075,CRITICAL,0
28,22.7,92.7,Northeast Sector,Train_data.csv,12,0,1.0,0.0,6.67,0,1,ANOMALY,0,0.0,1.0,0.3595,CRITICAL,0
0,27.4,88.8,Sikkim Ridge,Train_data.csv,12,0,1.0,0.0,6.67,0,1,NORMAL,0,0.0,1.0,0.373,MEDIUM,0
0,35.1,77.8,Ladakh LAC,Train_data.csv,12,0,0.0,0.0,6.67,12,50,ANOMALY,0,1.0,1.0,0.3185,CRITICAL,0
0,33.5,74.2,J&K LoC,Train_data.csv,12,0,0.78,0.0,6.67,9,41,NORMAL,0,0.0,1.0,0.5205,HIGH,0
0,23.0,68.9,Gujarat Coast,Train_data.csv,12,0,1.0,0.0,6.67,0,1,NORMAL,0,0.0,1.0,0.3625,MEDIUM,0
0,25.7,71.4,Rajasthan Border,Train_data.csv,12,0,1.0,0.0,6.67,2,12,NORMAL,0,0.0,1.0,0.487,MEDIUM,0
0,22.7,92.7,Northeast Sector,Train_data.csv,12,0,1.0,0.0,6.67,0,2,ANOMALY,0,0.0,1.0,0.375,CRITICAL,0
0,35.5,76.9,Ladakh LAC,Train_data.csv,12,0,1.0,0.0,6.67,0,3,NORMAL,0,0.0,1.0,0.4085,MEDIUM,0
0,33.5,74.2,J&K LoC,Train_data.csv,12,0,0.43,0.0,6.67,12,50,NORMAL,0,0.0,1.0,0.4425,MEDIUM,0
0,33.7,78.9,Ladakh LAC,Train_data.csv,12,0,0.0,0.0,6.67,12,50,ANOMALY,0,1.0,1.0,0.3145,CRITICAL,0
0,22.7,92.7,Northeast Sector,Train_data.csv,12,0,1.0,0.0,6.67,0,1,NORMAL,0,0.0,1.0,0.3595,MEDIUM,0
0,35.5,76.9,Ladakh LAC,Train_data.csv,12,0,1.0,0.0,6.67,1,8,NORMAL,0,0.0,1.0,0.486,MEDIUM,0
0,30.2,80.3,Uttarakhand Pass,Train_data.csv,12,0,0.0,0.0,6.67,12,50,ANOMALY,0,1.0,1.0,0.299,CRITICAL,0
0,23.0,68.9,Gujarat Coast,Train_data.csv,12,0,1.0,0.0,6.67,0,2,NORMAL,0,0.0,1.0,0.378,MEDIUM,0
0,34.4,73.6,J&K LoC,Train_data.csv,12,0,1.0,0.0,6.67,4,18,NORMAL,0,0.0,1.0,0.5195,MEDIUM,0
0,34.4,73.6,J&K LoC,Train_data.csv,12,0,1.0,0.0,6.67,0,4,NORMAL,0,0.0,1.0,0.4275,MEDIUM,0
0,23.9,70.0,Gujarat Coast,Train_data.csv,12,0,1.0,0.0,6.67,0,1,NORMAL,0,0.0,1.0,0.361,MEDIUM,0
0,35.1,77.8,Ladakh LAC,Train_data.csv,12,0,1.0,0.0,6.67,5,23,NORMAL,0,0.04,1.0,0.5375,HIGH,0
0,31.6,74.6,Punjab Sector,Train_data.csv,12,0,0.0,0.0,6.67,12,50,ANOMALY,0,0.99,1.0,0.305,CRITICAL,0
0,22.7,92.7,Northeast Sector,Train_data.csv,12,0,1.0,0.0,6.67,0,1,NORMAL,0,0.0,1.0,0.3595,MEDIUM,0
0,31.6,74.6,Punjab Sector,Train_data.csv,12,0,0.28,0.0,6.67,10,44,ANOMALY,0,0.0,1.0,0.371,CRITICAL,0
0,27.4,88.8,Sikkim Ridge,Train_data.csv,12,0,1.0,0.0,6.67,0,1,NORMAL,0,0.0,1.0,0.373,MEDIUM,0
0,27.3,89.1,Sikkim Ridge,Train_data.csv,12,0,0.18,0.0,6.67,0,1,ANOMALY,0,0.0,1.0,0.1305,CRITICAL,0
0,31.6,74.6,Punjab Sector,Train_data.csv,12,0,1.0,0.0,6.67,0,2,NORMAL,0,0.0,1.0,0.386,MEDIUM,0
0,30.2,80.3,Uttarakhand Pass,Train_data.csv,12,0,1.0,0.0,6.67,0,2,NORMAL,0,0.0,1.0,0.38,MEDIUM,0
0,27.4,88.8,Sikkim Ridge,Train_data.csv,12,0,0.0,0.0,6.67,12,50,ANOMALY,0,1.0,1.0,0.3075,CRITICAL,0
0,35.5,76.9,Ladakh LAC,Train_data.csv,12,0,0.08,0.0,6.67,0,1,ANOMALY,0,0.0,1.0,0.1015,CRITICAL,0
0,31.6,74.6,Punjab Sector,Train_data.csv,12,0,0.0,0.0,6.67,12,50,ANOMALY,0,1.0,1.0,0.305,CRITICAL,0
0,23.0,68.9,Gujarat Coast,Train_data.csv,12,0,0.0,0.0,6.67,12,50,ANOMALY,0,1.0,1.0,0.297,CRITICAL,0
0,25.7,71.4,Rajasthan Border,Train_data.csv,12,0,1.0,0.0,6.67,2,9,NORMAL,0,0.11,1.0,0.478,MEDIUM,0
0,34.4,73.6,J&K LoC,Train_data.csv,12,0,0.0,0.0,6.67,12,50,ANOMALY,0,1.0,1.0,0.3155,CRITICAL,0
30,25.7,71.4,Rajasthan Border,Train_data.csv,12,0,1.0,0.0,6.67,0,1,NORMAL,0,0.0,1.0,0.3665,MEDIUM,0
0,25.7,71.4,Rajasthan Border,Train_data.csv,12,0,1.0,0.0,6.67,1,6,NORMAL,0,0.0,1.0,0.444,MEDIUM,0
0,35.5,76.9,Ladakh LAC,Train_data.csv,12,0,0.0,0.0,6.67,12,50,ANOMALY,0,1.0,1.0,0.312,CRITICAL,0
0,23.9,70.0,Gujarat Coast,Train_data.csv,12,0,0.0,0.0,6.67,5,22,ANOMALY,0,1.0,1.0,0.2115,CRITICAL,0
0,27.4,88.8,Sikkim Ridge,Train_data.csv,12,0,0.45,0.0,6.67,12,50,NORMAL,0,0.0,1.0,0.4425,MEDIUM,0
0,27.4,88.8,Sikkim Ridge,Train_data.csv,12,0,0.01,0.0,6.67,12,50,ANOMALY,0,0.0,1.0,0.3105,CRITICAL,0
0,25.7,71.4,Rajasthan Border,Train_data.csv,12,0,0.0,0.0,6.67,12,50,ANOMALY,0,1.0,1.0,0.301,CRITICAL,0
0,27.4,88.8,Sikkim Ridge,Train_data.csv,12,0,1.0,0.0,6.67,0,1,NORMAL,0,0.0,1.0,0.373,MEDIUM,0
0,30.2,80.3,Uttarakhand Pass,Train_data.csv,12,0,1.0,0.0,6.67,0,1,NORMAL,0,0.0,1.0,0.3645,MEDIUM,0
0,27.6,91.9,Arunachal Sector,Train_data.csv,12,0,0.0,0.0,6.67,12,50,ANOMALY,0,0.0,1.0,0.309,CRITICAL,0
0,33.5,74.2,J&K LoC,Train_data.csv,12,0,0.0,0.0,6.67,0,2,NORMAL,0,0.0,1.0,0.0945,LOW,0
0,22.7,92.7,Northeast Sector,Train_data.csv,12,0,0.0,0.0,6.67,12,50,ANOMALY,0,1.0,1.0,0.294,CRITICAL,0
0,34.4,73.6,J&K LoC,Train_data.csv,12,0,0.0,0.0,6.67,12,50,ANOMALY,0,1.0,1.0,0.3155,CRITICAL,0
0,25.7,71.4,Rajasthan Border,Train_data.csv,12,0,1.0,0.0,6.67,4,17,NORMAL,0,0.0,1.0,0.502,MEDIUM,0
0,35.1,77.8,Ladakh LAC,Train_data.csv,12,0,0.42,0.0,6.67,12,50,NORMAL,0,0.0,1.0,0.4445,MEDIUM,0
0,28.1,96.3,Arunachal Sector,Train_data.csv,12,0,1.0,0.0,6.67,3,13,NORMAL,0,0.0,1.0,0.4915,MEDIUM,0
0,22.7,92.7,Northeast Sector,Train_data.csv,12,0,0.0,0.0,6.67,0,1,NORMAL,0,0.0,1.0,0.0595,LOW,0
0,35.5,76.9,Ladakh LAC,Train_data.csv,12,0,1.0,0.0,6.67,0,4,NORMAL,0,0.0,1.0,0.424,MEDIUM,0
0,28.1,96.3,Arunachal Sector,Train_data.csv,12,0,0.0,0.0,6.67,12,50,ANOMALY,0,1.0,1.0,0.3025,CRITICAL,0
0,33.7,78.9,Ladakh LAC,Train_data.csv,12,0,1.0,0.0,6.67,4,17,NORMAL,0,0.0,1.0,0.5155,MEDIUM,0
0,25.7,71.4,Rajasthan Border,Train_data.csv,12,0,0.0,0.0,6.67,0,1,NORMAL,0,0.0,1.0,0.0665,LOW,0
0,27.3,89.1,Sikkim Ridge,Train_data.csv,12,0,0.0,0.0,6.67,0,2,NORMAL,0,0.5,1.0,0.092,LOW,0
0,30.2,80.3,Uttarakhand Pass,Train_data.csv,12,0,0.0,0.0,6.67,12,50,ANOMALY,0,0.0,1.0,0.299,CRITICAL,0
0,22.7,92.7,Northeast Sector,Train_data.csv,12,0,0.42,0.0,6.67,12,50,NORMAL,0,0.0,1.0,0.42,MEDIUM,0
0,27.4,88.8,Sikkim Ridge,Train_data.csv,12,0,0.0,0.0,6.67,12,50,ANOMALY,0,1.0,1.0,0.3075,CRITICAL,0
0,23.0,68.9,Gujarat Coast,Train_data.csv,12,0,0.43,0.0,6.67,12,50,NORMAL,0,0.0,1.0,0.426,MEDIUM,0
0,34.4,73.6,J&K LoC,Train_data.csv,12,0,0.01,0.0,6.67,0,2,ANOMALY,0,0.0,1.0,0.0995,CRITICAL,0
0,33.7,78.9,Ladakh LAC,Train_data.csv,12,0,0.0,0.0,6.67,12,50,ANOMALY,0,1.0,1.0,0.3145,CRITICAL,0
0,22.7,92.7,Northeast Sector,Train_data.csv,12,0,0.0,0.0,6.67,0,1,NORMAL,0,0.0,1.0,0.0595,LOW,0
0,23.9,70.0,Gujarat Coast,Train_data.csv,12,0,0.0,0.0,6.67,0,1,ANOMALY,0,0.0,1.0,0.061,CRITICAL,0
0,31.6,74.6,Punjab Sector,Train_data.csv,12,0,1.0,0.0,6.67,1,7,NORMAL,0,0.0,1.0,0.4635,MEDIUM,0
0,28.1,96.3,Arunachal Sector,Train_data.csv,12,0,0.0,0.0,6.67,12,50,ANOMALY,0,1.0,1.0,0.3025,CRITICAL,0
0,35.5,76.9,Ladakh LAC,Train_data.csv,12,0,1.0,0.0,6.67,0,1,NORMAL,0,0.0,1.0,0.3775,MEDIUM,0
0,23.9,70.0,Gujarat Coast,Train_data.csv,12,0,0.01,0.0,6.67,0,2,ANOMALY,0,0.0,1.0,0.0795,CRITICAL,0
0,23.0,68.9,Gujarat Coast,Train_data.csv,12,0,0.46,0.0,6.67,12,50,NORMAL,0,0.0,1.0,0.435,MEDIUM,0
0,33.7,78.9,Ladakh LAC,Train_data.csv,12,0,1.0,0.0,6.67,9,38,NORMAL,0,0.0,1.0,0.5785,HIGH,0
0,30.2,80.3,Uttarakhand Pass,Train_data.csv,12,0,0.0,0.0,6.67,12,50,ANOMALY,0,0.05,1.0,0.299,CRITICAL,0
0,31.6,74.6,Punjab Sector,Train_data.csv,12,0,1.0,0.0,6.67,0,3,NORMAL,0,0.0,1.0,0.4015,MEDIUM,0
0,27.4,88.8,Sikkim Ridge,Train_data.csv,12,0,0.82,0.0,6.67,0,1,NORMAL,0,1.0,1.0,0.319,LOW,0
0,33.5,74.2,J&K LoC,Train_data.csv,12,0,0.43,0.0,6.67,12,50,NORMAL,0,0.0,1.0,0.4425,MEDIUM,0
0,34.4,73.6,J&K LoC,Train_data.csv,12,0,0.0,0.0,6.67,2,11,ANOMALY,0,1.0,1.0,0.1985,CRITICAL,0
0,33.7,78.9,Ladakh LAC,Train_data.csv,12,0,1.0,0.0,6.67,0,2,NORMAL,0,0.0,1.0,0.3955,MEDIUM,0
0,34.4,73.6,J&K LoC,Train_data.csv,12,0,0.0,0.0,6.67,0,1,NORMAL,0,0.0,1.0,0.081,LOW,0
0,25.7,71.4,Rajasthan Border,Train_data.csv,12,0,1.0,0.0,6.67,0,4,NORMAL,0,0.0,1.0,0.413,MEDIUM,0
0,31.6,74.6,Punjab Sector,Train_data.csv,12,0,1.0,0.0,6.67,0,1,NORMAL,0,0.0,1.0,0.3705,MEDIUM,0
0,22.7,92.7,Northeast Sector,Train_data.csv,12,0,1.0,0.0,6.67,0,2,NORMAL,0,0.0,1.0,0.375,MEDIUM,0
0,30.2,80.3,Uttarakhand Pass,Train_data.csv,12,0,0.0,0.0,6.67,12,50,ANOMALY,0,1.0,1.0,0.299,CRITICAL,0
0,35.5,76.9,Ladakh LAC,Train_data.csv,12,0,0.01,0.0,6.67,2,9,ANOMALY,0,0.0,1.0,0.192,CRITICAL,0
0,27.3,89.1,Sikkim Ridge,Train_data.csv,12,0,1.0,0.0,6.67,12,50,ANOMALY,0,0.0,1.0,0.611,CRITICAL,0
0,34.4,73.6,J&K LoC,Train_data.csv,12,0,0.0,0.0,6.67,12,50,ANOMALY,0,1.0,1.0,0.3155,CRITICAL,0
0,25.7,71.4,Rajasthan Border,Train_data.csv,12,0,0.0,0.0,6.67,12,50,ANOMALY,0,1.0,1.0,0.301,CRITICAL,0
0,25.7,71.4,Rajasthan Border,Train_data.csv,12,0,0.0,0.0,6.67,12,50,ANOMALY,0,1.0,1.0,0.301,CRITICAL,0
0,23.9,70.0,Gujarat Coast,Train_data.csv,12,0,0.44,0.0,6.67,12,50,NORMAL,0,0.0,1.0,0.4275,MEDIUM,0
0,28.1,96.3,Arunachal Sector,Train_data.csv,12,0,0.0,0.0,6.67,12,50,ANOMALY,0,0.0,1.0,0.3025,CRITICAL,0
0,27.6,91.9,Arunachal Sector,Train_data.csv,12,0,1.0,0.0,6.67,1,7,NORMAL,0,0.0,1.0,0.4675,MEDIUM,0
0,34.4,73.6,J&K LoC,Train_data.csv,12,0,1.0,0.0,6.67,1,8,NORMAL,0,0.0,1.0,0.4895,MEDIUM,0
0,27.3,89.1,Sikkim Ridge,Train_data.csv,12,0,0.0,0.0,6.67,12,50,ANOMALY,0,1.0,1.0,0.311,CRITICAL,0
0,27.4,88.8,Sikkim Ridge,Train_data.csv,12,0,0.0,0.0,6.67,12,50,ANOMALY,0,1.0,1.0,0.3075,CRITICAL,0
0,23.0,68.9,Gujarat Coast,Train_data.csv,12,0,1.0,0.0,6.67,0,3,NORMAL,0,0.0,1.0,0.3935,MEDIUM,0
0,23.0,68.9,Gujarat Coast,Train_data.csv,12,0,1.0,0.0,6.67,1,6,NORMAL,0,0.0,1.0,0.44,MEDIUM,0
0,35.5,76.9,Ladakh LAC,Train_data.csv,12,0,1.0,0.0,6.67,0,2,ANOMALY,0,0.0,1.0,0.393,CRITICAL,0
0,27.6,91.9,Arunachal Sector,Train_data.csv,12,0,0.18,0.0,6.67,0,1,ANOMALY,0,0.0,1.0,0.1285,CRITICAL,0
0,27.4,88.8,Sikkim Ridge,Train_data.csv,12,0,0.0,0.0,6.67,12,50,ANOMALY,0,0.0,1.0,0.3075,CRITICAL,0
0,28.1,96.3,Arunachal Sector,Train_data.csv,12,0,1.0,0.0,6.67,1,5,NORMAL,0,0.0,1.0,0.43,MEDIUM,0
0,35.1,77.8,Ladakh LAC,Train_data.csv,12,0,1.0,0.0,6.67,4,20,NORMAL,0,0.0,1.0,0.5285,HIGH,0
0,23.9,70.0,Gujarat Coast,Train_data.csv,12,0,1.0,0.0,6.67,0,1,NORMAL,0,1.0,1.0,0.361,MEDIUM,0
0,25.7,71.4,Rajasthan Border,Train_data.csv,12,0,0.0,0.0,6.67,12,50,ANOMALY,0,1.0,1.0,0.301,CRITICAL,0
0,27.4,88.8,Sikkim Ridge,Train_data.csv,12,0,0.18,0.0,6.67,0,1,ANOMALY,0,0.0,1.0,0.127,CRITICAL,0
Tawang Sector,27.6,91.9,Arunachal Sector,UNSW-NB15_LIST_EVENTS(in).csv,12,0,0.0,0.0,6.67,0,50,EXPLOITS,0,0.0,1.0,0.159,LOW,0
Rann of Kutch,23.9,70.0,Gujarat Coast,UNSW-NB15_LIST_EVENTS(in).csv,12,0,0.0,0.0,6.67,0,50, RECONNAISSANCE ,0,0.0,1.0,0.1455,LOW,0
Depsang Plains,35.1,77.8,Ladakh LAC,UNSW-NB15_LIST_EVENTS(in).csv,12,0,0.0,0.0,6.67,0,50,DOS,0,0.0,1.0,0.1685,CRITICAL,0
Doklam Plateau,27.3,89.1,Sikkim Ridge,UNSW-NB15_LIST_EVENTS(in).csv,12,0,0.0,0.0,6.67,0,50,EXPLOITS,0,0.0,1.0,0.161,LOW,0
Rann of Kutch,23.9,70.0,Gujarat Coast,UNSW-NB15_LIST_EVENTS(in).csv,12,0,0.0,0.0,6.67,0,50,EXPLOITS,0,0.0,1.0,0.1455,LOW,0
Mizoram Border,22.7,92.7,Northeast Sector,UNSW-NB15_LIST_EVENTS(in).csv,12,0,0.0,0.0,6.67,0,50, FUZZERS,0,0.0,1.0,0.144,LOW,0
Pangong Tso,33.7,78.9,Ladakh LAC,UNSW-NB15_LIST_EVENTS(in).csv,12,0,0.0,0.0,6.67,0,50,EXPLOITS,0,0.0,1.0,0.1645,LOW,0
Wagah Border,31.6,74.6,Punjab Sector,UNSW-NB15_LIST_EVENTS(in).csv,12,0,0.0,0.0,6.67,0,50,EXPLOITS,0,0.0,1.0,0.155,LOW,0
Siachen Glacier,35.5,76.9,Ladakh LAC,UNSW-NB15_LIST_EVENTS(in).csv,12,0,0.0,0.0,6.67,0,50, RECONNAISSANCE ,0,0.0,1.0,0.162,LOW,0
Galwan Valley,34.4,73.6,J&K LoC,UNSW-NB15_LIST_EVENTS(in).csv,12,0,0.0,0.0,6.67,0,37,EXPLOITS,0,0.0,1.0,0.1655,LOW,0
Anjaw District,28.1,96.3,Arunachal Sector,UNSW-NB15_LIST_EVENTS(in).csv,12,0,0.0,0.0,6.67,0,50,GENERIC,0,0.0,1.0,0.1525,LOW,0
Pir Panjal Range,33.5,74.2,J&K LoC,UNSW-NB15_LIST_EVENTS(in).csv,12,0,0.0,0.0,6.67,0,11, SHELLCODE ,0,0.0,1.0,0.1635,LOW,0
Barmer Sector,25.7,71.4,Rajasthan Border,UNSW-NB15_LIST_EVENTS(in).csv,12,0,0.0,0.0,6.67,0,17,EXPLOITS,0,0.0,1.0,0.151,LOW,0
Nathula Pass,27.4,88.8,Sikkim Ridge,UNSW-NB15_LIST_EVENTS(in).csv,12,0,0.0,0.0,6.67,0,12,RECONNAISSANCE,0,0.0,1.0,0.1575,LOW,0
Tawang Sector,27.6,91.9,Arunachal Sector,UNSW-NB15_LIST_EVENTS(in).csv,12,0,0.0,0.0,6.67,0,50,EXPLOITS,0,0.0,1.0,0.159,LOW,0
Siachen Glacier,35.5,76.9,Ladakh LAC,UNSW-NB15_LIST_EVENTS(in).csv,12,0,0.0,0.0,6.67,0,8,SHELLCODE,0,0.0,1.0,0.162,LOW,0
Tawang Sector,27.6,91.9,Arunachal Sector,UNSW-NB15_LIST_EVENTS(in).csv,12,0,0.0,0.0,6.67,0,3,EXPLOITS,0,0.0,1.0,0.0965,LOW,0
Siachen Glacier,35.5,76.9,Ladakh LAC,UNSW-NB15_LIST_EVENTS(in).csv,12,0,0.0,0.0,6.67,0,50,RECONNAISSANCE,0,0.0,1.0,0.162,LOW,0
Siachen Glacier,35.5,76.9,Ladakh LAC,UNSW-NB15_LIST_EVENTS(in).csv,12,0,0.0,0.0,6.67,0,17,DOS,0,0.0,1.0,0.162,CRITICAL,0
Barmer Sector,25.7,71.4,Rajasthan Border,UNSW-NB15_LIST_EVENTS(in).csv,12,0,0.0,0.0,6.67,0,29,DOS,0,0.0,1.0,0.151,CRITICAL,0
Galwan Valley,34.4,73.6,J&K LoC,UNSW-NB15_LIST_EVENTS(in).csv,12,0,0.0,0.0,6.67,0,18,EXPLOITS,0,0.0,1.0,0.1655,LOW,0
Depsang Plains,35.1,77.8,Ladakh LAC,UNSW-NB15_LIST_EVENTS(in).csv,12,0,0.0,0.0,6.67,0,50,GENERIC,0,0.0,1.0,0.1685,LOW,0
Lipulekh Pass,30.2,80.3,Uttarakhand Pass,UNSW-NB15_LIST_EVENTS(in).csv,12,0,0.0,0.0,6.67,0,36,EXPLOITS,0,0.0,1.0,0.149,LOW,0
Tawang Sector,27.6,91.9,Arunachal Sector,UNSW-NB15_LIST_EVENTS(in).csv,12,0,0.0,0.0,6.67,0,6,EXPLOITS,0,0.0,1.0,0.134,LOW,0
Doklam Plateau,27.3,89.1,Sikkim Ridge,UNSW-NB15_LIST_EVENTS(in).csv,12,0,0.0,0.0,6.67,0,7,DOS,0,0.0,1.0,0.1485,CRITICAL,0
Siachen Glacier,35.5,76.9,Ladakh LAC,UNSW-NB15_LIST_EVENTS(in).csv,12,0,0.0,0.0,6.67,0,5, RECONNAISSANCE ,0,0.0,1.0,0.1245,LOW,0
Pangong Tso,33.7,78.9,Ladakh LAC,UNSW-NB15_LIST_EVENTS(in).csv,12,0,0.0,0.0,6.67,0,27,EXPLOITS,0,0.0,1.0,0.1645,LOW,0
Doklam Plateau,27.3,89.1,Sikkim Ridge,UNSW-NB15_LIST_EVENTS(in).csv,12,0,0.0,0.0,6.67,0,50, RECONNAISSANCE ,0,0.0,1.0,0.161,LOW,0
Barmer Sector,25.7,71.4,Rajasthan Border,UNSW-NB15_LIST_EVENTS(in).csv,12,0,0.0,0.0,6.67,0,50,EXPLOITS,0,0.0,1.0,0.151,LOW,0
Doklam Plateau,27.3,89.1,Sikkim Ridge,UNSW-NB15_LIST_EVENTS(in).csv,12,0,0.0,0.0,6.67,0,2,RECONNAISSANCE,0,0.0,1.0,0.086,LOW,0
Lipulekh Pass,30.2,80.3,Uttarakhand Pass,UNSW-NB15_LIST_EVENTS(in).csv,12,0,0.0,0.0,6.67,0,50,EXPLOITS,0,0.0,1.0,0.149,LOW,0
Nathula Pass,27.4,88.8,Sikkim Ridge,UNSW-NB15_LIST_EVENTS(in).csv,12,0,0.0,0.0,6.67,0,3,DOS,0,0.0,1.0,0.095,CRITICAL,0
Tawang Sector,27.6,91.9,Arunachal Sector,UNSW-NB15_LIST_EVENTS(in).csv,12,0,0.0,0.0,6.67,0,6,DOS,0,0.0,1.0,0.134,CRITICAL,0
Tawang Sector,27.6,91.9,Arunachal Sector,UNSW-NB15_LIST_EVENTS(in).csv,12,0,0.0,0.0,6.67,0,35,EXPLOITS,0,0.0,1.0,0.159,LOW,0
Doklam Plateau,27.3,89.1,Sikkim Ridge,UNSW-NB15_LIST_EVENTS(in).csv,12,0,0.0,0.0,6.67,0,1,EXPLOITS,0,0.0,1.0,0.0735,LOW,0
Depsang Plains,35.1,77.8,Ladakh LAC,UNSW-NB15_LIST_EVENTS(in).csv,12,0,0.0,0.0,6.67,0,50,EXPLOITS,0,0.0,1.0,0.1685,LOW,0
Barmer Sector,25.7,71.4,Rajasthan Border,UNSW-NB15_LIST_EVENTS(in).csv,12,0,0.0,0.0,6.67,0,18,EXPLOITS,0,0.0,1.0,0.151,LOW,0
Wagah Border,31.6,74.6,Punjab Sector,UNSW-NB15_LIST_EVENTS(in).csv,12,0,0.0,0.0,6.67,0,7,GENERIC,0,0.0,1.0,0.1425,LOW,0
Tawang Sector,27.6,91.9,Arunachal Sector,UNSW-NB15_LIST_EVENTS(in).csv,12,0,0.0,0.0,6.67,0,50,BACKDOORS,0,0.0,1.0,0.159,LOW,0
Anjaw District,28.1,96.3,Arunachal Sector,UNSW-NB15_LIST_EVENTS(in).csv,12,0,0.0,0.0,6.67,0,50,EXPLOITS,0,0.0,1.0,0.1525,LOW,0
Tawang Sector,27.6,91.9,Arunachal Sector,UNSW-NB15_LIST_EVENTS(in).csv,12,0,0.0,0.0,6.67,0,1,DOS,0,0.0,1.0,0.0715,CRITICAL,0
Wagah Border,31.6,74.6,Punjab Sector,UNSW-NB15_LIST_EVENTS(in).csv,12,0,0.0,0.0,6.67,0,1,RECONNAISSANCE,0,0.0,1.0,0.0675,LOW,0
Kutch Gulf,23.0,68.9,Gujarat Coast,UNSW-NB15_LIST_EVENTS(in).csv,12,0,0.0,0.0,6.67,0,49,DOS,0,0.0,1.0,0.147,CRITICAL,0
Galwan Valley,34.4,73.6,J&K LoC,UNSW-NB15_LIST_EVENTS(in).csv,12,0,0.0,0.0,6.67,0,18,SHELLCODE,0,0.0,1.0,0.1655,LOW,0
Doklam Plateau,27.3,89.1,Sikkim Ridge,UNSW-NB15_LIST_EVENTS(in).csv,12,0,0.0,0.0,6.67,0,50,DOS,0,0.0,1.0,0.161,CRITICAL,0
Depsang Plains,35.1,77.8,Ladakh LAC,UNSW-NB15_LIST_EVENTS(in).csv,12,0,0.0,0.0,6.67,0,27,DOS,0,0.0,1.0,0.1685,CRITICAL,0
Doklam Plateau,27.3,89.1,Sikkim Ridge,UNSW-NB15_LIST_EVENTS(in).csv,12,0,0.0,0.0,6.67,0,12,SHELLCODE,0,0.0,1.0,0.161,LOW,0
Pangong Tso,33.7,78.9,Ladakh LAC,UNSW-NB15_LIST_EVENTS(in).csv,12,0,0.0,0.0,6.67,0,2,SHELLCODE,0,0.0,1.0,0.0895,LOW,0
Anjaw District,28.1,96.3,Arunachal Sector,UNSW-NB15_LIST_EVENTS(in).csv,12,0,0.0,0.0,6.67,0,50, SHELLCODE ,0,0.0,1.0,0.1525,LOW,0
Doklam Plateau,27.3,89.1,Sikkim Ridge,UNSW-NB15_LIST_EVENTS(in).csv,12,0,0.0,0.0,6.67,0,50, RECONNAISSANCE ,0,0.0,1.0,0.161,LOW,0
Tawang Sector,27.6,91.9,Arunachal Sector,UNSW-NB15_LIST_EVENTS(in).csv,12,0,0.0,0.0,6.67,0,6,DOS,0,0.0,1.0,0.134,CRITICAL,0
Anjaw District,28.1,96.3,Arunachal Sector,UNSW-NB15_LIST_EVENTS(in).csv,12,0,0.0,0.0,6.67,0,2,SHELLCODE,0,0.0,1.0,0.0775,LOW,0
Kutch Gulf,23.0,68.9,Gujarat Coast,UNSW-NB15_LIST_EVENTS(in).csv,12,0,0.0,0.0,6.67,0,45, SHELLCODE ,0,0.0,1.0,0.147,LOW,0
Rann of Kutch,23.9,70.0,Gujarat Coast,UNSW-NB15_LIST_EVENTS(in).csv,12,0,0.0,0.0,6.67,0,5, RECONNAISSANCE ,0,0.0,1.0,0.108,LOW,0
Depsang Plains,35.1,77.8,Ladakh LAC,UNSW-NB15_LIST_EVENTS(in).csv,12,0,0.0,0.0,6.67,0,6,DOS,0,0.0,1.0,0.1435,CRITICAL,0
Anjaw District,28.1,96.3,Arunachal Sector,UNSW-NB15_LIST_EVENTS(in).csv,12,0,0.0,0.0,6.67,0,16,EXPLOITS,0,0.0,1.0,0.1525,LOW,0
Rann of Kutch,23.9,70.0,Gujarat Coast,UNSW-NB15_LIST_EVENTS(in).csv,12,0,0.0,0.0,6.67,0,50,RECONNAISSANCE,0,0.0,1.0,0.1455,LOW,0
Nathula Pass,27.4,88.8,Sikkim Ridge,UNSW-NB15_LIST_EVENTS(in).csv,12,0,0.0,0.0,6.67,0,3,EXPLOITS,0,0.0,1.0,0.095,LOW,0
Pangong Tso,33.7,78.9,Ladakh LAC,UNSW-NB15_LIST_EVENTS(in).csv,12,0,0.0,0.0,6.67,0,50, FUZZERS ,0,0.0,1.0,0.1645,LOW,0
Lipulekh Pass,30.2,80.3,Uttarakhand Pass,UNSW-NB15_LIST_EVENTS(in).csv,12,0,0.0,0.0,6.67,0,50,EXPLOITS,0,0.0,1.0,0.149,LOW,0
Siachen Glacier,35.5,76.9,Ladakh LAC,UNSW-NB15_LIST_EVENTS(in).csv,12,0,0.0,0.0,6.67,0,50,DOS,0,0.0,1.0,0.162,CRITICAL,0
Depsang Plains,35.1,77.8,Ladakh LAC,UNSW-NB15_LIST_EVENTS(in).csv,12,0,0.0,0.0,6.67,0,6,EXPLOITS,0,0.0,1.0,0.1435,LOW,0
Wagah Border,31.6,74.6,Punjab Sector,UNSW-NB15_LIST_EVENTS(in).csv,12,0,0.0,0.0,6.67,0,50,EXPLOITS,0,0.0,1.0,0.155,LOW,0
Nathula Pass,27.4,88.8,Sikkim Ridge,UNSW-NB15_LIST_EVENTS(in).csv,12,0,0.0,0.0,6.67,0,35,EXPLOITS,0,0.0,1.0,0.1575,LOW,0
Kutch Gulf,23.0,68.9,Gujarat Coast,UNSW-NB15_LIST_EVENTS(in).csv,12,0,0.0,0.0,6.67,0,8,EXPLOITS,0,0.0,1.0,0.147,LOW,0
Anjaw District,28.1,96.3,Arunachal Sector,UNSW-NB15_LIST_EVENTS(in).csv,12,0,0.0,0.0,6.67,0,6,RECONNAISSANCE,0,0.0,1.0,0.1275,LOW,0
Rann of Kutch,23.9,70.0,Gujarat Coast,UNSW-NB15_LIST_EVENTS(in).csv,12,0,0.0,0.0,6.67,0,12, SHELLCODE ,0,0.0,1.0,0.1455,LOW,0
Doklam Plateau,27.3,89.1,Sikkim Ridge,UNSW-NB15_LIST_EVENTS(in).csv,12,0,0.0,0.0,6.67,0,50, FUZZERS ,0,0.0,1.0,0.161,LOW,0
Kutch Gulf,23.0,68.9,Gujarat Coast,UNSW-NB15_LIST_EVENTS(in).csv,12,0,0.0,0.0,6.67,0,22, SHELLCODE ,0,0.0,1.0,0.147,LOW,0
Galwan Valley,34.4,73.6,J&K LoC,UNSW-NB15_LIST_EVENTS(in).csv,12,0,0.0,0.0,6.67,0,12, SHELLCODE ,0,0.0,1.0,0.1655,LOW,0
Galwan Valley,34.4,73.6,J&K LoC,UNSW-NB15_LIST_EVENTS(in).csv,12,0,0.0,0.0,6.67,0,50,ANALYSIS,0,0.0,1.0,0.1655,LOW,0
Kutch Gulf,23.0,68.9,Gujarat Coast,UNSW-NB15_LIST_EVENTS(in).csv,12,0,0.0,0.0,6.67,0,50,DOS,0,0.0,1.0,0.147,CRITICAL,0
Rann of Kutch,23.9,70.0,Gujarat Coast,UNSW-NB15_LIST_EVENTS(in).csv,12,0,0.0,0.0,6.67,0,50,EXPLOITS,0,0.0,1.0,0.1455,LOW,0
Mizoram Border,22.7,92.7,Northeast Sector,UNSW-NB15_LIST_EVENTS(in).csv,12,0,0.0,0.0,6.67,0,50,EXPLOITS,0,0.0,1.0,0.144,LOW,0
Tawang Sector,27.6,91.9,Arunachal Sector,UNSW-NB15_LIST_EVENTS(in).csv,12,0,0.0,0.0,6.67,0,30,DOS,0,0.0,1.0,0.159,CRITICAL,0
Depsang Plains,35.1,77.8,Ladakh LAC,UNSW-NB15_LIST_EVENTS(in).csv,12,0,0.0,0.0,6.67,0,3,EXPLOITS,0,0.0,1.0,0.106,LOW,0
Mizoram Border,22.7,92.7,Northeast Sector,UNSW-NB15_LIST_EVENTS(in).csv,12,0,0.0,0.0,6.67,0,50,GENERIC,0,0.0,1.0,0.144,LOW,0
Wagah Border,31.6,74.6,Punjab Sector,UNSW-NB15_LIST_EVENTS(in).csv,12,0,0.0,0.0,6.67,0,20,DOS,0,0.0,1.0,0.155,CRITICAL,0
Pangong Tso,33.7,78.9,Ladakh LAC,UNSW-NB15_LIST_EVENTS(in).csv,12,0,0.0,0.0,6.67,0,50, SHELLCODE ,0,0.0,1.0,0.1645,LOW,0
Kutch Gulf,23.0,68.9,Gujarat Coast,UNSW-NB15_LIST_EVENTS(in).csv,12,0,0.0,0.0,6.67,0,6,EXPLOITS,0,0.0,1.0,0.122,LOW,0
Pir Panjal Range,33.5,74.2,J&K LoC,UNSW-NB15_LIST_EVENTS(in).csv,12,0,0.0,0.0,6.67,0,21,DOS,0,0.0,1.0,0.1635,CRITICAL,0
Tawang Sector,27.6,91.9,Arunachal Sector,UNSW-NB15_LIST_EVENTS(in).csv,12,0,0.0,0.0,6.67,0,21,GENERIC,0,0.0,1.0,0.159,LOW,0
Kutch Gulf,23.0,68.9,Gujarat Coast,UNSW-NB15_LIST_EVENTS(in).csv,12,0,0.0,0.0,6.67,0,6, RECONNAISSANCE ,0,0.0,1.0,0.122,LOW,0
Kutch Gulf,23.0,68.9,Gujarat Coast,UNSW-NB15_LIST_EVENTS(in).csv,12,0,0.0,0.0,6.67,0,50,EXPLOITS,0,0.0,1.0,0.147,LOW,0
Nathula Pass,27.4,88.8,Sikkim Ridge,UNSW-NB15_LIST_EVENTS(in).csv,12,0,0.0,0.0,6.67,0,50,EXPLOITS,0,0.0,1.0,0.1575,LOW,0
Wagah Border,31.6,74.6,Punjab Sector,UNSW-NB15_LIST_EVENTS(in).csv,12,0,0.0,0.0,6.67,0,44,SHELLCODE,0,0.0,1.0,0.155,LOW,0
Tawang Sector,27.6,91.9,Arunachal Sector,UNSW-NB15_LIST_EVENTS(in).csv,12,0,0.0,0.0,6.67,0,50, FUZZERS ,0,0.0,1.0,0.159,LOW,0
Pir Panjal Range,33.5,74.2,J&K LoC,UNSW-NB15_LIST_EVENTS(in).csv,12,0,0.0,0.0,6.67,0,3,DOS,0,0.0,1.0,0.101,CRITICAL,0
Mizoram Border,22.7,92.7,Northeast Sector,UNSW-NB15_LIST_EVENTS(in).csv,12,0,0.0,0.0,6.67,0,50,DOS,0,0.0,1.0,0.144,CRITICAL,0
Mizoram Border,22.7,92.7,Northeast Sector,UNSW-NB15_LIST_EVENTS(in).csv,12,0,0.0,0.0,6.67,0,18,EXPLOITS,0,0.0,1.0,0.144,LOW,0
Kutch Gulf,23.0,68.9,Gujarat Coast,UNSW-NB15_LIST_EVENTS(in).csv,12,0,0.0,0.0,6.67,0,50,EXPLOITS,0,0.0,1.0,0.147,LOW,0
Depsang Plains,35.1,77.8,Ladakh LAC,UNSW-NB15_LIST_EVENTS(in).csv,12,0,0.0,0.0,6.67,0,1,DOS,0,0.0,1.0,0.081,CRITICAL,0
Anjaw District,28.1,96.3,Arunachal Sector,UNSW-NB15_LIST_EVENTS(in).csv,12,0,0.0,0.0,6.67,0,50,DOS,0,0.0,1.0,0.1525,CRITICAL,0
Doklam Plateau,27.3,89.1,Sikkim Ridge,UNSW-NB15_LIST_EVENTS(in).csv,12,0,0.0,0.0,6.67,0,12,EXPLOITS,0,0.0,1.0,0.161,LOW,0
Mizoram Border,22.7,92.7,Northeast Sector,UNSW-NB15_LIST_EVENTS(in).csv,12,0,0.0,0.0,6.67,0,50, SHELLCODE ,0,0.0,1.0,0.144,LOW,0
Lipulekh Pass,30.2,80.3,Uttarakhand Pass,UNSW-NB15_LIST_EVENTS(in).csv,12,0,0.0,0.0,6.67,0,50,EXPLOITS,0,0.0,1.0,0.149,LOW,0
Lipulekh Pass,30.2,80.3,Uttarakhand Pass,UNSW-NB15_LIST_EVENTS(in).csv,12,0,0.0,0.0,6.67,0,5,DOS,0,0.0,1.0,0.1115,CRITICAL,0
Siachen Glacier,35.5,76.9,Ladakh LAC,UNSW-NB15_LIST_EVENTS(in).csv,12,0,0.0,0.0,6.67,0,50, RECONNAISSANCE ,0,0.0,1.0,0.162,LOW,0
Kutch Gulf,23.0,68.9,Gujarat Coast,UNSW-NB15_LIST_EVENTS(in).csv,12,0,0.0,0.0,6.67,0,50,EXPLOITS,0,0.0,1.0,0.147,LOW,0
Anjaw District,28.1,96.3,Arunachal Sector,UNSW-NB15_LIST_EVENTS(in).csv,12,0,0.0,0.0,6.67,0,6,EXPLOITS,0,0.0,1.0,0.1275,LOW,0
Galwan Valley,34.4,73.6,J&K LoC,UNSW-NB15_LIST_EVENTS(in).csv,12,0,0.0,0.0,6.67,0,50, SHELLCODE ,0,0.0,1.0,0.1655,LOW,0
Mizoram Border,22.7,92.7,Northeast Sector,UNSW-NB15_LIST_EVENTS(in).csv,12,0,0.0,0.0,6.67,0,50, FUZZERS ,0,0.0,1.0,0.144,LOW,0
Siachen Glacier,35.5,76.9,Ladakh LAC,UNSW-NB15_LIST_EVENTS(in).csv,12,0,0.0,0.0,6.67,0,30,SHELLCODE,0,0.0,1.0,0.162,LOW,0
Depsang Plains,35.1,77.8,Ladakh LAC,UNSW-NB15_LIST_EVENTS(in).csv,12,0,0.0,0.0,6.67,0,50,EXPLOITS,0,0.0,1.0,0.1685,LOW,0
Galwan Valley,34.4,73.6,J&K LoC,UNSW-NB15_LIST_EVENTS(in).csv,12,0,0.0,0.0,6.67,0,50, FUZZERS ,0,0.0,1.0,0.1655,LOW,0
Doklam Plateau,27.3,89.1,Sikkim Ridge,UNSW-NB15_LIST_EVENTS(in).csv,12,0,0.0,0.0,6.67,0,45, SHELLCODE ,0,0.0,1.0,0.161,LOW,0
Galwan Valley,34.4,73.6,J&K LoC,UNSW-NB15_LIST_EVENTS(in).csv,12,0,0.0,0.0,6.67,0,50,EXPLOITS,0,0.0,1.0,0.1655,LOW,0
Rann of Kutch,23.9,70.0,Gujarat Coast,UNSW-NB15_LIST_EVENTS(in).csv,12,0,0.0,0.0,6.67,0,16,SHELLCODE,0,0.0,1.0,0.1455,LOW,0
Nathula Pass,27.4,88.8,Sikkim Ridge,UNSW-NB15_LIST_EVENTS(in).csv,12,0,0.0,0.0,6.67,0,14,EXPLOITS,0,0.0,1.0,0.1575,LOW,0
Tawang Sector,27.6,91.9,Arunachal Sector,UNSW-NB15_LIST_EVENTS(in).csv,12,0,0.0,0.0,6.67,0,50, FUZZERS ,0,0.0,1.0,0.159,LOW,0
Depsang Plains,35.1,77.8,Ladakh LAC,UNSW-NB15_LIST_EVENTS(in).csv,12,0,0.0,0.0,6.67,0,50, SHELLCODE ,0,0.0,1.0,0.1685,LOW,0
Nathula Pass,27.4,88.8,Sikkim Ridge,UNSW-NB15_LIST_EVENTS(in).csv,12,0,0.0,0.0,6.67,0,18,EXPLOITS,0,0.0,1.0,0.1575,LOW,0
Siachen Glacier,35.5,76.9,Ladakh LAC,UNSW-NB15_LIST_EVENTS(in).csv,12,0,0.0,0.0,6.67,0,39,SHELLCODE,0,0.0,1.0,0.162,LOW,0
Mizoram Border,22.7,92.7,Northeast Sector,UNSW-NB15_LIST_EVENTS(in).csv,12,0,0.0,0.0,6.67,0,50,EXPLOITS,0,0.0,1.0,0.144,LOW,0
Tawang Sector,27.6,91.9,Arunachal Sector,UNSW-NB15_LIST_EVENTS(in).csv,12,0,0.0,0.0,6.67,0,50,EXPLOITS,0,0.0,1.0,0.159,LOW,0
Nathula Pass,27.4,88.8,Sikkim Ridge,UNSW-NB15_LIST_EVENTS(in).csv,12,0,0.0,0.0,6.67,0,50,EXPLOITS,0,0.0,1.0,0.1575,LOW,0
Depsang Plains,35.1,77.8,Ladakh LAC,UNSW-NB15_LIST_EVENTS(in).csv,12,0,0.0,0.0,6.67,0,50, FUZZERS ,0,0.0,1.0,0.1685,LOW,0
Galwan Valley,34.4,73.6,J&K LoC,UNSW-NB15_LIST_EVENTS(in).csv,12,0,0.0,0.0,6.67,0,14,DOS,0,0.0,1.0,0.1655,CRITICAL,0
Pangong Tso,33.7,78.9,Ladakh LAC,UNSW-NB15_LIST_EVENTS(in).csv,12,0,0.0,0.0,6.67,0,50,EXPLOITS,0,0.0,1.0,0.1645,LOW,0
Depsang Plains,35.1,77.8,Ladakh LAC,UNSW-NB15_LIST_EVENTS(in).csv,12,0,0.0,0.0,6.67,0,50,EXPLOITS,0,0.0,1.0,0.1685,LOW,0
Barmer Sector,25.7,71.4,Rajasthan Border,UNSW-NB15_LIST_EVENTS(in).csv,12,0,0.0,0.0,6.67,0,50,GENERIC,0,0.0,1.0,0.151,LOW,0
Mizoram Border,22.7,92.7,Northeast Sector,UNSW-NB15_LIST_EVENTS(in).csv,12,0,0.0,0.0,6.67,0,50,NORMAL,0,0.0,1.0,0.144,LOW,0
Mizoram Border,22.7,92.7,Northeast Sector,UNSW-NB15_LIST_EVENTS(in).csv,12,0,0.0,0.0,6.67,0,26,RECONNAISSANCE,0,0.0,1.0,0.144,LOW,0
Pangong Tso,33.7,78.9,Ladakh LAC,UNSW-NB15_LIST_EVENTS(in).csv,12,0,0.0,0.0,6.67,0,50,EXPLOITS,0,0.0,1.0,0.1645,LOW,0
Kutch Gulf,23.0,68.9,Gujarat Coast,UNSW-NB15_LIST_EVENTS(in).csv,12,0,0.0,0.0,6.67,0,50,DOS,0,0.0,1.0,0.147,CRITICAL,0
Nathula Pass,27.4,88.8,Sikkim Ridge,UNSW-NB15_LIST_EVENTS(in).csv,12,0,0.0,0.0,6.67,0,50,EXPLOITS,0,0.0,1.0,0.1575,LOW,0
Depsang Plains,35.1,77.8,Ladakh LAC,UNSW-NB15_LIST_EVENTS(in).csv,12,0,0.0,0.0,6.67,0,13,DOS,0,0.0,1.0,0.1685,CRITICAL,0
Galwan Valley,34.4,73.6,J&K LoC,UNSW-NB15_LIST_EVENTS(in).csv,12,0,0.0,0.0,6.67,0,6,ANALYSIS,0,0.0,1.0,0.1405,LOW,0
Lipulekh Pass,30.2,80.3,Uttarakhand Pass,UNSW-NB15_LIST_EVENTS(in).csv,12,0,0.0,0.0,6.67,0,6,EXPLOITS,0,0.0,1.0,0.124,LOW,0
Doklam Plateau,27.3,89.1,Sikkim Ridge,UNSW-NB15_LIST_EVENTS(in).csv,12,0,0.0,0.0,6.67,0,50, SHELLCODE ,0,0.0,1.0,0.161,LOW,0
Depsang Plains,35.1,77.8,Ladakh LAC,UNSW-NB15_LIST_EVENTS(in).csv,12,0,0.0,0.0,6.67,0,38,EXPLOITS,0,0.0,1.0,0.1685,LOW,0
Pir Panjal Range,33.5,74.2,J&K LoC,UNSW-NB15_LIST_EVENTS(in).csv,12,0,0.0,0.0,6.67,0,50, RECONNAISSANCE ,0,0.0,1.0,0.1635,LOW,0
Barmer Sector,25.7,71.4,Rajasthan Border,UNSW-NB15_LIST_EVENTS(in).csv,12,0,0.0,0.0,6.67,0,1,RECONNAISSANCE,0,0.0,1.0,0.0635,LOW,0
Nathula Pass,27.4,88.8,Sikkim Ridge,UNSW-NB15_LIST_EVENTS(in).csv,12,0,0.0,0.0,6.67,0,50,EXPLOITS,0,0.0,1.0,0.1575,LOW,0
Mizoram Border,22.7,92.7,Northeast Sector,UNSW-NB15_LIST_EVENTS(in).csv,12,0,0.0,0.0,6.67,0,50,DOS,0,0.0,1.0,0.144,CRITICAL,0
Mizoram Border,22.7,92.7,Northeast Sector,UNSW-NB15_LIST_EVENTS(in).csv,12,0,0.0,0.0,6.67,0,50, SHELLCODE ,0,0.0,1.0,0.144,LOW,0
Mizoram Border,22.7,92.7,Northeast Sector,UNSW-NB15_LIST_EVENTS(in).csv,12,0,0.0,0.0,6.67,0,5,GENERIC,0,0.0,1.0,0.1065,LOW,0
Pangong Tso,33.7,78.9,Ladakh LAC,UNSW-NB15_LIST_EVENTS(in).csv,12,0,0.0,0.0,6.67,0,50,DOS,0,0.0,1.0,0.1645,CRITICAL,0
Pir Panjal Range,33.5,74.2,J&K LoC,UNSW-NB15_LIST_EVENTS(in).csv,12,0,0.0,0.0,6.67,0,33,EXPLOITS,0,0.0,1.0,0.1635,LOW,0
Nathula Pass,27.4,88.8,Sikkim Ridge,UNSW-NB15_LIST_EVENTS(in).csv,12,0,0.0,0.0,6.67,0,1,RECONNAISSANCE,0,0.0,1.0,0.07,LOW,0
Barmer Sector,25.7,71.4,Rajasthan Border,UNSW-NB15_LIST_EVENTS(in).csv,12,0,0.0,0.0,6.67,0,50,ANALYSIS,0,0.0,1.0,0.151,LOW,0
Rann of Kutch,23.9,70.0,Gujarat Coast,UNSW-NB15_LIST_EVENTS(in).csv,12,0,0.0,0.0,6.67,0,50,EXPLOITS,0,0.0,1.0,0.1455,LOW,0
Siachen Glacier,35.5,76.9,Ladakh LAC,UNSW-NB15_LIST_EVENTS(in).csv,12,0,0.0,0.0,6.67,0,50, FUZZERS ,0,0.0,1.0,0.162,LOW,0
Doklam Plateau,27.3,89.1,Sikkim Ridge,UNSW-NB15_LIST_EVENTS(in).csv,12,0,0.0,0.0,6.67,0,50,EXPLOITS,0,0.0,1.0,0.161,LOW,0
Galwan Valley,34.4,73.6,J&K LoC,UNSW-NB15_LIST_EVENTS(in).csv,12,0,0.0,0.0,6.67,0,50,DOS,0,0.0,1.0,0.1655,CRITICAL,0
Tawang Sector,27.6,91.9,Arunachal Sector,UNSW-NB15_LIST_EVENTS(in).csv,12,0,0.0,0.0,6.67,0,50,EXPLOITS,0,0.0,1.0,0.159,LOW,0
Doklam Plateau,27.3,89.1,Sikkim Ridge,UNSW-NB15_LIST_EVENTS(in).csv,12,0,0.0,0.0,6.67,0,2,SHELLCODE,0,0.0,1.0,0.086,LOW,0
Rann of Kutch,23.9,70.0,Gujarat Coast,UNSW-NB15_LIST_EVENTS(in).csv,12,0,0.0,0.0,6.67,0,13,EXPLOITS,0,0.0,1.0,0.1455,LOW,0
Rann of Kutch,23.9,70.0,Gujarat Coast,UNSW-NB15_LIST_EVENTS(in).csv,12,0,0.0,0.0,6.67,0,4,SHELLCODE,0,0.0,1.0,0.0955,LOW,0
Anjaw District,28.1,96.3,Arunachal Sector,UNSW-NB15_LIST_EVENTS(in).csv,12,0,0.0,0.0,6.67,0,1,DOS,0,0.0,1.0,0.065,CRITICAL,0
Tawang Sector,27.6,91.9,Arunachal Sector,UNSW-NB15_LIST_EVENTS(in).csv,12,0,0.0,0.0,6.67,0,23,DOS,0,0.0,1.0,0.159,CRITICAL,0
Nathula Pass,27.4,88.8,Sikkim Ridge,UNSW-NB15_LIST_EVENTS(in).csv,12,0,0.0,0.0,6.67,0,12, SHELLCODE ,0,0.0,1.0,0.1575,LOW,0
Pir Panjal Range,33.5,74.2,J&K LoC,UNSW-NB15_LIST_EVENTS(in).csv,12,0,0.0,0.0,6.67,0,50, FUZZERS,0,0.0,1.0,0.1635,LOW,0
Mizoram Border,22.7,92.7,Northeast Sector,UNSW-NB15_LIST_EVENTS(in).csv,12,0,0.0,0.0,6.67,0,2,EXPLOITS,0,0.0,1.0,0.069,LOW,0
Pangong Tso,33.7,78.9,Ladakh LAC,UNSW-NB15_LIST_EVENTS(in).csv,12,0,0.0,0.0,6.67,0,50,DOS,0,0.0,1.0,0.1645,CRITICAL,0
Siachen Glacier,35.5,76.9,Ladakh LAC,UNSW-NB15_LIST_EVENTS(in).csv,12,0,0.0,0.0,6.67,0,6,DOS,0,0.0,1.0,0.137,CRITICAL,0
Barmer Sector,25.7,71.4,Rajasthan Border,UNSW-NB15_LIST_EVENTS(in).csv,12,0,0.0,0.0,6.67,0,2,RECONNAISSANCE,0,0.0,1.0,0.076,LOW,0
Tawang Sector,27.6,91.9,Arunachal Sector,UNSW-NB15_LIST_EVENTS(in).csv,12,0,0.0,0.0,6.67,0,50,RECONNAISSANCE,0,0.0,1.0,0.159,LOW,0
Siachen Glacier,35.5,76.9,Ladakh LAC,UNSW-NB15_LIST_EVENTS(in).csv,12,0,0.0,0.0,6.67,0,50,DOS,0,0.0,1.0,0.162,CRITICAL,0
Depsang Plains,35.1,77.8,Ladakh LAC,UNSW-NB15_LIST_EVENTS(in).csv,12,0,0.0,0.0,6.67,0,50, FUZZERS,0,0.0,1.0,0.1685,LOW,0
Doklam Plateau,27.3,89.1,Sikkim Ridge,UNSW-NB15_LIST_EVENTS(in).csv,12,0,0.0,0.0,6.67,0,50, FUZZERS ,0,0.0,1.0,0.161,LOW,0
Anjaw District,28.1,96.3,Arunachal Sector,UNSW-NB15_LIST_EVENTS(in).csv,12,0,0.0,0.0,6.67,0,24,DOS,0,0.0,1.0,0.1525,CRITICAL,0
Lipulekh Pass,30.2,80.3,Uttarakhand Pass,UNSW-NB15_LIST_EVENTS(in).csv,12,0,0.0,0.0,6.67,0,50,WORMS,0,0.0,1.0,0.149,LOW,0
Pangong Tso,33.7,78.9,Ladakh LAC,UNSW-NB15_LIST_EVENTS(in).csv,12,0,0.0,0.0,6.67,0,50,EXPLOITS,0,0.0,1.0,0.1645,LOW,0
Barmer Sector,25.7,71.4,Rajasthan Border,UNSW-NB15_LIST_EVENTS(in).csv,12,0,0.0,0.0,6.67,0,50, RECONNAISSANCE ,0,0.0,1.0,0.151,LOW,0
Barmer Sector,25.7,71.4,Rajasthan Border,UNSW-NB15_LIST_EVENTS(in).csv,12,0,0.0,0.0,6.67,0,6,DOS,0,0.0,1.0,0.126,CRITICAL,0
Doklam Plateau,27.3,89.1,Sikkim Ridge,UNSW-NB15_LIST_EVENTS(in).csv,12,0,0.0,0.0,6.67,0,1,RECONNAISSANCE,0,0.0,1.0,0.0735,LOW,0
Siachen Glacier,35.5,76.9,Ladakh LAC,UNSW-NB15_LIST_EVENTS(in).csv,12,0,0.0,0.0,6.67,0,5,EXPLOITS,0,0.0,1.0,0.1245,LOW,0
Nathula Pass,27.4,88.8,Sikkim Ridge,UNSW-NB15_LIST_EVENTS(in).csv,12,0,0.0,0.0,6.67,0,50,GENERIC,0,0.0,1.0,0.1575,LOW,0
Barmer Sector,25.7,71.4,Rajasthan Border,UNSW-NB15_LIST_EVENTS(in).csv,12,0,0.0,0.0,6.67,0,8,SHELLCODE,0,0.0,1.0,0.151,LOW,0
Anjaw District,28.1,96.3,Arunachal Sector,UNSW-NB15_LIST_EVENTS(in).csv,12,0,0.0,0.0,6.67,0,2,DOS,0,0.0,1.0,0.0775,CRITICAL,0
Pangong Tso,33.7,78.9,Ladakh LAC,UNSW-NB15_LIST_EVENTS(in).csv,12,0,0.0,0.0,6.67,0,3,DOS,0,0.0,1.0,0.102,CRITICAL,0
Nathula Pass,27.4,88.8,Sikkim Ridge,UNSW-NB15_LIST_EVENTS(in).csv,12,0,0.0,0.0,6.67,0,50,EXPLOITS,0,0.0,1.0,0.1575,LOW,0
Anjaw District,28.1,96.3,Arunachal Sector,UNSW-NB15_LIST_EVENTS(in).csv,12,0,0.0,0.0,6.67,0,50,DOS,0,0.0,1.0,0.1525,CRITICAL,0
Doklam Plateau,27.3,89.1,Sikkim Ridge,UNSW-NB15_LIST_EVENTS(in).csv,12,0,0.0,0.0,6.67,0,10,GENERIC,0,0.0,1.0,0.161,LOW,0
Anjaw District,28.1,96.3,Arunachal Sector,UNSW-NB15_LIST_EVENTS(in).csv,12,0,0.0,0.0,6.67,0,10,SHELLCODE,0,0.0,1.0,0.1525,LOW,0
Tawang Sector,27.6,91.9,Arunachal Sector,UNSW-NB15_LIST_EVENTS(in).csv,12,0,0.0,0.0,6.67,0,1,GENERIC,0,0.0,1.0,0.0715,LOW,0
Barmer Sector,25.7,71.4,Rajasthan Border,UNSW-NB15_LIST_EVENTS(in).csv,12,0,0.0,0.0,6.67,0,6,DOS,0,0.0,1.0,0.126,CRITICAL,0
Doklam Plateau,27.3,89.1,Sikkim Ridge,UNSW-NB15_LIST_EVENTS(in).csv,12,0,0.0,0.0,6.67,0,11,DOS,0,0.0,1.0,0.161,CRITICAL,0
Doklam Plateau,27.3,89.1,Sikkim Ridge,UNSW-NB15_LIST_EVENTS(in).csv,12,0,0.0,0.0,6.67,0,17,DOS,0,0.0,1.0,0.161,CRITICAL,0
Wagah Border,31.6,74.6,Punjab Sector,UNSW-NB15_LIST_EVENTS(in).csv,12,0,0.0,0.0,6.67,0,50, RECONNAISSANCE ,0,0.0,1.0,0.155,LOW,0
Anjaw District,28.1,96.3,Arunachal Sector,UNSW-NB15_LIST_EVENTS(in).csv,12,0,0.0,0.0,6.67,0,18,DOS,0,0.0,1.0,0.1525,CRITICAL,0
Galwan Valley,34.4,73.6,J&K LoC,UNSW-NB15_LIST_EVENTS(in).csv,12,0,0.0,0.0,6.67,0,8,EXPLOITS,0,0.0,1.0,0.1655,LOW,0
Rann of Kutch,23.9,70.0,Gujarat Coast,UNSW-NB15_LIST_EVENTS(in).csv,12,0,0.0,0.0,6.67,0,2,SHELLCODE,0,0.0,1.0,0.0705,LOW,0
Depsang Plains,35.1,77.8,Ladakh LAC,UNSW-NB15_LIST_EVENTS(in).csv,12,0,0.0,0.0,6.67,0,6,EXPLOITS,0,0.0,1.0,0.1435,LOW,0
Lipulekh Pass,30.2,80.3,Uttarakhand Pass,UNSW-NB15_LIST_EVENTS(in).csv,12,0,0.0,0.0,6.67,0,50, SHELLCODE ,0,0.0,1.0,0.149,LOW,0
Pangong Tso,33.7,78.9,Ladakh LAC,UNSW-NB15_LIST_EVENTS(in).csv,12,0,0.0,0.0,6.67,0,37,EXPLOITS,0,0.0,1.0,0.1645,LOW,0
Pangong Tso,33.7,78.9,Ladakh LAC,UNSW-NB15_LIST_EVENTS(in).csv,12,0,0.0,0.0,6.67,0,26,SHELLCODE,0,0.0,1.0,0.1645,LOW,0
Depsang Plains,35.1,77.8,Ladakh LAC,UNSW-NB15_LIST_EVENTS(in).csv,12,0,0.0,0.0,6.67,0,50, FUZZERS ,0,0.0,1.0,0.1685,LOW,0
Pir Panjal Range,33.5,74.2,J&K LoC,UNSW-NB15_LIST_EVENTS(in).csv,12,0,0.0,0.0,6.67,0,2,DOS,0,0.0,1.0,0.0885,CRITICAL,0
Doklam Plateau,27.3,89.1,Sikkim Ridge,UNSW-NB15_LIST_EVENTS(in).csv,12,0,0.0,0.0,6.67,0,3,EXPLOITS,0,0.0,1.0,0.0985,LOW,0
Anjaw District,28.1,96.3,Arunachal Sector,UNSW-NB15_LIST_EVENTS(in).csv,12,0,0.0,0.0,6.67,0,26,EXPLOITS,0,0.0,1.0,0.1525,LOW,0
Kutch Gulf,23.0,68.9,Gujarat Coast,UNSW-NB15_LIST_EVENTS(in).csv,12,0,0.0,0.0,6.67,0,50,EXPLOITS,0,0.0,1.0,0.147,LOW,0
Depsang Plains,35.1,77.8,Ladakh LAC,UNSW-NB15_LIST_EVENTS(in).csv,12,0,0.0,0.0,6.67,0,50,EXPLOITS,0,0.0,1.0,0.1685,LOW,0
Lipulekh Pass,30.2,80.3,Uttarakhand Pass,UNSW-NB15_LIST_EVENTS(in).csv,12,0,0.0,0.0,6.67,0,21,EXPLOITS,0,0.0,1.0,0.149,LOW,0
Nathula Pass,27.4,88.8,Sikkim Ridge,UNSW-NB15_LIST_EVENTS(in).csv,12,0,0.0,0.0,6.67,0,6,EXPLOITS,0,0.0,1.0,0.1325,LOW,0
Lipulekh Pass,30.2,80.3,Uttarakhand Pass,UNSW-NB15_LIST_EVENTS(in).csv,12,0,0.0,0.0,6.67,0,50,DOS,0,0.0,1.0,0.149,CRITICAL,0
Galwan Valley,34.4,73.6,J&K LoC,UNSW-NB15_LIST_EVENTS(in).csv,12,0,0.0,0.0,6.67,0,4,DOS,0,0.0,1.0,0.1155,CRITICAL,0
Mizoram Border,22.7,92.7,Northeast Sector,UNSW-NB15_LIST_EVENTS(in).csv,12,0,0.0,0.0,6.67,0,12,EXPLOITS,0,0.0,1.0,0.144,LOW,0
Pangong Tso,33.7,78.9,Ladakh LAC,UNSW-NB15_LIST_EVENTS(in).csv,12,0,0.0,0.0,6.67,0,50,UNKNOWN,0,0.0,1.0,0.1645,LOW,0
Barmer Sector,25.7,71.4,Rajasthan Border,UNSW-NB15_LIST_EVENTS(in).csv,12,0,0.0,0.0,6.67,0,35, RECONNAISSANCE ,0,0.0,1.0,0.151,LOW,0
Kutch Gulf,23.0,68.9,Gujarat Coast,UNSW-NB15_LIST_EVENTS(in).csv,12,0,0.0,0.0,6.67,0,50,RECONNAISSANCE,0,0.0,1.0,0.147,LOW,0
Anjaw District,28.1,96.3,Arunachal Sector,UNSW-NB15_LIST_EVENTS(in).csv,12,0,0.0,0.0,6.67,0,50,DOS,0,0.0,1.0,0.1525,CRITICAL,0
Galwan Valley,34.4,73.6,J&K LoC,UNSW-NB15_LIST_EVENTS(in).csv,12,0,0.0,0.0,6.67,0,1,EXPLOITS,0,0.0,1.0,0.078,LOW,0
Tawang Sector,27.6,91.9,Arunachal Sector,UNSW-NB15_LIST_EVENTS(in).csv,12,0,0.0,0.0,6.67,0,6, RECONNAISSANCE ,0,0.0,1.0,0.134,LOW,0
Rann of Kutch,23.9,70.0,Gujarat Coast,UNSW-NB15_LIST_EVENTS(in).csv,12,0,0.0,0.0,6.67,0,50,EXPLOITS,0,0.0,1.0,0.1455,LOW,0
Pir Panjal Range,33.5,74.2,J&K LoC,UNSW-NB15_LIST_EVENTS(in).csv,12,0,0.0,0.0,6.67,0,50,RECONNAISSANCE,0,0.0,1.0,0.1635,LOW,0
Mizoram Border,22.7,92.7,Northeast Sector,UNSW-NB15_LIST_EVENTS(in).csv,12,0,0.0,0.0,6.67,0,3,EXPLOITS,0,0.0,1.0,0.0815,LOW,0
Pangong Tso,33.7,78.9,Ladakh LAC,cybersecurity_intrusion_data.csv,0,1,0.0,0.0,9.33,0,0,TCP,0,0.0,1.0,0.3404,MEDIUM,0
Wagah Border,31.6,74.6,Punjab Sector,cybersecurity_intrusion_data.csv,0,1,0.01,0.0,7.33,0,0,TCP,0,0.0,1.0,0.1103,LOW,0
Siachen Glacier,35.5,76.9,Ladakh LAC,cybersecurity_intrusion_data.csv,0,1,0.02,0.0,12.67,0,1,TCP,0,0.0,1.0,0.2146,LOW,0
Barmer Sector,25.7,71.4,Rajasthan Border,cybersecurity_intrusion_data.csv,0,1,0.01,0.0,8.67,0,1,UDP,0,0.0,1.0,0.3888,MEDIUM,0
Doklam Plateau,27.3,89.1,Sikkim Ridge,cybersecurity_intrusion_data.csv,0,1,0.02,0.0,8.67,0,0,TCP,0,0.0,1.0,0.4213,MEDIUM,0
Barmer Sector,25.7,71.4,Rajasthan Border,cybersecurity_intrusion_data.csv,0,1,0.02,0.0,8.67,0,0,UDP,0,0.0,1.0,0.2208,LOW,0
Barmer Sector,25.7,71.4,Rajasthan Border,cybersecurity_intrusion_data.csv,0,1,0.02,0.0,8.67,0,0,UDP,0,0.0,1.0,0.1261,LOW,0
Mizoram Border,22.7,92.7,Northeast Sector,cybersecurity_intrusion_data.csv,0,1,0.04,0.0,8.67,0,1,UDP,0,0.0,1.0,0.4118,MEDIUM,0
Nathula Pass,27.4,88.8,Sikkim Ridge,cybersecurity_intrusion_data.csv,0,1,0.02,0.0,8.0,0,0,TCP,0,0.0,1.0,0.232,LOW,0
Anjaw District,28.1,96.3,Arunachal Sector,cybersecurity_intrusion_data.csv,1,1,0.02,0.0,8.67,0,0,TCP,0,0.0,1.0,0.572,HIGH,0
Nathula Pass,27.4,88.8,Sikkim Ridge,cybersecurity_intrusion_data.csv,0,1,0.04,0.0,8.67,0,1,TCP,0,0.0,1.0,0.5063,MEDIUM,0
Siachen Glacier,35.5,76.9,Ladakh LAC,cybersecurity_intrusion_data.csv,0,1,0.0,0.0,9.33,0,1,TCP,0,0.0,1.0,0.3743,MEDIUM,0
Galwan Valley,34.4,73.6,J&K LoC,cybersecurity_intrusion_data.csv,1,1,0.05,0.0,10.67,0,1,TCP,0,0.0,1.0,0.3526,MEDIUM,0
Nathula Pass,27.4,88.8,Sikkim Ridge,cybersecurity_intrusion_data.csv,0,1,0.01,0.0,10.0,0,0,TCP,0,0.0,1.0,0.3811,MEDIUM,0
Rann of Kutch,23.9,70.0,Gujarat Coast,cybersecurity_intrusion_data.csv,0,1,0.02,0.0,11.33,0,1,UDP,0,0.0,1.0,0.4575,MEDIUM,0
Nathula Pass,27.4,88.8,Sikkim Ridge,cybersecurity_intrusion_data.csv,1,1,0.01,0.0,10.0,0,0,TCP,0,0.0,1.0,0.1526,LOW,0
Kutch Gulf,23.0,68.9,Gujarat Coast,cybersecurity_intrusion_data.csv,0,1,0.02,0.0,8.67,0,0,TCP,0,0.0,1.0,0.4356,MEDIUM,0
Siachen Glacier,35.5,76.9,Ladakh LAC,cybersecurity_intrusion_data.csv,0,1,0.01,0.0,11.33,0,1,TCP,0,0.0,1.0,0.42,MEDIUM,0
Doklam Plateau,27.3,89.1,Sikkim Ridge,cybersecurity_intrusion_data.csv,0,1,0.03,0.0,8.67,0,1,UDP,0,0.0,1.0,0.3706,MEDIUM,0
Wagah Border,31.6,74.6,Punjab Sector,cybersecurity_intrusion_data.csv,1,1,0.01,0.0,12.67,0,1,TCP,0,0.0,1.0,0.4396,MEDIUM,0
Anjaw District,28.1,96.3,Arunachal Sector,cybersecurity_intrusion_data.csv,0,1,0.03,0.0,8.67,0,1,TCP,0,0.0,1.0,0.1767,LOW,0
Depsang Plains,35.1,77.8,Ladakh LAC,cybersecurity_intrusion_data.csv,0,1,0.01,0.0,8.67,0,0,ICMP,0,0.0,1.0,0.0736,LOW,0
Galwan Valley,34.4,73.6,J&K LoC,cybersecurity_intrusion_data.csv,0,1,0.01,0.0,9.33,0,0,TCP,0,0.0,1.0,0.3348,MEDIUM,0
Pir Panjal Range,33.5,74.2,J&K LoC,cybersecurity_intrusion_data.csv,0,1,0.02,0.0,8.67,0,0,TCP,0,0.0,1.0,0.1376,LOW,0
Wagah Border,31.6,74.6,Punjab Sector,cybersecurity_intrusion_data.csv,1,1,0.02,0.0,12.0,0,1,UDP,0,0.0,1.0,0.535,HIGH,0
Pangong Tso,33.7,78.9,Ladakh LAC,cybersecurity_intrusion_data.csv,0,1,0.02,0.0,8.0,0,1,TCP,0,0.0,1.0,0.1367,LOW,0
Pangong Tso,33.7,78.9,Ladakh LAC,cybersecurity_intrusion_data.csv,0,1,0.02,0.0,8.0,0,1,TCP,0,0.0,1.0,0.6596,HIGH,0
Depsang Plains,35.1,77.8,Ladakh LAC,cybersecurity_intrusion_data.csv,0,1,0.01,0.0,9.33,0,0,ICMP,0,0.0,1.0,0.1805,LOW,0
Mizoram Border,22.7,92.7,Northeast Sector,cybersecurity_intrusion_data.csv,0,1,0.02,0.0,14.0,0,1,TCP,0,0.0,1.0,0.3667,MEDIUM,0
Galwan Valley,34.4,73.6,J&K LoC,cybersecurity_intrusion_data.csv,0,1,0.02,0.0,7.33,0,0,TCP,0,0.0,1.0,0.1085,LOW,0
Kutch Gulf,23.0,68.9,Gujarat Coast,cybersecurity_intrusion_data.csv,0,1,0.0,0.0,11.33,0,1,ICMP,0,0.0,1.0,0.5648,HIGH,0
Pangong Tso,33.7,78.9,Ladakh LAC,cybersecurity_intrusion_data.csv,0,1,0.02,0.0,8.67,0,1,UDP,0,0.0,1.0,0.651,HIGH,0
Anjaw District,28.1,96.3,Arunachal Sector,cybersecurity_intrusion_data.csv,0,1,0.0,0.0,9.33,0,0,TCP,0,0.0,1.0,0.4651,MEDIUM,0
Tawang Sector,27.6,91.9,Arunachal Sector,cybersecurity_intrusion_data.csv,0,1,0.03,0.0,8.67,0,1,UDP,0,0.0,1.0,0.6803,HIGH,0
Rann of Kutch,23.9,70.0,Gujarat Coast,cybersecurity_intrusion_data.csv,0,1,0.01,0.0,8.67,0,0,UDP,0,0.0,1.0,0.1602,LOW,0
Depsang Plains,35.1,77.8,Ladakh LAC,cybersecurity_intrusion_data.csv,1,1,0.01,0.0,9.33,0,0,UDP,0,0.0,1.0,0.1331,LOW,0
Anjaw District,28.1,96.3,Arunachal Sector,cybersecurity_intrusion_data.csv,0,1,0.01,0.0,8.67,0,0,UDP,0,0.0,1.0,0.0566,LOW,0
Tawang Sector,27.6,91.9,Arunachal Sector,cybersecurity_intrusion_data.csv,0,1,0.01,0.0,8.0,0,0,TCP,0,0.0,1.0,0.2678,LOW,0
Tawang Sector,27.6,91.9,Arunachal Sector,cybersecurity_intrusion_data.csv,0,1,0.0,0.0,9.33,0,0,TCP,0,0.0,1.0,0.2751,LOW,0
Siachen Glacier,35.5,76.9,Ladakh LAC,cybersecurity_intrusion_data.csv,0,1,0.03,0.0,14.0,0,1,UDP,0,0.0,1.0,0.2453,LOW,0
Pir Panjal Range,33.5,74.2,J&K LoC,cybersecurity_intrusion_data.csv,0,1,0.0,0.0,8.0,0,0,UDP,0,0.0,1.0,0.5399,HIGH,0
Anjaw District,28.1,96.3,Arunachal Sector,cybersecurity_intrusion_data.csv,0,1,0.02,0.0,11.33,0,1,TCP,0,0.0,1.0,0.5522,HIGH,0
Doklam Plateau,27.3,89.1,Sikkim Ridge,cybersecurity_intrusion_data.csv,0,1,0.01,0.0,8.67,0,0,TCP,0,0.0,1.0,0.1126,LOW,0
Anjaw District,28.1,96.3,Arunachal Sector,cybersecurity_intrusion_data.csv,0,1,0.0,0.0,9.33,0,0,TCP,0,0.0,1.0,0.1062,LOW,0
Mizoram Border,22.7,92.7,Northeast Sector,cybersecurity_intrusion_data.csv,0,1,0.02,0.0,9.33,0,0,UDP,0,0.0,1.0,0.1453,LOW,0
Anjaw District,28.1,96.3,Arunachal Sector,cybersecurity_intrusion_data.csv,0,1,0.03,0.0,10.67,0,1,TCP,0,0.0,1.0,0.2874,LOW,0
Anjaw District,28.1,96.3,Arunachal Sector,cybersecurity_intrusion_data.csv,0,1,0.01,0.0,12.67,0,1,UDP,0,0.0,1.0,0.1984,LOW,0
Tawang Sector,27.6,91.9,Arunachal Sector,cybersecurity_intrusion_data.csv,1,1,0.02,0.0,10.0,0,1,TCP,0,0.0,1.0,0.1563,LOW,0
Tawang Sector,27.6,91.9,Arunachal Sector,cybersecurity_intrusion_data.csv,0,1,0.02,0.0,9.33,0,1,TCP,0,0.0,1.0,0.7924,CRITICAL,0
Galwan Valley,34.4,73.6,J&K LoC,cybersecurity_intrusion_data.csv,0,1,0.02,0.0,10.0,0,1,TCP,0,0.0,1.0,0.2034,LOW,0
Wagah Border,31.6,74.6,Punjab Sector,cybersecurity_intrusion_data.csv,0,1,0.01,0.0,11.33,0,1,TCP,0,0.0,1.0,0.3787,MEDIUM,0
Depsang Plains,35.1,77.8,Ladakh LAC,cybersecurity_intrusion_data.csv,0,1,0.01,0.0,9.33,0,0,TCP,0,0.0,1.0,0.3487,MEDIUM,0
Pangong Tso,33.7,78.9,Ladakh LAC,cybersecurity_intrusion_data.csv,0,1,0.03,0.0,15.33,0,1,UDP,0,0.0,1.0,0.3683,MEDIUM,0
Pangong Tso,33.7,78.9,Ladakh LAC,cybersecurity_intrusion_data.csv,0,1,0.01,0.0,10.67,0,0,TCP,0,0.0,1.0,0.2667,LOW,0
Tawang Sector,27.6,91.9,Arunachal Sector,cybersecurity_intrusion_data.csv,0,1,0.02,0.0,8.67,0,0,UDP,0,0.0,1.0,0.0695,LOW,0
Kutch Gulf,23.0,68.9,Gujarat Coast,cybersecurity_intrusion_data.csv,0,1,0.03,0.0,10.0,0,1,UDP,0,0.0,1.0,0.1938,LOW,0
Lipulekh Pass,30.2,80.3,Uttarakhand Pass,cybersecurity_intrusion_data.csv,0,1,0.01,0.0,8.67,0,0,TCP,0,0.0,1.0,0.136,LOW,0
Mizoram Border,22.7,92.7,Northeast Sector,cybersecurity_intrusion_data.csv,0,1,0.01,0.0,8.67,0,1,UDP,0,0.0,1.0,0.6129,HIGH,0
Anjaw District,28.1,96.3,Arunachal Sector,cybersecurity_intrusion_data.csv,0,1,0.04,0.0,8.67,0,1,TCP,0,0.0,1.0,0.5433,HIGH,0
Pir Panjal Range,33.5,74.2,J&K LoC,cybersecurity_intrusion_data.csv,0,1,0.0,0.0,9.33,0,0,TCP,0,0.0,1.0,0.3587,MEDIUM,0
Depsang Plains,35.1,77.8,Ladakh LAC,cybersecurity_intrusion_data.csv,0,1,0.0,0.0,7.33,0,0,TCP,0,0.0,1.0,0.213,LOW,0
Nathula Pass,27.4,88.8,Sikkim Ridge,cybersecurity_intrusion_data.csv,0,1,0.0,0.0,8.0,0,1,TCP,0,0.0,1.0,0.5213,HIGH,0
Kutch Gulf,23.0,68.9,Gujarat Coast,cybersecurity_intrusion_data.csv,0,1,0.01,0.0,10.67,0,1,UDP,0,0.0,1.0,0.5018,MEDIUM,0
Nathula Pass,27.4,88.8,Sikkim Ridge,cybersecurity_intrusion_data.csv,0,1,0.0,0.0,10.0,0,0,ICMP,0,0.0,1.0,0.1904,LOW,0
Pir Panjal Range,33.5,74.2,J&K LoC,cybersecurity_intrusion_data.csv,0,1,0.02,0.0,8.0,0,1,TCP,0,0.0,1.0,0.6353,HIGH,0
Tawang Sector,27.6,91.9,Arunachal Sector,cybersecurity_intrusion_data.csv,0,1,0.01,0.0,10.67,0,0,TCP,0,0.0,1.0,0.0976,LOW,0
Depsang Plains,35.1,77.8,Ladakh LAC,cybersecurity_intrusion_data.csv,0,1,0.01,0.0,9.33,0,1,TCP,0,0.0,1.0,0.5796,HIGH,0
Kutch Gulf,23.0,68.9,Gujarat Coast,cybersecurity_intrusion_data.csv,0,1,0.01,0.0,8.67,0,0,UDP,0,0.0,1.0,0.4022,MEDIUM,0
Galwan Valley,34.4,73.6,J&K LoC,cybersecurity_intrusion_data.csv,0,1,0.01,0.0,10.67,0,0,TCP,0,0.0,1.0,0.4853,MEDIUM,0
Kutch Gulf,23.0,68.9,Gujarat Coast,cybersecurity_intrusion_data.csv,0,1,0.01,0.0,8.0,0,1,TCP,0,0.0,1.0,0.6133,HIGH,0
Kutch Gulf,23.0,68.9,Gujarat Coast,cybersecurity_intrusion_data.csv,0,1,0.01,0.0,8.0,0,0,TCP,0,0.0,1.0,0.0449,LOW,0
Rann of Kutch,23.9,70.0,Gujarat Coast,cybersecurity_intrusion_data.csv,0,1,0.0,0.0,12.67,0,1,UDP,0,0.0,1.0,0.3467,MEDIUM,0
Nathula Pass,27.4,88.8,Sikkim Ridge,cybersecurity_intrusion_data.csv,0,1,0.02,0.0,7.33,0,0,UDP,0,0.0,1.0,0.4215,MEDIUM,0
Pir Panjal Range,33.5,74.2,J&K LoC,cybersecurity_intrusion_data.csv,0,1,0.01,0.0,7.33,0,1,TCP,0,0.0,1.0,0.2602,LOW,0
Siachen Glacier,35.5,76.9,Ladakh LAC,cybersecurity_intrusion_data.csv,0,1,0.01,0.0,8.0,0,1,UDP,0,0.0,1.0,0.4009,MEDIUM,0
Doklam Plateau,27.3,89.1,Sikkim Ridge,cybersecurity_intrusion_data.csv,0,1,0.0,0.0,9.33,0,1,UDP,0,0.0,1.0,0.1233,LOW,0
Galwan Valley,34.4,73.6,J&K LoC,cybersecurity_intrusion_data.csv,0,1,0.02,0.0,8.67,0,0,TCP,0,0.0,1.0,0.5702,HIGH,0
Kutch Gulf,23.0,68.9,Gujarat Coast,cybersecurity_intrusion_data.csv,0,1,0.0,0.0,10.67,0,0,TCP,0,0.0,1.0,0.557,HIGH,0
Barmer Sector,25.7,71.4,Rajasthan Border,cybersecurity_intrusion_data.csv,0,1,0.02,0.0,9.33,0,1,UDP,0,0.0,1.0,0.2126,LOW,0
Rann of Kutch,23.9,70.0,Gujarat Coast,cybersecurity_intrusion_data.csv,1,1,0.02,0.0,7.33,0,0,TCP,0,0.0,1.0,0.2654,LOW,0
Kutch Gulf,23.0,68.9,Gujarat Coast,cybersecurity_intrusion_data.csv,0,1,0.0,0.0,8.67,0,1,TCP,0,0.0,1.0,0.26,LOW,0
Tawang Sector,27.6,91.9,Arunachal Sector,cybersecurity_intrusion_data.csv,0,1,0.03,0.0,9.33,0,1,UDP,0,0.0,1.0,0.4537,MEDIUM,0
Galwan Valley,34.4,73.6,J&K LoC,cybersecurity_intrusion_data.csv,0,1,0.02,0.0,8.0,0,1,TCP,0,0.0,1.0,0.2837,LOW,0
Pir Panjal Range,33.5,74.2,J&K LoC,cybersecurity_intrusion_data.csv,0,1,0.01,0.0,10.0,0,0,TCP,0,0.0,1.0,0.1806,LOW,0
Nathula Pass,27.4,88.8,Sikkim Ridge,cybersecurity_intrusion_data.csv,0,1,0.02,0.0,11.33,0,1,ICMP,0,0.0,1.0,0.172,LOW,0
Galwan Valley,34.4,73.6,J&K LoC,cybersecurity_intrusion_data.csv,0,1,0.01,0.0,10.67,0,0,TCP,0,0.0,1.0,0.3346,MEDIUM,0
Pir Panjal Range,33.5,74.2,J&K LoC,cybersecurity_intrusion_data.csv,0,1,0.03,0.0,9.33,0,1,TCP,0,0.0,1.0,0.7637,CRITICAL,0
Mizoram Border,22.7,92.7,Northeast Sector,cybersecurity_intrusion_data.csv,0,1,0.02,0.0,8.67,0,0,UDP,0,0.0,1.0,0.17,LOW,0
Doklam Plateau,27.3,89.1,Sikkim Ridge,cybersecurity_intrusion_data.csv,0,1,0.02,0.0,12.0,0,1,TCP,0,0.0,1.0,0.1497,LOW,0
Kutch Gulf,23.0,68.9,Gujarat Coast,cybersecurity_intrusion_data.csv,0,1,0.03,0.0,12.0,0,1,TCP,0,0.0,1.0,0.7502,CRITICAL,0
Depsang Plains,35.1,77.8,Ladakh LAC,cybersecurity_intrusion_data.csv,1,1,0.02,0.0,10.0,0,0,TCP,0,0.0,1.0,0.1674,LOW,0
Galwan Valley,34.4,73.6,J&K LoC,cybersecurity_intrusion_data.csv,0,1,0.03,0.0,9.33,0,1,TCP,0,0.0,1.0,0.4205,MEDIUM,0
Tawang Sector,27.6,91.9,Arunachal Sector,cybersecurity_intrusion_data.csv,0,1,0.02,0.0,7.33,0,1,TCP,0,0.0,1.0,0.6362,HIGH,0
Wagah Border,31.6,74.6,Punjab Sector,cybersecurity_intrusion_data.csv,0,1,0.03,0.0,9.33,0,1,TCP,0,0.0,1.0,0.2651,LOW,0
Siachen Glacier,35.5,76.9,Ladakh LAC,cybersecurity_intrusion_data.csv,0,1,0.01,0.0,10.0,0,0,UDP,0,0.0,1.0,0.1137,LOW,0
Depsang Plains,35.1,77.8,Ladakh LAC,cybersecurity_intrusion_data.csv,0,1,0.01,0.0,9.33,0,0,TCP,0,0.0,1.0,0.1748,LOW,0
Barmer Sector,25.7,71.4,Rajasthan Border,cybersecurity_intrusion_data.csv,0,1,0.0,0.0,9.33,0,0,UDP,0,0.0,1.0,0.1554,LOW,0
Kutch Gulf,23.0,68.9,Gujarat Coast,cybersecurity_intrusion_data.csv,0,1,0.02,0.0,8.67,0,0,TCP,0,0.0,1.0,0.1392,LOW,0
Kutch Gulf,23.0,68.9,Gujarat Coast,cybersecurity_intrusion_data.csv,0,1,0.01,0.0,9.33,0,0,TCP,0,0.0,1.0,0.3261,MEDIUM,0
Kutch Gulf,23.0,68.9,Gujarat Coast,cybersecurity_intrusion_data.csv,0,1,0.01,0.0,11.33,0,1,TCP,0,0.0,1.0,0.3084,LOW,0
Rann of Kutch,23.9,70.0,Gujarat Coast,cybersecurity_intrusion_data.csv,1,1,0.03,0.0,9.33,0,1,TCP,0,0.0,1.0,0.2566,LOW,0
Wagah Border,31.6,74.6,Punjab Sector,cybersecurity_intrusion_data.csv,0,1,0.02,0.0,8.0,0,0,UDP,0,0.0,1.0,0.4804,MEDIUM,0
Nathula Pass,27.4,88.8,Sikkim Ridge,cybersecurity_intrusion_data.csv,0,1,0.01,0.0,9.33,0,0,TCP,0,0.0,1.0,0.5991,HIGH,0
Rann of Kutch,23.9,70.0,Gujarat Coast,cybersecurity_intrusion_data.csv,0,1,0.02,0.0,9.33,0,0,TCP,0,0.0,1.0,0.2704,LOW,0
Anjaw District,28.1,96.3,Arunachal Sector,cybersecurity_intrusion_data.csv,0,1,0.01,0.0,7.33,0,0,UDP,0,0.0,1.0,0.3793,MEDIUM,0
Galwan Valley,34.4,73.6,J&K LoC,cybersecurity_intrusion_data.csv,0,1,0.04,0.0,7.33,0,1,TCP,0,0.0,1.0,0.2748,LOW,0
Kutch Gulf,23.0,68.9,Gujarat Coast,cybersecurity_intrusion_data.csv,0,1,0.01,0.0,10.0,0,0,TCP,0,0.0,1.0,0.2715,LOW,0
Tawang Sector,27.6,91.9,Arunachal Sector,cybersecurity_intrusion_data.csv,0,1,0.0,0.0,11.33,0,1,TCP,0,0.0,1.0,0.1619,LOW,0
Mizoram Border,22.7,92.7,Northeast Sector,cybersecurity_intrusion_data.csv,1,1,0.05,0.0,10.67,0,1,TCP,0,0.0,1.0,0.3588,MEDIUM,0
Doklam Plateau,27.3,89.1,Sikkim Ridge,cybersecurity_intrusion_data.csv,0,1,0.02,0.0,10.67,0,0,TCP,0,0.0,1.0,0.3076,LOW,0
Rann of Kutch,23.9,70.0,Gujarat Coast,cybersecurity_intrusion_data.csv,0,1,0.0,0.0,8.67,0,0,TCP,0,0.0,1.0,0.2708,LOW,0
Depsang Plains,35.1,77.8,Ladakh LAC,cybersecurity_intrusion_data.csv,0,1,0.0,0.0,10.0,0,0,ICMP,0,0.0,1.0,0.0566,LOW,0
Wagah Border,31.6,74.6,Punjab Sector,cybersecurity_intrusion_data.csv,0,1,0.02,0.0,8.67,0,1,TCP,0,0.0,1.0,0.6469,HIGH,0
Doklam Plateau,27.3,89.1,Sikkim Ridge,cybersecurity_intrusion_data.csv,0,1,0.02,0.0,8.67,0,0,TCP,0,0.0,1.0,0.2495,LOW,0
Doklam Plateau,27.3,89.1,Sikkim Ridge,cybersecurity_intrusion_data.csv,0,1,0.01,0.0,8.67,0,0,TCP,0,0.0,1.0,0.4155,MEDIUM,0
Pangong Tso,33.7,78.9,Ladakh LAC,cybersecurity_intrusion_data.csv,0,1,0.0,0.0,9.33,0,0,UDP,0,0.0,1.0,0.5214,HIGH,0
Mizoram Border,22.7,92.7,Northeast Sector,cybersecurity_intrusion_data.csv,0,1,0.01,0.0,10.67,0,0,TCP,0,0.0,1.0,0.466,MEDIUM,0
Anjaw District,28.1,96.3,Arunachal Sector,cybersecurity_intrusion_data.csv,0,1,0.01,0.0,8.0,0,0,TCP,0,0.0,1.0,0.2318,LOW,0
Rann of Kutch,23.9,70.0,Gujarat Coast,cybersecurity_intrusion_data.csv,0,1,0.0,0.0,10.0,0,1,TCP,0,0.0,1.0,0.7479,CRITICAL,0
Doklam Plateau,27.3,89.1,Sikkim Ridge,cybersecurity_intrusion_data.csv,0,1,0.01,0.0,10.0,0,0,TCP,0,0.0,1.0,0.1084,LOW,0
Depsang Plains,35.1,77.8,Ladakh LAC,cybersecurity_intrusion_data.csv,0,1,0.02,0.0,10.0,0,1,TCP,0,0.0,1.0,0.3159,LOW,0
Pir Panjal Range,33.5,74.2,J&K LoC,cybersecurity_intrusion_data.csv,0,1,0.03,0.0,8.0,0,1,TCP,0,0.0,1.0,0.4934,MEDIUM,0
Siachen Glacier,35.5,76.9,Ladakh LAC,cybersecurity_intrusion_data.csv,0,1,0.0,0.0,9.33,0,0,TCP,0,0.0,1.0,0.1833,LOW,0
Tawang Sector,27.6,91.9,Arunachal Sector,cybersecurity_intrusion_data.csv,0,1,0.01,0.0,14.0,0,1,TCP,0,0.0,1.0,0.0468,LOW,0
Rann of Kutch,23.9,70.0,Gujarat Coast,cybersecurity_intrusion_data.csv,0,1,0.01,0.0,11.33,0,1,TCP,0,0.0,1.0,0.2497,LOW,0
Pir Panjal Range,33.5,74.2,J&K LoC,cybersecurity_intrusion_data.csv,0,1,0.01,0.0,11.33,0,1,TCP,0,0.0,1.0,0.3335,MEDIUM,0
Pir Panjal Range,33.5,74.2,J&K LoC,cybersecurity_intrusion_data.csv,1,1,0.02,0.0,9.33,0,1,UDP,0,0.0,1.0,0.2,LOW,0
Doklam Plateau,27.3,89.1,Sikkim Ridge,cybersecurity_intrusion_data.csv,0,1,0.01,0.0,10.0,0,0,TCP,0,0.0,1.0,0.1655,LOW,0
Kutch Gulf,23.0,68.9,Gujarat Coast,cybersecurity_intrusion_data.csv,0,1,0.03,0.0,8.0,0,1,TCP,0,0.0,1.0,0.4005,MEDIUM,0
Tawang Sector,27.6,91.9,Arunachal Sector,cybersecurity_intrusion_data.csv,0,1,0.0,0.0,7.33,0,0,TCP,0,0.0,1.0,0.3158,LOW,0
Kutch Gulf,23.0,68.9,Gujarat Coast,cybersecurity_intrusion_data.csv,0,1,0.0,0.0,8.0,0,1,TCP,0,0.0,1.0,0.2973,LOW,0
Nathula Pass,27.4,88.8,Sikkim Ridge,cybersecurity_intrusion_data.csv,0,1,0.01,0.0,7.33,0,0,TCP,0,0.0,1.0,0.2188,LOW,0
Depsang Plains,35.1,77.8,Ladakh LAC,cybersecurity_intrusion_data.csv,1,1,0.01,0.0,10.67,0,0,UDP,0,0.0,1.0,0.2328,LOW,0
Doklam Plateau,27.3,89.1,Sikkim Ridge,cybersecurity_intrusion_data.csv,0,1,0.01,0.0,10.0,0,1,TCP,0,0.0,1.0,0.0735,LOW,0
Nathula Pass,27.4,88.8,Sikkim Ridge,cybersecurity_intrusion_data.csv,0,1,0.02,0.0,9.33,0,0,UDP,0,0.0,1.0,0.5543,HIGH,0
Pangong Tso,33.7,78.9,Ladakh LAC,cybersecurity_intrusion_data.csv,0,1,0.01,0.0,9.33,0,1,TCP,0,0.0,1.0,0.6068,HIGH,0
Anjaw District,28.1,96.3,Arunachal Sector,cybersecurity_intrusion_data.csv,0,1,0.02,0.0,10.0,0,0,TCP,0,0.0,1.0,0.0415,LOW,0
Nathula Pass,27.4,88.8,Sikkim Ridge,cybersecurity_intrusion_data.csv,1,1,0.01,0.0,8.67,0,1,TCP,0,0.0,1.0,0.6405,HIGH,0
Depsang Plains,35.1,77.8,Ladakh LAC,cybersecurity_intrusion_data.csv,0,1,0.01,0.0,8.0,0,1,TCP,0,0.0,1.0,0.6765,HIGH,0
Siachen Glacier,35.5,76.9,Ladakh LAC,cybersecurity_intrusion_data.csv,0,1,0.01,0.0,8.67,0,0,TCP,0,0.0,1.0,0.1986,LOW,0
Kutch Gulf,23.0,68.9,Gujarat Coast,cybersecurity_intrusion_data.csv,1,1,0.01,0.0,8.67,0,0,TCP,0,0.0,1.0,0.3966,MEDIUM,0
Anjaw District,28.1,96.3,Arunachal Sector,cybersecurity_intrusion_data.csv,1,1,0.03,0.0,10.67,0,1,TCP,0,0.0,1.0,0.077,LOW,0
Wagah Border,31.6,74.6,Punjab Sector,cybersecurity_intrusion_data.csv,0,1,0.02,0.0,9.33,0,1,TCP,0,0.0,1.0,0.801,CRITICAL,0
Lipulekh Pass,30.2,80.3,Uttarakhand Pass,cybersecurity_intrusion_data.csv,0,1,0.02,0.0,7.33,0,0,TCP,0,0.0,1.0,0.5555,HIGH,0
Lipulekh Pass,30.2,80.3,Uttarakhand Pass,cybersecurity_intrusion_data.csv,0,1,0.02,0.0,9.33,0,1,TCP,0,0.0,1.0,0.6869,HIGH,0
Doklam Plateau,27.3,89.1,Sikkim Ridge,cybersecurity_intrusion_data.csv,1,1,0.01,0.0,10.0,0,0,UDP,0,0.0,1.0,0.3381,MEDIUM,0
Nathula Pass,27.4,88.8,Sikkim Ridge,cybersecurity_intrusion_data.csv,0,1,0.02,0.0,10.0,0,1,ICMP,0,0.0,1.0,0.1697,LOW,0
Rann of Kutch,23.9,70.0,Gujarat Coast,cybersecurity_intrusion_data.csv,0,1,0.01,0.0,7.33,0,0,TCP,0,0.0,1.0,0.3159,LOW,0
Mizoram Border,22.7,92.7,Northeast Sector,cybersecurity_intrusion_data.csv,0,1,0.02,0.0,11.33,0,1,TCP,0,0.0,1.0,0.3201,MEDIUM,0
Pangong Tso,33.7,78.9,Ladakh LAC,cybersecurity_intrusion_data.csv,0,1,0.03,0.0,10.0,0,1,TCP,0,0.0,1.0,0.0507,LOW,0
Barmer Sector,25.7,71.4,Rajasthan Border,cybersecurity_intrusion_data.csv,0,1,0.0,0.0,8.67,0,0,TCP,0,0.0,1.0,0.2536,LOW,0
Mizoram Border,22.7,92.7,Northeast Sector,cybersecurity_intrusion_data.csv,0,1,0.01,0.0,9.33,0,0,TCP,0,0.0,1.0,0.3141,LOW,0
Depsang Plains,35.1,77.8,Ladakh LAC,cybersecurity_intrusion_data.csv,0,1,0.02,0.0,8.67,0,0,TCP,0,0.0,1.0,0.0767,LOW,0
Kutch Gulf,23.0,68.9,Gujarat Coast,cybersecurity_intrusion_data.csv,0,1,0.02,0.0,9.33,0,0,TCP,0,0.0,1.0,0.4515,MEDIUM,0
Nathula Pass,27.4,88.8,Sikkim Ridge,cybersecurity_intrusion_data.csv,0,1,0.02,0.0,9.33,0,0,TCP,0,0.0,1.0,0.1775,LOW,0
Mizoram Border,22.7,92.7,Northeast Sector,cybersecurity_intrusion_data.csv,0,1,0.02,0.0,9.33,0,0,TCP,0,0.0,1.0,0.024,LOW,0
Lipulekh Pass,30.2,80.3,Uttarakhand Pass,cybersecurity_intrusion_data.csv,0,1,0.01,0.0,9.33,0,1,TCP,0,0.0,1.0,0.2811,LOW,0
Rann of Kutch,23.9,70.0,Gujarat Coast,cybersecurity_intrusion_data.csv,1,1,0.0,0.0,7.33,0,0,TCP,0,0.0,1.0,0.4988,MEDIUM,0
Siachen Glacier,35.5,76.9,Ladakh LAC,cybersecurity_intrusion_data.csv,0,1,0.01,0.0,10.0,0,0,UDP,0,0.0,1.0,0.5207,HIGH,0
Siachen Glacier,35.5,76.9,Ladakh LAC,cybersecurity_intrusion_data.csv,0,1,0.03,0.0,14.0,0,1,TCP,0,0.0,1.0,0.092,LOW,0
Pir Panjal Range,33.5,74.2,J&K LoC,cybersecurity_intrusion_data.csv,0,1,0.04,0.0,9.33,0,1,TCP,0,0.0,1.0,0.2475,LOW,0
Nathula Pass,27.4,88.8,Sikkim Ridge,cybersecurity_intrusion_data.csv,0,1,0.0,0.0,13.33,0,1,TCP,0,0.0,1.0,0.5154,MEDIUM,0
Lipulekh Pass,30.2,80.3,Uttarakhand Pass,cybersecurity_intrusion_data.csv,0,1,0.02,0.0,10.0,0,0,UDP,0,0.0,1.0,0.5284,HIGH,0
Siachen Glacier,35.5,76.9,Ladakh LAC,cybersecurity_intrusion_data.csv,0,1,0.05,0.0,7.33,0,1,UDP,0,0.0,1.0,0.5018,MEDIUM,0
Pangong Tso,33.7,78.9,Ladakh LAC,cybersecurity_intrusion_data.csv,0,1,0.01,0.0,10.0,0,0,TCP,0,0.0,1.0,0.0988,LOW,0
Rann of Kutch,23.9,70.0,Gujarat Coast,cybersecurity_intrusion_data.csv,1,1,0.01,0.0,8.67,0,1,TCP,0,0.0,1.0,0.7388,CRITICAL,0
Tawang Sector,27.6,91.9,Arunachal Sector,cybersecurity_intrusion_data.csv,0,1,0.01,0.0,8.67,0,1,UDP,0,0.0,1.0,0.7322,CRITICAL,0
Lipulekh Pass,30.2,80.3,Uttarakhand Pass,cybersecurity_intrusion_data.csv,0,1,0.02,0.0,7.33,0,0,TCP,0,0.0,1.0,0.2504,LOW,0
Tawang Sector,27.6,91.9,Arunachal Sector,cybersecurity_intrusion_data.csv,0,1,0.03,0.0,8.0,0,1,TCP,0,0.0,1.0,0.6095,HIGH,0
Pangong Tso,33.7,78.9,Ladakh LAC,cybersecurity_intrusion_data.csv,0,1,0.01,0.0,7.33,0,0,TCP,0,0.0,1.0,0.3887,MEDIUM,0
Siachen Glacier,35.5,76.9,Ladakh LAC,cybersecurity_intrusion_data.csv,0,1,0.01,0.0,7.33,0,1,TCP,0,0.0,1.0,0.3597,MEDIUM,0
Pir Panjal Range,33.5,74.2,J&K LoC,cybersecurity_intrusion_data.csv,0,1,0.02,0.0,8.67,0,0,TCP,0,0.0,1.0,0.3213,MEDIUM,0
Mizoram Border,22.7,92.7,Northeast Sector,cybersecurity_intrusion_data.csv,0,1,0.02,0.0,8.67,0,0,TCP,0,0.0,1.0,0.2225,LOW,0
Galwan Valley,34.4,73.6,J&K LoC,cybersecurity_intrusion_data.csv,0,1,0.01,0.0,10.0,0,0,TCP,0,0.0,1.0,0.2815,LOW,0
Anjaw District,28.1,96.3,Arunachal Sector,cybersecurity_intrusion_data.csv,0,1,0.03,0.0,8.67,0,1,TCP,0,0.0,1.0,0.3525,MEDIUM,0
Lipulekh Pass,30.2,80.3,Uttarakhand Pass,cybersecurity_intrusion_data.csv,0,1,0.02,0.0,8.67,0,0,TCP,0,0.0,1.0,0.1905,LOW,0
Anjaw District,28.1,96.3,Arunachal Sector,cybersecurity_intrusion_data.csv,0,1,0.01,0.0,8.67,0,1,ICMP,0,0.0,1.0,0.3605,MEDIUM,0
Barmer Sector,25.7,71.4,Rajasthan Border,cybersecurity_intrusion_data.csv,0,1,0.01,0.0,8.67,0,0,UDP,0,0.0,1.0,0.1526,LOW,0
Pangong Tso,33.7,78.9,Ladakh LAC,cybersecurity_intrusion_data.csv,0,1,0.0,0.0,8.67,0,0,TCP,0,0.0,1.0,0.3512,MEDIUM,0
Depsang Plains,35.1,77.8,Ladakh LAC,cybersecurity_intrusion_data.csv,0,1,0.03,0.0,8.0,0,1,TCP,0,0.0,1.0,0.4825,MEDIUM,0
Anjaw District,28.1,96.3,Arunachal Sector,cybersecurity_intrusion_data.csv,1,1,0.01,0.0,8.0,0,0,UDP,0,0.0,1.0,0.0318,LOW,0
Lipulekh Pass,30.2,80.3,Uttarakhand Pass,cybersecurity_intrusion_data.csv,0,1,0.01,0.0,8.67,0,0,TCP,0,0.0,1.0,0.2215,LOW,0
Siachen Glacier,35.5,76.9,Ladakh LAC,cybersecurity_intrusion_data.csv,0,1,0.01,0.0,8.0,0,0,ICMP,0,0.0,1.0,0.2575,LOW,0
Rann of Kutch,23.9,70.0,Gujarat Coast,cybersecurity_intrusion_data.csv,0,1,0.02,0.0,10.0,0,1,ICMP,0,0.0,1.0,0.6628,HIGH,0
Depsang Plains,35.1,77.8,Ladakh LAC,cybersecurity_intrusion_data.csv,0,1,0.02,0.0,9.33,0,0,UDP,0,0.0,1.0,0.3419,MEDIUM,0
Galwan Valley,34.4,73.6,J&K LoC,cybersecurity_intrusion_data.csv,1,1,0.02,0.0,10.67,0,0,ICMP,0,0.0,1.0,0.3222,MEDIUM,0
Nathula Pass,27.4,88.8,Sikkim Ridge,cybersecurity_intrusion_data.csv,1,1,0.01,0.0,10.0,0,0,TCP,0,0.0,1.0,0.4897,MEDIUM,0
Nathula Pass,27.4,88.8,Sikkim Ridge,cybersecurity_intrusion_data.csv,0,1,0.01,0.0,9.33,0,0,TCP,0,0.0,1.0,0.1955,LOW,0
Tawang Sector,27.6,91.9,Arunachal Sector,cybersecurity_intrusion_data.csv,0,1,0.0,0.0,8.0,0,0,TCP,0,0.0,1.0,0.4929,MEDIUM,0
Pangong Tso,33.7,78.9,Ladakh LAC,cybersecurity_intrusion_data.csv,0,1,0.01,0.0,11.33,0,1,TCP,0,0.0,1.0,0.7889,CRITICAL,0
Galwan Valley,34.4,73.6,J&K LoC,cybersecurity_intrusion_data.csv,0,1,0.01,0.0,10.0,0,0,TCP,0,0.0,1.0,0.1464,LOW,0
Wagah Border,31.6,74.6,Punjab Sector,cybersecurity_intrusion_data.csv,0,1,0.0,0.0,10.67,0,0,TCP,0,0.0,1.0,0.4469,MEDIUM,0
Anjaw District,28.1,96.3,Arunachal Sector,cybersecurity_intrusion_data.csv,0,1,0.02,0.0,7.33,0,0,UDP,0,0.0,1.0,0.2061,LOW,0
Galwan Valley,34.4,73.6,J&K LoC,cybersecurity_intrusion_data.csv,1,1,0.0,0.0,8.67,0,0,ICMP,0,0.0,1.0,0.1454,LOW,0
Anjaw District,28.1,96.3,Arunachal Sector,cybersecurity_intrusion_data.csv,0,1,0.01,0.0,8.67,0,0,TCP,0,0.0,1.0,0.4081,MEDIUM,0
Mizoram Border,22.7,92.7,Northeast Sector,cybersecurity_intrusion_data.csv,0,1,0.0,0.0,9.33,0,1,TCP,0,0.0,1.0,0.1815,LOW,0
Pangong Tso,33.7,78.9,Ladakh LAC,cybersecurity_intrusion_data.csv,0,1,0.01,0.0,8.67,0,0,TCP,0,0.0,1.0,0.3153,LOW,0
Pir Panjal Range,33.5,74.2,J&K LoC,cybersecurity_intrusion_data.csv,0,1,0.01,0.0,10.0,0,0,TCP,0,0.0,1.0,0.2095,LOW,0
Pangong Tso,33.7,78.9,Ladakh LAC,cybersecurity_intrusion_data.csv,1,1,0.02,0.0,11.33,0,1,TCP,0,0.0,1.0,0.3626,MEDIUM,0
Siachen Glacier,35.5,76.9,Ladakh LAC,cybersecurity_intrusion_data.csv,0,1,0.0,0.0,11.33,0,1,TCP,0,0.0,1.0,0.336,MEDIUM,0
Pangong Tso,33.7,78.9,Ladakh LAC,cybersecurity_intrusion_data.csv,0,1,0.0,0.0,10.67,0,0,TCP,0,0.0,1.0,0.284,LOW,0
Tawang Sector,27.6,91.9,Arunachal Sector,cybersecurity_intrusion_data.csv,1,1,0.03,0.0,8.0,0,1,TCP,0,0.0,1.0,0.4203,MEDIUM,0
Galwan Valley,34.4,73.6,J&K LoC,cybersecurity_intrusion_data.csv,0,1,0.02,0.0,7.33,0,0,TCP,0,0.0,1.0,0.0591,LOW,0
Lipulekh Pass,30.2,80.3,Uttarakhand Pass,cybersecurity_intrusion_data.csv,0,1,0.04,0.0,9.33,0,1,UDP,0,0.0,1.0,0.1975,LOW,0
Anjaw District,28.1,96.3,Arunachal Sector,cybersecurity_intrusion_data.csv,0,1,0.03,0.0,10.0,0,1,TCP,0,0.0,1.0,0.6409,HIGH,0
Barmer Sector,25.7,71.4,Rajasthan Border,cybersecurity_intrusion_data.csv,0,1,0.03,0.0,10.67,0,1,TCP,0,0.0,1.0,0.092,LOW,0
Nathula Pass,27.4,88.8,Sikkim Ridge,cybersecurity_intrusion_data.csv,1,1,0.01,0.0,7.33,0,1,TCP,0,0.0,1.0,0.1484,LOW,0
Doklam Plateau,27.3,89.1,Sikkim Ridge,cybersecurity_intrusion_data.csv,0,1,0.0,0.0,8.67,0,0,TCP,0,0.0,1.0,0.2954,LOW,0
Nathula Pass,27.4,88.8,Sikkim Ridge,cybersecurity_intrusion_data.csv,0,1,0.02,0.0,8.0,0,0,TCP,0,0.0,1.0,0.3987,MEDIUM,0
Siachen Glacier,35.5,76.9,Ladakh LAC,cybersecurity_intrusion_data.csv,0,1,0.01,0.0,7.33,0,0,TCP,0,0.0,1.0,0.2874,LOW,0
Barmer Sector,25.7,71.4,Rajasthan Border,cybersecurity_intrusion_data.csv,0,1,0.02,0.0,10.0,0,0,TCP,0,0.0,1.0,0.138,LOW,0
Galwan Valley,34.4,73.6,J&K LoC,cybersecurity_intrusion_data.csv,0,1,0.03,0.0,10.67,0,1,UDP,0,0.0,1.0,0.3693,MEDIUM,0
Barmer Sector,25.7,71.4,Rajasthan Border,cybersecurity_intrusion_data.csv,0,1,0.02,0.0,11.33,0,1,TCP,0,0.0,1.0,0.2379,LOW,0
Mizoram Border,22.7,92.7,Northeast Sector,cybersecurity_intrusion_data.csv,1,1,0.0,0.0,8.0,0,0,TCP,0,0.0,1.0,0.0151,LOW,0
Kutch Gulf,23.0,68.9,Gujarat Coast,cybersecurity_intrusion_data.csv,0,1,0.0,0.0,8.67,0,0,UDP,0,0.0,1.0,0.1502,LOW,0
Doklam Plateau,27.3,89.1,Sikkim Ridge,cybersecurity_intrusion_data.csv,0,1,0.01,0.0,8.67,0,0,UDP,0,0.0,1.0,0.0787,LOW,0
Tawang Sector,27.6,91.9,Arunachal Sector,cybersecurity_intrusion_data.csv,0,1,0.01,0.0,9.33,0,0,TCP,0,0.0,1.0,0.4721,MEDIUM,0
Pir Panjal Range,33.5,74.2,J&K LoC,cybersecurity_intrusion_data.csv,0,1,0.04,0.0,10.67,0,1,TCP,0,0.0,1.0,0.5302,HIGH,0
Pangong Tso,33.7,78.9,Ladakh LAC,cybersecurity_intrusion_data.csv,0,1,0.02,0.0,12.67,0,1,UDP,0,0.0,1.0,0.2571,LOW,0
Nathula Pass,27.4,88.8,Sikkim Ridge,cybersecurity_intrusion_data.csv,0,1,0.02,0.0,8.0,0,1,TCP,0,0.0,1.0,0.041,LOW,0
Kutch Gulf,23.0,68.9,Gujarat Coast,cybersecurity_intrusion_data.csv,0,1,0.01,0.0,8.67,0,0,TCP,0,0.0,1.0,0.4484,MEDIUM,0
Pir Panjal Range,33.5,74.2,J&K LoC,cybersecurity_intrusion_data.csv,0,1,0.03,0.0,8.0,0,1,TCP,0,0.0,1.0,0.3471,MEDIUM,0
Pir Panjal Range,33.5,74.2,J&K LoC,cybersecurity_intrusion_data.csv,0,1,0.02,0.0,9.33,0,1,UDP,0,0.0,1.0,0.3488,MEDIUM,0
Galwan Valley,34.4,73.6,J&K LoC,cybersecurity_intrusion_data.csv,0,1,0.02,0.0,11.33,0,1,TCP,0,0.0,1.0,0.1318,LOW,0
Pir Panjal Range,33.5,74.2,J&K LoC,cybersecurity_intrusion_data.csv,0,1,0.01,0.0,9.33,0,0,TCP,0,0.0,1.0,0.1267,LOW,0
Galwan Valley,34.4,73.6,J&K LoC,cybersecurity_intrusion_data.csv,0,1,0.01,0.0,9.33,0,0,TCP,0,0.0,1.0,0.0655,LOW,0
Lipulekh Pass,30.2,80.3,Uttarakhand Pass,cybersecurity_intrusion_data.csv,0,1,0.01,0.0,9.33,0,0,TCP,0,0.0,1.0,0.1797,LOW,0
Pir Panjal Range,33.5,74.2,J&K LoC,cybersecurity_intrusion_data.csv,1,1,0.0,0.0,10.67,0,1,UDP,0,0.0,1.0,0.3819,MEDIUM,0
Wagah Border,31.6,74.6,Punjab Sector,cybersecurity_intrusion_data.csv,0,1,0.02,0.0,8.0,0,0,UDP,0,0.0,1.0,0.1075,LOW,0
Mizoram Border,22.7,92.7,Northeast Sector,cybersecurity_intrusion_data.csv,0,1,0.01,0.0,8.0,0,0,ICMP,0,0.0,1.0,0.1479,LOW,0
Anjaw District,28.1,96.3,Arunachal Sector,cybersecurity_intrusion_data.csv,0,1,0.02,0.0,10.0,0,0,TCP,0,0.0,1.0,0.4676,MEDIUM,0
Tawang Sector,27.6,91.9,Arunachal Sector,cybersecurity_intrusion_data.csv,0,1,0.01,0.0,11.33,0,1,UDP,0,0.0,1.0,0.5243,HIGH,0
Tawang Sector,27.6,91.9,Arunachal Sector,cybersecurity_intrusion_data.csv,0,1,0.03,0.0,8.67,0,1,UDP,0,0.0,1.0,0.1756,LOW,0
Anjaw District,28.1,96.3,Arunachal Sector,cybersecurity_intrusion_data.csv,0,1,0.01,0.0,8.0,0,0,TCP,0,0.0,1.0,0.007,LOW,0
Barmer Sector,25.7,71.4,Rajasthan Border,cybersecurity_intrusion_data.csv,0,1,0.02,0.0,10.67,0,0,UDP,0,0.0,1.0,0.5325,HIGH,0
Doklam Plateau,27.3,89.1,Sikkim Ridge,cybersecurity_intrusion_data.csv,0,1,0.01,0.0,10.0,0,0,UDP,0,0.0,1.0,0.2547,LOW,0
Kutch Gulf,23.0,68.9,Gujarat Coast,cybersecurity_intrusion_data.csv,0,1,0.0,0.0,7.33,0,0,TCP,0,0.0,1.0,0.094,LOW,0
Doklam Plateau,27.3,89.1,Sikkim Ridge,cybersecurity_intrusion_data.csv,0,1,0.02,0.0,8.67,0,0,TCP,0,0.0,1.0,0.5677,HIGH,0
Tawang Sector,27.6,91.9,Arunachal Sector,cybersecurity_intrusion_data.csv,1,1,0.01,0.0,8.67,0,1,TCP,0,0.0,1.0,0.004,LOW,0
Siachen Glacier,35.5,76.9,Ladakh LAC,cybersecurity_intrusion_data.csv,0,1,0.0,0.0,9.33,0,1,ICMP,0,0.0,1.0,0.3738,MEDIUM,0
Lipulekh Pass,30.2,80.3,Uttarakhand Pass,cybersecurity_intrusion_data.csv,0,1,0.02,0.0,9.33,0,1,TCP,0,0.0,1.0,0.105,LOW,0
Pir Panjal Range,33.5,74.2,J&K LoC,cybersecurity_intrusion_data.csv,0,1,0.0,0.0,9.33,0,1,UDP,0,0.0,1.0,0.1193,LOW,0
Rann of Kutch,23.9,70.0,Gujarat Coast,cybersecurity_intrusion_data.csv,0,1,0.02,0.0,8.0,0,1,UDP,0,0.0,1.0,0.1028,LOW,0
Pangong Tso,33.7,78.9,Ladakh LAC,cybersecurity_intrusion_data.csv,0,1,0.01,0.0,10.0,0,0,TCP,0,0.0,1.0,0.1708,LOW,0
Nathula Pass,27.4,88.8,Sikkim Ridge,cybersecurity_intrusion_data.csv,1,1,0.01,0.0,8.67,0,1,UDP,0,0.0,1.0,0.4066,MEDIUM,0
Barmer Sector,25.7,71.4,Rajasthan Border,cybersecurity_intrusion_data.csv,1,1,0.02,0.0,8.0,0,0,TCP,0,0.0,1.0,0.3991,MEDIUM,0
Wagah Border,31.6,74.6,Punjab Sector,cybersecurity_intrusion_data.csv,0,1,0.01,0.0,10.0,0,1,TCP,0,0.0,1.0,0.6592,HIGH,0
Galwan Valley,34.4,73.6,J&K LoC,cybersecurity_intrusion_data.csv,0,1,0.02,0.0,7.33,0,0,TCP,0,0.0,1.0,0.2101,LOW,0
Lipulekh Pass,30.2,80.3,Uttarakhand Pass,cybersecurity_intrusion_data.csv,0,1,0.01,0.0,10.67,0,0,UDP,0,0.0,1.0,0.4973,MEDIUM,0
Depsang Plains,35.1,77.8,Ladakh LAC,cybersecurity_intrusion_data.csv,0,1,0.02,0.0,8.67,0,0,TCP,0,0.0,1.0,0.3754,MEDIUM,0
Galwan Valley,34.4,73.6,J&K LoC,cybersecurity_intrusion_data.csv,0,1,0.02,0.0,8.67,0,0,UDP,0,0.0,1.0,0.1933,LOW,0
Wagah Border,31.6,74.6,Punjab Sector,cybersecurity_intrusion_data.csv,0,1,0.03,0.0,10.0,0,1,TCP,0,0.0,1.0,0.388,MEDIUM,0
Galwan Valley,34.4,73.6,J&K LoC,cybersecurity_intrusion_data.csv,0,1,0.02,0.0,10.0,0,0,TCP,0,0.0,1.0,0.1828,LOW,0
Anjaw District,28.1,96.3,Arunachal Sector,cybersecurity_intrusion_data.csv,0,1,0.0,0.0,10.67,0,0,TCP,0,0.0,1.0,0.3333,MEDIUM,0
Lipulekh Pass,30.2,80.3,Uttarakhand Pass,cybersecurity_intrusion_data.csv,0,1,0.03,0.0,10.0,0,1,TCP,0,0.0,1.0,0.5225,HIGH,0
Wagah Border,31.6,74.6,Punjab Sector,cybersecurity_intrusion_data.csv,0,1,0.02,0.0,9.33,0,1,TCP,0,0.0,1.0,0.4337,MEDIUM,0
Doklam Plateau,27.3,89.1,Sikkim Ridge,cybersecurity_intrusion_data.csv,0,1,0.02,0.0,8.0,0,0,TCP,0,0.0,1.0,0.0922,LOW,0
Galwan Valley,34.4,73.6,J&K LoC,cybersecurity_intrusion_data.csv,0,1,0.01,0.0,10.0,0,0,TCP,0,0.0,1.0,0.1543,LOW,0
Kutch Gulf,23.0,68.9,Gujarat Coast,cybersecurity_intrusion_data.csv,0,1,0.02,0.0,7.33,0,0,TCP,0,0.0,1.0,0.132,LOW,0
Mizoram Border,22.7,92.7,Northeast Sector,cybersecurity_intrusion_data.csv,0,1,0.03,0.0,8.0,0,1,TCP,0,0.0,1.0,0.4763,MEDIUM,0
Pir Panjal Range,33.5,74.2,J&K LoC,cybersecurity_intrusion_data.csv,0,1,0.01,0.0,10.67,0,1,TCP,0,0.0,1.0,0.577,HIGH,0
Kutch Gulf,23.0,68.9,Gujarat Coast,cybersecurity_intrusion_data.csv,0,1,0.01,0.0,7.33,0,0,TCP,0,0.0,1.0,0.3688,MEDIUM,0
Doklam Plateau,27.3,89.1,Sikkim Ridge,cybersecurity_intrusion_data.csv,0,1,0.02,0.0,9.33,0,0,TCP,0,0.0,1.0,0.0493,LOW,0
Pir Panjal Range,33.5,74.2,J&K LoC,cybersecurity_intrusion_data.csv,1,1,0.01,0.0,8.0,0,0,TCP,0,0.0,1.0,0.4695,MEDIUM,0
Nathula Pass,27.4,88.8,Sikkim Ridge,cybersecurity_intrusion_data.csv,0,1,0.02,0.0,9.33,0,0,TCP,0,0.0,1.0,0.4552,MEDIUM,0
Siachen Glacier,35.5,76.9,Ladakh LAC,cybersecurity_intrusion_data.csv,0,1,0.01,0.0,10.0,0,0,ICMP,0,0.0,1.0,0.1335,LOW,0
Rann of Kutch,23.9,70.0,Gujarat Coast,cybersecurity_intrusion_data.csv,0,1,0.01,0.0,7.33,0,1,UDP,0,0.0,1.0,0.7603,CRITICAL,0
Tawang Sector,27.6,91.9,Arunachal Sector,cybersecurity_intrusion_data.csv,0,1,0.01,0.0,8.67,0,0,UDP,0,0.0,1.0,0.1516,LOW,0
Mizoram Border,22.7,92.7,Northeast Sector,cybersecurity_intrusion_data.csv,0,1,0.03,0.0,8.0,0,1,UDP,0,0.0,1.0,0.1873,LOW,0
Anjaw District,28.1,96.3,Arunachal Sector,cybersecurity_intrusion_data.csv,0,1,0.05,0.0,9.33,0,1,TCP,0,0.0,1.0,0.6156,HIGH,0
Pir Panjal Range,33.5,74.2,J&K LoC,cybersecurity_intrusion_data.csv,0,1,0.03,0.0,13.33,0,1,UDP,0,0.0,1.0,0.3315,MEDIUM,0
Lipulekh Pass,30.2,80.3,Uttarakhand Pass,cybersecurity_intrusion_data.csv,0,1,0.03,0.0,10.0,0,1,TCP,0,0.0,1.0,0.3473,MEDIUM,0
Nathula Pass,27.4,88.8,Sikkim Ridge,cybersecurity_intrusion_data.csv,0,1,0.02,0.0,8.0,0,0,UDP,0,0.0,1.0,0.3274,MEDIUM,0
Tawang Sector,27.6,91.9,Arunachal Sector,cybersecurity_intrusion_data.csv,0,1,0.03,0.0,9.33,0,1,UDP,0,0.0,1.0,0.237,LOW,0
Rann of Kutch,23.9,70.0,Gujarat Coast,cybersecurity_intrusion_data.csv,0,1,0.02,0.0,10.67,0,0,TCP,0,0.0,1.0,0.3598,MEDIUM,0
Depsang Plains,35.1,77.8,Ladakh LAC,cybersecurity_intrusion_data.csv,0,1,0.03,0.0,10.67,0,1,UDP,0,0.0,1.0,0.3469,MEDIUM,0
Nathula Pass,27.4,88.8,Sikkim Ridge,cybersecurity_intrusion_data.csv,0,1,0.03,0.0,8.0,0,1,TCP,0,0.0,1.0,0.3723,MEDIUM,0
Anjaw District,28.1,96.3,Arunachal Sector,cybersecurity_intrusion_data.csv,0,1,0.01,0.0,8.67,0,1,UDP,0,0.0,1.0,0.2294,LOW,0
Lipulekh Pass,30.2,80.3,Uttarakhand Pass,cybersecurity_intrusion_data.csv,0,1,0.02,0.0,8.0,0,0,TCP,0,0.0,1.0,0.4414,MEDIUM,0
Pangong Tso,33.7,78.9,Ladakh LAC,cybersecurity_intrusion_data.csv,1,1,0.04,0.0,11.33,0,1,TCP,0,0.0,1.0,0.2504,LOW,0
Wagah Border,31.6,74.6,Punjab Sector,cybersecurity_intrusion_data.csv,0,1,0.01,0.0,8.67,0,1,TCP,0,0.0,1.0,0.6975,HIGH,0
Anjaw District,28.1,96.3,Arunachal Sector,cybersecurity_intrusion_data.csv,1,1,0.02,0.0,11.33,0,1,TCP,0,0.0,1.0,0.2672,LOW,0
Siachen Glacier,35.5,76.9,Ladakh LAC,cybersecurity_intrusion_data.csv,0,1,0.02,0.0,10.67,0,0,TCP,0,0.0,1.0,0.4861,MEDIUM,0
Siachen Glacier,35.5,76.9,Ladakh LAC,cybersecurity_intrusion_data.csv,0,1,0.03,0.0,9.33,0,1,ICMP,0,0.0,1.0,0.2321,LOW,0
Barmer Sector,25.7,71.4,Rajasthan Border,cybersecurity_intrusion_data.csv,0,1,0.02,0.0,10.0,0,0,TCP,0,0.0,1.0,0.2339,LOW,0
Pangong Tso,33.7,78.9,Ladakh LAC,cybersecurity_intrusion_data.csv,0,1,0.03,0.0,8.0,0,1,TCP,0,0.0,1.0,0.3122,LOW,0
Tawang Sector,27.6,91.9,Arunachal Sector,cybersecurity_intrusion_data.csv,0,1,0.0,0.0,12.0,0,1,TCP,0,0.0,1.0,0.2299,LOW,0
Wagah Border,31.6,74.6,Punjab Sector,cybersecurity_intrusion_data.csv,0,1,0.01,0.0,10.0,0,1,UDP,0,0.0,1.0,0.3648,MEDIUM,0
Tawang Sector,27.6,91.9,Arunachal Sector,cybersecurity_intrusion_data.csv,0,1,0.01,0.0,13.33,0,1,TCP,0,0.0,1.0,0.4582,MEDIUM,0
Anjaw District,28.1,96.3,Arunachal Sector,cybersecurity_intrusion_data.csv,0,1,0.03,0.0,11.33,0,1,TCP,0,0.0,1.0,0.3083,LOW,0
Pangong Tso,33.7,78.9,Ladakh LAC,cybersecurity_intrusion_data.csv,0,1,0.02,0.0,10.0,0,0,UDP,0,0.0,1.0,0.176,LOW,0
Anjaw District,28.1,96.3,Arunachal Sector,cybersecurity_intrusion_data.csv,0,1,0.0,0.0,9.33,0,1,TCP,0,0.0,1.0,0.4269,MEDIUM,0
Barmer Sector,25.7,71.4,Rajasthan Border,cybersecurity_intrusion_data.csv,0,1,0.0,0.0,9.33,0,0,UDP,0,0.0,1.0,0.212,LOW,0
Lipulekh Pass,30.2,80.3,Uttarakhand Pass,cybersecurity_intrusion_data.csv,1,1,0.02,0.0,8.0,0,0,TCP,0,0.0,1.0,0.5444,HIGH,0
Mizoram Border,22.7,92.7,Northeast Sector,cybersecurity_intrusion_data.csv,0,1,0.0,0.0,8.0,0,0,TCP,0,0.0,1.0,0.321,MEDIUM,0
Kutch Gulf,23.0,68.9,Gujarat Coast,cybersecurity_intrusion_data.csv,0,1,0.0,0.0,8.0,0,0,TCP,0,0.0,1.0,0.2831,LOW,0
Depsang Plains,35.1,77.8,Ladakh LAC,cybersecurity_intrusion_data.csv,0,1,0.0,0.0,8.67,0,0,TCP,0,0.0,1.0,0.5085,MEDIUM,0
Anjaw District,28.1,96.3,Arunachal Sector,cybersecurity_intrusion_data.csv,0,1,0.01,0.0,12.0,0,1,TCP,0,0.0,1.0,0.134,LOW,0
Tawang Sector,27.6,91.9,Arunachal Sector,cybersecurity_intrusion_data.csv,0,1,0.02,0.0,8.0,0,0,TCP,0,0.0,1.0,0.4215,MEDIUM,0
Lipulekh Pass,30.2,80.3,Uttarakhand Pass,cybersecurity_intrusion_data.csv,0,1,0.02,0.0,10.67,0,1,UDP,0,0.0,1.0,0.8237,CRITICAL,0
Pangong Tso,33.7,78.9,Ladakh LAC,cybersecurity_intrusion_data.csv,0,1,0.01,0.0,10.0,0,0,TCP,0,0.0,1.0,0.0685,LOW,0
Mizoram Border,22.7,92.7,Northeast Sector,cybersecurity_intrusion_data.csv,0,1,0.03,0.0,8.0,0,1,UDP,0,0.0,1.0,0.4487,MEDIUM,0
Tawang Sector,27.6,91.9,Arunachal Sector,cybersecurity_intrusion_data.csv,0,1,0.02,0.0,9.33,0,0,TCP,0,0.0,1.0,0.2777,LOW,0
Nathula Pass,27.4,88.8,Sikkim Ridge,cybersecurity_intrusion_data.csv,1,1,0.04,0.0,10.0,0,1,TCP,0,0.0,1.0,0.0507,LOW,0
Galwan Valley,34.4,73.6,J&K LoC,cybersecurity_intrusion_data.csv,0,1,0.03,0.0,9.33,0,1,UDP,0,0.0,1.0,0.3948,MEDIUM,0
Pir Panjal Range,33.5,74.2,J&K LoC,cybersecurity_intrusion_data.csv,0,1,0.03,0.0,12.0,0,1,ICMP,0,0.0,1.0,0.2131,LOW,0
Pir Panjal Range,33.5,74.2,J&K LoC,cybersecurity_intrusion_data.csv,1,1,0.0,0.0,8.0,0,0,TCP,0,0.0,1.0,0.3168,LOW,0
Kutch Gulf,23.0,68.9,Gujarat Coast,cybersecurity_intrusion_data.csv,1,1,0.01,0.0,9.33,0,0,TCP,0,0.0,1.0,0.5405,HIGH,0
Anjaw District,28.1,96.3,Arunachal Sector,cybersecurity_intrusion_data.csv,0,1,0.0,0.0,10.0,0,0,TCP,0,0.0,1.0,0.1166,LOW,0
Depsang Plains,35.1,77.8,Ladakh LAC,cybersecurity_intrusion_data.csv,0,1,0.02,0.0,8.67,0,0,UDP,0,0.0,1.0,0.1242,LOW,0
Barmer Sector,25.7,71.4,Rajasthan Border,cybersecurity_intrusion_data.csv,0,1,0.03,0.0,8.67,0,1,TCP,0,0.0,1.0,0.3798,MEDIUM,0
Doklam Plateau,27.3,89.1,Sikkim Ridge,cybersecurity_intrusion_data.csv,0,1,0.01,0.0,11.33,0,1,TCP,0,0.0,1.0,0.0783,LOW,0
Mizoram Border,22.7,92.7,Northeast Sector,cybersecurity_intrusion_data.csv,1,1,0.0,0.0,10.0,0,1,UDP,0,0.0,1.0,0.1416,LOW,0
Barmer Sector,25.7,71.4,Rajasthan Border,cybersecurity_intrusion_data.csv,0,1,0.02,0.0,9.33,0,0,TCP,0,0.0,1.0,0.1432,LOW,0
Lipulekh Pass,30.2,80.3,Uttarakhand Pass,cybersecurity_intrusion_data.csv,0,1,0.03,0.0,8.0,0,1,TCP,0,0.0,1.0,0.5236,HIGH,0
Mizoram Border,22.7,92.7,Northeast Sector,cybersecurity_intrusion_data.csv,0,1,0.01,0.0,7.33,0,0,ICMP,0,0.0,1.0,0.4439,MEDIUM,0
Rann of Kutch,23.9,70.0,Gujarat Coast,cybersecurity_intrusion_data.csv,0,1,0.01,0.0,9.33,0,0,TCP,0,0.0,1.0,0.1589,LOW,0
Doklam Plateau,27.3,89.1,Sikkim Ridge,cybersecurity_intrusion_data.csv,0,1,0.02,0.0,8.67,0,0,TCP,0,0.0,1.0,0.1825,LOW,0
Depsang Plains,35.1,77.8,Ladakh LAC,cybersecurity_intrusion_data.csv,0,1,0.0,0.0,10.0,0,0,UDP,0,0.0,1.0,0.2827,LOW,0
Galwan Valley,34.4,73.6,J&K LoC,cybersecurity_intrusion_data.csv,0,1,0.01,0.0,9.33,0,0,TCP,0,0.0,1.0,0.4186,MEDIUM,0
Doklam Plateau,27.3,89.1,Sikkim Ridge,cybersecurity_intrusion_data.csv,0,1,0.01,0.0,10.0,0,0,ICMP,0,0.0,1.0,0.2258,LOW,0
Lipulekh Pass,30.2,80.3,Uttarakhand Pass,cybersecurity_intrusion_data.csv,1,1,0.04,0.0,8.67,0,1,TCP,0,0.0,1.0,0.7491,CRITICAL,0
Depsang Plains,35.1,77.8,Ladakh LAC,cybersecurity_intrusion_data.csv,1,1,0.01,0.0,10.0,0,0,TCP,0,0.0,1.0,0.2705,LOW,0
Galwan Valley,34.4,73.6,J&K LoC,cybersecurity_intrusion_data.csv,0,1,0.01,0.0,8.0,0,0,UDP,0,0.0,1.0,0.2109,LOW,0
Barmer Sector,25.7,71.4,Rajasthan Border,cybersecurity_intrusion_data.csv,0,1,0.02,0.0,7.33,0,0,ICMP,0,0.0,1.0,0.3896,MEDIUM,0
Kutch Gulf,23.0,68.9,Gujarat Coast,cybersecurity_intrusion_data.csv,0,1,0.01,0.0,10.0,0,0,ICMP,0,0.0,1.0,0.1042,LOW,0
Depsang Plains,35.1,77.8,Ladakh LAC,cybersecurity_intrusion_data.csv,0,1,0.02,0.0,8.67,0,1,TCP,0,0.0,1.0,0.1233,LOW,0
Nathula Pass,27.4,88.8,Sikkim Ridge,cybersecurity_intrusion_data.csv,1,1,0.01,0.0,10.67,0,0,TCP,0,0.0,1.0,0.1846,LOW,0
Galwan Valley,34.4,73.6,J&K LoC,cybersecurity_intrusion_data.csv,0,1,0.0,0.0,8.0,0,0,TCP,0,0.0,1.0,0.3629,MEDIUM,0
Barmer Sector,25.7,71.4,Rajasthan Border,cybersecurity_intrusion_data.csv,0,1,0.03,0.0,7.33,0,1,TCP,0,0.0,1.0,0.5129,MEDIUM,0
Rann of Kutch,23.9,70.0,Gujarat Coast,cybersecurity_intrusion_data.csv,0,1,0.01,0.0,12.0,0,1,TCP,0,0.0,1.0,0.2428,LOW,0
Pir Panjal Range,33.5,74.2,J&K LoC,cybersecurity_intrusion_data.csv,0,1,0.01,0.0,8.67,0,0,UDP,0,0.0,1.0,0.2948,LOW,0
Lipulekh Pass,30.2,80.3,Uttarakhand Pass,cybersecurity_intrusion_data.csv,0,1,0.01,0.0,10.0,0,1,TCP,0,0.0,1.0,0.3878,MEDIUM,0
Wagah Border,31.6,74.6,Punjab Sector,cybersecurity_intrusion_data.csv,0,1,0.01,0.0,8.67,0,0,UDP,0,0.0,1.0,0.3781,MEDIUM,0
Pir Panjal Range,33.5,74.2,J&K LoC,cybersecurity_intrusion_data.csv,1,1,0.02,0.0,9.33,0,0,TCP,0,0.0,1.0,0.1259,LOW,0
Wagah Border,31.6,74.6,Punjab Sector,cybersecurity_intrusion_data.csv,0,1,0.02,0.0,9.33,0,1,TCP,0,0.0,1.0,0.244,LOW,0
Doklam Plateau,27.3,89.1,Sikkim Ridge,cybersecurity_intrusion_data.csv,0,1,0.01,0.0,9.33,0,0,TCP,0,0.0,1.0,0.0376,LOW,0
Kutch Gulf,23.0,68.9,Gujarat Coast,cybersecurity_intrusion_data.csv,1,1,0.02,0.0,8.0,0,1,TCP,0,0.0,1.0,0.2745,LOW,0
Lipulekh Pass,30.2,80.3,Uttarakhand Pass,cybersecurity_intrusion_data.csv,1,1,0.03,0.0,9.33,0,1,TCP,0,0.0,1.0,0.4777,MEDIUM,0
Rann of Kutch,23.9,70.0,Gujarat Coast,cybersecurity_intrusion_data.csv,0,1,0.03,0.0,8.0,0,1,UDP,0,0.0,1.0,0.2556,LOW,0
Nathula Pass,27.4,88.8,Sikkim Ridge,cybersecurity_intrusion_data.csv,1,1,0.03,0.0,8.67,0,1,TCP,0,0.0,1.0,0.4633,MEDIUM,0
Pir Panjal Range,33.5,74.2,J&K LoC,cybersecurity_intrusion_data.csv,0,1,0.03,0.0,10.0,0,1,TCP,0,0.0,1.0,0.4189,MEDIUM,0
Depsang Plains,35.1,77.8,Ladakh LAC,cybersecurity_intrusion_data.csv,0,1,0.03,0.0,8.67,0,1,TCP,0,0.0,1.0,0.1104,LOW,0
Depsang Plains,35.1,77.8,Ladakh LAC,cybersecurity_intrusion_data.csv,0,1,0.01,0.0,8.67,0,1,TCP,0,0.0,1.0,0.6324,HIGH,0
Galwan Valley,34.4,73.6,J&K LoC,cybersecurity_intrusion_data.csv,1,1,0.01,0.0,8.0,0,0,TCP,0,0.0,1.0,0.2197,LOW,0
Lipulekh Pass,30.2,80.3,Uttarakhand Pass,cybersecurity_intrusion_data.csv,1,1,0.02,0.0,11.33,0,1,TCP,0,0.0,1.0,0.3638,MEDIUM,0
Barmer Sector,25.7,71.4,Rajasthan Border,cybersecurity_intrusion_data.csv,0,1,0.02,0.0,10.0,0,0,TCP,0,0.0,1.0,0.3258,MEDIUM,0
Pangong Tso,33.7,78.9,Ladakh LAC,cybersecurity_intrusion_data.csv,0,1,0.02,0.0,7.33,0,0,TCP,0,0.0,1.0,0.1725,LOW,0
Siachen Glacier,35.5,76.9,Ladakh LAC,cybersecurity_intrusion_data.csv,0,1,0.0,0.0,8.67,0,0,ICMP,0,0.0,1.0,0.1535,LOW,0
Rann of Kutch,23.9,70.0,Gujarat Coast,cybersecurity_intrusion_data.csv,0,1,0.03,0.0,8.0,0,1,TCP,0,0.0,1.0,0.2877,LOW,0
Kutch Gulf,23.0,68.9,Gujarat Coast,cybersecurity_intrusion_data.csv,1,1,0.02,0.0,8.0,0,0,ICMP,0,0.0,1.0,0.1028,LOW,0
Wagah Border,31.6,74.6,Punjab Sector,cybersecurity_intrusion_data.csv,1,1,0.02,0.0,9.33,0,0,UDP,0,0.0,1.0,0.0767,LOW,0
Nathula Pass,27.4,88.8,Sikkim Ridge,cybersecurity_intrusion_data.csv,1,1,0.0,0.0,10.67,0,0,UDP,0,0.0,1.0,0.2724,LOW,0
Doklam Plateau,27.3,89.1,Sikkim Ridge,cybersecurity_intrusion_data.csv,0,1,0.03,0.0,10.67,0,1,TCP,0,0.0,1.0,0.0988,LOW,0
Depsang Plains,35.1,77.8,Ladakh LAC,cybersecurity_intrusion_data.csv,0,1,0.02,0.0,10.0,0,0,TCP,0,0.0,1.0,0.0459,LOW,0
Siachen Glacier,35.5,76.9,Ladakh LAC,cybersecurity_intrusion_data.csv,1,1,0.04,0.0,8.0,0,1,UDP,0,0.0,1.0,0.13,LOW,0
Pir Panjal Range,33.5,74.2,J&K LoC,cybersecurity_intrusion_data.csv,0,1,0.01,0.0,7.33,0,0,UDP,0,0.0,1.0,0.2023,LOW,0
Anjaw District,28.1,96.3,Arunachal Sector,cybersecurity_intrusion_data.csv,0,1,0.02,0.0,9.33,0,0,TCP,0,0.0,1.0,0.4728,MEDIUM,0
Barmer Sector,25.7,71.4,Rajasthan Border,cybersecurity_intrusion_data.csv,0,1,0.02,0.0,10.67,0,1,TCP,0,0.0,1.0,0.3449,MEDIUM,0
Barmer Sector,25.7,71.4,Rajasthan Border,cybersecurity_intrusion_data.csv,0,1,0.01,0.0,7.33,0,0,TCP,0,0.0,1.0,0.1692,LOW,0
Tawang Sector,27.6,91.9,Arunachal Sector,cybersecurity_intrusion_data.csv,0,1,0.02,0.0,8.67,0,0,TCP,0,0.0,1.0,0.3478,MEDIUM,0
Pangong Tso,33.7,78.9,Ladakh LAC,cybersecurity_intrusion_data.csv,0,1,0.01,0.0,7.33,0,1,UDP,0,0.0,1.0,0.1023,LOW,0
Barmer Sector,25.7,71.4,Rajasthan Border,cybersecurity_intrusion_data.csv,0,1,0.02,0.0,7.33,0,0,TCP,0,0.0,1.0,0.335,MEDIUM,0
Galwan Valley,34.4,73.6,J&K LoC,cybersecurity_intrusion_data.csv,0,1,0.0,0.0,8.67,0,0,TCP,0,0.0,1.0,0.3227,MEDIUM,0
Nathula Pass,27.4,88.8,Sikkim Ridge,cybersecurity_intrusion_data.csv,0,1,0.01,0.0,10.67,0,0,UDP,0,0.0,1.0,0.3863,MEDIUM,0
Pir Panjal Range,33.5,74.2,J&K LoC,cybersecurity_intrusion_data.csv,0,1,0.02,0.0,10.0,0,0,UDP,0,0.0,1.0,0.4307,MEDIUM,0
Barmer Sector,25.7,71.4,Rajasthan Border,cybersecurity_intrusion_data.csv,0,1,0.01,0.0,9.33,0,0,TCP,0,0.0,1.0,0.5947,HIGH,0
Kutch Gulf,23.0,68.9,Gujarat Coast,cybersecurity_intrusion_data.csv,0,1,0.03,0.0,8.0,0,1,TCP,0,0.0,1.0,0.2026,LOW,0
Galwan Valley,34.4,73.6,J&K LoC,cybersecurity_intrusion_data.csv,0,1,0.02,0.0,8.0,0,0,UDP,0,0.0,1.0,0.2382,LOW,0
Siachen Glacier,35.5,76.9,Ladakh LAC,cybersecurity_intrusion_data.csv,0,1,0.0,0.0,8.67,0,0,TCP,0,0.0,1.0,0.5025,MEDIUM,0
Tawang Sector,27.6,91.9,Arunachal Sector,cybersecurity_intrusion_data.csv,0,1,0.01,0.0,9.33,0,0,TCP,0,0.0,1.0,0.1844,LOW,0
Tawang Sector,27.6,91.9,Arunachal Sector,cybersecurity_intrusion_data.csv,0,1,0.03,0.0,8.67,0,1,TCP,0,0.0,1.0,0.1631,LOW,0
Siachen Glacier,35.5,76.9,Ladakh LAC,cybersecurity_intrusion_data.csv,0,1,0.02,0.0,7.33,0,0,TCP,0,0.0,1.0,0.1975,LOW,0
Mizoram Border,22.7,92.7,Northeast Sector,cybersecurity_intrusion_data.csv,0,1,0.0,0.0,10.0,0,0,UDP,0,0.0,1.0,0.2309,LOW,0
Siachen Glacier,35.5,76.9,Ladakh LAC,cybersecurity_intrusion_data.csv,0,1,0.03,0.0,11.33,0,1,TCP,0,0.0,1.0,0.385,MEDIUM,0
Barmer Sector,25.7,71.4,Rajasthan Border,cybersecurity_intrusion_data.csv,0,1,0.02,0.0,8.67,0,0,TCP,0,0.0,1.0,0.3133,LOW,0
Lipulekh Pass,30.2,80.3,Uttarakhand Pass,cybersecurity_intrusion_data.csv,0,1,0.01,0.0,11.33,0,1,TCP,0,0.0,1.0,0.2511,LOW,0
Wagah Border,31.6,74.6,Punjab Sector,cybersecurity_intrusion_data.csv,0,1,0.02,0.0,8.67,0,0,UDP,0,0.0,1.0,0.4011,MEDIUM,0
Pangong Tso,33.7,78.9,Ladakh LAC,cybersecurity_intrusion_data.csv,0,1,0.01,0.0,10.67,0,0,UDP,0,0.0,1.0,0.1561,LOW,0
Tawang Sector,27.6,91.9,Arunachal Sector,cybersecurity_intrusion_data.csv,0,1,0.02,0.0,10.0,0,1,TCP,0,0.0,1.0,0.2074,LOW,0
Wagah Border,31.6,74.6,Punjab Sector,cybersecurity_intrusion_data.csv,0,1,0.01,0.0,11.33,0,1,TCP,0,0.0,1.0,0.2402,LOW,0
Tawang Sector,27.6,91.9,Arunachal Sector,cybersecurity_intrusion_data.csv,0,1,0.02,0.0,10.0,0,0,TCP,0,0.0,1.0,0.2256,LOW,0
Barmer Sector,25.7,71.4,Rajasthan Border,cybersecurity_intrusion_data.csv,0,1,0.03,0.0,10.0,0,1,TCP,0,0.0,1.0,0.7008,HIGH,0
Depsang Plains,35.1,77.8,Ladakh LAC,cybersecurity_intrusion_data.csv,0,1,0.03,0.0,10.0,0,1,UDP,0,0.0,1.0,0.4114,MEDIUM,0
Galwan Valley,34.4,73.6,J&K LoC,cybersecurity_intrusion_data.csv,1,1,0.01,0.0,8.0,0,0,TCP,0,0.0,1.0,0.1419,LOW,0
Barmer Sector,25.7,71.4,Rajasthan Border,cybersecurity_intrusion_data.csv,0,1,0.01,0.0,8.67,0,0,TCP,0,0.0,1.0,0.216,LOW,0
Wagah Border,31.6,74.6,Punjab Sector,cybersecurity_intrusion_data.csv,0,1,0.0,0.0,10.0,0,1,UDP,0,0.0,1.0,0.2124,LOW,0
Depsang Plains,35.1,77.8,Ladakh LAC,cybersecurity_intrusion_data.csv,0,1,0.01,0.0,8.67,0,0,TCP,0,0.0,1.0,0.1285,LOW,0
Pir Panjal Range,33.5,74.2,J&K LoC,cybersecurity_intrusion_data.csv,0,1,0.01,0.0,9.33,0,1,UDP,0,0.0,1.0,0.4809,MEDIUM,0
Depsang Plains,35.1,77.8,Ladakh LAC,cybersecurity_intrusion_data.csv,0,1,0.02,0.0,8.67,0,0,UDP,0,0.0,1.0,0.144,LOW,0
Mizoram Border,22.7,92.7,Northeast Sector,cybersecurity_intrusion_data.csv,0,1,0.01,0.0,7.33,0,0,TCP,0,0.0,1.0,0.3297,MEDIUM,0
Barmer Sector,25.7,71.4,Rajasthan Border,cybersecurity_intrusion_data.csv,0,1,0.01,0.0,10.0,0,0,TCP,0,0.0,1.0,0.2034,LOW,0
Mizoram Border,22.7,92.7,Northeast Sector,cybersecurity_intrusion_data.csv,0,1,0.01,0.0,9.33,0,1,ICMP,0,0.0,1.0,0.5204,HIGH,0
Mizoram Border,22.7,92.7,Northeast Sector,cybersecurity_intrusion_data.csv,0,1,0.02,0.0,10.67,0,0,TCP,0,0.0,1.0,0.3693,MEDIUM,0
Tawang Sector,27.6,91.9,Arunachal Sector,cybersecurity_intrusion_data.csv,0,1,0.01,0.0,9.33,0,1,TCP,0,0.0,1.0,0.6774,HIGH,0
Kutch Gulf,23.0,68.9,Gujarat Coast,cybersecurity_intrusion_data.csv,0,1,0.01,0.0,8.67,0,0,TCP,0,0.0,1.0,0.5154,MEDIUM,0
Pangong Tso,33.7,78.9,Ladakh LAC,cybersecurity_intrusion_data.csv,0,1,0.04,0.0,10.0,0,1,TCP,0,0.0,1.0,0.5949,HIGH,0
Nathula Pass,27.4,88.8,Sikkim Ridge,cybersecurity_intrusion_data.csv,0,1,0.01,0.0,8.67,0,1,TCP,0,0.0,1.0,0.2319,LOW,0
Pangong Tso,33.7,78.9,Ladakh LAC,cybersecurity_intrusion_data.csv,0,1,0.01,0.0,10.67,0,0,TCP,0,0.0,1.0,0.4179,MEDIUM,0
Nathula Pass,27.4,88.8,Sikkim Ridge,cybersecurity_intrusion_data.csv,0,1,0.01,0.0,7.33,0,0,TCP,0,0.0,1.0,0.216,LOW,0
Pir Panjal Range,33.5,74.2,J&K LoC,cybersecurity_intrusion_data.csv,0,1,0.01,0.0,8.67,0,0,TCP,0,0.0,1.0,0.3226,MEDIUM,0
Doklam Plateau,27.3,89.1,Sikkim Ridge,cybersecurity_intrusion_data.csv,0,1,0.0,0.0,10.0,0,0,TCP,0,0.0,1.0,0.2961,LOW,0
Galwan Valley,34.4,73.6,J&K LoC,cybersecurity_intrusion_data.csv,0,1,0.0,0.0,10.67,0,0,TCP,0,0.0,1.0,0.2507,LOW,0
Tawang Sector,27.6,91.9,Arunachal Sector,cybersecurity_intrusion_data.csv,1,1,0.01,0.0,10.0,0,0,UDP,0,0.0,1.0,0.2139,LOW,0
Kutch Gulf,23.0,68.9,Gujarat Coast,cybersecurity_intrusion_data.csv,0,1,0.02,0.0,10.0,0,0,TCP,0,0.0,1.0,0.1214,LOW,0
Nathula Pass,27.4,88.8,Sikkim Ridge,cybersecurity_intrusion_data.csv,0,1,0.03,0.0,10.67,0,1,UDP,0,0.0,1.0,0.4008,MEDIUM,0
Lipulekh Pass,30.2,80.3,Uttarakhand Pass,cybersecurity_intrusion_data.csv,0,1,0.01,0.0,8.67,0,0,TCP,0,0.0,1.0,0.2699,LOW,0
Doklam Plateau,27.3,89.1,Sikkim Ridge,cybersecurity_intrusion_data.csv,0,1,0.03,0.0,10.0,0,1,TCP,0,0.0,1.0,0.1636,LOW,0
Tawang Sector,27.6,91.9,Arunachal Sector,cybersecurity_intrusion_data.csv,0,1,0.01,0.0,9.33,0,0,TCP,0,0.0,1.0,0.3246,MEDIUM,0
Lipulekh Pass,30.2,80.3,Uttarakhand Pass,cybersecurity_intrusion_data.csv,0,1,0.02,0.0,8.67,0,0,TCP,0,0.0,1.0,0.3616,MEDIUM,0
Wagah Border,31.6,74.6,Punjab Sector,cybersecurity_intrusion_data.csv,1,1,0.03,0.0,8.0,0,1,TCP,0,0.0,1.0,0.0528,LOW,0
Pir Panjal Range,33.5,74.2,J&K LoC,cybersecurity_intrusion_data.csv,1,1,0.01,0.0,12.67,0,1,TCP,0,0.0,1.0,0.3971,MEDIUM,0
Wagah Border,31.6,74.6,Punjab Sector,cybersecurity_intrusion_data.csv,0,1,0.0,0.0,9.33,0,0,TCP,0,0.0,1.0,0.0557,LOW,0
Mizoram Border,22.7,92.7,Northeast Sector,cybersecurity_intrusion_data.csv,0,1,0.0,0.0,15.33,0,1,UDP,0,0.0,1.0,0.4192,MEDIUM,0
Rann of Kutch,23.9,70.0,Gujarat Coast,cybersecurity_intrusion_data.csv,0,1,0.01,0.0,8.67,0,0,TCP,0,0.0,1.0,0.3549,MEDIUM,0
Galwan Valley,34.4,73.6,J&K LoC,cybersecurity_intrusion_data.csv,0,1,0.0,0.0,11.33,0,1,TCP,0,0.0,1.0,0.1761,LOW,0
Anjaw District,28.1,96.3,Arunachal Sector,cybersecurity_intrusion_data.csv,0,1,0.0,0.0,8.0,0,0,TCP,0,0.0,1.0,0.2729,LOW,0
Anjaw District,28.1,96.3,Arunachal Sector,cybersecurity_intrusion_data.csv,0,1,0.0,0.0,9.33,0,0,UDP,0,0.0,1.0,0.0692,LOW,0
Depsang Plains,35.1,77.8,Ladakh LAC,cybersecurity_intrusion_data.csv,0,1,0.01,0.0,9.33,0,0,TCP,0,0.0,1.0,0.2596,LOW,0
Siachen Glacier,35.5,76.9,Ladakh LAC,cybersecurity_intrusion_data.csv,0,1,0.0,0.0,8.0,0,1,TCP,0,0.0,1.0,0.7934,CRITICAL,0
Kutch Gulf,23.0,68.9,Gujarat Coast,cybersecurity_intrusion_data.csv,1,1,0.04,0.0,8.0,0,1,TCP,0,0.0,1.0,0.4728,MEDIUM,0
Anjaw District,28.1,96.3,Arunachal Sector,cybersecurity_intrusion_data.csv,1,1,0.01,0.0,10.0,0,1,TCP,0,0.0,1.0,0.5665,HIGH,0
Siachen Glacier,35.5,76.9,Ladakh LAC,cybersecurity_intrusion_data.csv,0,1,0.02,0.0,10.67,0,0,TCP,0,0.0,1.0,0.0438,LOW,0
Tawang Sector,27.6,91.9,Arunachal Sector,cybersecurity_intrusion_data.csv,0,1,0.01,0.0,7.33,0,0,TCP,0,0.0,1.0,0.2891,LOW,0
Tawang Sector,27.6,91.9,Arunachal Sector,cybersecurity_intrusion_data.csv,0,1,0.01,0.0,9.33,0,1,UDP,0,0.0,1.0,0.384,MEDIUM,0
Siachen Glacier,35.5,76.9,Ladakh LAC,cybersecurity_intrusion_data.csv,0,1,0.02,0.0,8.0,0,0,TCP,0,0.0,1.0,0.3022,LOW,0
Galwan Valley,34.4,73.6,J&K LoC,cybersecurity_intrusion_data.csv,1,1,0.02,0.0,10.0,0,0,TCP,0,0.0,1.0,0.24,LOW,0
Kutch Gulf,23.0,68.9,Gujarat Coast,cybersecurity_intrusion_data.csv,1,1,0.01,0.0,8.67,0,0,UDP,0,0.0,1.0,0.2463,LOW,0
Rann of Kutch,23.9,70.0,Gujarat Coast,cybersecurity_intrusion_data.csv,0,1,0.01,0.0,8.67,0,1,TCP,0,0.0,1.0,0.1569,LOW,0
Nathula Pass,27.4,88.8,Sikkim Ridge,cybersecurity_intrusion_data.csv,0,1,0.02,0.0,8.0,0,0,TCP,0,0.0,1.0,0.2045,LOW,0
Wagah Border,31.6,74.6,Punjab Sector,cybersecurity_intrusion_data.csv,1,1,0.03,0.0,11.33,0,1,ICMP,0,0.0,1.0,0.2564,LOW,0
Pir Panjal Range,33.5,74.2,J&K LoC,cybersecurity_intrusion_data.csv,0,1,0.03,0.0,8.0,0,1,UDP,0,0.0,1.0,0.2182,LOW,0
Rann of Kutch,23.9,70.0,Gujarat Coast,cybersecurity_intrusion_data.csv,1,1,0.02,0.0,9.33,0,0,TCP,0,0.0,1.0,0.1961,LOW,0
Depsang Plains,35.1,77.8,Ladakh LAC,cybersecurity_intrusion_data.csv,0,1,0.0,0.0,8.0,0,0,TCP,0,0.0,1.0,0.4169,MEDIUM,0
Mizoram Border,22.7,92.7,Northeast Sector,cybersecurity_intrusion_data.csv,0,1,0.01,0.0,12.0,0,1,TCP,0,0.0,1.0,0.23,LOW,0
Galwan Valley,34.4,73.6,J&K LoC,cybersecurity_intrusion_data.csv,0,1,0.01,0.0,8.0,0,1,TCP,0,0.0,1.0,0.63,HIGH,0
Depsang Plains,35.1,77.8,Ladakh LAC,cybersecurity_intrusion_data.csv,0,1,0.03,0.0,9.33,0,1,TCP,0,0.0,1.0,0.2369,LOW,0
Doklam Plateau,27.3,89.1,Sikkim Ridge,cybersecurity_intrusion_data.csv,0,1,0.0,0.0,8.67,0,0,TCP,0,0.0,1.0,0.2263,LOW,0
Kutch Gulf,23.0,68.9,Gujarat Coast,cybersecurity_intrusion_data.csv,0,1,0.02,0.0,12.67,0,1,TCP,0,0.0,1.0,0.2687,LOW,0
Galwan Valley,34.4,73.6,J&K LoC,cybersecurity_intrusion_data.csv,0,1,0.0,0.0,8.67,0,0,TCP,0,0.0,1.0,0.3416,MEDIUM,0
Tawang Sector,27.6,91.9,Arunachal Sector,cybersecurity_intrusion_data.csv,0,1,0.0,0.0,10.0,0,1,UDP,0,0.0,1.0,0.2739,LOW,0
Pangong Tso,33.7,78.9,Ladakh LAC,cybersecurity_intrusion_data.csv,0,1,0.01,0.0,9.33,0,0,TCP,0,0.0,1.0,0.5306,HIGH,0
Anjaw District,28.1,96.3,Arunachal Sector,cybersecurity_intrusion_data.csv,0,1,0.01,0.0,9.33,0,0,TCP,0,0.0,1.0,0.4873,MEDIUM,0
Mizoram Border,22.7,92.7,Northeast Sector,cybersecurity_intrusion_data.csv,0,1,0.0,0.0,8.67,0,0,TCP,0,0.0,1.0,0.0285,LOW,0
Tawang Sector,27.6,91.9,Arunachal Sector,cybersecurity_intrusion_data.csv,0,1,0.03,0.0,8.67,0,1,UDP,0,0.0,1.0,0.3852,MEDIUM,0
Pangong Tso,33.7,78.9,Ladakh LAC,cybersecurity_intrusion_data.csv,0,1,0.01,0.0,10.67,0,0,UDP,0,0.0,1.0,0.2361,LOW,0
Galwan Valley,34.4,73.6,J&K LoC,cybersecurity_intrusion_data.csv,0,1,0.01,0.0,8.0,0,0,TCP,0,0.0,1.0,0.1627,LOW,0
Siachen Glacier,35.5,76.9,Ladakh LAC,cybersecurity_intrusion_data.csv,0,1,0.01,0.0,7.33,0,1,TCP,0,0.0,1.0,0.7631,CRITICAL,0
Galwan Valley,34.4,73.6,J&K LoC,cybersecurity_intrusion_data.csv,0,1,0.01,0.0,9.33,0,1,TCP,0,0.0,1.0,0.627,HIGH,0
Lipulekh Pass,30.2,80.3,Uttarakhand Pass,cybersecurity_intrusion_data.csv,0,1,0.0,0.0,11.33,0,1,TCP,0,0.0,1.0,0.2922,LOW,0
Doklam Plateau,27.3,89.1,Sikkim Ridge,cybersecurity_intrusion_data.csv,0,1,0.0,0.0,8.0,0,0,TCP,0,0.0,1.0,0.4912,MEDIUM,0
Nathula Pass,27.4,88.8,Sikkim Ridge,cybersecurity_intrusion_data.csv,1,1,0.03,0.0,8.67,0,1,TCP,0,0.0,1.0,0.1061,LOW,0
Rann of Kutch,23.9,70.0,Gujarat Coast,cybersecurity_intrusion_data.csv,0,1,0.03,0.0,9.33,0,1,TCP,0,0.0,1.0,0.4466,MEDIUM,0
Lipulekh Pass,30.2,80.3,Uttarakhand Pass,cybersecurity_intrusion_data.csv,1,1,0.02,0.0,8.67,0,1,TCP,0,0.0,1.0,0.6219,HIGH,0
Siachen Glacier,35.5,76.9,Ladakh LAC,cybersecurity_intrusion_data.csv,0,1,0.01,0.0,8.67,0,1,TCP,0,0.0,1.0,0.7042,HIGH,0
Anjaw District,28.1,96.3,Arunachal Sector,cybersecurity_intrusion_data.csv,0,1,0.02,0.0,10.0,0,0,UDP,0,0.0,1.0,0.3666,MEDIUM,0
Tawang Sector,27.6,91.9,Arunachal Sector,cybersecurity_intrusion_data.csv,1,1,0.02,0.0,9.33,0,0,TCP,0,0.0,1.0,0.579,HIGH,0
Rann of Kutch,23.9,70.0,Gujarat Coast,cybersecurity_intrusion_data.csv,0,1,0.01,0.0,8.67,0,0,ICMP,0,0.0,1.0,0.2031,LOW,0
Tawang Sector,27.6,91.9,Arunachal Sector,cybersecurity_intrusion_data.csv,0,1,0.01,0.0,9.33,0,1,UDP,0,0.0,1.0,0.4322,MEDIUM,0
Siachen Glacier,35.5,76.9,Ladakh LAC,cybersecurity_intrusion_data.csv,0,1,0.02,0.0,7.33,0,1,UDP,0,0.0,1.0,0.5805,HIGH,0
Kutch Gulf,23.0,68.9,Gujarat Coast,cybersecurity_intrusion_data.csv,0,1,0.0,0.0,9.33,0,1,UDP,0,0.0,1.0,0.2205,LOW,0
Doklam Plateau,27.3,89.1,Sikkim Ridge,cybersecurity_intrusion_data.csv,0,1,0.02,0.0,7.33,0,0,TCP,0,0.0,1.0,0.3795,MEDIUM,0
Galwan Valley,34.4,73.6,J&K LoC,cybersecurity_intrusion_data.csv,1,1,0.01,0.0,7.33,0,1,TCP,0,0.0,1.0,0.1855,LOW,0
Barmer Sector,25.7,71.4,Rajasthan Border,cybersecurity_intrusion_data.csv,0,1,0.0,0.0,8.0,0,0,TCP,0,0.0,1.0,0.2512,LOW,0
Pangong Tso,33.7,78.9,Ladakh LAC,cybersecurity_intrusion_data.csv,0,1,0.02,0.0,8.67,0,0,TCP,0,0.0,1.0,0.3605,MEDIUM,0
Pir Panjal Range,33.5,74.2,J&K LoC,cybersecurity_intrusion_data.csv,0,1,0.01,0.0,8.0,0,0,TCP,0,0.0,1.0,0.0879,LOW,0
Rann of Kutch,23.9,70.0,Gujarat Coast,cybersecurity_intrusion_data.csv,1,1,0.03,0.0,11.33,0,1,TCP,0,0.0,1.0,0.0573,LOW,0
Anjaw District,28.1,96.3,Arunachal Sector,cybersecurity_intrusion_data.csv,0,1,0.03,0.0,7.33,0,1,UDP,0,0.0,1.0,0.6279,HIGH,0
Lipulekh Pass,30.2,80.3,Uttarakhand Pass,cybersecurity_intrusion_data.csv,0,1,0.02,0.0,10.67,0,1,TCP,0,0.0,1.0,0.6058,HIGH,0
Lipulekh Pass,30.2,80.3,Uttarakhand Pass,cybersecurity_intrusion_data.csv,0,1,0.03,0.0,9.33,0,1,TCP,0,0.0,1.0,0.5062,MEDIUM,0
Wagah Border,31.6,74.6,Punjab Sector,cybersecurity_intrusion_data.csv,0,1,0.01,0.0,10.67,0,0,UDP,0,0.0,1.0,0.2514,LOW,0
Galwan Valley,34.4,73.6,J&K LoC,cybersecurity_intrusion_data.csv,0,1,0.01,0.0,8.0,0,0,TCP,0,0.0,1.0,0.1838,LOW,0
Tawang Sector,27.6,91.9,Arunachal Sector,cybersecurity_intrusion_data.csv,0,1,0.02,0.0,9.33,0,1,TCP,0,0.0,1.0,0.5166,MEDIUM,0
Siachen Glacier,35.5,76.9,Ladakh LAC,cybersecurity_intrusion_data.csv,0,1,0.01,0.0,11.33,0,1,TCP,0,0.0,1.0,0.4034,MEDIUM,0
Barmer Sector,25.7,71.4,Rajasthan Border,cybersecurity_intrusion_data.csv,0,1,0.01,0.0,9.33,0,0,TCP,0,0.0,1.0,0.0361,LOW,0
Galwan Valley,34.4,73.6,J&K LoC,cybersecurity_intrusion_data.csv,0,1,0.01,0.0,9.33,0,1,TCP,0,0.0,1.0,0.3865,MEDIUM,0
Nathula Pass,27.4,88.8,Sikkim Ridge,cybersecurity_intrusion_data.csv,0,1,0.02,0.0,9.33,0,0,TCP,0,0.0,1.0,0.2228,LOW,0
Barmer Sector,25.7,71.4,Rajasthan Border,cybersecurity_intrusion_data.csv,0,1,0.01,0.0,10.67,0,1,TCP,0,0.0,1.0,0.1159,LOW,0
Mizoram Border,22.7,92.7,Northeast Sector,cybersecurity_intrusion_data.csv,0,1,0.0,0.0,8.67,0,0,TCP,0,0.0,1.0,0.5811,HIGH,0
Tawang Sector,27.6,91.9,Arunachal Sector,cybersecurity_intrusion_data.csv,0,1,0.01,0.0,7.33,0,0,TCP,0,0.0,1.0,0.2324,LOW,0
Depsang Plains,35.1,77.8,Ladakh LAC,cybersecurity_intrusion_data.csv,0,1,0.01,0.0,10.0,0,0,TCP,0,0.0,1.0,0.2784,LOW,0
Barmer Sector,25.7,71.4,Rajasthan Border,cybersecurity_intrusion_data.csv,0,1,0.03,0.0,10.0,0,1,UDP,0,0.0,1.0,0.6136,HIGH,0
Depsang Plains,35.1,77.8,Ladakh LAC,cybersecurity_intrusion_data.csv,0,1,0.02,0.0,10.67,0,1,ICMP,0,0.0,1.0,0.204,LOW,0
Depsang Plains,35.1,77.8,Ladakh LAC,cybersecurity_intrusion_data.csv,0,1,0.02,0.0,10.0,0,0,TCP,0,0.0,1.0,0.4269,MEDIUM,0
Mizoram Border,22.7,92.7,Northeast Sector,cybersecurity_intrusion_data.csv,0,1,0.01,0.0,8.0,0,1,ICMP,0,0.0,1.0,0.3636,MEDIUM,0
Rann of Kutch,23.9,70.0,Gujarat Coast,cybersecurity_intrusion_data.csv,0,1,0.03,0.0,9.33,0,1,TCP,0,0.0,1.0,0.311,LOW,0
Barmer Sector,25.7,71.4,Rajasthan Border,cybersecurity_intrusion_data.csv,0,1,0.03,0.0,12.67,0,1,TCP,0,0.0,1.0,0.3582,MEDIUM,0
Rann of Kutch,23.9,70.0,Gujarat Coast,cybersecurity_intrusion_data.csv,0,1,0.0,0.0,13.33,0,1,TCP,0,0.0,1.0,0.2228,LOW,0
Galwan Valley,34.4,73.6,J&K LoC,cybersecurity_intrusion_data.csv,0,1,0.02,0.0,9.33,0,0,UDP,0,0.0,1.0,0.444,MEDIUM,0
Galwan Valley,34.4,73.6,J&K LoC,cybersecurity_intrusion_data.csv,1,1,0.0,0.0,8.67,0,1,UDP,0,0.0,1.0,0.3259,MEDIUM,0
Tawang Sector,27.6,91.9,Arunachal Sector,cybersecurity_intrusion_data.csv,0,1,0.02,0.0,10.67,0,0,UDP,0,0.0,1.0,0.3305,MEDIUM,0
Depsang Plains,35.1,77.8,Ladakh LAC,cybersecurity_intrusion_data.csv,0,1,0.01,0.0,10.0,0,0,TCP,0,0.0,1.0,0.1676,LOW,0
Pir Panjal Range,33.5,74.2,J&K LoC,cybersecurity_intrusion_data.csv,0,1,0.01,0.0,8.67,0,1,TCP,0,0.0,1.0,0.3471,MEDIUM,0
Depsang Plains,35.1,77.8,Ladakh LAC,cybersecurity_intrusion_data.csv,0,1,0.01,0.0,9.33,0,0,TCP,0,0.0,1.0,0.1857,LOW,0
Lipulekh Pass,30.2,80.3,Uttarakhand Pass,cybersecurity_intrusion_data.csv,0,1,0.02,0.0,9.33,0,0,TCP,0,0.0,1.0,0.4723,MEDIUM,0
Rann of Kutch,23.9,70.0,Gujarat Coast,cybersecurity_intrusion_data.csv,0,1,0.01,0.0,8.67,0,0,UDP,0,0.0,1.0,0.5103,MEDIUM,0
Kutch Gulf,23.0,68.9,Gujarat Coast,cybersecurity_intrusion_data.csv,1,1,0.01,0.0,9.33,0,0,TCP,0,0.0,1.0,0.2599,LOW,0
Pangong Tso,33.7,78.9,Ladakh LAC,cybersecurity_intrusion_data.csv,0,1,0.0,0.0,10.0,0,0,TCP,0,0.0,1.0,0.2523,LOW,0
Nathula Pass,27.4,88.8,Sikkim Ridge,cybersecurity_intrusion_data.csv,0,1,0.02,0.0,8.67,0,0,TCP,0,0.0,1.0,0.562,HIGH,0
Lipulekh Pass,30.2,80.3,Uttarakhand Pass,cybersecurity_intrusion_data.csv,0,1,0.03,0.0,10.0,0,1,TCP,0,0.0,1.0,0.5156,MEDIUM,0
Kutch Gulf,23.0,68.9,Gujarat Coast,cybersecurity_intrusion_data.csv,0,1,0.02,0.0,10.0,0,0,TCP,0,0.0,1.0,0.1098,LOW,0
Doklam Plateau,27.3,89.1,Sikkim Ridge,cybersecurity_intrusion_data.csv,0,1,0.0,0.0,9.33,0,0,UDP,0,0.0,1.0,0.0582,LOW,0
Tawang Sector,27.6,91.9,Arunachal Sector,cybersecurity_intrusion_data.csv,0,1,0.01,0.0,10.0,0,1,TCP,0,0.0,1.0,0.336,MEDIUM,0
Kutch Gulf,23.0,68.9,Gujarat Coast,cybersecurity_intrusion_data.csv,1,1,0.01,0.0,10.0,0,0,TCP,0,0.0,1.0,0.3529,MEDIUM,0
Pir Panjal Range,33.5,74.2,J&K LoC,cybersecurity_intrusion_data.csv,0,1,0.02,0.0,8.67,0,0,TCP,0,0.0,1.0,0.5237,HIGH,0
Nathula Pass,27.4,88.8,Sikkim Ridge,cybersecurity_intrusion_data.csv,0,1,0.02,0.0,10.67,0,1,UDP,0,0.0,1.0,0.1367,LOW,0
Depsang Plains,35.1,77.8,Ladakh LAC,cybersecurity_intrusion_data.csv,0,1,0.01,0.0,9.33,0,0,TCP,0,0.0,1.0,0.5716,HIGH,0
Nathula Pass,27.4,88.8,Sikkim Ridge,cybersecurity_intrusion_data.csv,0,1,0.01,0.0,13.33,0,1,UDP,0,0.0,1.0,0.3504,MEDIUM,0
Pir Panjal Range,33.5,74.2,J&K LoC,cybersecurity_intrusion_data.csv,0,1,0.0,0.0,7.33,0,0,ICMP,0,0.0,1.0,0.1488,LOW,0
Mizoram Border,22.7,92.7,Northeast Sector,cybersecurity_intrusion_data.csv,0,1,0.03,0.0,9.33,0,1,TCP,0,0.0,1.0,0.1583,LOW,0
Doklam Plateau,27.3,89.1,Sikkim Ridge,cybersecurity_intrusion_data.csv,0,1,0.0,0.0,11.33,0,1,TCP,0,0.0,1.0,0.313,LOW,0
Siachen Glacier,35.5,76.9,Ladakh LAC,cybersecurity_intrusion_data.csv,0,1,0.01,0.0,13.33,0,1,TCP,0,0.0,1.0,0.1676,LOW,0
Lipulekh Pass,30.2,80.3,Uttarakhand Pass,cybersecurity_intrusion_data.csv,0,1,0.0,0.0,8.67,0,0,TCP,0,0.0,1.0,0.1973,LOW,0
Rann of Kutch,23.9,70.0,Gujarat Coast,cybersecurity_intrusion_data.csv,0,1,0.01,0.0,11.33,0,1,TCP,0,0.0,1.0,0.4739,MEDIUM,0
Mizoram Border,22.7,92.7,Northeast Sector,cybersecurity_intrusion_data.csv,1,1,0.03,0.0,10.67,0,1,TCP,0,0.0,1.0,0.3307,MEDIUM,0
Depsang Plains,35.1,77.8,Ladakh LAC,cybersecurity_intrusion_data.csv,0,1,0.0,0.0,10.0,0,0,TCP,0,0.0,1.0,0.2729,LOW,0
Tawang Sector,27.6,91.9,Arunachal Sector,cybersecurity_intrusion_data.csv,0,1,0.03,0.0,9.33,0,1,TCP,0,0.0,1.0,0.2821,LOW,0
Nathula Pass,27.4,88.8,Sikkim Ridge,cybersecurity_intrusion_data.csv,0,1,0.04,0.0,8.0,0,1,TCP,0,0.0,1.0,0.2992,LOW,0
Galwan Valley,34.4,73.6,J&K LoC,cybersecurity_intrusion_data.csv,0,1,0.0,0.0,10.67,0,1,UDP,0,0.0,1.0,0.2298,LOW,0
Pir Panjal Range,33.5,74.2,J&K LoC,cybersecurity_intrusion_data.csv,0,1,0.01,0.0,10.0,0,0,UDP,0,0.0,1.0,0.1641,LOW,0
Galwan Valley,34.4,73.6,J&K LoC,cybersecurity_intrusion_data.csv,0,1,0.03,0.0,8.0,0,1,TCP,0,0.0,1.0,0.1305,LOW,0
Wagah Border,31.6,74.6,Punjab Sector,cybersecurity_intrusion_data.csv,1,1,0.0,0.0,7.33,0,1,UDP,0,0.0,1.0,0.2107,LOW,0
Pir Panjal Range,33.5,74.2,J&K LoC,cybersecurity_intrusion_data.csv,0,1,0.02,0.0,9.33,0,1,TCP,0,0.0,1.0,0.246,LOW,0
Barmer Sector,25.7,71.4,Rajasthan Border,cybersecurity_intrusion_data.csv,0,1,0.03,0.0,11.33,0,1,UDP,0,0.0,1.0,0.3248,MEDIUM,0
Kutch Gulf,23.0,68.9,Gujarat Coast,cybersecurity_intrusion_data.csv,0,1,0.01,0.0,10.67,0,0,TCP,0,0.0,1.0,0.1432,LOW,0
Pangong Tso,33.7,78.9,Ladakh LAC,cybersecurity_intrusion_data.csv,0,1,0.01,0.0,12.0,0,1,TCP,0,0.0,1.0,0.3161,LOW,0
Rann of Kutch,23.9,70.0,Gujarat Coast,cybersecurity_intrusion_data.csv,0,1,0.0,0.0,8.67,0,0,UDP,0,0.0,1.0,0.3146,LOW,0
Doklam Plateau,27.3,89.1,Sikkim Ridge,cybersecurity_intrusion_data.csv,0,1,0.02,0.0,8.67,0,0,UDP,0,0.0,1.0,0.4814,MEDIUM,0
Depsang Plains,35.1,77.8,Ladakh LAC,cybersecurity_intrusion_data.csv,0,1,0.01,0.0,8.67,0,0,TCP,0,0.0,1.0,0.1451,LOW,0
Anjaw District,28.1,96.3,Arunachal Sector,cybersecurity_intrusion_data.csv,0,1,0.01,0.0,8.67,0,0,TCP,0,0.0,1.0,0.4577,MEDIUM,0
Anjaw District,28.1,96.3,Arunachal Sector,cybersecurity_intrusion_data.csv,1,1,0.02,0.0,8.0,0,0,TCP,0,0.0,1.0,0.2989,LOW,0
Nathula Pass,27.4,88.8,Sikkim Ridge,cybersecurity_intrusion_data.csv,0,1,0.01,0.0,8.67,0,1,TCP,0,0.0,1.0,0.6517,HIGH,0
Pangong Tso,33.7,78.9,Ladakh LAC,cybersecurity_intrusion_data.csv,0,1,0.0,0.0,11.33,0,1,UDP,0,0.0,1.0,0.2654,LOW,0
Doklam Plateau,27.3,89.1,Sikkim Ridge,cybersecurity_intrusion_data.csv,0,1,0.01,0.0,12.0,0,1,ICMP,0,0.0,1.0,0.288,LOW,0
Doklam Plateau,27.3,89.1,Sikkim Ridge,cybersecurity_intrusion_data.csv,0,1,0.02,0.0,8.0,0,0,TCP,0,0.0,1.0,0.1071,LOW,0
Tawang Sector,27.6,91.9,Arunachal Sector,cybersecurity_intrusion_data.csv,0,1,0.02,0.0,10.67,0,0,TCP,0,0.0,1.0,0.3943,MEDIUM,0
Barmer Sector,25.7,71.4,Rajasthan Border,cybersecurity_intrusion_data.csv,0,1,0.0,0.0,10.67,0,0,TCP,0,0.0,1.0,0.4183,MEDIUM,0
Tawang Sector,27.6,91.9,Arunachal Sector,cybersecurity_intrusion_data.csv,0,1,0.03,0.0,9.33,0,1,TCP,0,0.0,1.0,0.3224,MEDIUM,0
Kutch Gulf,23.0,68.9,Gujarat Coast,cybersecurity_intrusion_data.csv,1,1,0.01,0.0,10.67,0,0,TCP,0,0.0,1.0,0.1317,LOW,0
Pangong Tso,33.7,78.9,Ladakh LAC,cybersecurity_intrusion_data.csv,0,1,0.0,0.0,9.33,0,0,TCP,0,0.0,1.0,0.1867,LOW,0
Rann of Kutch,23.9,70.0,Gujarat Coast,cybersecurity_intrusion_data.csv,0,1,0.01,0.0,8.67,0,0,UDP,0,0.0,1.0,0.3818,MEDIUM,0
Anjaw District,28.1,96.3,Arunachal Sector,cybersecurity_intrusion_data.csv,0,1,0.01,0.0,7.33,0,0,TCP,0,0.0,1.0,0.4859,MEDIUM,0
Depsang Plains,35.1,77.8,Ladakh LAC,cybersecurity_intrusion_data.csv,0,1,0.01,0.0,9.33,0,0,TCP,0,0.0,1.0,0.453,MEDIUM,0
Siachen Glacier,35.5,76.9,Ladakh LAC,cybersecurity_intrusion_data.csv,0,1,0.02,0.0,8.0,0,0,UDP,0,0.0,1.0,0.2052,LOW,0
Rann of Kutch,23.9,70.0,Gujarat Coast,cybersecurity_intrusion_data.csv,0,1,0.02,0.0,8.0,0,0,TCP,0,0.0,1.0,0.213,LOW,0
Pir Panjal Range,33.5,74.2,J&K LoC,cybersecurity_intrusion_data.csv,0,1,0.01,0.0,10.0,0,0,UDP,0,0.0,1.0,0.5065,MEDIUM,0
Pangong Tso,33.7,78.9,Ladakh LAC,cybersecurity_intrusion_data.csv,1,1,0.03,0.0,9.33,0,1,UDP,0,0.0,1.0,0.6192,HIGH,0
Wagah Border,31.6,74.6,Punjab Sector,cybersecurity_intrusion_data.csv,0,1,0.02,0.0,8.67,0,0,TCP,0,0.0,1.0,0.1299,LOW,0
Lipulekh Pass,30.2,80.3,Uttarakhand Pass,cybersecurity_intrusion_data.csv,1,1,0.01,0.0,10.0,0,1,TCP,0,0.0,1.0,0.3814,MEDIUM,0
Siachen Glacier,35.5,76.9,Ladakh LAC,cybersecurity_intrusion_data.csv,1,1,0.03,0.0,9.33,0,1,TCP,0,0.0,1.0,0.1623,LOW,0
Doklam Plateau,27.3,89.1,Sikkim Ridge,cybersecurity_intrusion_data.csv,0,1,0.02,0.0,7.33,0,0,TCP,0,0.0,1.0,0.1569,LOW,0
Barmer Sector,25.7,71.4,Rajasthan Border,cybersecurity_intrusion_data.csv,0,1,0.01,0.0,8.67,0,1,TCP,0,0.0,1.0,0.7227,CRITICAL,0
Mizoram Border,22.7,92.7,Northeast Sector,cybersecurity_intrusion_data.csv,0,1,0.0,0.0,7.33,0,0,TCP,0,0.0,1.0,0.5252,HIGH,0
Rann of Kutch,23.9,70.0,Gujarat Coast,cybersecurity_intrusion_data.csv,0,1,0.01,0.0,10.0,0,0,TCP,0,0.0,1.0,0.1534,LOW,0
Galwan Valley,34.4,73.6,J&K LoC,cybersecurity_intrusion_data.csv,0,1,0.01,0.0,9.33,0,0,TCP,0,0.0,1.0,0.0767,LOW,0
Pangong Tso,33.7,78.9,Ladakh LAC,cybersecurity_intrusion_data.csv,0,1,0.01,0.0,8.67,0,0,ICMP,0,0.0,1.0,0.1682,LOW,0
Doklam Plateau,27.3,89.1,Sikkim Ridge,cybersecurity_intrusion_data.csv,1,1,0.0,0.0,8.67,0,0,TCP,0,0.0,1.0,0.1685,LOW,0
Siachen Glacier,35.5,76.9,Ladakh LAC,cybersecurity_intrusion_data.csv,0,1,0.02,0.0,10.0,0,0,TCP,0,0.0,1.0,0.1341,LOW,0
Lipulekh Pass,30.2,80.3,Uttarakhand Pass,cybersecurity_intrusion_data.csv,0,1,0.01,0.0,10.0,0,0,TCP,0,0.0,1.0,0.3358,MEDIUM,0
Depsang Plains,35.1,77.8,Ladakh LAC,cybersecurity_intrusion_data.csv,0,1,0.02,0.0,9.33,0,0,UDP,0,0.0,1.0,0.4904,MEDIUM,0
Galwan Valley,34.4,73.6,J&K LoC,cybersecurity_intrusion_data.csv,1,1,0.01,0.0,7.33,0,0,UDP,0,0.0,1.0,0.2877,LOW,0
Depsang Plains,35.1,77.8,Ladakh LAC,cybersecurity_intrusion_data.csv,0,1,0.01,0.0,10.0,0,0,TCP,0,0.0,1.0,0.4087,MEDIUM,0
Tawang Sector,27.6,91.9,Arunachal Sector,cybersecurity_intrusion_data.csv,0,1,0.03,0.0,10.67,0,1,TCP,0,0.0,1.0,0.1271,LOW,0
Kutch Gulf,23.0,68.9,Gujarat Coast,cybersecurity_intrusion_data.csv,0,1,0.0,0.0,8.67,0,0,UDP,0,0.0,1.0,0.2397,LOW,0
Siachen Glacier,35.5,76.9,Ladakh LAC,cybersecurity_intrusion_data.csv,0,1,0.03,0.0,8.67,0,1,TCP,0,0.0,1.0,0.1378,LOW,0
Mizoram Border,22.7,92.7,Northeast Sector,cybersecurity_intrusion_data.csv,0,1,0.01,0.0,7.33,0,0,TCP,0,0.0,1.0,0.3037,LOW,0
Tawang Sector,27.6,91.9,Arunachal Sector,cybersecurity_intrusion_data.csv,0,1,0.02,0.0,9.33,0,1,TCP,0,0.0,1.0,0.6357,HIGH,0
Depsang Plains,35.1,77.8,Ladakh LAC,cybersecurity_intrusion_data.csv,1,1,0.03,0.0,9.33,0,1,TCP,0,0.0,1.0,0.242,LOW,0
Anjaw District,28.1,96.3,Arunachal Sector,cybersecurity_intrusion_data.csv,0,1,0.01,0.0,10.67,0,0,TCP,0,0.0,1.0,0.459,MEDIUM,0
Kutch Gulf,23.0,68.9,Gujarat Coast,cybersecurity_intrusion_data.csv,0,1,0.02,0.0,7.33,0,0,UDP,0,0.0,1.0,0.511,MEDIUM,0
Galwan Valley,34.4,73.6,J&K LoC,cybersecurity_intrusion_data.csv,1,1,0.01,0.0,9.33,0,0,TCP,0,0.0,1.0,0.1856,LOW,0
Galwan Valley,34.4,73.6,J&K LoC,cybersecurity_intrusion_data.csv,0,1,0.01,0.0,8.67,0,0,TCP,0,0.0,1.0,0.2157,LOW,0
Rann of Kutch,23.9,70.0,Gujarat Coast,cybersecurity_intrusion_data.csv,0,1,0.04,0.0,8.67,0,1,TCP,0,0.0,1.0,0.5957,HIGH,0
Lipulekh Pass,30.2,80.3,Uttarakhand Pass,cybersecurity_intrusion_data.csv,1,1,0.0,0.0,10.0,0,1,UDP,0,0.0,1.0,0.4088,MEDIUM,0
Anjaw District,28.1,96.3,Arunachal Sector,cybersecurity_intrusion_data.csv,0,1,0.01,0.0,8.67,0,1,TCP,0,0.0,1.0,0.3284,MEDIUM,0
Kutch Gulf,23.0,68.9,Gujarat Coast,cybersecurity_intrusion_data.csv,0,1,0.01,0.0,8.0,0,1,TCP,0,0.0,1.0,0.6283,HIGH,0
Rann of Kutch,23.9,70.0,Gujarat Coast,cybersecurity_intrusion_data.csv,0,1,0.01,0.0,11.33,0,1,TCP,0,0.0,1.0,0.368,MEDIUM,0
Anjaw District,28.1,96.3,Arunachal Sector,cybersecurity_intrusion_data.csv,1,1,0.03,0.0,10.0,0,1,TCP,0,0.0,1.0,0.1579,LOW,0
Lipulekh Pass,30.2,80.3,Uttarakhand Pass,cybersecurity_intrusion_data.csv,0,1,0.01,0.0,10.67,0,0,TCP,0,0.0,1.0,0.0937,LOW,0
Depsang Plains,35.1,77.8,Ladakh LAC,cybersecurity_intrusion_data.csv,0,1,0.03,0.0,10.67,0,1,TCP,0,0.0,1.0,0.0384,LOW,0
Tawang Sector,27.6,91.9,Arunachal Sector,cybersecurity_intrusion_data.csv,0,1,0.01,0.0,8.0,0,1,TCP,0,0.0,1.0,0.1584,LOW,0
Lipulekh Pass,30.2,80.3,Uttarakhand Pass,cybersecurity_intrusion_data.csv,0,1,0.03,0.0,8.67,0,1,UDP,0,0.0,1.0,0.4105,MEDIUM,0
Siachen Glacier,35.5,76.9,Ladakh LAC,cybersecurity_intrusion_data.csv,0,1,0.03,0.0,8.0,0,1,ICMP,0,0.0,1.0,0.1103,LOW,0
Mizoram Border,22.7,92.7,Northeast Sector,cybersecurity_intrusion_data.csv,1,1,0.0,0.0,11.33,0,1,TCP,0,0.0,1.0,0.0942,LOW,0
Mizoram Border,22.7,92.7,Northeast Sector,cybersecurity_intrusion_data.csv,0,1,0.01,0.0,8.0,0,0,TCP,0,0.0,1.0,0.1236,LOW,0
Pangong Tso,33.7,78.9,Ladakh LAC,cybersecurity_intrusion_data.csv,0,1,0.0,0.0,8.67,0,0,TCP,0,0.0,1.0,0.2119,LOW,0
Anjaw District,28.1,96.3,Arunachal Sector,cybersecurity_intrusion_data.csv,0,1,0.01,0.0,10.0,0,1,TCP,0,0.0,1.0,0.3287,MEDIUM,0
Siachen Glacier,35.5,76.9,Ladakh LAC,cybersecurity_intrusion_data.csv,0,1,0.02,0.0,7.33,0,1,TCP,0,0.0,1.0,0.502,MEDIUM,0
Nathula Pass,27.4,88.8,Sikkim Ridge,cybersecurity_intrusion_data.csv,0,1,0.03,0.0,7.33,0,1,TCP,0,0.0,1.0,0.4587,MEDIUM,0
Galwan Valley,34.4,73.6,J&K LoC,cybersecurity_intrusion_data.csv,0,1,0.02,0.0,8.67,0,1,TCP,0,0.0,1.0,0.3555,MEDIUM,0
Anjaw District,28.1,96.3,Arunachal Sector,cybersecurity_intrusion_data.csv,0,1,0.02,0.0,10.0,0,0,TCP,0,0.0,1.0,0.2421,LOW,0
Lipulekh Pass,30.2,80.3,Uttarakhand Pass,cybersecurity_intrusion_data.csv,0,1,0.02,0.0,8.0,0,0,UDP,0,0.0,1.0,0.586,HIGH,0
Wagah Border,31.6,74.6,Punjab Sector,cybersecurity_intrusion_data.csv,0,1,0.01,0.0,8.0,0,0,UDP,0,0.0,1.0,0.508,MEDIUM,0
Lipulekh Pass,30.2,80.3,Uttarakhand Pass,cybersecurity_intrusion_data.csv,0,1,0.02,0.0,8.67,0,1,TCP,0,0.0,1.0,0.7039,HIGH,0
Pangong Tso,33.7,78.9,Ladakh LAC,cybersecurity_intrusion_data.csv,0,1,0.0,0.0,10.67,0,0,UDP,0,0.0,1.0,0.4289,MEDIUM,0
Kutch Gulf,23.0,68.9,Gujarat Coast,cybersecurity_intrusion_data.csv,0,1,0.01,0.0,9.33,0,1,TCP,0,0.0,1.0,0.5631,HIGH,0
Barmer Sector,25.7,71.4,Rajasthan Border,cybersecurity_intrusion_data.csv,0,1,0.0,0.0,8.67,0,0,TCP,0,0.0,1.0,0.0719,LOW,0
Kutch Gulf,23.0,68.9,Gujarat Coast,cybersecurity_intrusion_data.csv,0,1,0.01,0.0,8.67,0,0,TCP,0,0.0,1.0,0.439,MEDIUM,0
Nathula Pass,27.4,88.8,Sikkim Ridge,cybersecurity_intrusion_data.csv,0,1,0.0,0.0,9.33,0,1,TCP,0,0.0,1.0,0.1216,LOW,0
Pir Panjal Range,33.5,74.2,J&K LoC,cybersecurity_intrusion_data.csv,1,1,0.02,0.0,9.33,0,1,TCP,0,0.0,1.0,0.1552,LOW,0
Anjaw District,28.1,96.3,Arunachal Sector,cybersecurity_intrusion_data.csv,0,1,0.02,0.0,8.0,0,0,UDP,0,0.0,1.0,0.3956,MEDIUM,0
Rann of Kutch,23.9,70.0,Gujarat Coast,cybersecurity_intrusion_data.csv,0,1,0.02,0.0,8.67,0,0,TCP,0,0.0,1.0,0.4648,MEDIUM,0
Pangong Tso,33.7,78.9,Ladakh LAC,cybersecurity_intrusion_data.csv,0,1,0.0,0.0,8.0,0,0,TCP,0,0.0,1.0,0.4249,MEDIUM,0
Pangong Tso,33.7,78.9,Ladakh LAC,cybersecurity_intrusion_data.csv,0,1,0.04,0.0,10.0,0,1,TCP,0,0.0,1.0,0.2221,LOW,0
Nathula Pass,27.4,88.8,Sikkim Ridge,cybersecurity_intrusion_data.csv,0,1,0.03,0.0,9.33,0,1,UDP,0,0.0,1.0,0.1802,LOW,0
Lipulekh Pass,30.2,80.3,Uttarakhand Pass,cybersecurity_intrusion_data.csv,0,1,0.02,0.0,11.33,0,1,TCP,0,0.0,1.0,0.5172,MEDIUM,0
Kutch Gulf,23.0,68.9,Gujarat Coast,cybersecurity_intrusion_data.csv,0,1,0.0,0.0,10.67,0,0,TCP,0,0.0,1.0,0.3331,MEDIUM,0
Tawang Sector,27.6,91.9,Arunachal Sector,cybersecurity_intrusion_data.csv,0,1,0.01,0.0,8.0,0,0,TCP,0,0.0,1.0,0.364,MEDIUM,0
Pir Panjal Range,33.5,74.2,J&K LoC,cybersecurity_intrusion_data.csv,0,1,0.03,0.0,9.33,0,1,UDP,0,0.0,1.0,0.3972,MEDIUM,0
Tawang Sector,27.6,91.9,Arunachal Sector,cybersecurity_intrusion_data.csv,1,1,0.02,0.0,9.33,0,0,TCP,0,0.0,1.0,0.5447,HIGH,0
Lipulekh Pass,30.2,80.3,Uttarakhand Pass,cybersecurity_intrusion_data.csv,0,1,0.01,0.0,9.33,0,0,TCP,0,0.0,1.0,0.16,LOW,0
Pir Panjal Range,33.5,74.2,J&K LoC,cybersecurity_intrusion_data.csv,1,1,0.01,0.0,8.67,0,1,TCP,0,0.0,1.0,0.3196,LOW,0
Lipulekh Pass,30.2,80.3,Uttarakhand Pass,cybersecurity_intrusion_data.csv,0,1,0.03,0.0,8.67,0,1,TCP,0,0.0,1.0,0.0808,LOW,0
Barmer Sector,25.7,71.4,Rajasthan Border,cybersecurity_intrusion_data.csv,0,1,0.01,0.0,10.0,0,0,UDP,0,0.0,1.0,0.2136,LOW,0
Pir Panjal Range,33.5,74.2,J&K LoC,cybersecurity_intrusion_data.csv,0,1,0.03,0.0,8.0,0,1,TCP,0,0.0,1.0,0.3363,MEDIUM,0
Mizoram Border,22.7,92.7,Northeast Sector,cybersecurity_intrusion_data.csv,1,1,0.01,0.0,8.0,0,0,TCP,0,0.0,1.0,0.5218,HIGH,0
Nathula Pass,27.4,88.8,Sikkim Ridge,cybersecurity_intrusion_data.csv,0,1,0.01,0.0,8.67,0,1,TCP,0,0.0,1.0,0.1876,LOW,0
Doklam Plateau,27.3,89.1,Sikkim Ridge,cybersecurity_intrusion_data.csv,0,1,0.02,0.0,8.0,0,0,TCP,0,0.0,1.0,0.3411,MEDIUM,0
Siachen Glacier,35.5,76.9,Ladakh LAC,cybersecurity_intrusion_data.csv,0,1,0.02,0.0,10.0,0,0,UDP,0,0.0,1.0,0.1422,LOW,0
Lipulekh Pass,30.2,80.3,Uttarakhand Pass,cybersecurity_intrusion_data.csv,0,1,0.0,0.0,8.67,0,0,TCP,0,0.0,1.0,0.0812,LOW,0
Pir Panjal Range,33.5,74.2,J&K LoC,cybersecurity_intrusion_data.csv,1,1,0.01,0.0,10.0,0,0,UDP,0,0.0,1.0,0.53,HIGH,0
Nathula Pass,27.4,88.8,Sikkim Ridge,cybersecurity_intrusion_data.csv,0,1,0.02,0.0,8.67,0,0,UDP,0,0.0,1.0,0.4833,MEDIUM,0
Anjaw District,28.1,96.3,Arunachal Sector,cybersecurity_intrusion_data.csv,0,1,0.01,0.0,11.33,0,1,TCP,0,0.0,1.0,0.1699,LOW,0
Galwan Valley,34.4,73.6,J&K LoC,cybersecurity_intrusion_data.csv,0,1,0.0,0.0,9.33,0,0,TCP,0,0.0,1.0,0.377,MEDIUM,0
Anjaw District,28.1,96.3,Arunachal Sector,cybersecurity_intrusion_data.csv,0,1,0.01,0.0,7.33,0,0,TCP,0,0.0,1.0,0.5081,MEDIUM,0
Pangong Tso,33.7,78.9,Ladakh LAC,cybersecurity_intrusion_data.csv,0,1,0.01,0.0,10.67,0,1,TCP,0,0.0,1.0,0.6798,HIGH,0
Mizoram Border,22.7,92.7,Northeast Sector,cybersecurity_intrusion_data.csv,1,1,0.01,0.0,9.33,0,0,TCP,0,0.0,1.0,0.1179,LOW,0
Nathula Pass,27.4,88.8,Sikkim Ridge,cybersecurity_intrusion_data.csv,0,1,0.03,0.0,8.67,0,1,TCP,0,0.0,1.0,0.1674,LOW,0
Siachen Glacier,35.5,76.9,Ladakh LAC,cybersecurity_intrusion_data.csv,0,1,0.0,0.0,8.0,0,1,TCP,0,0.0,1.0,0.2602,LOW,0
Galwan Valley,34.4,73.6,J&K LoC,cybersecurity_intrusion_data.csv,0,1,0.0,0.0,7.33,0,1,TCP,0,0.0,1.0,0.147,LOW,0
Rann of Kutch,23.9,70.0,Gujarat Coast,cybersecurity_intrusion_data.csv,1,1,0.01,0.0,9.33,0,0,TCP,0,0.0,1.0,0.2835,LOW,0
Pir Panjal Range,33.5,74.2,J&K LoC,cybersecurity_intrusion_data.csv,0,1,0.01,0.0,10.0,0,0,ICMP,0,0.0,1.0,0.3468,MEDIUM,0
Kutch Gulf,23.0,68.9,Gujarat Coast,cybersecurity_intrusion_data.csv,1,1,0.0,0.0,10.67,0,0,UDP,0,0.0,1.0,0.3562,MEDIUM,0
Galwan Valley,34.4,73.6,J&K LoC,cybersecurity_intrusion_data.csv,0,1,0.0,0.0,8.67,0,1,ICMP,0,0.0,1.0,0.3758,MEDIUM,0
Galwan Valley,34.4,73.6,J&K LoC,cybersecurity_intrusion_data.csv,0,1,0.0,0.0,10.0,0,0,TCP,0,0.0,1.0,0.2306,LOW,0
Siachen Glacier,35.5,76.9,Ladakh LAC,cybersecurity_intrusion_data.csv,0,1,0.03,0.0,8.67,0,1,TCP,0,0.0,1.0,0.1364,LOW,0
Kutch Gulf,23.0,68.9,Gujarat Coast,cybersecurity_intrusion_data.csv,0,1,0.0,0.0,9.33,0,1,TCP,0,0.0,1.0,0.6594,HIGH,0
Kutch Gulf,23.0,68.9,Gujarat Coast,cybersecurity_intrusion_data.csv,0,1,0.02,0.0,8.67,0,0,UDP,0,0.0,1.0,0.1179,LOW,0
Rann of Kutch,23.9,70.0,Gujarat Coast,cybersecurity_intrusion_data.csv,0,1,0.04,0.0,8.67,0,1,TCP,0,0.0,1.0,0.5121,MEDIUM,0
Galwan Valley,34.4,73.6,J&K LoC,cybersecurity_intrusion_data.csv,0,1,0.0,0.0,8.0,0,0,ICMP,0,0.0,1.0,0.3101,LOW,0
Siachen Glacier,35.5,76.9,Ladakh LAC,cybersecurity_intrusion_data.csv,0,1,0.0,0.0,9.33,0,1,TCP,0,0.0,1.0,0.342,MEDIUM,0
Pir Panjal Range,33.5,74.2,J&K LoC,cybersecurity_intrusion_data.csv,1,1,0.02,0.0,9.33,0,0,TCP,0,0.0,1.0,0.1787,LOW,0
Pir Panjal Range,33.5,74.2,J&K LoC,cybersecurity_intrusion_data.csv,0,1,0.03,0.0,8.67,0,1,TCP,0,0.0,1.0,0.4761,MEDIUM,0
Barmer Sector,25.7,71.4,Rajasthan Border,cybersecurity_intrusion_data.csv,0,1,0.01,0.0,8.67,0,0,UDP,0,0.0,1.0,0.248,LOW,0
Galwan Valley,34.4,73.6,J&K LoC,cybersecurity_intrusion_data.csv,0,1,0.01,0.0,9.33,0,1,TCP,0,0.0,1.0,0.2833,LOW,0
Galwan Valley,34.4,73.6,J&K LoC,cybersecurity_intrusion_data.csv,1,1,0.0,0.0,8.0,0,1,UDP,0,0.0,1.0,0.5409,HIGH,0
Depsang Plains,35.1,77.8,Ladakh LAC,cybersecurity_intrusion_data.csv,0,1,0.01,0.0,10.67,0,0,TCP,0,0.0,1.0,0.288,LOW,0
Barmer Sector,25.7,71.4,Rajasthan Border,cybersecurity_intrusion_data.csv,0,1,0.04,0.0,7.33,0,1,TCP,0,0.0,1.0,0.3763,MEDIUM,0
Rann of Kutch,23.9,70.0,Gujarat Coast,cybersecurity_intrusion_data.csv,0,1,0.01,0.0,10.0,0,0,TCP,0,0.0,1.0,0.5483,HIGH,0
Wagah Border,31.6,74.6,Punjab Sector,cybersecurity_intrusion_data.csv,0,1,0.03,0.0,8.67,0,1,TCP,0,0.0,1.0,0.2255,LOW,0
Pangong Tso,33.7,78.9,Ladakh LAC,cybersecurity_intrusion_data.csv,0,1,0.01,0.0,10.67,0,0,UDP,0,0.0,1.0,0.2354,LOW,0
Kutch Gulf,23.0,68.9,Gujarat Coast,cybersecurity_intrusion_data.csv,0,1,0.0,0.0,8.67,0,0,UDP,0,0.0,1.0,0.0653,LOW,0
Depsang Plains,35.1,77.8,Ladakh LAC,cybersecurity_intrusion_data.csv,0,1,0.02,0.0,8.0,0,0,TCP,0,0.0,1.0,0.086,LOW,0
Rann of Kutch,23.9,70.0,Gujarat Coast,cybersecurity_intrusion_data.csv,0,1,0.0,0.0,11.33,0,1,TCP,0,0.0,1.0,0.1732,LOW,0
Pir Panjal Range,33.5,74.2,J&K LoC,cybersecurity_intrusion_data.csv,0,1,0.0,0.0,8.0,0,0,UDP,0,0.0,1.0,0.2466,LOW,0
Barmer Sector,25.7,71.4,Rajasthan Border,cybersecurity_intrusion_data.csv,0,1,0.02,0.0,8.67,0,0,TCP,0,0.0,1.0,0.1817,LOW,0
Pir Panjal Range,33.5,74.2,J&K LoC,cybersecurity_intrusion_data.csv,0,1,0.01,0.0,10.67,0,0,TCP,0,0.0,1.0,0.1878,LOW,0
Lipulekh Pass,30.2,80.3,Uttarakhand Pass,cybersecurity_intrusion_data.csv,0,1,0.01,0.0,10.0,0,1,TCP,0,0.0,1.0,0.3681,MEDIUM,0
Nathula Pass,27.4,88.8,Sikkim Ridge,cybersecurity_intrusion_data.csv,1,1,0.04,0.0,11.33,0,1,UDP,0,0.0,1.0,0.2178,LOW,0
Tawang Sector,27.6,91.9,Arunachal Sector,cybersecurity_intrusion_data.csv,0,1,0.0,0.0,8.67,0,0,ICMP,0,0.0,1.0,0.0793,LOW,0
Pir Panjal Range,33.5,74.2,J&K LoC,cybersecurity_intrusion_data.csv,0,1,0.01,0.0,8.67,0,1,UDP,0,0.0,1.0,0.3789,MEDIUM,0
Barmer Sector,25.7,71.4,Rajasthan Border,cybersecurity_intrusion_data.csv,0,1,0.03,0.0,8.0,0,1,TCP,0,0.0,1.0,0.3171,LOW,0
Siachen Glacier,35.5,76.9,Ladakh LAC,cybersecurity_intrusion_data.csv,0,1,0.0,0.0,10.0,0,0,TCP,0,0.0,1.0,0.2153,LOW,0
Mizoram Border,22.7,92.7,Northeast Sector,cybersecurity_intrusion_data.csv,0,1,0.02,0.0,10.67,0,0,UDP,0,0.0,1.0,0.2156,LOW,0
Depsang Plains,35.1,77.8,Ladakh LAC,cybersecurity_intrusion_data.csv,0,1,0.01,0.0,8.67,0,1,TCP,0,0.0,1.0,0.2275,LOW,0
Lipulekh Pass,30.2,80.3,Uttarakhand Pass,cybersecurity_intrusion_data.csv,0,1,0.02,0.0,10.67,0,0,TCP,0,0.0,1.0,0.2054,LOW,0
Siachen Glacier,35.5,76.9,Ladakh LAC,cybersecurity_intrusion_data.csv,0,1,0.03,0.0,8.67,0,1,UDP,0,0.0,1.0,0.2234,LOW,0
Wagah Border,31.6,74.6,Punjab Sector,cybersecurity_intrusion_data.csv,0,1,0.02,0.0,10.67,0,1,TCP,0,0.0,1.0,0.7121,HIGH,0
Doklam Plateau,27.3,89.1,Sikkim Ridge,cybersecurity_intrusion_data.csv,1,1,0.02,0.0,8.0,0,0,TCP,0,0.0,1.0,0.1377,LOW,0
Doklam Plateau,27.3,89.1,Sikkim Ridge,cybersecurity_intrusion_data.csv,0,1,0.01,0.0,9.33,0,0,TCP,0,0.0,1.0,0.4643,MEDIUM,0
Barmer Sector,25.7,71.4,Rajasthan Border,cybersecurity_intrusion_data.csv,0,1,0.02,0.0,9.33,0,0,TCP,0,0.0,1.0,0.1402,LOW,0
Kutch Gulf,23.0,68.9,Gujarat Coast,cybersecurity_intrusion_data.csv,0,1,0.03,0.0,8.0,0,1,ICMP,0,0.0,1.0,0.3476,MEDIUM,0
Anjaw District,28.1,96.3,Arunachal Sector,cybersecurity_intrusion_data.csv,1,1,0.01,0.0,9.33,0,0,TCP,0,0.0,1.0,0.5655,HIGH,0
Mizoram Border,22.7,92.7,Northeast Sector,cybersecurity_intrusion_data.csv,0,1,0.02,0.0,10.0,0,0,TCP,0,0.0,1.0,0.1503,LOW,0
Nathula Pass,27.4,88.8,Sikkim Ridge,cybersecurity_intrusion_data.csv,0,1,0.01,0.0,10.67,0,0,TCP,0,0.0,1.0,0.1505,LOW,0
Siachen Glacier,35.5,76.9,Ladakh LAC,cybersecurity_intrusion_data.csv,1,1,0.03,0.0,8.67,0,1,TCP,0,0.0,1.0,0.1857,LOW,0
Depsang Plains,35.1,77.8,Ladakh LAC,cybersecurity_intrusion_data.csv,0,1,0.01,0.0,8.67,0,0,TCP,0,0.0,1.0,0.3518,MEDIUM,0
Pangong Tso,33.7,78.9,Ladakh LAC,cybersecurity_intrusion_data.csv,0,1,0.03,0.0,8.0,0,1,TCP,0,0.0,1.0,0.5781,HIGH,0
Barmer Sector,25.7,71.4,Rajasthan Border,cybersecurity_intrusion_data.csv,0,1,0.02,0.0,9.33,0,0,UDP,0,0.0,1.0,0.147,LOW,0
Lipulekh Pass,30.2,80.3,Uttarakhand Pass,cybersecurity_intrusion_data.csv,0,1,0.02,0.0,10.0,0,0,UDP,0,0.0,1.0,0.349,MEDIUM,0
Anjaw District,28.1,96.3,Arunachal Sector,cybersecurity_intrusion_data.csv,0,1,0.04,0.0,8.67,0,1,UDP,0,0.0,1.0,0.4475,MEDIUM,0
Nathula Pass,27.4,88.8,Sikkim Ridge,cybersecurity_intrusion_data.csv,0,1,0.02,0.0,12.0,0,1,TCP,0,0.0,1.0,0.1378,LOW,0
Rann of Kutch,23.9,70.0,Gujarat Coast,cybersecurity_intrusion_data.csv,0,1,0.01,0.0,10.0,0,1,TCP,0,0.0,1.0,0.2225,LOW,0
Lipulekh Pass,30.2,80.3,Uttarakhand Pass,cybersecurity_intrusion_data.csv,0,1,0.02,0.0,9.33,0,1,UDP,0,0.0,1.0,0.0734,LOW,0
Depsang Plains,35.1,77.8,Ladakh LAC,cybersecurity_intrusion_data.csv,0,1,0.01,0.0,9.33,0,0,TCP,0,0.0,1.0,0.4915,MEDIUM,0
Depsang Plains,35.1,77.8,Ladakh LAC,cybersecurity_intrusion_data.csv,1,1,0.01,0.0,9.33,0,0,TCP,0,0.0,1.0,0.4081,MEDIUM,0
Nathula Pass,27.4,88.8,Sikkim Ridge,cybersecurity_intrusion_data.csv,1,1,0.02,0.0,11.33,0,1,TCP,0,0.0,1.0,0.235,LOW,0
Doklam Plateau,27.3,89.1,Sikkim Ridge,cybersecurity_intrusion_data.csv,0,1,0.0,0.0,11.33,0,1,UDP,0,0.0,1.0,0.161,LOW,0
Rann of Kutch,23.9,70.0,Gujarat Coast,cybersecurity_intrusion_data.csv,0,1,0.0,0.0,9.33,0,0,TCP,0,0.0,1.0,0.3438,MEDIUM,0
Lipulekh Pass,30.2,80.3,Uttarakhand Pass,cybersecurity_intrusion_data.csv,0,1,0.01,0.0,11.33,0,1,TCP,0,0.0,1.0,0.1238,LOW,0
Kutch Gulf,23.0,68.9,Gujarat Coast,cybersecurity_intrusion_data.csv,0,1,0.01,0.0,9.33,0,0,TCP,0,0.0,1.0,0.5541,HIGH,0
Lipulekh Pass,30.2,80.3,Uttarakhand Pass,cybersecurity_intrusion_data.csv,0,1,0.02,0.0,8.0,0,1,TCP,0,0.0,1.0,0.4841,MEDIUM,0
Anjaw District,28.1,96.3,Arunachal Sector,cybersecurity_intrusion_data.csv,0,1,0.02,0.0,8.0,0,0,TCP,0,0.0,1.0,0.2841,LOW,0
Wagah Border,31.6,74.6,Punjab Sector,cybersecurity_intrusion_data.csv,1,1,0.01,0.0,8.67,0,0,TCP,0,0.0,1.0,0.281,LOW,0
Wagah Border,31.6,74.6,Punjab Sector,cybersecurity_intrusion_data.csv,0,1,0.02,0.0,8.67,0,0,TCP,0,0.0,1.0,0.5862,HIGH,0
Barmer Sector,25.7,71.4,Rajasthan Border,cybersecurity_intrusion_data.csv,0,1,0.04,0.0,10.67,0,1,TCP,0,0.0,1.0,0.4173,MEDIUM,0
Siachen Glacier,35.5,76.9,Ladakh LAC,cybersecurity_intrusion_data.csv,0,1,0.01,0.0,9.33,0,1,TCP,0,0.0,1.0,0.7688,CRITICAL,0
Wagah Border,31.6,74.6,Punjab Sector,cybersecurity_intrusion_data.csv,0,1,0.01,0.0,12.0,0,1,TCP,0,0.0,1.0,0.1502,LOW,0
Tawang Sector,27.6,91.9,Arunachal Sector,cybersecurity_intrusion_data.csv,0,1,0.0,0.0,10.0,0,1,TCP,0,0.0,1.0,0.6158,HIGH,0
Kutch Gulf,23.0,68.9,Gujarat Coast,cybersecurity_intrusion_data.csv,0,1,0.0,0.0,9.33,0,0,UDP,0,0.0,1.0,0.3716,MEDIUM,0
Kutch Gulf,23.0,68.9,Gujarat Coast,cybersecurity_intrusion_data.csv,0,1,0.03,0.0,7.33,0,1,ICMP,0,0.0,1.0,0.511,MEDIUM,0
Wagah Border,31.6,74.6,Punjab Sector,cybersecurity_intrusion_data.csv,0,1,0.02,0.0,10.0,0,1,TCP,0,0.0,1.0,0.3198,LOW,0
Mizoram Border,22.7,92.7,Northeast Sector,cybersecurity_intrusion_data.csv,0,1,0.01,0.0,9.33,0,0,TCP,0,0.0,1.0,0.4086,MEDIUM,0
Lipulekh Pass,30.2,80.3,Uttarakhand Pass,cybersecurity_intrusion_data.csv,0,1,0.03,0.0,9.33,0,1,TCP,0,0.0,1.0,0.1905,LOW,0
Depsang Plains,35.1,77.8,Ladakh LAC,cybersecurity_intrusion_data.csv,1,1,0.02,0.0,8.67,0,0,TCP,0,0.0,1.0,0.1105,LOW,0
Wagah Border,31.6,74.6,Punjab Sector,cybersecurity_intrusion_data.csv,0,1,0.03,0.0,10.0,0,1,UDP,0,0.0,1.0,0.2724,LOW,0
Kutch Gulf,23.0,68.9,Gujarat Coast,cybersecurity_intrusion_data.csv,0,1,0.02,0.0,8.67,0,0,UDP,0,0.0,1.0,0.1511,LOW,0
Galwan Valley,34.4,73.6,J&K LoC,cybersecurity_intrusion_data.csv,0,1,0.03,0.0,11.33,0,1,UDP,0,0.0,1.0,0.2682,LOW,0
Galwan Valley,34.4,73.6,J&K LoC,cybersecurity_intrusion_data.csv,0,1,0.01,0.0,10.0,0,0,TCP,0,0.0,1.0,0.232,LOW,0
Tawang Sector,27.6,91.9,Arunachal Sector,cybersecurity_intrusion_data.csv,0,1,0.01,0.0,9.33,0,0,TCP,0,0.0,1.0,0.229,LOW,0
Rann of Kutch,23.9,70.0,Gujarat Coast,cybersecurity_intrusion_data.csv,0,1,0.01,0.0,8.0,0,0,UDP,0,0.0,1.0,0.3253,MEDIUM,0
Nathula Pass,27.4,88.8,Sikkim Ridge,cybersecurity_intrusion_data.csv,0,1,0.02,0.0,9.33,0,0,TCP,0,0.0,1.0,0.0401,LOW,0
Mizoram Border,22.7,92.7,Northeast Sector,cybersecurity_intrusion_data.csv,0,1,0.01,0.0,8.67,0,0,UDP,0,0.0,1.0,0.2772,LOW,0
Pir Panjal Range,33.5,74.2,J&K LoC,cybersecurity_intrusion_data.csv,1,1,0.02,0.0,7.33,0,1,TCP,0,0.0,1.0,0.0912,LOW,0
Lipulekh Pass,30.2,80.3,Uttarakhand Pass,cybersecurity_intrusion_data.csv,0,1,0.02,0.0,11.33,0,1,TCP,0,0.0,1.0,0.0866,LOW,0
Barmer Sector,25.7,71.4,Rajasthan Border,cybersecurity_intrusion_data.csv,0,1,0.02,0.0,10.0,0,0,UDP,0,0.0,1.0,0.0119,LOW,0
Tawang Sector,27.6,91.9,Arunachal Sector,cybersecurity_intrusion_data.csv,0,1,0.02,0.0,10.67,0,0,UDP,0,0.0,1.0,0.098,LOW,0
Galwan Valley,34.4,73.6,J&K LoC,cybersecurity_intrusion_data.csv,0,1,0.02,0.0,7.33,0,0,TCP,0,0.0,1.0,0.2063,LOW,0
Anjaw District,28.1,96.3,Arunachal Sector,cybersecurity_intrusion_data.csv,0,1,0.01,0.0,9.33,0,1,TCP,0,0.0,1.0,0.041,LOW,0
Lipulekh Pass,30.2,80.3,Uttarakhand Pass,cybersecurity_intrusion_data.csv,0,1,0.03,0.0,9.33,0,1,TCP,0,0.0,1.0,0.3961,MEDIUM,0
Siachen Glacier,35.5,76.9,Ladakh LAC,cybersecurity_intrusion_data.csv,0,1,0.02,0.0,8.0,0,1,TCP,0,0.0,1.0,0.0158,LOW,0
Pangong Tso,33.7,78.9,Ladakh LAC,cybersecurity_intrusion_data.csv,0,1,0.01,0.0,9.33,0,0,TCP,0,0.0,1.0,0.3188,LOW,0
Depsang Plains,35.1,77.8,Ladakh LAC,cybersecurity_intrusion_data.csv,0,1,0.01,0.0,8.0,0,0,ICMP,0,0.0,1.0,0.4138,MEDIUM,0
Kutch Gulf,23.0,68.9,Gujarat Coast,cybersecurity_intrusion_data.csv,1,1,0.0,0.0,9.33,0,1,ICMP,0,0.0,1.0,0.3529,MEDIUM,0
Pir Panjal Range,33.5,74.2,J&K LoC,cybersecurity_intrusion_data.csv,0,1,0.02,0.0,7.33,0,0,TCP,0,0.0,1.0,0.4158,MEDIUM,0
Rann of Kutch,23.9,70.0,Gujarat Coast,cybersecurity_intrusion_data.csv,0,1,0.01,0.0,9.33,0,1,UDP,0,0.0,1.0,0.0446,LOW,0
Anjaw District,28.1,96.3,Arunachal Sector,cybersecurity_intrusion_data.csv,0,1,0.02,0.0,8.0,0,1,UDP,0,0.0,1.0,0.6476,HIGH,0
Lipulekh Pass,30.2,80.3,Uttarakhand Pass,cybersecurity_intrusion_data.csv,0,1,0.02,0.0,7.33,0,0,UDP,0,0.0,1.0,0.5505,HIGH,0
Mizoram Border,22.7,92.7,Northeast Sector,cybersecurity_intrusion_data.csv,0,1,0.03,0.0,10.0,0,1,TCP,0,0.0,1.0,0.4576,MEDIUM,0
Lipulekh Pass,30.2,80.3,Uttarakhand Pass,cybersecurity_intrusion_data.csv,0,1,0.01,0.0,8.67,0,0,UDP,0,0.0,1.0,0.1518,LOW,0
Tawang Sector,27.6,91.9,Arunachal Sector,cybersecurity_intrusion_data.csv,0,1,0.01,0.0,8.67,0,0,TCP,0,0.0,1.0,0.3356,MEDIUM,0
Anjaw District,28.1,96.3,Arunachal Sector,cybersecurity_intrusion_data.csv,0,1,0.0,0.0,10.67,0,1,TCP,0,0.0,1.0,0.599,HIGH,0
Barmer Sector,25.7,71.4,Rajasthan Border,cybersecurity_intrusion_data.csv,0,1,0.0,0.0,8.0,0,0,TCP,0,0.0,1.0,0.4135,MEDIUM,0
Doklam Plateau,27.3,89.1,Sikkim Ridge,cybersecurity_intrusion_data.csv,1,1,0.01,0.0,9.33,0,0,TCP,0,0.0,1.0,0.116,LOW,0
Rann of Kutch,23.9,70.0,Gujarat Coast,cybersecurity_intrusion_data.csv,0,1,0.02,0.0,8.0,0,0,TCP,0,0.0,1.0,0.2148,LOW,0
Rann of Kutch,23.9,70.0,Gujarat Coast,cybersecurity_intrusion_data.csv,0,1,0.02,0.0,9.33,0,0,TCP,0,0.0,1.0,0.5109,MEDIUM,0
Depsang Plains,35.1,77.8,Ladakh LAC,cybersecurity_intrusion_data.csv,0,1,0.01,0.0,10.67,0,0,ICMP,0,0.0,1.0,0.5562,HIGH,0
Barmer Sector,25.7,71.4,Rajasthan Border,cybersecurity_intrusion_data.csv,0,1,0.02,0.0,10.0,0,0,UDP,0,0.0,1.0,0.1211,LOW,0
Anjaw District,28.1,96.3,Arunachal Sector,cybersecurity_intrusion_data.csv,0,1,0.03,0.0,9.33,0,1,TCP,0,0.0,1.0,0.1181,LOW,0
Nathula Pass,27.4,88.8,Sikkim Ridge,cybersecurity_intrusion_data.csv,0,1,0.01,0.0,11.33,0,1,TCP,0,0.0,1.0,0.0967,LOW,0
Pangong Tso,33.7,78.9,Ladakh LAC,cybersecurity_intrusion_data.csv,0,1,0.03,0.0,11.33,0,1,ICMP,0,0.0,1.0,0.466,MEDIUM,0
Anjaw District,28.1,96.3,Arunachal Sector,cybersecurity_intrusion_data.csv,0,1,0.02,0.0,9.33,0,0,TCP,0,0.0,1.0,0.4256,MEDIUM,0
Tawang Sector,27.6,91.9,Arunachal Sector,cybersecurity_intrusion_data.csv,0,1,0.03,0.0,10.67,0,1,UDP,0,0.0,1.0,0.1229,LOW,0
Depsang Plains,35.1,77.8,Ladakh LAC,cybersecurity_intrusion_data.csv,0,1,0.01,0.0,8.0,0,0,TCP,0,0.0,1.0,0.5121,MEDIUM,0
Kutch Gulf,23.0,68.9,Gujarat Coast,cybersecurity_intrusion_data.csv,0,1,0.01,0.0,9.33,0,0,TCP,0,0.0,1.0,0.3758,MEDIUM,0
Siachen Glacier,35.5,76.9,Ladakh LAC,cybersecurity_intrusion_data.csv,1,1,0.04,0.0,10.0,0,1,TCP,0,0.0,1.0,0.1995,LOW,0
Anjaw District,28.1,96.3,Arunachal Sector,cybersecurity_intrusion_data.csv,0,1,0.01,0.0,9.33,0,0,TCP,0,0.0,1.0,0.5581,HIGH,0
Siachen Glacier,35.5,76.9,Ladakh LAC,cybersecurity_intrusion_data.csv,0,1,0.0,0.0,8.67,0,0,TCP,0,0.0,1.0,0.2051,LOW,0
Siachen Glacier,35.5,76.9,Ladakh LAC,cybersecurity_intrusion_data.csv,0,1,0.01,0.0,8.0,0,0,TCP,0,0.0,1.0,0.2733,LOW,0
Anjaw District,28.1,96.3,Arunachal Sector,cybersecurity_intrusion_data.csv,0,1,0.03,0.0,8.67,0,1,TCP,0,0.0,1.0,0.0793,LOW,0
Pir Panjal Range,33.5,74.2,J&K LoC,cybersecurity_intrusion_data.csv,0,1,0.01,0.0,8.0,0,0,UDP,0,0.0,1.0,0.436,MEDIUM,0
Mizoram Border,22.7,92.7,Northeast Sector,cybersecurity_intrusion_data.csv,1,1,0.01,0.0,9.33,0,1,TCP,0,0.0,1.0,0.3944,MEDIUM,0
Anjaw District,28.1,96.3,Arunachal Sector,cybersecurity_intrusion_data.csv,0,1,0.02,0.0,9.33,0,0,TCP,0,0.0,1.0,0.362,MEDIUM,0
Nathula Pass,27.4,88.8,Sikkim Ridge,cybersecurity_intrusion_data.csv,0,1,0.02,0.0,8.0,0,1,TCP,0,0.0,1.0,0.6302,HIGH,0
Mizoram Border,22.7,92.7,Northeast Sector,cybersecurity_intrusion_data.csv,0,1,0.01,0.0,10.67,0,0,UDP,0,0.0,1.0,0.2303,LOW,0
Pangong Tso,33.7,78.9,Ladakh LAC,cybersecurity_intrusion_data.csv,0,1,0.03,0.0,10.0,0,1,UDP,0,0.0,1.0,0.2838,LOW,0
Mizoram Border,22.7,92.7,Northeast Sector,cybersecurity_intrusion_data.csv,0,1,0.01,0.0,8.0,0,0,TCP,0,0.0,1.0,0.0456,LOW,0
Galwan Valley,34.4,73.6,J&K LoC,cybersecurity_intrusion_data.csv,1,1,0.03,0.0,11.33,0,1,UDP,0,0.0,1.0,0.2376,LOW,0
Pangong Tso,33.7,78.9,Ladakh LAC,cybersecurity_intrusion_data.csv,0,1,0.02,0.0,8.0,0,1,UDP,0,0.0,1.0,0.6745,HIGH,0
Anjaw District,28.1,96.3,Arunachal Sector,cybersecurity_intrusion_data.csv,0,1,0.0,0.0,9.33,0,0,UDP,0,0.0,1.0,0.575,HIGH,0
Depsang Plains,35.1,77.8,Ladakh LAC,cybersecurity_intrusion_data.csv,1,1,0.01,0.0,7.33,0,0,UDP,0,0.0,1.0,0.3687,MEDIUM,0
Rann of Kutch,23.9,70.0,Gujarat Coast,cybersecurity_intrusion_data.csv,0,1,0.02,0.0,10.67,0,1,UDP,0,0.0,1.0,0.6139,HIGH,0
Rann of Kutch,23.9,70.0,Gujarat Coast,cybersecurity_intrusion_data.csv,0,1,0.01,0.0,10.0,0,0,TCP,0,0.0,1.0,0.2206,LOW,0
Anjaw District,28.1,96.3,Arunachal Sector,cybersecurity_intrusion_data.csv,0,1,0.01,0.0,10.0,0,0,TCP,0,0.0,1.0,0.0653,LOW,0
Rann of Kutch,23.9,70.0,Gujarat Coast,cybersecurity_intrusion_data.csv,0,1,0.0,0.0,12.0,0,1,TCP,0,0.0,1.0,0.2099,LOW,0
Kutch Gulf,23.0,68.9,Gujarat Coast,cybersecurity_intrusion_data.csv,1,1,0.01,0.0,9.33,0,1,UDP,0,0.0,1.0,0.3062,LOW,0
Rann of Kutch,23.9,70.0,Gujarat Coast,cybersecurity_intrusion_data.csv,1,1,0.05,0.0,9.33,0,1,ICMP,0,0.0,1.0,0.1676,LOW,0
Rann of Kutch,23.9,70.0,Gujarat Coast,cybersecurity_intrusion_data.csv,0,1,0.02,0.0,10.67,0,0,TCP,0,0.0,1.0,0.5016,MEDIUM,0
Lipulekh Pass,30.2,80.3,Uttarakhand Pass,cybersecurity_intrusion_data.csv,0,1,0.03,0.0,8.0,0,1,ICMP,0,0.0,1.0,0.23,LOW,0
Galwan Valley,34.4,73.6,J&K LoC,cybersecurity_intrusion_data.csv,0,1,0.03,0.0,12.67,0,1,TCP,0,0.0,1.0,0.3069,LOW,0
Pir Panjal Range,33.5,74.2,J&K LoC,cybersecurity_intrusion_data.csv,0,1,0.02,0.0,8.0,0,0,TCP,0,0.0,1.0,0.4224,MEDIUM,0
Wagah Border,31.6,74.6,Punjab Sector,cybersecurity_intrusion_data.csv,0,1,0.02,0.0,10.0,0,1,TCP,0,0.0,1.0,0.8065,CRITICAL,0
Pir Panjal Range,33.5,74.2,J&K LoC,cybersecurity_intrusion_data.csv,0,1,0.02,0.0,11.33,0,1,TCP,0,0.0,1.0,0.5462,HIGH,0
Mizoram Border,22.7,92.7,Northeast Sector,cybersecurity_intrusion_data.csv,1,1,0.01,0.0,10.0,0,1,TCP,0,0.0,1.0,0.3026,LOW,0
Siachen Glacier,35.5,76.9,Ladakh LAC,cybersecurity_intrusion_data.csv,0,1,0.0,0.0,8.0,0,0,TCP,0,0.0,1.0,0.3884,MEDIUM,0
Doklam Plateau,27.3,89.1,Sikkim Ridge,cybersecurity_intrusion_data.csv,0,1,0.02,0.0,7.33,0,0,TCP,0,0.0,1.0,0.3772,MEDIUM,0
Siachen Glacier,35.5,76.9,Ladakh LAC,cybersecurity_intrusion_data.csv,0,1,0.01,0.0,11.33,0,1,TCP,0,0.0,1.0,0.6936,HIGH,0
Depsang Plains,35.1,77.8,Ladakh LAC,cybersecurity_intrusion_data.csv,0,1,0.0,0.0,11.33,0,1,TCP,0,0.0,1.0,0.3126,LOW,0
Mizoram Border,22.7,92.7,Northeast Sector,cybersecurity_intrusion_data.csv,0,1,0.01,0.0,9.33,0,1,UDP,0,0.0,1.0,0.184,LOW,0
Pir Panjal Range,33.5,74.2,J&K LoC,cybersecurity_intrusion_data.csv,0,1,0.0,0.0,12.0,0,1,TCP,0,0.0,1.0,0.3379,MEDIUM,0
Pir Panjal Range,33.5,74.2,J&K LoC,cybersecurity_intrusion_data.csv,0,1,0.01,0.0,8.0,0,1,TCP,0,0.0,1.0,0.3762,MEDIUM,0
Pir Panjal Range,33.5,74.2,J&K LoC,cybersecurity_intrusion_data.csv,0,1,0.01,0.0,7.33,0,0,TCP,0,0.0,1.0,0.3452,MEDIUM,0
Wagah Border,31.6,74.6,Punjab Sector,cybersecurity_intrusion_data.csv,0,1,0.03,0.0,9.33,0,1,TCP,0,0.0,1.0,0.3283,MEDIUM,0
Nathula Pass,27.4,88.8,Sikkim Ridge,cybersecurity_intrusion_data.csv,0,1,0.01,0.0,7.33,0,0,TCP,0,0.0,1.0,0.0961,LOW,0
Mizoram Border,22.7,92.7,Northeast Sector,cybersecurity_intrusion_data.csv,0,1,0.0,0.0,8.67,0,0,TCP,0,0.0,1.0,0.1373,LOW,0
Lipulekh Pass,30.2,80.3,Uttarakhand Pass,cybersecurity_intrusion_data.csv,0,1,0.02,0.0,10.67,0,0,UDP,0,0.0,1.0,0.2108,LOW,0
Wagah Border,31.6,74.6,Punjab Sector,cybersecurity_intrusion_data.csv,1,1,0.02,0.0,10.67,0,0,TCP,0,0.0,1.0,0.408,MEDIUM,0
Pangong Tso,33.7,78.9,Ladakh LAC,cybersecurity_intrusion_data.csv,0,1,0.01,0.0,8.67,0,1,UDP,0,0.0,1.0,0.7235,CRITICAL,0
Kutch Gulf,23.0,68.9,Gujarat Coast,cybersecurity_intrusion_data.csv,0,1,0.02,0.0,8.67,0,0,TCP,0,0.0,1.0,0.2161,LOW,0
Rann of Kutch,23.9,70.0,Gujarat Coast,cybersecurity_intrusion_data.csv,1,1,0.0,0.0,8.67,0,0,TCP,0,0.0,1.0,0.2238,LOW,0
Barmer Sector,25.7,71.4,Rajasthan Border,cybersecurity_intrusion_data.csv,1,1,0.02,0.0,7.33,0,1,TCP,0,0.0,1.0,0.0584,LOW,0
Nathula Pass,27.4,88.8,Sikkim Ridge,cybersecurity_intrusion_data.csv,0,1,0.01,0.0,8.0,0,0,UDP,0,0.0,1.0,0.3125,LOW,0
Siachen Glacier,35.5,76.9,Ladakh LAC,cybersecurity_intrusion_data.csv,0,1,0.01,0.0,9.33,0,0,UDP,0,0.0,1.0,0.5001,MEDIUM,0
Depsang Plains,35.1,77.8,Ladakh LAC,cybersecurity_intrusion_data.csv,0,1,0.01,0.0,8.67,0,1,TCP,0,0.0,1.0,0.2785,LOW,0
Wagah Border,31.6,74.6,Punjab Sector,cybersecurity_intrusion_data.csv,0,1,0.03,0.0,9.33,0,1,UDP,0,0.0,1.0,0.1983,LOW,0
Barmer Sector,25.7,71.4,Rajasthan Border,cybersecurity_intrusion_data.csv,0,1,0.01,0.0,12.67,0,1,TCP,0,0.0,1.0,0.4,MEDIUM,0
Kutch Gulf,23.0,68.9,Gujarat Coast,cybersecurity_intrusion_data.csv,0,1,0.01,0.0,7.33,0,0,TCP,0,0.0,1.0,0.4143,MEDIUM,0
Mizoram Border,22.7,92.7,Northeast Sector,cybersecurity_intrusion_data.csv,0,1,0.03,0.0,8.67,0,1,TCP,0,0.0,1.0,0.3658,MEDIUM,0
Nathula Pass,27.4,88.8,Sikkim Ridge,cybersecurity_intrusion_data.csv,0,1,0.0,0.0,8.67,0,0,TCP,0,0.0,1.0,0.4571,MEDIUM,0
Rann of Kutch,23.9,70.0,Gujarat Coast,cybersecurity_intrusion_data.csv,0,1,0.02,0.0,9.33,0,0,TCP,0,0.0,1.0,0.5228,HIGH,0
Barmer Sector,25.7,71.4,Rajasthan Border,cybersecurity_intrusion_data.csv,1,1,0.04,0.0,8.67,0,1,TCP,0,0.0,1.0,0.2366,LOW,0
Tawang Sector,27.6,91.9,Arunachal Sector,cybersecurity_intrusion_data.csv,0,1,0.02,0.0,8.67,0,0,UDP,0,0.0,1.0,0.44,MEDIUM,0
Rann of Kutch,23.9,70.0,Gujarat Coast,cybersecurity_intrusion_data.csv,1,1,0.02,0.0,8.0,0,0,TCP,0,0.0,1.0,0.276,LOW,0
Depsang Plains,35.1,77.8,Ladakh LAC,cybersecurity_intrusion_data.csv,0,1,0.02,0.0,12.67,0,1,TCP,0,0.0,1.0,0.2712,LOW,0
Lipulekh Pass,30.2,80.3,Uttarakhand Pass,cybersecurity_intrusion_data.csv,0,1,0.02,0.0,8.67,0,0,TCP,0,0.0,1.0,0.5574,HIGH,0
Mizoram Border,22.7,92.7,Northeast Sector,cybersecurity_intrusion_data.csv,0,1,0.02,0.0,9.33,0,0,TCP,0,0.0,1.0,0.055,LOW,0
Wagah Border,31.6,74.6,Punjab Sector,cybersecurity_intrusion_data.csv,0,1,0.01,0.0,11.33,0,1,ICMP,0,0.0,1.0,0.1444,LOW,0
Mizoram Border,22.7,92.7,Northeast Sector,cybersecurity_intrusion_data.csv,0,1,0.03,0.0,11.33,0,1,TCP,0,0.0,1.0,0.1134,LOW,0
Depsang Plains,35.1,77.8,Ladakh LAC,cybersecurity_intrusion_data.csv,0,1,0.0,0.0,12.67,0,1,UDP,0,0.0,1.0,0.6331,HIGH,0
Nathula Pass,27.4,88.8,Sikkim Ridge,cybersecurity_intrusion_data.csv,1,1,0.02,0.0,11.33,0,1,UDP,0,0.0,1.0,0.1378,LOW,0
Kutch Gulf,23.0,68.9,Gujarat Coast,cybersecurity_intrusion_data.csv,0,1,0.02,0.0,9.33,0,0,UDP,0,0.0,1.0,0.2367,LOW,0
Wagah Border,31.6,74.6,Punjab Sector,cybersecurity_intrusion_data.csv,0,1,0.0,0.0,10.67,0,1,TCP,0,0.0,1.0,0.6874,HIGH,0
Pir Panjal Range,33.5,74.2,J&K LoC,cybersecurity_intrusion_data.csv,0,1,0.02,0.0,10.67,0,0,TCP,0,0.0,1.0,0.0177,LOW,0
Doklam Plateau,27.3,89.1,Sikkim Ridge,cybersecurity_intrusion_data.csv,0,1,0.02,0.0,8.67,0,0,TCP,0,0.0,1.0,0.428,MEDIUM,0
Barmer Sector,25.7,71.4,Rajasthan Border,cybersecurity_intrusion_data.csv,0,1,0.01,0.0,10.0,0,0,TCP,0,0.0,1.0,0.1048,LOW,0
Doklam Plateau,27.3,89.1,Sikkim Ridge,cybersecurity_intrusion_data.csv,0,1,0.01,0.0,9.33,0,1,TCP,0,0.0,1.0,0.0912,LOW,0
Pir Panjal Range,33.5,74.2,J&K LoC,cybersecurity_intrusion_data.csv,0,1,0.03,0.0,11.33,0,1,TCP,0,0.0,1.0,0.3422,MEDIUM,0
Galwan Valley,34.4,73.6,J&K LoC,cybersecurity_intrusion_data.csv,0,1,0.03,0.0,10.0,0,1,UDP,0,0.0,1.0,0.5066,MEDIUM,0
Pangong Tso,33.7,78.9,Ladakh LAC,cybersecurity_intrusion_data.csv,1,1,0.0,0.0,10.0,0,0,TCP,0,0.0,1.0,0.286,LOW,0
Galwan Valley,34.4,73.6,J&K LoC,cybersecurity_intrusion_data.csv,0,1,0.01,0.0,8.0,0,0,UDP,0,0.0,1.0,0.4522,MEDIUM,0
Barmer Sector,25.7,71.4,Rajasthan Border,cybersecurity_intrusion_data.csv,0,1,0.03,0.0,9.33,0,1,UDP,0,0.0,1.0,0.3225,MEDIUM,0
Pangong Tso,33.7,78.9,Ladakh LAC,cybersecurity_intrusion_data.csv,0,1,0.02,0.0,8.67,0,0,TCP,0,0.0,1.0,0.4087,MEDIUM,0
Tawang Sector,27.6,91.9,Arunachal Sector,cybersecurity_intrusion_data.csv,0,1,0.0,0.0,7.33,0,0,UDP,0,0.0,1.0,0.1249,LOW,0
Rann of Kutch,23.9,70.0,Gujarat Coast,cybersecurity_intrusion_data.csv,0,1,0.03,0.0,9.33,0,1,TCP,0,0.0,1.0,0.1923,LOW,0
Anjaw District,28.1,96.3,Arunachal Sector,cybersecurity_intrusion_data.csv,0,1,0.0,0.0,11.33,0,1,TCP,0,0.0,1.0,0.1339,LOW,0
Siachen Glacier,35.5,76.9,Ladakh LAC,cybersecurity_intrusion_data.csv,0,1,0.03,0.0,8.0,0,1,TCP,0,0.0,1.0,0.6297,HIGH,0
Depsang Plains,35.1,77.8,Ladakh LAC,cybersecurity_intrusion_data.csv,1,1,0.04,0.0,9.33,0,1,UDP,0,0.0,1.0,0.3627,MEDIUM,0
Pangong Tso,33.7,78.9,Ladakh LAC,cybersecurity_intrusion_data.csv,1,1,0.02,0.0,10.0,0,1,ICMP,0,0.0,1.0,0.6777,HIGH,0
Pir Panjal Range,33.5,74.2,J&K LoC,cybersecurity_intrusion_data.csv,0,1,0.0,0.0,9.33,0,0,TCP,0,0.0,1.0,0.267,LOW,0
Lipulekh Pass,30.2,80.3,Uttarakhand Pass,cybersecurity_intrusion_data.csv,0,1,0.01,0.0,10.67,0,0,TCP,0,0.0,1.0,0.3388,MEDIUM,0
Mizoram Border,22.7,92.7,Northeast Sector,cybersecurity_intrusion_data.csv,0,1,0.02,0.0,9.33,0,0,UDP,0,0.0,1.0,0.2223,LOW,0
Pangong Tso,33.7,78.9,Ladakh LAC,cybersecurity_intrusion_data.csv,0,1,0.01,0.0,10.0,0,0,ICMP,0,0.0,1.0,0.2738,LOW,0
Anjaw District,28.1,96.3,Arunachal Sector,cybersecurity_intrusion_data.csv,1,1,0.0,0.0,9.33,0,0,TCP,0,0.0,1.0,0.2431,LOW,0
Siachen Glacier,35.5,76.9,Ladakh LAC,cybersecurity_intrusion_data.csv,1,1,0.02,0.0,8.0,0,0,TCP,0,0.0,1.0,0.2023,LOW,0
Anjaw District,28.1,96.3,Arunachal Sector,cybersecurity_intrusion_data.csv,0,1,0.02,0.0,10.0,0,0,TCP,0,0.0,1.0,0.4234,MEDIUM,0
Lipulekh Pass,30.2,80.3,Uttarakhand Pass,cybersecurity_intrusion_data.csv,0,1,0.01,0.0,10.67,0,0,UDP,0,0.0,1.0,0.0983,LOW,0
Rann of Kutch,23.9,70.0,Gujarat Coast,cybersecurity_intrusion_data.csv,0,1,0.01,0.0,8.0,0,0,UDP,0,0.0,1.0,0.2473,LOW,0
Anjaw District,28.1,96.3,Arunachal Sector,cybersecurity_intrusion_data.csv,1,1,0.0,0.0,7.33,0,0,TCP,0,0.0,1.0,0.4896,MEDIUM,0
Kutch Gulf,23.0,68.9,Gujarat Coast,cybersecurity_intrusion_data.csv,0,1,0.02,0.0,7.33,0,1,TCP,0,0.0,1.0,0.1844,LOW,0
Wagah Border,31.6,74.6,Punjab Sector,cybersecurity_intrusion_data.csv,0,1,0.02,0.0,8.0,0,0,UDP,0,0.0,1.0,0.2862,LOW,0
Tawang Sector,27.6,91.9,Arunachal Sector,cybersecurity_intrusion_data.csv,0,1,0.03,0.0,9.33,0,1,TCP,0,0.0,1.0,0.1469,LOW,0
Pir Panjal Range,33.5,74.2,J&K LoC,cybersecurity_intrusion_data.csv,0,1,0.0,0.0,10.67,0,1,UDP,0,0.0,1.0,0.6375,HIGH,0
Doklam Plateau,27.3,89.1,Sikkim Ridge,cybersecurity_intrusion_data.csv,0,1,0.02,0.0,10.0,0,0,TCP,0,0.0,1.0,0.5633,HIGH,0
Siachen Glacier,35.5,76.9,Ladakh LAC,cybersecurity_intrusion_data.csv,0,1,0.02,0.0,8.67,0,0,TCP,0,0.0,1.0,0.3315,MEDIUM,0
Mizoram Border,22.7,92.7,Northeast Sector,cybersecurity_intrusion_data.csv,0,1,0.01,0.0,10.0,0,1,TCP,0,0.0,1.0,0.1682,LOW,0
Pir Panjal Range,33.5,74.2,J&K LoC,cybersecurity_intrusion_data.csv,1,1,0.02,0.0,7.33,0,1,TCP,0,0.0,1.0,0.6045,HIGH,0
Depsang Plains,35.1,77.8,Ladakh LAC,cybersecurity_intrusion_data.csv,0,1,0.03,0.0,10.0,0,1,TCP,0,0.0,1.0,0.1398,LOW,0
Pir Panjal Range,33.5,74.2,J&K LoC,cybersecurity_intrusion_data.csv,0,1,0.02,0.0,8.0,0,0,TCP,0,0.0,1.0,0.1658,LOW,0
Mizoram Border,22.7,92.7,Northeast Sector,cybersecurity_intrusion_data.csv,0,1,0.02,0.0,8.0,0,0,UDP,0,0.0,1.0,0.2483,LOW,0
Rann of Kutch,23.9,70.0,Gujarat Coast,cybersecurity_intrusion_data.csv,1,1,0.01,0.0,9.33,0,1,TCP,0,0.0,1.0,0.2534,LOW,0
Pangong Tso,33.7,78.9,Ladakh LAC,cybersecurity_intrusion_data.csv,0,1,0.01,0.0,8.67,0,0,TCP,0,0.0,1.0,0.3257,MEDIUM,0
Wagah Border,31.6,74.6,Punjab Sector,cybersecurity_intrusion_data.csv,0,1,0.01,0.0,8.67,0,0,TCP,0,0.0,1.0,0.2844,LOW,0
Lipulekh Pass,30.2,80.3,Uttarakhand Pass,cybersecurity_intrusion_data.csv,0,1,0.02,0.0,9.33,0,0,TCP,0,0.0,1.0,0.4079,MEDIUM,0
Wagah Border,31.6,74.6,Punjab Sector,cybersecurity_intrusion_data.csv,0,1,0.0,0.0,8.67,0,0,TCP,0,0.0,1.0,0.3038,LOW,0
Wagah Border,31.6,74.6,Punjab Sector,cybersecurity_intrusion_data.csv,0,1,0.01,0.0,8.67,0,0,TCP,0,0.0,1.0,0.0198,LOW,0
Wagah Border,31.6,74.6,Punjab Sector,cybersecurity_intrusion_data.csv,0,1,0.0,0.0,8.0,0,0,ICMP,0,0.0,1.0,0.1981,LOW,0
Nathula Pass,27.4,88.8,Sikkim Ridge,cybersecurity_intrusion_data.csv,0,1,0.01,0.0,9.33,0,0,TCP,0,0.0,1.0,0.0907,LOW,0
Barmer Sector,25.7,71.4,Rajasthan Border,cybersecurity_intrusion_data.csv,0,1,0.02,0.0,8.0,0,0,TCP,0,0.0,1.0,0.3466,MEDIUM,0
Nathula Pass,27.4,88.8,Sikkim Ridge,cybersecurity_intrusion_data.csv,0,1,0.01,0.0,8.0,0,0,ICMP,0,0.0,1.0,0.1393,LOW,0
Depsang Plains,35.1,77.8,Ladakh LAC,cybersecurity_intrusion_data.csv,0,1,0.03,0.0,9.33,0,1,UDP,0,0.0,1.0,0.2686,LOW,0
Depsang Plains,35.1,77.8,Ladakh LAC,cybersecurity_intrusion_data.csv,0,1,0.01,0.0,12.0,0,1,TCP,0,0.0,1.0,0.2128,LOW,0
Mizoram Border,22.7,92.7,Northeast Sector,cybersecurity_intrusion_data.csv,0,1,0.0,0.0,8.0,0,0,TCP,0,0.0,1.0,0.3913,MEDIUM,0
Pir Panjal Range,33.5,74.2,J&K LoC,cybersecurity_intrusion_data.csv,0,1,0.0,0.0,10.0,0,0,TCP,0,0.0,1.0,0.1561,LOW,0
Lipulekh Pass,30.2,80.3,Uttarakhand Pass,cybersecurity_intrusion_data.csv,0,1,0.01,0.0,9.33,0,0,TCP,0,0.0,1.0,0.4491,MEDIUM,0
Siachen Glacier,35.5,76.9,Ladakh LAC,cybersecurity_intrusion_data.csv,0,1,0.03,0.0,10.0,0,1,TCP,0,0.0,1.0,0.1885,LOW,0
Kutch Gulf,23.0,68.9,Gujarat Coast,cybersecurity_intrusion_data.csv,0,1,0.02,0.0,8.0,0,0,TCP,0,0.0,1.0,0.179,LOW,0
Siachen Glacier,35.5,76.9,Ladakh LAC,cybersecurity_intrusion_data.csv,0,1,0.03,0.0,8.67,0,1,UDP,0,0.0,1.0,0.1588,LOW,0
Anjaw District,28.1,96.3,Arunachal Sector,cybersecurity_intrusion_data.csv,0,1,0.02,0.0,8.0,0,0,TCP,0,0.0,1.0,0.16,LOW,0
Tawang Sector,27.6,91.9,Arunachal Sector,cybersecurity_intrusion_data.csv,0,1,0.02,0.0,9.33,0,1,UDP,0,0.0,1.0,0.2273,LOW,0
Depsang Plains,35.1,77.8,Ladakh LAC,cybersecurity_intrusion_data.csv,1,1,0.03,0.0,7.33,0,1,TCP,0,0.0,1.0,0.3142,LOW,0
Rann of Kutch,23.9,70.0,Gujarat Coast,cybersecurity_intrusion_data.csv,0,1,0.02,0.0,8.67,0,0,TCP,0,0.0,1.0,0.3268,MEDIUM,0
Nathula Pass,27.4,88.8,Sikkim Ridge,cybersecurity_intrusion_data.csv,0,1,0.01,0.0,10.67,0,0,TCP,0,0.0,1.0,0.5331,HIGH,0
Tawang Sector,27.6,91.9,Arunachal Sector,cybersecurity_intrusion_data.csv,0,1,0.01,0.0,10.0,0,0,TCP,0,0.0,1.0,0.5807,HIGH,0
Nathula Pass,27.4,88.8,Sikkim Ridge,cybersecurity_intrusion_data.csv,0,1,0.01,0.0,8.67,0,0,TCP,0,0.0,1.0,0.2455,LOW,0
Depsang Plains,35.1,77.8,Ladakh LAC,cybersecurity_intrusion_data.csv,0,1,0.0,0.0,9.33,0,1,TCP,0,0.0,1.0,0.0608,LOW,0
Doklam Plateau,27.3,89.1,Sikkim Ridge,cybersecurity_intrusion_data.csv,0,1,0.0,0.0,9.33,0,0,TCP,0,0.0,1.0,0.3004,LOW,0
Nathula Pass,27.4,88.8,Sikkim Ridge,cybersecurity_intrusion_data.csv,0,1,0.02,0.0,9.33,0,0,TCP,0,0.0,1.0,0.2991,LOW,0
Anjaw District,28.1,96.3,Arunachal Sector,cybersecurity_intrusion_data.csv,0,1,0.0,0.0,10.67,0,0,TCP,0,0.0,1.0,0.3975,MEDIUM,0
Rann of Kutch,23.9,70.0,Gujarat Coast,cybersecurity_intrusion_data.csv,0,1,0.01,0.0,10.67,0,0,TCP,0,0.0,1.0,0.2372,LOW,0
Pangong Tso,33.7,78.9,Ladakh LAC,cybersecurity_intrusion_data.csv,0,1,0.03,0.0,9.33,0,1,UDP,0,0.0,1.0,0.0299,LOW,0
Siachen Glacier,35.5,76.9,Ladakh LAC,cybersecurity_intrusion_data.csv,0,1,0.02,0.0,10.0,0,1,TCP,0,0.0,1.0,0.4925,MEDIUM,0
Nathula Pass,27.4,88.8,Sikkim Ridge,cybersecurity_intrusion_data.csv,0,1,0.01,0.0,10.67,0,0,UDP,0,0.0,1.0,0.0139,LOW,0
Pir Panjal Range,33.5,74.2,J&K LoC,cybersecurity_intrusion_data.csv,0,1,0.02,0.0,14.67,0,1,TCP,0,0.0,1.0,0.6143,HIGH,0
Anjaw District,28.1,96.3,Arunachal Sector,cybersecurity_intrusion_data.csv,0,1,0.0,0.0,7.33,0,1,TCP,0,0.0,1.0,0.2137,LOW,0
Depsang Plains,35.1,77.8,Ladakh LAC,cybersecurity_intrusion_data.csv,0,1,0.01,0.0,9.33,0,0,TCP,0,0.0,1.0,0.0435,LOW,0
Mizoram Border,22.7,92.7,Northeast Sector,cybersecurity_intrusion_data.csv,0,1,0.01,0.0,8.67,0,1,TCP,0,0.0,1.0,0.3033,LOW,0
Doklam Plateau,27.3,89.1,Sikkim Ridge,cybersecurity_intrusion_data.csv,0,1,0.01,0.0,12.67,0,1,TCP,0,0.0,1.0,0.237,LOW,0
Siachen Glacier,35.5,76.9,Ladakh LAC,cybersecurity_intrusion_data.csv,0,1,0.02,0.0,8.67,0,0,TCP,0,0.0,1.0,0.1512,LOW,0
Wagah Border,31.6,74.6,Punjab Sector,cybersecurity_intrusion_data.csv,1,1,0.01,0.0,8.67,0,0,UDP,0,0.0,1.0,0.3694,MEDIUM,0
Tawang Sector,27.6,91.9,Arunachal Sector,cybersecurity_intrusion_data.csv,0,1,0.0,0.0,10.67,0,0,TCP,0,0.0,1.0,0.2759,LOW,0
Mizoram Border,22.7,92.7,Northeast Sector,cybersecurity_intrusion_data.csv,0,1,0.01,0.0,11.33,0,1,TCP,0,0.0,1.0,0.4368,MEDIUM,0
Tawang Sector,27.6,91.9,Arunachal Sector,cybersecurity_intrusion_data.csv,0,1,0.03,0.0,7.33,0,1,TCP,0,0.0,1.0,0.4393,MEDIUM,0
Lipulekh Pass,30.2,80.3,Uttarakhand Pass,cybersecurity_intrusion_data.csv,0,1,0.01,0.0,10.67,0,1,TCP,0,0.0,1.0,0.08,LOW,0
Lipulekh Pass,30.2,80.3,Uttarakhand Pass,cybersecurity_intrusion_data.csv,0,1,0.01,0.0,10.67,0,0,TCP,0,0.0,1.0,0.5461,HIGH,0
Pangong Tso,33.7,78.9,Ladakh LAC,cybersecurity_intrusion_data.csv,0,1,0.02,0.0,10.0,0,0,UDP,0,0.0,1.0,0.3914,MEDIUM,0
Nathula Pass,27.4,88.8,Sikkim Ridge,cybersecurity_intrusion_data.csv,0,1,0.0,0.0,7.33,0,0,TCP,0,0.0,1.0,0.2535,LOW,0
Galwan Valley,34.4,73.6,J&K LoC,cybersecurity_intrusion_data.csv,0,1,0.02,0.0,7.33,0,0,UDP,0,0.0,1.0,0.3608,MEDIUM,0
Wagah Border,31.6,74.6,Punjab Sector,cybersecurity_intrusion_data.csv,1,1,0.04,0.0,10.67,0,1,TCP,0,0.0,1.0,0.2771,LOW,0
Kutch Gulf,23.0,68.9,Gujarat Coast,cybersecurity_intrusion_data.csv,0,1,0.02,0.0,9.33,0,1,UDP,0,0.0,1.0,0.6325,HIGH,0
Mizoram Border,22.7,92.7,Northeast Sector,cybersecurity_intrusion_data.csv,0,1,0.01,0.0,8.0,0,0,TCP,0,0.0,1.0,0.1364,LOW,0
Tawang Sector,27.6,91.9,Arunachal Sector,cybersecurity_intrusion_data.csv,0,1,0.01,0.0,9.33,0,0,UDP,0,0.0,1.0,0.2581,LOW,0
Tawang Sector,27.6,91.9,Arunachal Sector,cybersecurity_intrusion_data.csv,0,1,0.01,0.0,8.67,0,0,TCP,0,0.0,1.0,0.3365,MEDIUM,0
Lipulekh Pass,30.2,80.3,Uttarakhand Pass,cybersecurity_intrusion_data.csv,0,1,0.03,0.0,10.0,0,1,UDP,0,0.0,1.0,0.7601,CRITICAL,0
Barmer Sector,25.7,71.4,Rajasthan Border,cybersecurity_intrusion_data.csv,0,1,0.04,0.0,14.0,0,1,TCP,0,0.0,1.0,0.4774,MEDIUM,0
Mizoram Border,22.7,92.7,Northeast Sector,cybersecurity_intrusion_data.csv,1,1,0.01,0.0,8.67,0,1,TCP,0,0.0,1.0,0.0538,LOW,0
Depsang Plains,35.1,77.8,Ladakh LAC,cybersecurity_intrusion_data.csv,0,1,0.03,0.0,9.33,0,1,TCP,0,0.0,1.0,0.3654,MEDIUM,0
Pangong Tso,33.7,78.9,Ladakh LAC,cybersecurity_intrusion_data.csv,0,1,0.02,0.0,10.0,0,0,UDP,0,0.0,1.0,0.5606,HIGH,0
Pangong Tso,33.7,78.9,Ladakh LAC,cybersecurity_intrusion_data.csv,0,1,0.0,0.0,8.67,0,0,TCP,0,0.0,1.0,0.4777,MEDIUM,0
Pangong Tso,33.7,78.9,Ladakh LAC,cybersecurity_intrusion_data.csv,0,1,0.01,0.0,8.67,0,1,ICMP,0,0.0,1.0,0.1971,LOW,0
Doklam Plateau,27.3,89.1,Sikkim Ridge,cybersecurity_intrusion_data.csv,0,1,0.01,0.0,8.67,0,0,TCP,0,0.0,1.0,0.3623,MEDIUM,0
Pir Panjal Range,33.5,74.2,J&K LoC,cybersecurity_intrusion_data.csv,0,1,0.01,0.0,12.0,0,1,TCP,0,0.0,1.0,0.2816,LOW,0
Depsang Plains,35.1,77.8,Ladakh LAC,cybersecurity_intrusion_data.csv,0,1,0.01,0.0,10.0,0,1,UDP,0,0.0,1.0,0.2408,LOW,0
Rann of Kutch,23.9,70.0,Gujarat Coast,cybersecurity_intrusion_data.csv,1,1,0.02,0.0,8.67,0,0,TCP,0,0.0,1.0,0.1853,LOW,0
Wagah Border,31.6,74.6,Punjab Sector,cybersecurity_intrusion_data.csv,0,1,0.0,0.0,8.0,0,1,TCP,0,0.0,1.0,0.2589,LOW,0
Wagah Border,31.6,74.6,Punjab Sector,cybersecurity_intrusion_data.csv,1,1,0.01,0.0,7.33,0,0,UDP,0,0.0,1.0,0.3566,MEDIUM,0
Barmer Sector,25.7,71.4,Rajasthan Border,cybersecurity_intrusion_data.csv,0,1,0.02,0.0,8.67,0,0,TCP,0,0.0,1.0,0.5913,HIGH,0
Galwan Valley,34.4,73.6,J&K LoC,cybersecurity_intrusion_data.csv,0,1,0.04,0.0,9.33,0,1,TCP,0,0.0,1.0,0.2175,LOW,0
Kutch Gulf,23.0,68.9,Gujarat Coast,cybersecurity_intrusion_data.csv,0,1,0.0,0.0,8.0,0,1,TCP,0,0.0,1.0,0.339,MEDIUM,0
Pangong Tso,33.7,78.9,Ladakh LAC,cybersecurity_intrusion_data.csv,0,1,0.01,0.0,9.33,0,0,TCP,0,0.0,1.0,0.0903,LOW,0
Nathula Pass,27.4,88.8,Sikkim Ridge,cybersecurity_intrusion_data.csv,0,1,0.01,0.0,9.33,0,0,UDP,0,0.0,1.0,0.4146,MEDIUM,0
Barmer Sector,25.7,71.4,Rajasthan Border,cybersecurity_intrusion_data.csv,1,1,0.0,0.0,9.33,0,1,TCP,0,0.0,1.0,0.2243,LOW,0
Wagah Border,31.6,74.6,Punjab Sector,cybersecurity_intrusion_data.csv,0,1,0.04,0.0,11.33,0,1,TCP,0,0.0,1.0,0.1957,LOW,0
Tawang Sector,27.6,91.9,Arunachal Sector,cybersecurity_intrusion_data.csv,1,1,0.02,0.0,11.33,0,1,UDP,0,0.0,1.0,0.1614,LOW,0
Anjaw District,28.1,96.3,Arunachal Sector,cybersecurity_intrusion_data.csv,0,1,0.02,0.0,11.33,0,1,UDP,0,0.0,1.0,0.2082,LOW,0
Nathula Pass,27.4,88.8,Sikkim Ridge,cybersecurity_intrusion_data.csv,0,1,0.03,0.0,7.33,0,1,UDP,0,0.0,1.0,0.5998,HIGH,0
Depsang Plains,35.1,77.8,Ladakh LAC,cybersecurity_intrusion_data.csv,1,1,0.01,0.0,9.33,0,0,UDP,0,0.0,1.0,0.2982,LOW,0
Barmer Sector,25.7,71.4,Rajasthan Border,cybersecurity_intrusion_data.csv,0,1,0.02,0.0,10.0,0,1,UDP,0,0.0,1.0,0.0783,LOW,0
Galwan Valley,34.4,73.6,J&K LoC,cybersecurity_intrusion_data.csv,0,1,0.0,0.0,12.0,0,1,UDP,0,0.0,1.0,0.0513,LOW,0
Doklam Plateau,27.3,89.1,Sikkim Ridge,cybersecurity_intrusion_data.csv,0,1,0.02,0.0,8.0,0,0,UDP,0,0.0,1.0,0.4971,MEDIUM,0
Wagah Border,31.6,74.6,Punjab Sector,cybersecurity_intrusion_data.csv,0,1,0.02,0.0,12.0,0,1,TCP,0,0.0,1.0,0.2947,LOW,0
Galwan Valley,34.4,73.6,J&K LoC,cybersecurity_intrusion_data.csv,1,1,0.01,0.0,8.67,0,0,ICMP,0,0.0,1.0,0.19,LOW,0
Mizoram Border,22.7,92.7,Northeast Sector,cybersecurity_intrusion_data.csv,0,1,0.03,0.0,10.67,0,1,UDP,0,0.0,1.0,0.37,MEDIUM,0
Anjaw District,28.1,96.3,Arunachal Sector,cybersecurity_intrusion_data.csv,0,1,0.01,0.0,8.67,0,0,TCP,0,0.0,1.0,0.5046,MEDIUM,0
Depsang Plains,35.1,77.8,Ladakh LAC,cybersecurity_intrusion_data.csv,0,1,0.02,0.0,12.0,0,1,UDP,0,0.0,1.0,0.0752,LOW,0
Wagah Border,31.6,74.6,Punjab Sector,cybersecurity_intrusion_data.csv,0,1,0.01,0.0,10.0,0,1,UDP,0,0.0,1.0,0.2652,LOW,0
Lipulekh Pass,30.2,80.3,Uttarakhand Pass,cybersecurity_intrusion_data.csv,1,1,0.03,0.0,9.33,0,1,TCP,0,0.0,1.0,0.7032,HIGH,0
Wagah Border,31.6,74.6,Punjab Sector,cybersecurity_intrusion_data.csv,0,1,0.0,0.0,10.67,0,0,UDP,0,0.0,1.0,0.1152,LOW,0
Kutch Gulf,23.0,68.9,Gujarat Coast,cybersecurity_intrusion_data.csv,0,1,0.03,0.0,8.67,0,1,TCP,0,0.0,1.0,0.327,MEDIUM,0
Nathula Pass,27.4,88.8,Sikkim Ridge,cybersecurity_intrusion_data.csv,0,1,0.01,0.0,9.33,0,0,UDP,0,0.0,1.0,0.5521,HIGH,0
Rann of Kutch,23.9,70.0,Gujarat Coast,cybersecurity_intrusion_data.csv,0,1,0.01,0.0,7.33,0,0,TCP,0,0.0,1.0,0.53,HIGH,0
Anjaw District,28.1,96.3,Arunachal Sector,cybersecurity_intrusion_data.csv,0,1,0.0,0.0,10.0,0,0,UDP,0,0.0,1.0,0.1391,LOW,0
Lipulekh Pass,30.2,80.3,Uttarakhand Pass,cybersecurity_intrusion_data.csv,0,1,0.03,0.0,8.67,0,1,TCP,0,0.0,1.0,0.4693,MEDIUM,0
Siachen Glacier,35.5,76.9,Ladakh LAC,cybersecurity_intrusion_data.csv,1,1,0.02,0.0,10.67,0,0,TCP,0,0.0,1.0,0.5552,HIGH,0
Wagah Border,31.6,74.6,Punjab Sector,cybersecurity_intrusion_data.csv,0,1,0.02,0.0,8.0,0,0,TCP,0,0.0,1.0,0.1144,LOW,0
Pangong Tso,33.7,78.9,Ladakh LAC,cybersecurity_intrusion_data.csv,0,1,0.01,0.0,8.0,0,0,UDP,0,0.0,1.0,0.2398,LOW,0
Barmer Sector,25.7,71.4,Rajasthan Border,cybersecurity_intrusion_data.csv,1,1,0.02,0.0,8.67,0,1,UDP,0,0.0,1.0,0.037,LOW,0
Rann of Kutch,23.9,70.0,Gujarat Coast,cybersecurity_intrusion_data.csv,0,1,0.02,0.0,8.67,0,1,TCP,0,0.0,1.0,0.8069,CRITICAL,0
Rann of Kutch,23.9,70.0,Gujarat Coast,cybersecurity_intrusion_data.csv,0,1,0.02,0.0,7.33,0,0,TCP,0,0.0,1.0,0.208,LOW,0
Pir Panjal Range,33.5,74.2,J&K LoC,cybersecurity_intrusion_data.csv,1,1,0.01,0.0,10.0,0,0,UDP,0,0.0,1.0,0.1384,LOW,0
Galwan Valley,34.4,73.6,J&K LoC,cybersecurity_intrusion_data.csv,0,1,0.02,0.0,8.67,0,0,TCP,0,0.0,1.0,0.0597,LOW,0
Siachen Glacier,35.5,76.9,Ladakh LAC,cybersecurity_intrusion_data.csv,1,1,0.01,0.0,7.33,0,0,TCP,0,0.0,1.0,0.4776,MEDIUM,0
Pir Panjal Range,33.5,74.2,J&K LoC,cybersecurity_intrusion_data.csv,0,1,0.02,0.0,9.33,0,0,UDP,0,0.0,1.0,0.1397,LOW,0
Anjaw District,28.1,96.3,Arunachal Sector,cybersecurity_intrusion_data.csv,1,1,0.01,0.0,10.0,0,0,UDP,0,0.0,1.0,0.1376,LOW,0
Depsang Plains,35.1,77.8,Ladakh LAC,cybersecurity_intrusion_data.csv,0,1,0.02,0.0,8.67,0,1,TCP,0,0.0,1.0,0.2193,LOW,0
Tawang Sector,27.6,91.9,Arunachal Sector,cybersecurity_intrusion_data.csv,0,1,0.02,0.0,10.0,0,1,TCP,0,0.0,1.0,0.1819,LOW,0
Rann of Kutch,23.9,70.0,Gujarat Coast,cybersecurity_intrusion_data.csv,0,1,0.01,0.0,7.33,0,0,TCP,0,0.0,1.0,0.1641,LOW,0
Anjaw District,28.1,96.3,Arunachal Sector,cybersecurity_intrusion_data.csv,1,1,0.0,0.0,8.0,0,0,TCP,0,0.0,1.0,0.2497,LOW,0
Galwan Valley,34.4,73.6,J&K LoC,cybersecurity_intrusion_data.csv,0,1,0.02,0.0,9.33,0,0,TCP,0,0.0,1.0,0.3951,MEDIUM,0
Barmer Sector,25.7,71.4,Rajasthan Border,cybersecurity_intrusion_data.csv,0,1,0.01,0.0,10.0,0,1,TCP,0,0.0,1.0,0.6863,HIGH,0
Siachen Glacier,35.5,76.9,Ladakh LAC,cybersecurity_intrusion_data.csv,0,1,0.01,0.0,9.33,0,1,TCP,0,0.0,1.0,0.7394,CRITICAL,0
Anjaw District,28.1,96.3,Arunachal Sector,cybersecurity_intrusion_data.csv,0,1,0.01,0.0,10.0,0,0,TCP,0,0.0,1.0,0.4955,MEDIUM,0
Depsang Plains,35.1,77.8,Ladakh LAC,cybersecurity_intrusion_data.csv,0,1,0.03,0.0,9.33,0,1,UDP,0,0.0,1.0,0.3578,MEDIUM,0
Wagah Border,31.6,74.6,Punjab Sector,cybersecurity_intrusion_data.csv,0,1,0.02,0.0,8.67,0,0,TCP,0,0.0,1.0,0.1865,LOW,0
Doklam Plateau,27.3,89.1,Sikkim Ridge,cybersecurity_intrusion_data.csv,1,1,0.02,0.0,9.33,0,1,TCP,0,0.0,1.0,0.3927,MEDIUM,0
Pir Panjal Range,33.5,74.2,J&K LoC,cybersecurity_intrusion_data.csv,0,1,0.01,0.0,7.33,0,0,UDP,0,0.0,1.0,0.4105,MEDIUM,0
Anjaw District,28.1,96.3,Arunachal Sector,cybersecurity_intrusion_data.csv,0,1,0.02,0.0,8.67,0,0,TCP,0,0.0,1.0,0.0983,LOW,0
Pangong Tso,33.7,78.9,Ladakh LAC,cybersecurity_intrusion_data.csv,0,1,0.0,0.0,12.0,0,1,UDP,0,0.0,1.0,0.1503,LOW,0
Siachen Glacier,35.5,76.9,Ladakh LAC,cybersecurity_intrusion_data.csv,0,1,0.0,0.0,11.33,0,1,TCP,0,0.0,1.0,0.2108,LOW,0
Pangong Tso,33.7,78.9,Ladakh LAC,cybersecurity_intrusion_data.csv,0,1,0.02,0.0,9.33,0,0,TCP,0,0.0,1.0,0.5862,HIGH,0
Doklam Plateau,27.3,89.1,Sikkim Ridge,cybersecurity_intrusion_data.csv,0,1,0.02,0.0,9.33,0,0,TCP,0,0.0,1.0,0.1963,LOW,0
Galwan Valley,34.4,73.6,J&K LoC,cybersecurity_intrusion_data.csv,0,1,0.01,0.0,9.33,0,0,UDP,0,0.0,1.0,0.3105,LOW,0
Doklam Plateau,27.3,89.1,Sikkim Ridge,cybersecurity_intrusion_data.csv,0,1,0.02,0.0,12.0,0,1,TCP,0,0.0,1.0,0.462,MEDIUM,0
Rann of Kutch,23.9,70.0,Gujarat Coast,cybersecurity_intrusion_data.csv,0,1,0.0,0.0,10.0,0,1,UDP,0,0.0,1.0,0.6775,HIGH,0
Kutch Gulf,23.0,68.9,Gujarat Coast,cybersecurity_intrusion_data.csv,0,1,0.03,0.0,9.33,0,1,TCP,0,0.0,1.0,0.2329,LOW,0
Wagah Border,31.6,74.6,Punjab Sector,cybersecurity_intrusion_data.csv,0,1,0.03,0.0,10.0,0,1,TCP,0,0.0,1.0,0.4848,MEDIUM,0
Pir Panjal Range,33.5,74.2,J&K LoC,cybersecurity_intrusion_data.csv,0,1,0.01,0.0,7.33,0,0,TCP,0,0.0,1.0,0.2352,LOW,0
Kutch Gulf,23.0,68.9,Gujarat Coast,cybersecurity_intrusion_data.csv,1,1,0.01,0.0,9.33,0,0,ICMP,0,0.0,1.0,0.3256,MEDIUM,0
Wagah Border,31.6,74.6,Punjab Sector,cybersecurity_intrusion_data.csv,0,1,0.01,0.0,8.0,0,1,TCP,0,0.0,1.0,0.3711,MEDIUM,0
Rann of Kutch,23.9,70.0,Gujarat Coast,cybersecurity_intrusion_data.csv,0,1,0.01,0.0,7.33,0,0,UDP,0,0.0,1.0,0.3421,MEDIUM,0
Galwan Valley,34.4,73.6,J&K LoC,cybersecurity_intrusion_data.csv,0,1,0.01,0.0,8.67,0,0,UDP,0,0.0,1.0,0.4771,MEDIUM,0
Rann of Kutch,23.9,70.0,Gujarat Coast,cybersecurity_intrusion_data.csv,0,1,0.01,0.0,10.0,0,0,TCP,0,0.0,1.0,0.1108,LOW,0
Tawang Sector,27.6,91.9,Arunachal Sector,cybersecurity_intrusion_data.csv,0,1,0.0,0.0,9.33,0,0,UDP,0,0.0,1.0,0.5269,HIGH,0
Barmer Sector,25.7,71.4,Rajasthan Border,cybersecurity_intrusion_data.csv,0,1,0.01,0.0,7.33,0,0,TCP,0,0.0,1.0,0.1146,LOW,0
Pir Panjal Range,33.5,74.2,J&K LoC,cybersecurity_intrusion_data.csv,1,1,0.04,0.0,11.33,0,1,TCP,0,0.0,1.0,0.2418,LOW,0
Nathula Pass,27.4,88.8,Sikkim Ridge,cybersecurity_intrusion_data.csv,1,1,0.02,0.0,8.0,0,1,TCP,0,0.0,1.0,0.2759,LOW,0
Galwan Valley,34.4,73.6,J&K LoC,cybersecurity_intrusion_data.csv,0,1,0.01,0.0,8.0,0,1,UDP,0,0.0,1.0,0.315,LOW,0
Anjaw District,28.1,96.3,Arunachal Sector,cybersecurity_intrusion_data.csv,1,1,0.01,0.0,11.33,0,1,TCP,0,0.0,1.0,0.2519,LOW,0
Doklam Plateau,27.3,89.1,Sikkim Ridge,cybersecurity_intrusion_data.csv,0,1,0.01,0.0,8.0,0,1,TCP,0,0.0,1.0,0.3307,MEDIUM,0
Mizoram Border,22.7,92.7,Northeast Sector,cybersecurity_intrusion_data.csv,0,1,0.01,0.0,7.33,0,0,TCP,0,0.0,1.0,0.1298,LOW,0
Mizoram Border,22.7,92.7,Northeast Sector,cybersecurity_intrusion_data.csv,0,1,0.03,0.0,9.33,0,1,TCP,0,0.0,1.0,0.5429,HIGH,0
Lipulekh Pass,30.2,80.3,Uttarakhand Pass,cybersecurity_intrusion_data.csv,0,1,0.01,0.0,9.33,0,0,TCP,0,0.0,1.0,0.4181,MEDIUM,0
Mizoram Border,22.7,92.7,Northeast Sector,cybersecurity_intrusion_data.csv,0,1,0.01,0.0,8.67,0,0,TCP,0,0.0,1.0,0.1403,LOW,0
Doklam Plateau,27.3,89.1,Sikkim Ridge,cybersecurity_intrusion_data.csv,0,1,0.01,0.0,7.33,0,0,TCP,0,0.0,1.0,0.2826,LOW,0
Doklam Plateau,27.3,89.1,Sikkim Ridge,cybersecurity_intrusion_data.csv,0,1,0.01,0.0,10.0,0,0,TCP,0,0.0,1.0,0.4085,MEDIUM,0
Rann of Kutch,23.9,70.0,Gujarat Coast,cybersecurity_intrusion_data.csv,0,1,0.0,0.0,8.67,0,1,TCP,0,0.0,1.0,0.647,HIGH,0
Barmer Sector,25.7,71.4,Rajasthan Border,cybersecurity_intrusion_data.csv,0,1,0.02,0.0,9.33,0,1,TCP,0,0.0,1.0,0.7035,HIGH,0
Nathula Pass,27.4,88.8,Sikkim Ridge,cybersecurity_intrusion_data.csv,0,1,0.0,0.0,9.33,0,0,TCP,0,0.0,1.0,0.2442,LOW,0
Doklam Plateau,27.3,89.1,Sikkim Ridge,cybersecurity_intrusion_data.csv,0,1,0.01,0.0,8.67,0,0,TCP,0,0.0,1.0,0.3954,MEDIUM,0
Barmer Sector,25.7,71.4,Rajasthan Border,cybersecurity_intrusion_data.csv,0,1,0.02,0.0,10.0,0,0,TCP,0,0.0,1.0,0.3782,MEDIUM,0
Kutch Gulf,23.0,68.9,Gujarat Coast,cybersecurity_intrusion_data.csv,0,1,0.02,0.0,8.67,0,0,UDP,0,0.0,1.0,0.1835,LOW,0
Nathula Pass,27.4,88.8,Sikkim Ridge,cybersecurity_intrusion_data.csv,0,1,0.0,0.0,7.33,0,0,TCP,0,0.0,1.0,0.2136,LOW,0
Depsang Plains,35.1,77.8,Ladakh LAC,cybersecurity_intrusion_data.csv,0,1,0.01,0.0,10.0,0,0,UDP,0,0.0,1.0,0.2599,LOW,0
Galwan Valley,34.4,73.6,J&K LoC,cybersecurity_intrusion_data.csv,1,1,0.0,0.0,10.67,0,0,TCP,0,0.0,1.0,0.0471,LOW,0
Siachen Glacier,35.5,76.9,Ladakh LAC,cybersecurity_intrusion_data.csv,1,1,0.0,0.0,10.0,0,1,UDP,0,0.0,1.0,0.8439,CRITICAL,0
Doklam Plateau,27.3,89.1,Sikkim Ridge,cybersecurity_intrusion_data.csv,0,1,0.01,0.0,9.33,0,1,TCP,0,0.0,1.0,0.6127,HIGH,0
Wagah Border,31.6,74.6,Punjab Sector,cybersecurity_intrusion_data.csv,0,1,0.02,0.0,9.33,0,1,TCP,0,0.0,1.0,0.2691,LOW,0
Rann of Kutch,23.9,70.0,Gujarat Coast,cybersecurity_intrusion_data.csv,0,1,0.01,0.0,10.0,0,0,TCP,0,0.0,1.0,0.4761,MEDIUM,0
Pangong Tso,33.7,78.9,Ladakh LAC,cybersecurity_intrusion_data.csv,0,1,0.01,0.0,10.67,0,0,TCP,0,0.0,1.0,0.3514,MEDIUM,0
Kutch Gulf,23.0,68.9,Gujarat Coast,cybersecurity_intrusion_data.csv,0,1,0.01,0.0,10.67,0,0,TCP,0,0.0,1.0,0.1958,LOW,0
Wagah Border,31.6,74.6,Punjab Sector,cybersecurity_intrusion_data.csv,0,1,0.01,0.0,11.33,0,1,TCP,0,0.0,1.0,0.5528,HIGH,0
Depsang Plains,35.1,77.8,Ladakh LAC,cybersecurity_intrusion_data.csv,0,1,0.02,0.0,10.0,0,1,TCP,0,0.0,1.0,0.1496,LOW,0
Anjaw District,28.1,96.3,Arunachal Sector,cybersecurity_intrusion_data.csv,0,1,0.0,0.0,10.67,0,1,TCP,0,0.0,1.0,0.4181,MEDIUM,0
Tawang Sector,27.6,91.9,Arunachal Sector,cybersecurity_intrusion_data.csv,0,1,0.02,0.0,11.33,0,1,TCP,0,0.0,1.0,0.0811,LOW,0
Pir Panjal Range,33.5,74.2,J&K LoC,cybersecurity_intrusion_data.csv,1,1,0.01,0.0,8.0,0,0,TCP,0,0.0,1.0,0.3214,MEDIUM,0
Pir Panjal Range,33.5,74.2,J&K LoC,cybersecurity_intrusion_data.csv,0,1,0.04,0.0,8.67,0,1,TCP,0,0.0,1.0,0.3032,LOW,0
Rann of Kutch,23.9,70.0,Gujarat Coast,cybersecurity_intrusion_data.csv,0,1,0.02,0.0,10.0,0,0,TCP,0,0.0,1.0,0.2922,LOW,0
Nathula Pass,27.4,88.8,Sikkim Ridge,cybersecurity_intrusion_data.csv,0,1,0.0,0.0,10.67,0,0,TCP,0,0.0,1.0,0.0476,LOW,0
Nathula Pass,27.4,88.8,Sikkim Ridge,cybersecurity_intrusion_data.csv,0,1,0.0,0.0,10.0,0,0,TCP,0,0.0,1.0,0.3549,MEDIUM,0
Tawang Sector,27.6,91.9,Arunachal Sector,cybersecurity_intrusion_data.csv,0,1,0.02,0.0,8.0,0,0,TCP,0,0.0,1.0,0.2955,LOW,0
Kutch Gulf,23.0,68.9,Gujarat Coast,cybersecurity_intrusion_data.csv,0,1,0.02,0.0,8.0,0,0,UDP,0,0.0,1.0,0.4563,MEDIUM,0
Galwan Valley,34.4,73.6,J&K LoC,cybersecurity_intrusion_data.csv,0,1,0.0,0.0,8.67,0,0,TCP,0,0.0,1.0,0.2213,LOW,0
Tawang Sector,27.6,91.9,Arunachal Sector,cybersecurity_intrusion_data.csv,0,1,0.01,0.0,10.67,0,0,TCP,0,0.0,1.0,0.4454,MEDIUM,0
Siachen Glacier,35.5,76.9,Ladakh LAC,cybersecurity_intrusion_data.csv,0,1,0.0,0.0,8.67,0,0,TCP,0,0.0,1.0,0.4107,MEDIUM,0
Nathula Pass,27.4,88.8,Sikkim Ridge,cybersecurity_intrusion_data.csv,1,1,0.01,0.0,9.33,0,0,UDP,0,0.0,1.0,0.3892,MEDIUM,0
Tawang Sector,27.6,91.9,Arunachal Sector,cybersecurity_intrusion_data.csv,0,1,0.01,0.0,9.33,0,1,TCP,0,0.0,1.0,0.5688,HIGH,0
Siachen Glacier,35.5,76.9,Ladakh LAC,cybersecurity_intrusion_data.csv,0,1,0.03,0.0,9.33,0,1,TCP,0,0.0,1.0,0.7676,CRITICAL,0
Anjaw District,28.1,96.3,Arunachal Sector,cybersecurity_intrusion_data.csv,0,1,0.02,0.0,12.0,0,1,UDP,0,0.0,1.0,0.1852,LOW,0
Rann of Kutch,23.9,70.0,Gujarat Coast,cybersecurity_intrusion_data.csv,0,1,0.03,0.0,12.67,0,1,TCP,0,0.0,1.0,0.3425,MEDIUM,0
Lipulekh Pass,30.2,80.3,Uttarakhand Pass,cybersecurity_intrusion_data.csv,0,1,0.01,0.0,8.67,0,1,TCP,0,0.0,1.0,0.5188,MEDIUM,0
Rann of Kutch,23.9,70.0,Gujarat Coast,cybersecurity_intrusion_data.csv,0,1,0.0,0.0,8.67,0,0,TCP,0,0.0,1.0,0.3025,LOW,0
Pir Panjal Range,33.5,74.2,J&K LoC,cybersecurity_intrusion_data.csv,0,1,0.02,0.0,7.33,0,0,UDP,0,0.0,1.0,0.3872,MEDIUM,0
Pir Panjal Range,33.5,74.2,J&K LoC,cybersecurity_intrusion_data.csv,0,1,0.02,0.0,8.67,0,0,ICMP,0,0.0,1.0,0.0836,LOW,0
Anjaw District,28.1,96.3,Arunachal Sector,cybersecurity_intrusion_data.csv,0,1,0.02,0.0,7.33,0,0,TCP,0,0.0,1.0,0.1677,LOW,0
Pir Panjal Range,33.5,74.2,J&K LoC,cybersecurity_intrusion_data.csv,0,1,0.01,0.0,8.67,0,0,TCP,0,0.0,1.0,0.3771,MEDIUM,0
Pir Panjal Range,33.5,74.2,J&K LoC,cybersecurity_intrusion_data.csv,0,1,0.01,0.0,10.67,0,1,TCP,0,0.0,1.0,0.0743,LOW,0
Mizoram Border,22.7,92.7,Northeast Sector,cybersecurity_intrusion_data.csv,0,1,0.02,0.0,7.33,0,0,TCP,0,0.0,1.0,0.2179,LOW,0
Anjaw District,28.1,96.3,Arunachal Sector,cybersecurity_intrusion_data.csv,0,1,0.01,0.0,7.33,0,0,ICMP,0,0.0,1.0,0.1397,LOW,0
Pangong Tso,33.7,78.9,Ladakh LAC,cybersecurity_intrusion_data.csv,1,1,0.0,0.0,9.33,0,0,TCP,0,0.0,1.0,0.0147,LOW,0
Lipulekh Pass,30.2,80.3,Uttarakhand Pass,cybersecurity_intrusion_data.csv,0,1,0.01,0.0,7.33,0,0,TCP,0,0.0,1.0,0.1741,LOW,0
Pir Panjal Range,33.5,74.2,J&K LoC,cybersecurity_intrusion_data.csv,0,1,0.02,0.0,13.33,0,1,UDP,0,0.0,1.0,0.2544,LOW,0
Pir Panjal Range,33.5,74.2,J&K LoC,cybersecurity_intrusion_data.csv,0,1,0.02,0.0,10.67,0,0,TCP,0,0.0,1.0,0.4108,MEDIUM,0
Lipulekh Pass,30.2,80.3,Uttarakhand Pass,cybersecurity_intrusion_data.csv,0,1,0.03,0.0,12.0,0,1,TCP,0,0.0,1.0,0.1678,LOW,0
Siachen Glacier,35.5,76.9,Ladakh LAC,cybersecurity_intrusion_data.csv,0,1,0.02,0.0,8.0,0,0,TCP,0,0.0,1.0,0.1541,LOW,0
Doklam Plateau,27.3,89.1,Sikkim Ridge,cybersecurity_intrusion_data.csv,0,1,0.01,0.0,8.67,0,0,TCP,0,0.0,1.0,0.1631,LOW,0
Barmer Sector,25.7,71.4,Rajasthan Border,cybersecurity_intrusion_data.csv,0,1,0.03,0.0,10.67,0,1,TCP,0,0.0,1.0,0.3624,MEDIUM,0
Lipulekh Pass,30.2,80.3,Uttarakhand Pass,cybersecurity_intrusion_data.csv,0,1,0.01,0.0,10.67,0,0,UDP,0,0.0,1.0,0.0967,LOW,0
Anjaw District,28.1,96.3,Arunachal Sector,cybersecurity_intrusion_data.csv,0,1,0.02,0.0,8.67,0,0,TCP,0,0.0,1.0,0.1067,LOW,0
Anjaw District,28.1,96.3,Arunachal Sector,cybersecurity_intrusion_data.csv,0,1,0.03,0.0,7.33,0,1,TCP,0,0.0,1.0,0.5659,HIGH,0
Depsang Plains,35.1,77.8,Ladakh LAC,cybersecurity_intrusion_data.csv,0,1,0.01,0.0,10.0,0,1,UDP,0,0.0,1.0,0.6029,HIGH,0
Tawang Sector,27.6,91.9,Arunachal Sector,cybersecurity_intrusion_data.csv,0,1,0.03,0.0,9.33,0,1,TCP,0,0.0,1.0,0.3256,MEDIUM,0
Barmer Sector,25.7,71.4,Rajasthan Border,cybersecurity_intrusion_data.csv,1,1,0.02,0.0,8.0,0,1,TCP,0,0.0,1.0,0.6632,HIGH,0
Pangong Tso,33.7,78.9,Ladakh LAC,cybersecurity_intrusion_data.csv,0,1,0.01,0.0,9.33,0,0,TCP,0,0.0,1.0,0.5763,HIGH,0
Mizoram Border,22.7,92.7,Northeast Sector,cybersecurity_intrusion_data.csv,1,1,0.02,0.0,7.33,0,0,TCP,0,0.0,1.0,0.0927,LOW,0
Galwan Valley,34.4,73.6,J&K LoC,cybersecurity_intrusion_data.csv,1,1,0.01,0.0,10.0,0,0,TCP,0,0.0,1.0,0.4022,MEDIUM,0
Lipulekh Pass,30.2,80.3,Uttarakhand Pass,cybersecurity_intrusion_data.csv,0,1,0.01,0.0,8.67,0,0,UDP,0,0.0,1.0,0.3269,MEDIUM,0
Nathula Pass,27.4,88.8,Sikkim Ridge,cybersecurity_intrusion_data.csv,0,1,0.01,0.0,9.33,0,1,UDP,0,0.0,1.0,0.65,HIGH,0
Rann of Kutch,23.9,70.0,Gujarat Coast,cybersecurity_intrusion_data.csv,0,1,0.02,0.0,8.0,0,0,TCP,0,0.0,1.0,0.2337,LOW,0
Pir Panjal Range,33.5,74.2,J&K LoC,cybersecurity_intrusion_data.csv,0,1,0.01,0.0,8.0,0,1,TCP,0,0.0,1.0,0.5072,MEDIUM,0
Lipulekh Pass,30.2,80.3,Uttarakhand Pass,cybersecurity_intrusion_data.csv,1,1,0.02,0.0,10.0,0,1,TCP,0,0.0,1.0,0.5628,HIGH,0
Wagah Border,31.6,74.6,Punjab Sector,cybersecurity_intrusion_data.csv,0,1,0.02,0.0,7.33,0,0,TCP,0,0.0,1.0,0.5994,HIGH,0
Barmer Sector,25.7,71.4,Rajasthan Border,cybersecurity_intrusion_data.csv,0,1,0.0,0.0,8.67,0,0,TCP,0,0.0,1.0,0.4183,MEDIUM,0
Nathula Pass,27.4,88.8,Sikkim Ridge,cybersecurity_intrusion_data.csv,0,1,0.01,0.0,9.33,0,0,TCP,0,0.0,1.0,0.2232,LOW,0
Siachen Glacier,35.5,76.9,Ladakh LAC,cybersecurity_intrusion_data.csv,0,1,0.03,0.0,9.33,0,1,TCP,0,0.0,1.0,0.4527,MEDIUM,0
Doklam Plateau,27.3,89.1,Sikkim Ridge,cybersecurity_intrusion_data.csv,0,1,0.03,0.0,12.0,0,1,TCP,0,0.0,1.0,0.1737,LOW,0
Pangong Tso,33.7,78.9,Ladakh LAC,cybersecurity_intrusion_data.csv,0,1,0.01,0.0,10.67,0,1,TCP,0,0.0,1.0,0.6815,HIGH,0
Doklam Plateau,27.3,89.1,Sikkim Ridge,cybersecurity_intrusion_data.csv,0,1,0.01,0.0,8.0,0,0,TCP,0,0.0,1.0,0.0578,LOW,0
Wagah Border,31.6,74.6,Punjab Sector,cybersecurity_intrusion_data.csv,0,1,0.01,0.0,10.67,0,0,TCP,0,0.0,1.0,0.544,HIGH,0
Pangong Tso,33.7,78.9,Ladakh LAC,cybersecurity_intrusion_data.csv,1,1,0.0,0.0,8.0,0,0,ICMP,0,0.0,1.0,0.3994,MEDIUM,0
Pangong Tso,33.7,78.9,Ladakh LAC,cybersecurity_intrusion_data.csv,1,1,0.0,0.0,7.33,0,0,TCP,0,0.0,1.0,0.4106,MEDIUM,0
Rann of Kutch,23.9,70.0,Gujarat Coast,cybersecurity_intrusion_data.csv,0,1,0.03,0.0,8.0,0,1,TCP,0,0.0,1.0,0.3977,MEDIUM,0
Anjaw District,28.1,96.3,Arunachal Sector,cybersecurity_intrusion_data.csv,0,1,0.03,0.0,7.33,0,1,ICMP,0,0.0,1.0,0.1849,LOW,0
Siachen Glacier,35.5,76.9,Ladakh LAC,cybersecurity_intrusion_data.csv,0,1,0.03,0.0,8.0,0,1,TCP,0,0.0,1.0,0.2871,LOW,0
Barmer Sector,25.7,71.4,Rajasthan Border,cybersecurity_intrusion_data.csv,0,1,0.02,0.0,10.0,0,0,UDP,0,0.0,1.0,0.3849,MEDIUM,0
Barmer Sector,25.7,71.4,Rajasthan Border,cybersecurity_intrusion_data.csv,0,1,0.0,0.0,9.33,0,0,TCP,0,0.0,1.0,0.3184,LOW,0
Rann of Kutch,23.9,70.0,Gujarat Coast,cybersecurity_intrusion_data.csv,0,1,0.02,0.0,7.33,0,1,TCP,0,0.0,1.0,0.1187,LOW,0
Kutch Gulf,23.0,68.9,Gujarat Coast,cybersecurity_intrusion_data.csv,0,1,0.01,0.0,10.67,0,1,TCP,0,0.0,1.0,0.5276,HIGH,0
Mizoram Border,22.7,92.7,Northeast Sector,cybersecurity_intrusion_data.csv,0,1,0.01,0.0,8.0,0,0,TCP,0,0.0,1.0,0.4201,MEDIUM,0
Lipulekh Pass,30.2,80.3,Uttarakhand Pass,cybersecurity_intrusion_data.csv,0,1,0.05,0.0,8.67,0,1,UDP,0,0.0,1.0,0.1349,LOW,0
Tawang Sector,27.6,91.9,Arunachal Sector,cybersecurity_intrusion_data.csv,0,1,0.0,0.0,9.33,0,0,TCP,0,0.0,1.0,0.3706,MEDIUM,0
Rann of Kutch,23.9,70.0,Gujarat Coast,cybersecurity_intrusion_data.csv,0,1,0.03,0.0,10.0,0,1,TCP,0,0.0,1.0,0.2486,LOW,0
Pangong Tso,33.7,78.9,Ladakh LAC,cybersecurity_intrusion_data.csv,0,1,0.03,0.0,10.67,0,1,TCP,0,0.0,1.0,0.7168,HIGH,0
Tawang Sector,27.6,91.9,Arunachal Sector,cybersecurity_intrusion_data.csv,0,1,0.03,0.0,10.67,0,1,TCP,0,0.0,1.0,0.6355,HIGH,0
Rann of Kutch,23.9,70.0,Gujarat Coast,cybersecurity_intrusion_data.csv,0,1,0.03,0.0,9.33,0,1,TCP,0,0.0,1.0,0.5843,HIGH,0
Pir Panjal Range,33.5,74.2,J&K LoC,cybersecurity_intrusion_data.csv,0,1,0.02,0.0,9.33,0,1,UDP,0,0.0,1.0,0.1672,LOW,0
Anjaw District,28.1,96.3,Arunachal Sector,cybersecurity_intrusion_data.csv,0,1,0.02,0.0,8.67,0,0,TCP,0,0.0,1.0,0.453,MEDIUM,0
Barmer Sector,25.7,71.4,Rajasthan Border,cybersecurity_intrusion_data.csv,1,1,0.03,0.0,8.0,0,1,TCP,0,0.0,1.0,0.0766,LOW,0
Pir Panjal Range,33.5,74.2,J&K LoC,cybersecurity_intrusion_data.csv,0,1,0.03,0.0,10.0,0,1,TCP,0,0.0,1.0,0.5036,MEDIUM,0
Kutch Gulf,23.0,68.9,Gujarat Coast,cybersecurity_intrusion_data.csv,0,1,0.03,0.0,10.0,0,1,TCP,0,0.0,1.0,0.3828,MEDIUM,0
Depsang Plains,35.1,77.8,Ladakh LAC,cybersecurity_intrusion_data.csv,0,1,0.03,0.0,10.0,0,1,TCP,0,0.0,1.0,0.7043,HIGH,0
Wagah Border,31.6,74.6,Punjab Sector,cybersecurity_intrusion_data.csv,1,1,0.02,0.0,11.33,0,1,UDP,0,0.0,1.0,0.2223,LOW,0
Siachen Glacier,35.5,76.9,Ladakh LAC,cybersecurity_intrusion_data.csv,1,1,0.01,0.0,10.0,0,0,ICMP,0,0.0,1.0,0.4434,MEDIUM,0
Rann of Kutch,23.9,70.0,Gujarat Coast,cybersecurity_intrusion_data.csv,1,1,0.01,0.0,10.0,0,1,TCP,0,0.0,1.0,0.2153,LOW,0
Galwan Valley,34.4,73.6,J&K LoC,cybersecurity_intrusion_data.csv,0,1,0.02,0.0,7.33,0,0,TCP,0,0.0,1.0,0.1845,LOW,0
Mizoram Border,22.7,92.7,Northeast Sector,cybersecurity_intrusion_data.csv,1,1,0.03,0.0,7.33,0,1,TCP,0,0.0,1.0,0.3068,LOW,0
Siachen Glacier,35.5,76.9,Ladakh LAC,cybersecurity_intrusion_data.csv,0,1,0.0,0.0,9.33,0,1,TCP,0,0.0,1.0,0.2869,LOW,0
Doklam Plateau,27.3,89.1,Sikkim Ridge,cybersecurity_intrusion_data.csv,0,1,0.01,0.0,8.67,0,0,ICMP,0,0.0,1.0,0.1558,LOW,0
Pangong Tso,33.7,78.9,Ladakh LAC,cybersecurity_intrusion_data.csv,0,1,0.03,0.0,7.33,0,1,UDP,0,0.0,1.0,0.307,LOW,0
Rann of Kutch,23.9,70.0,Gujarat Coast,cybersecurity_intrusion_data.csv,1,1,0.03,0.0,9.33,0,1,TCP,0,0.0,1.0,0.3297,MEDIUM,0
Anjaw District,28.1,96.3,Arunachal Sector,cybersecurity_intrusion_data.csv,0,1,0.02,0.0,9.33,0,0,UDP,0,0.0,1.0,0.2353,LOW,0
Kutch Gulf,23.0,68.9,Gujarat Coast,cybersecurity_intrusion_data.csv,1,1,0.0,0.0,8.0,0,0,TCP,0,0.0,1.0,0.5644,HIGH,0
Galwan Valley,34.4,73.6,J&K LoC,cybersecurity_intrusion_data.csv,0,1,0.01,0.0,8.67,0,0,TCP,0,0.0,1.0,0.5341,HIGH,0
Doklam Plateau,27.3,89.1,Sikkim Ridge,cybersecurity_intrusion_data.csv,0,1,0.0,0.0,10.0,0,0,TCP,0,0.0,1.0,0.1682,LOW,0
Pir Panjal Range,33.5,74.2,J&K LoC,cybersecurity_intrusion_data.csv,0,1,0.02,0.0,8.67,0,0,TCP,0,0.0,1.0,0.3295,MEDIUM,0
Pir Panjal Range,33.5,74.2,J&K LoC,cybersecurity_intrusion_data.csv,0,1,0.01,0.0,10.0,0,0,UDP,0,0.0,1.0,0.4062,MEDIUM,0
Pangong Tso,33.7,78.9,Ladakh LAC,cybersecurity_intrusion_data.csv,0,1,0.01,0.0,8.67,0,0,TCP,0,0.0,1.0,0.1087,LOW,0
Anjaw District,28.1,96.3,Arunachal Sector,cybersecurity_intrusion_data.csv,0,1,0.03,0.0,8.67,0,1,UDP,0,0.0,1.0,0.3449,MEDIUM,0
Doklam Plateau,27.3,89.1,Sikkim Ridge,cybersecurity_intrusion_data.csv,0,1,0.03,0.0,9.33,0,1,TCP,0,0.0,1.0,0.3574,MEDIUM,0
Lipulekh Pass,30.2,80.3,Uttarakhand Pass,cybersecurity_intrusion_data.csv,0,1,0.01,0.0,10.0,0,0,TCP,0,0.0,1.0,0.0819,LOW,0
Lipulekh Pass,30.2,80.3,Uttarakhand Pass,cybersecurity_intrusion_data.csv,1,1,0.02,0.0,9.33,0,1,TCP,0,0.0,1.0,0.6428,HIGH,0
Galwan Valley,34.4,73.6,J&K LoC,cybersecurity_intrusion_data.csv,0,1,0.01,0.0,10.0,0,1,UDP,0,0.0,1.0,0.26,LOW,0
Kutch Gulf,23.0,68.9,Gujarat Coast,cybersecurity_intrusion_data.csv,1,1,0.01,0.0,10.0,0,0,UDP,0,0.0,1.0,0.1823,LOW,0
Pangong Tso,33.7,78.9,Ladakh LAC,cybersecurity_intrusion_data.csv,1,1,0.02,0.0,8.0,0,0,TCP,0,0.0,1.0,0.4511,MEDIUM,0
Tawang Sector,27.6,91.9,Arunachal Sector,cybersecurity_intrusion_data.csv,0,1,0.0,0.0,8.67,0,0,TCP,0,0.0,1.0,0.1896,LOW,0
Rann of Kutch,23.9,70.0,Gujarat Coast,cybersecurity_intrusion_data.csv,0,1,0.02,0.0,9.33,0,1,TCP,0,0.0,1.0,0.2276,LOW,0
Barmer Sector,25.7,71.4,Rajasthan Border,cybersecurity_intrusion_data.csv,0,1,0.01,0.0,10.0,0,1,TCP,0,0.0,1.0,0.6289,HIGH,0
Anjaw District,28.1,96.3,Arunachal Sector,cybersecurity_intrusion_data.csv,1,1,0.0,0.0,8.67,0,0,TCP,0,0.0,1.0,0.4825,MEDIUM,0
Pir Panjal Range,33.5,74.2,J&K LoC,cybersecurity_intrusion_data.csv,0,1,0.02,0.0,12.67,0,1,TCP,0,0.0,1.0,0.1311,LOW,0
Anjaw District,28.1,96.3,Arunachal Sector,cybersecurity_intrusion_data.csv,0,1,0.03,0.0,8.67,0,1,TCP,0,0.0,1.0,0.7401,CRITICAL,0
Lipulekh Pass,30.2,80.3,Uttarakhand Pass,cybersecurity_intrusion_data.csv,0,1,0.01,0.0,8.0,0,1,TCP,0,0.0,1.0,0.2513,LOW,0
Pangong Tso,33.7,78.9,Ladakh LAC,cybersecurity_intrusion_data.csv,0,1,0.03,0.0,10.67,0,1,TCP,0,0.0,1.0,0.2828,LOW,0
Siachen Glacier,35.5,76.9,Ladakh LAC,cybersecurity_intrusion_data.csv,0,1,0.02,0.0,10.0,0,0,TCP,0,0.0,1.0,0.5011,MEDIUM,0
Nathula Pass,27.4,88.8,Sikkim Ridge,cybersecurity_intrusion_data.csv,0,1,0.02,0.0,8.0,0,0,TCP,0,0.0,1.0,0.5446,HIGH,0
Lipulekh Pass,30.2,80.3,Uttarakhand Pass,cybersecurity_intrusion_data.csv,0,1,0.02,0.0,11.33,0,1,TCP,0,0.0,1.0,0.1705,LOW,0
Rann of Kutch,23.9,70.0,Gujarat Coast,cybersecurity_intrusion_data.csv,0,1,0.02,0.0,9.33,0,1,ICMP,0,0.0,1.0,0.765,CRITICAL,0
Anjaw District,28.1,96.3,Arunachal Sector,cybersecurity_intrusion_data.csv,0,1,0.02,0.0,8.0,0,0,TCP,0,0.0,1.0,0.2239,LOW,0
Pir Panjal Range,33.5,74.2,J&K LoC,cybersecurity_intrusion_data.csv,0,1,0.0,0.0,8.67,0,0,TCP,0,0.0,1.0,0.2118,LOW,0
Wagah Border,31.6,74.6,Punjab Sector,cybersecurity_intrusion_data.csv,0,1,0.01,0.0,8.67,0,1,TCP,0,0.0,1.0,0.1849,LOW,0
Galwan Valley,34.4,73.6,J&K LoC,cybersecurity_intrusion_data.csv,1,1,0.02,0.0,8.0,0,0,TCP,0,0.0,1.0,0.1766,LOW,0
Kutch Gulf,23.0,68.9,Gujarat Coast,cybersecurity_intrusion_data.csv,0,1,0.0,0.0,10.0,0,1,TCP,0,0.0,1.0,0.3109,LOW,0
Lipulekh Pass,30.2,80.3,Uttarakhand Pass,cybersecurity_intrusion_data.csv,0,1,0.0,0.0,8.0,0,0,TCP,0,0.0,1.0,0.5611,HIGH,0
Anjaw District,28.1,96.3,Arunachal Sector,cybersecurity_intrusion_data.csv,0,1,0.03,0.0,8.67,0,1,TCP,0,0.0,1.0,0.5284,HIGH,0
Nathula Pass,27.4,88.8,Sikkim Ridge,cybersecurity_intrusion_data.csv,1,1,0.02,0.0,10.67,0,0,TCP,0,0.0,1.0,0.0446,LOW,0
Tawang Sector,27.6,91.9,Arunachal Sector,cybersecurity_intrusion_data.csv,0,1,0.0,0.0,9.33,0,0,TCP,0,0.0,1.0,0.0673,LOW,0
Wagah Border,31.6,74.6,Punjab Sector,cybersecurity_intrusion_data.csv,0,1,0.01,0.0,8.67,0,0,UDP,0,0.0,1.0,0.4551,MEDIUM,0
Lipulekh Pass,30.2,80.3,Uttarakhand Pass,cybersecurity_intrusion_data.csv,0,1,0.02,0.0,10.0,0,1,TCP,0,0.0,1.0,0.6991,HIGH,0
Doklam Plateau,27.3,89.1,Sikkim Ridge,cybersecurity_intrusion_data.csv,0,1,0.0,0.0,8.67,0,0,TCP,0,0.0,1.0,0.0842,LOW,0
Tawang Sector,27.6,91.9,Arunachal Sector,cybersecurity_intrusion_data.csv,1,1,0.02,0.0,9.33,0,0,TCP,0,0.0,1.0,0.0857,LOW,0
Anjaw District,28.1,96.3,Arunachal Sector,cybersecurity_intrusion_data.csv,0,1,0.04,0.0,8.67,0,1,TCP,0,0.0,1.0,0.4077,MEDIUM,0
Nathula Pass,27.4,88.8,Sikkim Ridge,cybersecurity_intrusion_data.csv,0,1,0.01,0.0,7.33,0,0,UDP,0,0.0,1.0,0.516,MEDIUM,0
Nathula Pass,27.4,88.8,Sikkim Ridge,cybersecurity_intrusion_data.csv,0,1,0.02,0.0,11.33,0,1,TCP,0,0.0,1.0,0.6123,HIGH,0
Tawang Sector,27.6,91.9,Arunachal Sector,cybersecurity_intrusion_data.csv,1,1,0.0,0.0,12.0,0,1,TCP,0,0.0,1.0,0.2275,LOW,0
Lipulekh Pass,30.2,80.3,Uttarakhand Pass,cybersecurity_intrusion_data.csv,0,1,0.02,0.0,7.33,0,0,TCP,0,0.0,1.0,0.2535,LOW,0
Pangong Tso,33.7,78.9,Ladakh LAC,cybersecurity_intrusion_data.csv,0,1,0.01,0.0,10.67,0,1,TCP,0,0.0,1.0,0.0103,LOW,0
Nathula Pass,27.4,88.8,Sikkim Ridge,cybersecurity_intrusion_data.csv,0,1,0.01,0.0,8.67,0,1,UDP,0,0.0,1.0,0.6007,HIGH,0
Galwan Valley,34.4,73.6,J&K LoC,cybersecurity_intrusion_data.csv,0,1,0.0,0.0,10.0,0,1,TCP,0,0.0,1.0,0.4348,MEDIUM,0
Nathula Pass,27.4,88.8,Sikkim Ridge,cybersecurity_intrusion_data.csv,0,1,0.0,0.0,8.0,0,0,TCP,0,0.0,1.0,0.2393,LOW,0
Kutch Gulf,23.0,68.9,Gujarat Coast,cybersecurity_intrusion_data.csv,1,1,0.01,0.0,10.0,0,0,TCP,0,0.0,1.0,0.5365,HIGH,0
Rann of Kutch,23.9,70.0,Gujarat Coast,cybersecurity_intrusion_data.csv,0,1,0.02,0.0,10.0,0,1,TCP,0,0.0,1.0,0.7656,CRITICAL,0
Barmer Sector,25.7,71.4,Rajasthan Border,cybersecurity_intrusion_data.csv,0,1,0.03,0.0,8.67,0,1,TCP,0,0.0,1.0,0.6056,HIGH,0
Kutch Gulf,23.0,68.9,Gujarat Coast,cybersecurity_intrusion_data.csv,0,1,0.02,0.0,9.33,0,0,TCP,0,0.0,1.0,0.3015,LOW,0
Depsang Plains,35.1,77.8,Ladakh LAC,cybersecurity_intrusion_data.csv,0,1,0.02,0.0,10.67,0,0,UDP,0,0.0,1.0,0.1454,LOW,0
Anjaw District,28.1,96.3,Arunachal Sector,cybersecurity_intrusion_data.csv,0,1,0.01,0.0,11.33,0,1,TCP,0,0.0,1.0,0.2445,LOW,0
Wagah Border,31.6,74.6,Punjab Sector,cybersecurity_intrusion_data.csv,0,1,0.01,0.0,7.33,0,0,TCP,0,0.0,1.0,0.194,LOW,0
Rann of Kutch,23.9,70.0,Gujarat Coast,cybersecurity_intrusion_data.csv,0,1,0.0,0.0,10.0,0,0,TCP,0,0.0,1.0,0.3634,MEDIUM,0
Lipulekh Pass,30.2,80.3,Uttarakhand Pass,cybersecurity_intrusion_data.csv,0,1,0.02,0.0,7.33,0,0,TCP,0,0.0,1.0,0.4683,MEDIUM,0
Rann of Kutch,23.9,70.0,Gujarat Coast,cybersecurity_intrusion_data.csv,0,1,0.01,0.0,9.33,0,0,TCP,0,0.0,1.0,0.3499,MEDIUM,0
Tawang Sector,27.6,91.9,Arunachal Sector,cybersecurity_intrusion_data.csv,0,1,0.03,0.0,10.67,0,1,UDP,0,0.0,1.0,0.3967,MEDIUM,0
Siachen Glacier,35.5,76.9,Ladakh LAC,cybersecurity_intrusion_data.csv,0,1,0.0,0.0,8.67,0,0,ICMP,0,0.0,1.0,0.4952,MEDIUM,0
Galwan Valley,34.4,73.6,J&K LoC,cybersecurity_intrusion_data.csv,0,1,0.01,0.0,10.0,0,1,TCP,0,0.0,1.0,0.1705,LOW,0
Lipulekh Pass,30.2,80.3,Uttarakhand Pass,cybersecurity_intrusion_data.csv,1,1,0.01,0.0,10.0,0,0,TCP,0,0.0,1.0,0.3262,MEDIUM,0
Wagah Border,31.6,74.6,Punjab Sector,cybersecurity_intrusion_data.csv,0,1,0.01,0.0,8.67,0,1,TCP,0,0.0,1.0,0.2049,LOW,0
Tawang Sector,27.6,91.9,Arunachal Sector,cybersecurity_intrusion_data.csv,0,1,0.03,0.0,8.0,0,1,ICMP,0,0.0,1.0,0.187,LOW,0
Kutch Gulf,23.0,68.9,Gujarat Coast,cybersecurity_intrusion_data.csv,0,1,0.02,0.0,8.67,0,0,TCP,0,0.0,1.0,0.4314,MEDIUM,0
Kutch Gulf,23.0,68.9,Gujarat Coast,cybersecurity_intrusion_data.csv,0,1,0.02,0.0,11.33,0,1,UDP,0,0.0,1.0,0.1709,LOW,0
Anjaw District,28.1,96.3,Arunachal Sector,cybersecurity_intrusion_data.csv,0,1,0.03,0.0,11.33,0,1,TCP,0,0.0,1.0,0.7319,CRITICAL,0
Pangong Tso,33.7,78.9,Ladakh LAC,cybersecurity_intrusion_data.csv,1,1,0.0,0.0,7.33,0,0,TCP,0,0.0,1.0,0.2272,LOW,0
Kutch Gulf,23.0,68.9,Gujarat Coast,cybersecurity_intrusion_data.csv,0,1,0.01,0.0,9.33,0,0,UDP,0,0.0,1.0,0.196,LOW,0
Barmer Sector,25.7,71.4,Rajasthan Border,cybersecurity_intrusion_data.csv,0,1,0.01,0.0,8.0,0,0,UDP,0,0.0,1.0,0.2254,LOW,0
Siachen Glacier,35.5,76.9,Ladakh LAC,cybersecurity_intrusion_data.csv,0,1,0.01,0.0,10.67,0,1,UDP,0,0.0,1.0,0.622,HIGH,0
Pangong Tso,33.7,78.9,Ladakh LAC,cybersecurity_intrusion_data.csv,0,1,0.02,0.0,8.67,0,0,ICMP,0,0.0,1.0,0.4786,MEDIUM,0
Nathula Pass,27.4,88.8,Sikkim Ridge,cybersecurity_intrusion_data.csv,0,1,0.01,0.0,11.33,0,1,TCP,0,0.0,1.0,0.4556,MEDIUM,0
Nathula Pass,27.4,88.8,Sikkim Ridge,cybersecurity_intrusion_data.csv,0,1,0.02,0.0,9.33,0,0,TCP,0,0.0,1.0,0.54,HIGH,0
Siachen Glacier,35.5,76.9,Ladakh LAC,cybersecurity_intrusion_data.csv,0,1,0.03,0.0,7.33,0,1,UDP,0,0.0,1.0,0.184,LOW,0
Mizoram Border,22.7,92.7,Northeast Sector,cybersecurity_intrusion_data.csv,0,1,0.01,0.0,10.67,0,0,TCP,0,0.0,1.0,0.3326,MEDIUM,0
Anjaw District,28.1,96.3,Arunachal Sector,cybersecurity_intrusion_data.csv,0,1,0.03,0.0,11.33,0,1,TCP,0,0.0,1.0,0.2153,LOW,0
Anjaw District,28.1,96.3,Arunachal Sector,cybersecurity_intrusion_data.csv,0,1,0.01,0.0,8.0,0,1,TCP,0,0.0,1.0,0.4855,MEDIUM,0
Depsang Plains,35.1,77.8,Ladakh LAC,cybersecurity_intrusion_data.csv,0,1,0.02,0.0,9.33,0,1,UDP,0,0.0,1.0,0.6567,HIGH,0
Pir Panjal Range,33.5,74.2,J&K LoC,cybersecurity_intrusion_data.csv,0,1,0.02,0.0,9.33,0,0,TCP,0,0.0,1.0,0.1708,LOW,0
Pangong Tso,33.7,78.9,Ladakh LAC,cybersecurity_intrusion_data.csv,0,1,0.01,0.0,8.0,0,0,UDP,0,0.0,1.0,0.2556,LOW,0
Mizoram Border,22.7,92.7,Northeast Sector,cybersecurity_intrusion_data.csv,0,1,0.0,0.0,8.67,0,0,TCP,0,0.0,1.0,0.1769,LOW,0
Nathula Pass,27.4,88.8,Sikkim Ridge,cybersecurity_intrusion_data.csv,0,1,0.04,0.0,10.0,0,1,UDP,0,0.0,1.0,0.174,LOW,0
Pir Panjal Range,33.5,74.2,J&K LoC,cybersecurity_intrusion_data.csv,0,1,0.01,0.0,8.0,0,0,TCP,0,0.0,1.0,0.2247,LOW,0
Siachen Glacier,35.5,76.9,Ladakh LAC,cybersecurity_intrusion_data.csv,0,1,0.01,0.0,8.0,0,1,ICMP,0,0.0,1.0,0.6518,HIGH,0
Siachen Glacier,35.5,76.9,Ladakh LAC,cybersecurity_intrusion_data.csv,0,1,0.0,0.0,9.33,0,0,ICMP,0,0.0,1.0,0.254,LOW,0
Rann of Kutch,23.9,70.0,Gujarat Coast,cybersecurity_intrusion_data.csv,0,1,0.03,0.0,8.0,0,1,TCP,0,0.0,1.0,0.5101,MEDIUM,0
Rann of Kutch,23.9,70.0,Gujarat Coast,cybersecurity_intrusion_data.csv,0,1,0.01,0.0,9.33,0,0,TCP,0,0.0,1.0,0.2585,LOW,0
Lipulekh Pass,30.2,80.3,Uttarakhand Pass,cybersecurity_intrusion_data.csv,0,1,0.03,0.0,7.33,0,1,UDP,0,0.0,1.0,0.3344,MEDIUM,0
Depsang Plains,35.1,77.8,Ladakh LAC,cybersecurity_intrusion_data.csv,0,1,0.02,0.0,11.33,0,1,TCP,0,0.0,1.0,0.4365,MEDIUM,0
Mizoram Border,22.7,92.7,Northeast Sector,cybersecurity_intrusion_data.csv,0,1,0.01,0.0,9.33,0,0,TCP,0,0.0,1.0,0.5074,MEDIUM,0
Anjaw District,28.1,96.3,Arunachal Sector,cybersecurity_intrusion_data.csv,0,1,0.04,0.0,8.67,0,1,TCP,0,0.0,1.0,0.1238,LOW,0
Mizoram Border,22.7,92.7,Northeast Sector,cybersecurity_intrusion_data.csv,0,1,0.02,0.0,8.0,0,0,TCP,0,0.0,1.0,0.3667,MEDIUM,0
Pir Panjal Range,33.5,74.2,J&K LoC,cybersecurity_intrusion_data.csv,0,1,0.02,0.0,8.0,0,0,TCP,0,0.0,1.0,0.3794,MEDIUM,0
Rann of Kutch,23.9,70.0,Gujarat Coast,cybersecurity_intrusion_data.csv,0,1,0.01,0.0,8.0,0,1,TCP,0,0.0,1.0,0.4848,MEDIUM,0
Barmer Sector,25.7,71.4,Rajasthan Border,cybersecurity_intrusion_data.csv,0,1,0.02,0.0,10.67,0,0,TCP,0,0.0,1.0,0.3563,MEDIUM,0
Barmer Sector,25.7,71.4,Rajasthan Border,cybersecurity_intrusion_data.csv,0,1,0.02,0.0,12.0,0,1,TCP,0,0.0,1.0,0.5423,HIGH,0
Nathula Pass,27.4,88.8,Sikkim Ridge,cybersecurity_intrusion_data.csv,1,1,0.02,0.0,9.33,0,0,UDP,0,0.0,1.0,0.5044,MEDIUM,0
Depsang Plains,35.1,77.8,Ladakh LAC,cybersecurity_intrusion_data.csv,0,1,0.03,0.0,9.33,0,1,UDP,0,0.0,1.0,0.293,LOW,0
Anjaw District,28.1,96.3,Arunachal Sector,cybersecurity_intrusion_data.csv,1,1,0.03,0.0,10.0,0,1,TCP,0,0.0,1.0,0.4061,MEDIUM,0
Barmer Sector,25.7,71.4,Rajasthan Border,cybersecurity_intrusion_data.csv,0,1,0.02,0.0,11.33,0,1,TCP,0,0.0,1.0,0.3577,MEDIUM,0
Rann of Kutch,23.9,70.0,Gujarat Coast,cybersecurity_intrusion_data.csv,0,1,0.01,0.0,11.33,0,1,ICMP,0,0.0,1.0,0.2624,LOW,0
Lipulekh Pass,30.2,80.3,Uttarakhand Pass,cybersecurity_intrusion_data.csv,1,1,0.02,0.0,8.0,0,0,TCP,0,0.0,1.0,0.4069,MEDIUM,0
Barmer Sector,25.7,71.4,Rajasthan Border,cybersecurity_intrusion_data.csv,1,1,0.01,0.0,10.0,0,0,TCP,0,0.0,1.0,0.1775,LOW,0
Depsang Plains,35.1,77.8,Ladakh LAC,cybersecurity_intrusion_data.csv,1,1,0.01,0.0,8.67,0,0,TCP,0,0.0,1.0,0.4109,MEDIUM,0
Nathula Pass,27.4,88.8,Sikkim Ridge,cybersecurity_intrusion_data.csv,0,1,0.0,0.0,7.33,0,0,TCP,0,0.0,1.0,0.4925,MEDIUM,0
Nathula Pass,27.4,88.8,Sikkim Ridge,cybersecurity_intrusion_data.csv,0,1,0.02,0.0,8.0,0,0,TCP,0,0.0,1.0,0.2846,LOW,0
Pir Panjal Range,33.5,74.2,J&K LoC,cybersecurity_intrusion_data.csv,0,1,0.01,0.0,10.0,0,0,UDP,0,0.0,1.0,0.5577,HIGH,0
Tawang Sector,27.6,91.9,Arunachal Sector,cybersecurity_intrusion_data.csv,0,1,0.01,0.0,9.33,0,0,TCP,0,0.0,1.0,0.4282,MEDIUM,0
Pangong Tso,33.7,78.9,Ladakh LAC,cybersecurity_intrusion_data.csv,0,1,0.02,0.0,8.67,0,0,TCP,0,0.0,1.0,0.3519,MEDIUM,0
Anjaw District,28.1,96.3,Arunachal Sector,cybersecurity_intrusion_data.csv,0,1,0.02,0.0,11.33,0,1,TCP,0,0.0,1.0,0.0795,LOW,0
Siachen Glacier,35.5,76.9,Ladakh LAC,cybersecurity_intrusion_data.csv,0,1,0.02,0.0,10.0,0,1,UDP,0,0.0,1.0,0.6269,HIGH,0
Lipulekh Pass,30.2,80.3,Uttarakhand Pass,cybersecurity_intrusion_data.csv,1,1,0.01,0.0,9.33,0,0,TCP,0,0.0,1.0,0.5374,HIGH,0
Wagah Border,31.6,74.6,Punjab Sector,cybersecurity_intrusion_data.csv,0,1,0.02,0.0,9.33,0,1,UDP,0,0.0,1.0,0.2342,LOW,0
Rann of Kutch,23.9,70.0,Gujarat Coast,cybersecurity_intrusion_data.csv,0,1,0.01,0.0,10.67,0,0,ICMP,0,0.0,1.0,0.3472,MEDIUM,0
Mizoram Border,22.7,92.7,Northeast Sector,cybersecurity_intrusion_data.csv,0,1,0.03,0.0,9.33,0,1,TCP,0,0.0,1.0,0.5191,MEDIUM,0
Galwan Valley,34.4,73.6,J&K LoC,cybersecurity_intrusion_data.csv,1,1,0.01,0.0,9.33,0,0,UDP,0,0.0,1.0,0.317,LOW,0
Pangong Tso,33.7,78.9,Ladakh LAC,cybersecurity_intrusion_data.csv,1,1,0.01,0.0,11.33,0,1,UDP,0,0.0,1.0,0.4828,MEDIUM,0
Tawang Sector,27.6,91.9,Arunachal Sector,cybersecurity_intrusion_data.csv,0,1,0.0,0.0,8.67,0,0,UDP,0,0.0,1.0,0.1504,LOW,0
Pangong Tso,33.7,78.9,Ladakh LAC,cybersecurity_intrusion_data.csv,0,1,0.02,0.0,7.33,0,0,TCP,0,0.0,1.0,0.0846,LOW,0
Rann of Kutch,23.9,70.0,Gujarat Coast,cybersecurity_intrusion_data.csv,0,1,0.03,0.0,10.0,0,1,UDP,0,0.0,1.0,0.2275,LOW,0
Siachen Glacier,35.5,76.9,Ladakh LAC,cybersecurity_intrusion_data.csv,0,1,0.0,0.0,8.0,0,1,TCP,0,0.0,1.0,0.5745,HIGH,0
Depsang Plains,35.1,77.8,Ladakh LAC,cybersecurity_intrusion_data.csv,0,1,0.02,0.0,10.67,0,0,TCP,0,0.0,1.0,0.5225,HIGH,0
Rann of Kutch,23.9,70.0,Gujarat Coast,cybersecurity_intrusion_data.csv,0,1,0.03,0.0,9.33,0,1,TCP,0,0.0,1.0,0.1893,LOW,0
Mizoram Border,22.7,92.7,Northeast Sector,cybersecurity_intrusion_data.csv,1,1,0.0,0.0,10.0,0,0,TCP,0,0.0,1.0,0.3888,MEDIUM,0
Pangong Tso,33.7,78.9,Ladakh LAC,cybersecurity_intrusion_data.csv,0,1,0.01,0.0,10.0,0,0,TCP,0,0.0,1.0,0.179,LOW,0
Tawang Sector,27.6,91.9,Arunachal Sector,cybersecurity_intrusion_data.csv,0,1,0.0,0.0,9.33,0,0,TCP,0,0.0,1.0,0.075,LOW,0
Nathula Pass,27.4,88.8,Sikkim Ridge,cybersecurity_intrusion_data.csv,0,1,0.01,0.0,10.0,0,0,TCP,0,0.0,1.0,0.2733,LOW,0
Nathula Pass,27.4,88.8,Sikkim Ridge,cybersecurity_intrusion_data.csv,0,1,0.03,0.0,8.67,0,1,TCP,0,0.0,1.0,0.1504,LOW,0
Mizoram Border,22.7,92.7,Northeast Sector,cybersecurity_intrusion_data.csv,1,1,0.0,0.0,7.33,0,1,TCP,0,0.0,1.0,0.1823,LOW,0
Doklam Plateau,27.3,89.1,Sikkim Ridge,cybersecurity_intrusion_data.csv,0,1,0.01,0.0,8.67,0,0,TCP,0,0.0,1.0,0.0951,LOW,0
Depsang Plains,35.1,77.8,Ladakh LAC,cybersecurity_intrusion_data.csv,0,1,0.01,0.0,8.67,0,0,TCP,0,0.0,1.0,0.2479,LOW,0
Doklam Plateau,27.3,89.1,Sikkim Ridge,cybersecurity_intrusion_data.csv,1,1,0.01,0.0,10.0,0,1,TCP,0,0.0,1.0,0.0877,LOW,0
Lipulekh Pass,30.2,80.3,Uttarakhand Pass,cybersecurity_intrusion_data.csv,1,1,0.03,0.0,10.0,0,1,TCP,0,0.0,1.0,0.3972,MEDIUM,0
Nathula Pass,27.4,88.8,Sikkim Ridge,cybersecurity_intrusion_data.csv,0,1,0.02,0.0,7.33,0,0,TCP,0,0.0,1.0,0.4185,MEDIUM,0
Nathula Pass,27.4,88.8,Sikkim Ridge,cybersecurity_intrusion_data.csv,0,1,0.02,0.0,8.67,0,0,UDP,0,0.0,1.0,0.1956,LOW,0
Pir Panjal Range,33.5,74.2,J&K LoC,cybersecurity_intrusion_data.csv,1,1,0.03,0.0,10.67,0,1,UDP,0,0.0,1.0,0.2236,LOW,0
Rann of Kutch,23.9,70.0,Gujarat Coast,cybersecurity_intrusion_data.csv,0,1,0.0,0.0,7.33,0,0,TCP,0,0.0,1.0,0.3839,MEDIUM,0
Pangong Tso,33.7,78.9,Ladakh LAC,cybersecurity_intrusion_data.csv,0,1,0.02,0.0,10.67,0,0,TCP,0,0.0,1.0,0.2992,LOW,0
Anjaw District,28.1,96.3,Arunachal Sector,cybersecurity_intrusion_data.csv,0,1,0.02,0.0,8.67,0,0,UDP,0,0.0,1.0,0.24,LOW,0
Barmer Sector,25.7,71.4,Rajasthan Border,cybersecurity_intrusion_data.csv,0,1,0.01,0.0,8.67,0,0,UDP,0,0.0,1.0,0.5769,HIGH,0
Doklam Plateau,27.3,89.1,Sikkim Ridge,cybersecurity_intrusion_data.csv,0,1,0.0,0.0,9.33,0,0,TCP,0,0.0,1.0,0.2639,LOW,0
Doklam Plateau,27.3,89.1,Sikkim Ridge,cybersecurity_intrusion_data.csv,1,1,0.01,0.0,8.0,0,0,TCP,0,0.0,1.0,0.3322,MEDIUM,0
Siachen Glacier,35.5,76.9,Ladakh LAC,cybersecurity_intrusion_data.csv,0,1,0.01,0.0,10.67,0,0,TCP,0,0.0,1.0,0.2578,LOW,0
Pangong Tso,33.7,78.9,Ladakh LAC,cybersecurity_intrusion_data.csv,0,1,0.01,0.0,9.33,0,0,TCP,0,0.0,1.0,0.2619,LOW,0
Kutch Gulf,23.0,68.9,Gujarat Coast,cybersecurity_intrusion_data.csv,0,1,0.0,0.0,10.0,0,0,ICMP,0,0.0,1.0,0.289,LOW,0
Rann of Kutch,23.9,70.0,Gujarat Coast,cybersecurity_intrusion_data.csv,0,1,0.0,0.0,8.0,0,0,TCP,0,0.0,1.0,0.1379,LOW,0
Kutch Gulf,23.0,68.9,Gujarat Coast,cybersecurity_intrusion_data.csv,0,1,0.02,0.0,10.0,0,1,TCP,0,0.0,1.0,0.1761,LOW,0
Tawang Sector,27.6,91.9,Arunachal Sector,cybersecurity_intrusion_data.csv,0,1,0.03,0.0,9.33,0,1,TCP,0,0.0,1.0,0.2662,LOW,0
Siachen Glacier,35.5,76.9,Ladakh LAC,cybersecurity_intrusion_data.csv,0,1,0.03,0.0,8.0,0,1,TCP,0,0.0,1.0,0.4923,MEDIUM,0
Siachen Glacier,35.5,76.9,Ladakh LAC,cybersecurity_intrusion_data.csv,0,1,0.02,0.0,9.33,0,0,TCP,0,0.0,1.0,0.5244,HIGH,0
Anjaw District,28.1,96.3,Arunachal Sector,cybersecurity_intrusion_data.csv,0,1,0.02,0.0,8.67,0,1,TCP,0,0.0,1.0,0.1608,LOW,0
Nathula Pass,27.4,88.8,Sikkim Ridge,cybersecurity_intrusion_data.csv,0,1,0.01,0.0,7.33,0,0,UDP,0,0.0,1.0,0.5607,HIGH,0
Pir Panjal Range,33.5,74.2,J&K LoC,cybersecurity_intrusion_data.csv,0,1,0.03,0.0,7.33,0,1,ICMP,0,0.0,1.0,0.7578,CRITICAL,0
Pir Panjal Range,33.5,74.2,J&K LoC,cybersecurity_intrusion_data.csv,0,1,0.0,0.0,7.33,0,0,TCP,0,0.0,1.0,0.5323,HIGH,0
Depsang Plains,35.1,77.8,Ladakh LAC,cybersecurity_intrusion_data.csv,0,1,0.03,0.0,10.0,0,1,UDP,0,0.0,1.0,0.5424,HIGH,0
Barmer Sector,25.7,71.4,Rajasthan Border,cybersecurity_intrusion_data.csv,0,1,0.01,0.0,12.0,0,1,TCP,0,0.0,1.0,0.1775,LOW,0
Tawang Sector,27.6,91.9,Arunachal Sector,cybersecurity_intrusion_data.csv,0,1,0.02,0.0,10.0,0,0,TCP,0,0.0,1.0,0.2773,LOW,0
Siachen Glacier,35.5,76.9,Ladakh LAC,cybersecurity_intrusion_data.csv,0,1,0.03,0.0,7.33,0,1,ICMP,0,0.0,1.0,0.2728,LOW,0
Lipulekh Pass,30.2,80.3,Uttarakhand Pass,cybersecurity_intrusion_data.csv,0,1,0.02,0.0,8.67,0,1,TCP,0,0.0,1.0,0.3301,MEDIUM,0
Depsang Plains,35.1,77.8,Ladakh LAC,cybersecurity_intrusion_data.csv,1,1,0.01,0.0,9.33,0,0,UDP,0,0.0,1.0,0.1569,LOW,0
Anjaw District,28.1,96.3,Arunachal Sector,cybersecurity_intrusion_data.csv,1,1,0.03,0.0,8.67,0,1,TCP,0,0.0,1.0,0.2379,LOW,0
Lipulekh Pass,30.2,80.3,Uttarakhand Pass,cybersecurity_intrusion_data.csv,0,1,0.02,0.0,8.67,0,1,TCP,0,0.0,1.0,0.3348,MEDIUM,0
Tawang Sector,27.6,91.9,Arunachal Sector,cybersecurity_intrusion_data.csv,1,1,0.01,0.0,8.0,0,1,TCP,0,0.0,1.0,0.394,MEDIUM,0
Lipulekh Pass,30.2,80.3,Uttarakhand Pass,cybersecurity_intrusion_data.csv,0,1,0.02,0.0,8.67,0,0,TCP,0,0.0,1.0,0.0781,LOW,0
Doklam Plateau,27.3,89.1,Sikkim Ridge,cybersecurity_intrusion_data.csv,0,1,0.02,0.0,10.67,0,0,UDP,0,0.0,1.0,0.2649,LOW,0
Kutch Gulf,23.0,68.9,Gujarat Coast,cybersecurity_intrusion_data.csv,0,1,0.01,0.0,8.67,0,0,TCP,0,0.0,1.0,0.0875,LOW,0
Siachen Glacier,35.5,76.9,Ladakh LAC,cybersecurity_intrusion_data.csv,0,1,0.01,0.0,10.0,0,0,UDP,0,0.0,1.0,0.1933,LOW,0
Depsang Plains,35.1,77.8,Ladakh LAC,cybersecurity_intrusion_data.csv,0,1,0.01,0.0,10.67,0,1,UDP,0,0.0,1.0,0.3639,MEDIUM,0
Nathula Pass,27.4,88.8,Sikkim Ridge,cybersecurity_intrusion_data.csv,1,1,0.01,0.0,9.33,0,0,UDP,0,0.0,1.0,0.4998,MEDIUM,0
Pangong Tso,33.7,78.9,Ladakh LAC,cybersecurity_intrusion_data.csv,0,1,0.0,0.0,10.0,0,0,TCP,0,0.0,1.0,0.4877,MEDIUM,0
Barmer Sector,25.7,71.4,Rajasthan Border,cybersecurity_intrusion_data.csv,0,1,0.02,0.0,9.33,0,0,TCP,0,0.0,1.0,0.3736,MEDIUM,0
Galwan Valley,34.4,73.6,J&K LoC,cybersecurity_intrusion_data.csv,0,1,0.02,0.0,10.0,0,0,UDP,0,0.0,1.0,0.1845,LOW,0
Lipulekh Pass,30.2,80.3,Uttarakhand Pass,cybersecurity_intrusion_data.csv,0,1,0.03,0.0,12.0,0,1,UDP,0,0.0,1.0,0.4796,MEDIUM,0
Mizoram Border,22.7,92.7,Northeast Sector,cybersecurity_intrusion_data.csv,0,1,0.02,0.0,8.0,0,0,TCP,0,0.0,1.0,0.1704,LOW,0
Galwan Valley,34.4,73.6,J&K LoC,cybersecurity_intrusion_data.csv,0,1,0.0,0.0,8.0,0,1,TCP,0,0.0,1.0,0.3888,MEDIUM,0
Tawang Sector,27.6,91.9,Arunachal Sector,cybersecurity_intrusion_data.csv,0,1,0.0,0.0,10.0,0,0,TCP,0,0.0,1.0,0.1131,LOW,0
Rann of Kutch,23.9,70.0,Gujarat Coast,cybersecurity_intrusion_data.csv,0,1,0.02,0.0,10.0,0,0,ICMP,0,0.0,1.0,0.1021,LOW,0
Lipulekh Pass,30.2,80.3,Uttarakhand Pass,cybersecurity_intrusion_data.csv,1,1,0.01,0.0,8.67,0,0,TCP,0,0.0,1.0,0.2625,LOW,0
Siachen Glacier,35.5,76.9,Ladakh LAC,cybersecurity_intrusion_data.csv,0,1,0.02,0.0,10.0,0,0,UDP,0,0.0,1.0,0.1665,LOW,0
Pangong Tso,33.7,78.9,Ladakh LAC,cybersecurity_intrusion_data.csv,0,1,0.0,0.0,11.33,0,1,TCP,0,0.0,1.0,0.0637,LOW,0
Kutch Gulf,23.0,68.9,Gujarat Coast,cybersecurity_intrusion_data.csv,0,1,0.01,0.0,8.67,0,0,TCP,0,0.0,1.0,0.564,HIGH,0
Rann of Kutch,23.9,70.0,Gujarat Coast,cybersecurity_intrusion_data.csv,0,1,0.02,0.0,8.0,0,0,TCP,0,0.0,1.0,0.3353,MEDIUM,0
Anjaw District,28.1,96.3,Arunachal Sector,cybersecurity_intrusion_data.csv,0,1,0.02,0.0,11.33,0,1,TCP,0,0.0,1.0,0.131,LOW,0
Nathula Pass,27.4,88.8,Sikkim Ridge,cybersecurity_intrusion_data.csv,0,1,0.02,0.0,12.67,0,1,UDP,0,0.0,1.0,0.3666,MEDIUM,0
Kutch Gulf,23.0,68.9,Gujarat Coast,cybersecurity_intrusion_data.csv,1,1,0.02,0.0,9.33,0,0,UDP,0,0.0,1.0,0.237,LOW,0
Siachen Glacier,35.5,76.9,Ladakh LAC,cybersecurity_intrusion_data.csv,1,1,0.0,0.0,8.67,0,0,UDP,0,0.0,1.0,0.5174,MEDIUM,0
Pangong Tso,33.7,78.9,Ladakh LAC,cybersecurity_intrusion_data.csv,0,1,0.02,0.0,8.67,0,0,TCP,0,0.0,1.0,0.3775,MEDIUM,0
Kutch Gulf,23.0,68.9,Gujarat Coast,cybersecurity_intrusion_data.csv,0,1,0.02,0.0,9.33,0,0,TCP,0,0.0,1.0,0.4598,MEDIUM,0
Siachen Glacier,35.5,76.9,Ladakh LAC,cybersecurity_intrusion_data.csv,0,1,0.01,0.0,8.0,0,0,TCP,0,0.0,1.0,0.2575,LOW,0
Kutch Gulf,23.0,68.9,Gujarat Coast,cybersecurity_intrusion_data.csv,0,1,0.01,0.0,8.67,0,0,TCP,0,0.0,1.0,0.3213,MEDIUM,0
Nathula Pass,27.4,88.8,Sikkim Ridge,cybersecurity_intrusion_data.csv,0,1,0.02,0.0,9.33,0,1,TCP,0,0.0,1.0,0.7191,HIGH,0
Mizoram Border,22.7,92.7,Northeast Sector,cybersecurity_intrusion_data.csv,0,1,0.02,0.0,8.67,0,1,TCP,0,0.0,1.0,0.5809,HIGH,0
Depsang Plains,35.1,77.8,Ladakh LAC,cybersecurity_intrusion_data.csv,0,1,0.01,0.0,9.33,0,0,TCP,0,0.0,1.0,0.2988,LOW,0
Mizoram Border,22.7,92.7,Northeast Sector,cybersecurity_intrusion_data.csv,0,1,0.01,0.0,8.67,0,0,TCP,0,0.0,1.0,0.0493,LOW,0
Pangong Tso,33.7,78.9,Ladakh LAC,cybersecurity_intrusion_data.csv,0,1,0.0,0.0,11.33,0,1,TCP,0,0.0,1.0,0.3848,MEDIUM,0
Depsang Plains,35.1,77.8,Ladakh LAC,cybersecurity_intrusion_data.csv,0,1,0.0,0.0,9.33,0,1,TCP,0,0.0,1.0,0.0782,LOW,0
Barmer Sector,25.7,71.4,Rajasthan Border,cybersecurity_intrusion_data.csv,0,1,0.02,0.0,9.33,0,0,UDP,0,0.0,1.0,0.402,MEDIUM,0
Nathula Pass,27.4,88.8,Sikkim Ridge,cybersecurity_intrusion_data.csv,0,1,0.01,0.0,8.67,0,0,UDP,0,0.0,1.0,0.5162,MEDIUM,0
Rann of Kutch,23.9,70.0,Gujarat Coast,cybersecurity_intrusion_data.csv,0,1,0.01,0.0,10.0,0,0,TCP,0,0.0,1.0,0.294,LOW,0
Galwan Valley,34.4,73.6,J&K LoC,cybersecurity_intrusion_data.csv,0,1,0.01,0.0,10.67,0,0,ICMP,0,0.0,1.0,0.1777,LOW,0
Galwan Valley,34.4,73.6,J&K LoC,cybersecurity_intrusion_data.csv,0,1,0.01,0.0,12.67,0,1,TCP,0,0.0,1.0,0.2972,LOW,0
Lipulekh Pass,30.2,80.3,Uttarakhand Pass,cybersecurity_intrusion_data.csv,1,1,0.02,0.0,8.67,0,0,TCP,0,0.0,1.0,0.2392,LOW,0
Pir Panjal Range,33.5,74.2,J&K LoC,cybersecurity_intrusion_data.csv,0,1,0.01,0.0,10.67,0,0,TCP,0,0.0,1.0,0.2312,LOW,0
Doklam Plateau,27.3,89.1,Sikkim Ridge,cybersecurity_intrusion_data.csv,0,1,0.01,0.0,9.33,0,0,TCP,0,0.0,1.0,0.1469,LOW,0
Kutch Gulf,23.0,68.9,Gujarat Coast,cybersecurity_intrusion_data.csv,1,1,0.01,0.0,8.67,0,0,UDP,0,0.0,1.0,0.4361,MEDIUM,0
Pir Panjal Range,33.5,74.2,J&K LoC,cybersecurity_intrusion_data.csv,0,1,0.01,0.0,10.67,0,0,TCP,0,0.0,1.0,0.1571,LOW,0
Pir Panjal Range,33.5,74.2,J&K LoC,cybersecurity_intrusion_data.csv,0,1,0.03,0.0,10.67,0,1,TCP,0,0.0,1.0,0.0235,LOW,0
Nathula Pass,27.4,88.8,Sikkim Ridge,cybersecurity_intrusion_data.csv,0,1,0.01,0.0,10.67,0,1,UDP,0,0.0,1.0,0.2869,LOW,0
Barmer Sector,25.7,71.4,Rajasthan Border,cybersecurity_intrusion_data.csv,0,1,0.02,0.0,8.0,0,0,TCP,0,0.0,1.0,0.1926,LOW,0
Nathula Pass,27.4,88.8,Sikkim Ridge,cybersecurity_intrusion_data.csv,0,1,0.02,0.0,10.0,0,0,TCP,0,0.0,1.0,0.3284,MEDIUM,0
Barmer Sector,25.7,71.4,Rajasthan Border,cybersecurity_intrusion_data.csv,1,1,0.0,0.0,7.33,0,1,TCP,0,0.0,1.0,0.4193,MEDIUM,0
Lipulekh Pass,30.2,80.3,Uttarakhand Pass,cybersecurity_intrusion_data.csv,0,1,0.0,0.0,8.67,0,0,TCP,0,0.0,1.0,0.569,HIGH,0
Nathula Pass,27.4,88.8,Sikkim Ridge,cybersecurity_intrusion_data.csv,0,1,0.02,0.0,9.33,0,0,TCP,0,0.0,1.0,0.2386,LOW,0
Doklam Plateau,27.3,89.1,Sikkim Ridge,cybersecurity_intrusion_data.csv,0,1,0.02,0.0,8.67,0,0,TCP,0,0.0,1.0,0.1591,LOW,0
Wagah Border,31.6,74.6,Punjab Sector,cybersecurity_intrusion_data.csv,1,1,0.01,0.0,9.33,0,0,UDP,0,0.0,1.0,0.3641,MEDIUM,0
Kutch Gulf,23.0,68.9,Gujarat Coast,cybersecurity_intrusion_data.csv,0,1,0.01,0.0,8.67,0,0,TCP,0,0.0,1.0,0.0985,LOW,0
Pir Panjal Range,33.5,74.2,J&K LoC,cybersecurity_intrusion_data.csv,0,1,0.02,0.0,10.67,0,0,TCP,0,0.0,1.0,0.3651,MEDIUM,0
Wagah Border,31.6,74.6,Punjab Sector,cybersecurity_intrusion_data.csv,1,1,0.01,0.0,8.67,0,0,TCP,0,0.0,1.0,0.2366,LOW,0
Galwan Valley,34.4,73.6,J&K LoC,cybersecurity_intrusion_data.csv,0,1,0.01,0.0,12.0,0,1,TCP,0,0.0,1.0,0.1033,LOW,0
Lipulekh Pass,30.2,80.3,Uttarakhand Pass,cybersecurity_intrusion_data.csv,0,1,0.03,0.0,7.33,0,1,TCP,0,0.0,1.0,0.062,LOW,0
Tawang Sector,27.6,91.9,Arunachal Sector,cybersecurity_intrusion_data.csv,0,1,0.03,0.0,8.0,0,1,TCP,0,0.0,1.0,0.1016,LOW,0
Depsang Plains,35.1,77.8,Ladakh LAC,cybersecurity_intrusion_data.csv,0,1,0.01,0.0,8.0,0,0,TCP,0,0.0,1.0,0.4628,MEDIUM,0
Galwan Valley,34.4,73.6,J&K LoC,cybersecurity_intrusion_data.csv,0,1,0.0,0.0,10.0,0,0,TCP,0,0.0,1.0,0.2475,LOW,0
Lipulekh Pass,30.2,80.3,Uttarakhand Pass,cybersecurity_intrusion_data.csv,0,1,0.01,0.0,9.33,0,0,TCP,0,0.0,1.0,0.3413,MEDIUM,0
Mizoram Border,22.7,92.7,Northeast Sector,cybersecurity_intrusion_data.csv,0,1,0.02,0.0,9.33,0,0,TCP,0,0.0,1.0,0.3451,MEDIUM,0
Nathula Pass,27.4,88.8,Sikkim Ridge,cybersecurity_intrusion_data.csv,0,1,0.01,0.0,9.33,0,0,TCP,0,0.0,1.0,0.3645,MEDIUM,0
Doklam Plateau,27.3,89.1,Sikkim Ridge,cybersecurity_intrusion_data.csv,0,1,0.03,0.0,8.0,0,1,TCP,0,0.0,1.0,0.0217,LOW,0
Galwan Valley,34.4,73.6,J&K LoC,cybersecurity_intrusion_data.csv,1,1,0.02,0.0,10.0,0,0,TCP,0,0.0,1.0,0.2506,LOW,0
Barmer Sector,25.7,71.4,Rajasthan Border,cybersecurity_intrusion_data.csv,0,1,0.01,0.0,10.0,0,0,TCP,0,0.0,1.0,0.2124,LOW,0
Depsang Plains,35.1,77.8,Ladakh LAC,cybersecurity_intrusion_data.csv,0,1,0.0,0.0,8.67,0,0,TCP,0,0.0,1.0,0.521,HIGH,0
Rann of Kutch,23.9,70.0,Gujarat Coast,cybersecurity_intrusion_data.csv,1,1,0.02,0.0,7.33,0,1,TCP,0,0.0,1.0,0.6095,HIGH,0
Rann of Kutch,23.9,70.0,Gujarat Coast,cybersecurity_intrusion_data.csv,0,1,0.02,0.0,10.67,0,0,UDP,0,0.0,1.0,0.119,LOW,0
Mizoram Border,22.7,92.7,Northeast Sector,cybersecurity_intrusion_data.csv,0,1,0.02,0.0,10.0,0,0,UDP,0,0.0,1.0,0.3803,MEDIUM,0
Tawang Sector,27.6,91.9,Arunachal Sector,cybersecurity_intrusion_data.csv,0,1,0.03,0.0,11.33,0,1,TCP,0,0.0,1.0,0.2546,LOW,0
Siachen Glacier,35.5,76.9,Ladakh LAC,cybersecurity_intrusion_data.csv,1,1,0.02,0.0,8.67,0,0,TCP,0,0.0,1.0,0.2156,LOW,0
Tawang Sector,27.6,91.9,Arunachal Sector,cybersecurity_intrusion_data.csv,0,1,0.01,0.0,10.67,0,0,UDP,0,0.0,1.0,0.3026,LOW,0
Kutch Gulf,23.0,68.9,Gujarat Coast,cybersecurity_intrusion_data.csv,0,1,0.01,0.0,8.67,0,1,TCP,0,0.0,1.0,0.3751,MEDIUM,0
Pangong Tso,33.7,78.9,Ladakh LAC,cybersecurity_intrusion_data.csv,0,1,0.02,0.0,12.0,0,1,TCP,0,0.0,1.0,0.1282,LOW,0
Pir Panjal Range,33.5,74.2,J&K LoC,cybersecurity_intrusion_data.csv,0,1,0.02,0.0,8.67,0,0,TCP,0,0.0,1.0,0.1325,LOW,0
Siachen Glacier,35.5,76.9,Ladakh LAC,cybersecurity_intrusion_data.csv,0,1,0.01,0.0,9.33,0,1,TCP,0,0.0,1.0,0.4195,MEDIUM,0
Depsang Plains,35.1,77.8,Ladakh LAC,cybersecurity_intrusion_data.csv,0,1,0.01,0.0,12.0,0,1,TCP,0,0.0,1.0,0.3138,LOW,0
Pangong Tso,33.7,78.9,Ladakh LAC,cybersecurity_intrusion_data.csv,0,1,0.02,0.0,8.0,0,0,TCP,0,0.0,1.0,0.4696,MEDIUM,0
Kutch Gulf,23.0,68.9,Gujarat Coast,cybersecurity_intrusion_data.csv,0,1,0.02,0.0,10.67,0,0,TCP,0,0.0,1.0,0.2688,LOW,0
Wagah Border,31.6,74.6,Punjab Sector,cybersecurity_intrusion_data.csv,0,1,0.01,0.0,8.0,0,0,ICMP,0,0.0,1.0,0.0747,LOW,0
Anjaw District,28.1,96.3,Arunachal Sector,cybersecurity_intrusion_data.csv,0,1,0.01,0.0,9.33,0,0,TCP,0,0.0,1.0,0.3912,MEDIUM,0
Wagah Border,31.6,74.6,Punjab Sector,cybersecurity_intrusion_data.csv,1,1,0.0,0.0,8.0,0,0,TCP,0,0.0,1.0,0.1888,LOW,0
Wagah Border,31.6,74.6,Punjab Sector,cybersecurity_intrusion_data.csv,0,1,0.01,0.0,9.33,0,1,TCP,0,0.0,1.0,0.2275,LOW,0
Lipulekh Pass,30.2,80.3,Uttarakhand Pass,cybersecurity_intrusion_data.csv,0,1,0.02,0.0,10.0,0,1,UDP,0,0.0,1.0,0.0764,LOW,0
Nathula Pass,27.4,88.8,Sikkim Ridge,cybersecurity_intrusion_data.csv,0,1,0.01,0.0,10.0,0,0,TCP,0,0.0,1.0,0.3223,MEDIUM,0
Galwan Valley,34.4,73.6,J&K LoC,cybersecurity_intrusion_data.csv,0,1,0.01,0.0,12.0,0,1,UDP,0,0.0,1.0,0.12,LOW,0
Pangong Tso,33.7,78.9,Ladakh LAC,cybersecurity_intrusion_data.csv,0,1,0.01,0.0,12.0,0,1,TCP,0,0.0,1.0,0.1245,LOW,0
Nathula Pass,27.4,88.8,Sikkim Ridge,cybersecurity_intrusion_data.csv,1,1,0.02,0.0,10.0,0,0,UDP,0,0.0,1.0,0.1991,LOW,0
Siachen Glacier,35.5,76.9,Ladakh LAC,cybersecurity_intrusion_data.csv,0,1,0.0,0.0,9.33,0,0,TCP,0,0.0,1.0,0.2872,LOW,0
Nathula Pass,27.4,88.8,Sikkim Ridge,cybersecurity_intrusion_data.csv,0,1,0.01,0.0,8.67,0,0,TCP,0,0.0,1.0,0.2402,LOW,0
Galwan Valley,34.4,73.6,J&K LoC,cybersecurity_intrusion_data.csv,0,1,0.0,0.0,8.0,0,0,TCP,0,0.0,1.0,0.2519,LOW,0
Kutch Gulf,23.0,68.9,Gujarat Coast,cybersecurity_intrusion_data.csv,0,1,0.01,0.0,7.33,0,0,TCP,0,0.0,1.0,0.2455,LOW,0
Galwan Valley,34.4,73.6,J&K LoC,cybersecurity_intrusion_data.csv,0,1,0.0,0.0,8.67,0,1,TCP,0,0.0,1.0,0.2108,LOW,0
Galwan Valley,34.4,73.6,J&K LoC,cybersecurity_intrusion_data.csv,0,1,0.02,0.0,8.0,0,0,TCP,0,0.0,1.0,0.5715,HIGH,0
Wagah Border,31.6,74.6,Punjab Sector,cybersecurity_intrusion_data.csv,0,1,0.04,0.0,10.67,0,1,TCP,0,0.0,1.0,0.4579,MEDIUM,0
Pangong Tso,33.7,78.9,Ladakh LAC,cybersecurity_intrusion_data.csv,0,1,0.02,0.0,7.33,0,0,UDP,0,0.0,1.0,0.1367,LOW,0
Anjaw District,28.1,96.3,Arunachal Sector,cybersecurity_intrusion_data.csv,0,1,0.02,0.0,7.33,0,0,TCP,0,0.0,1.0,0.4418,MEDIUM,0
Tawang Sector,27.6,91.9,Arunachal Sector,cybersecurity_intrusion_data.csv,0,1,0.0,0.0,11.33,0,1,ICMP,0,0.0,1.0,0.2042,LOW,0
Pangong Tso,33.7,78.9,Ladakh LAC,cybersecurity_intrusion_data.csv,0,1,0.02,0.0,7.33,0,1,TCP,0,0.0,1.0,0.6073,HIGH,0
Kutch Gulf,23.0,68.9,Gujarat Coast,cybersecurity_intrusion_data.csv,0,1,0.02,0.0,12.0,0,1,UDP,0,0.0,1.0,0.3186,LOW,0
Barmer Sector,25.7,71.4,Rajasthan Border,cybersecurity_intrusion_data.csv,0,1,0.01,0.0,7.33,0,0,UDP,0,0.0,1.0,0.3424,MEDIUM,0
Pangong Tso,33.7,78.9,Ladakh LAC,cybersecurity_intrusion_data.csv,0,1,0.01,0.0,9.33,0,0,UDP,0,0.0,1.0,0.0742,LOW,0
Barmer Sector,25.7,71.4,Rajasthan Border,cybersecurity_intrusion_data.csv,0,1,0.03,0.0,8.67,0,1,TCP,0,0.0,1.0,0.2732,LOW,0
Barmer Sector,25.7,71.4,Rajasthan Border,cybersecurity_intrusion_data.csv,1,1,0.0,0.0,8.67,0,0,UDP,0,0.0,1.0,0.1527,LOW,0
Lipulekh Pass,30.2,80.3,Uttarakhand Pass,cybersecurity_intrusion_data.csv,1,1,0.0,0.0,11.33,0,1,UDP,0,0.0,1.0,0.4595,MEDIUM,0
Lipulekh Pass,30.2,80.3,Uttarakhand Pass,cybersecurity_intrusion_data.csv,1,1,0.02,0.0,10.0,0,0,TCP,0,0.0,1.0,0.5775,HIGH,0
Mizoram Border,22.7,92.7,Northeast Sector,cybersecurity_intrusion_data.csv,0,1,0.01,0.0,8.0,0,0,UDP,0,0.0,1.0,0.1017,LOW,0
Doklam Plateau,27.3,89.1,Sikkim Ridge,cybersecurity_intrusion_data.csv,0,1,0.02,0.0,12.0,0,1,TCP,0,0.0,1.0,0.4975,MEDIUM,0
Anjaw District,28.1,96.3,Arunachal Sector,cybersecurity_intrusion_data.csv,0,1,0.03,0.0,7.33,0,1,TCP,0,0.0,1.0,0.2253,LOW,0
Lipulekh Pass,30.2,80.3,Uttarakhand Pass,cybersecurity_intrusion_data.csv,1,1,0.0,0.0,8.67,0,0,TCP,0,0.0,1.0,0.441,MEDIUM,0
Rann of Kutch,23.9,70.0,Gujarat Coast,cybersecurity_intrusion_data.csv,0,1,0.01,0.0,10.67,0,0,TCP,0,0.0,1.0,0.2364,LOW,0
Barmer Sector,25.7,71.4,Rajasthan Border,cybersecurity_intrusion_data.csv,0,1,0.02,0.0,11.33,0,1,TCP,0,0.0,1.0,0.0025,LOW,0
Galwan Valley,34.4,73.6,J&K LoC,cybersecurity_intrusion_data.csv,0,1,0.02,0.0,7.33,0,0,UDP,0,0.0,1.0,0.2578,LOW,0
Doklam Plateau,27.3,89.1,Sikkim Ridge,cybersecurity_intrusion_data.csv,1,1,0.02,0.0,8.67,0,0,TCP,0,0.0,1.0,0.1081,LOW,0
Kutch Gulf,23.0,68.9,Gujarat Coast,cybersecurity_intrusion_data.csv,0,1,0.01,0.0,8.0,0,1,UDP,0,0.0,1.0,0.615,HIGH,0
Pangong Tso,33.7,78.9,Ladakh LAC,cybersecurity_intrusion_data.csv,0,1,0.02,0.0,9.33,0,1,TCP,0,0.0,1.0,0.5362,HIGH,0
Mizoram Border,22.7,92.7,Northeast Sector,cybersecurity_intrusion_data.csv,1,1,0.02,0.0,10.0,0,1,TCP,0,0.0,1.0,0.3144,LOW,0
Rann of Kutch,23.9,70.0,Gujarat Coast,cybersecurity_intrusion_data.csv,0,1,0.01,0.0,10.0,0,0,TCP,0,0.0,1.0,0.3443,MEDIUM,0
Rann of Kutch,23.9,70.0,Gujarat Coast,cybersecurity_intrusion_data.csv,0,1,0.03,0.0,7.33,0,1,UDP,0,0.0,1.0,0.7513,CRITICAL,0
Galwan Valley,34.4,73.6,J&K LoC,cybersecurity_intrusion_data.csv,0,1,0.01,0.0,10.0,0,1,UDP,0,0.0,1.0,0.6338,HIGH,0
Lipulekh Pass,30.2,80.3,Uttarakhand Pass,cybersecurity_intrusion_data.csv,0,1,0.01,0.0,10.0,0,0,UDP,0,0.0,1.0,0.2113,LOW,0
Nathula Pass,27.4,88.8,Sikkim Ridge,cybersecurity_intrusion_data.csv,1,1,0.0,0.0,7.33,0,0,UDP,0,0.0,1.0,0.1949,LOW,0
Wagah Border,31.6,74.6,Punjab Sector,cybersecurity_intrusion_data.csv,0,1,0.03,0.0,10.0,0,1,TCP,0,0.0,1.0,0.4212,MEDIUM,0
Rann of Kutch,23.9,70.0,Gujarat Coast,cybersecurity_intrusion_data.csv,0,1,0.04,0.0,9.33,0,1,TCP,0,0.0,1.0,0.4875,MEDIUM,0
Anjaw District,28.1,96.3,Arunachal Sector,cybersecurity_intrusion_data.csv,0,1,0.01,0.0,10.0,0,0,TCP,0,0.0,1.0,0.2948,LOW,0
Lipulekh Pass,30.2,80.3,Uttarakhand Pass,cybersecurity_intrusion_data.csv,0,1,0.04,0.0,8.0,0,1,UDP,0,0.0,1.0,0.0917,LOW,0
Barmer Sector,25.7,71.4,Rajasthan Border,cybersecurity_intrusion_data.csv,1,1,0.03,0.0,10.67,0,1,TCP,0,0.0,1.0,0.4587,MEDIUM,0
Kutch Gulf,23.0,68.9,Gujarat Coast,cybersecurity_intrusion_data.csv,0,1,0.01,0.0,8.67,0,0,UDP,0,0.0,1.0,0.0346,LOW,0
Kutch Gulf,23.0,68.9,Gujarat Coast,cybersecurity_intrusion_data.csv,0,1,0.02,0.0,10.67,0,0,TCP,0,0.0,1.0,0.5531,HIGH,0
Anjaw District,28.1,96.3,Arunachal Sector,cybersecurity_intrusion_data.csv,0,1,0.02,0.0,8.0,0,1,TCP,0,0.0,1.0,0.2977,LOW,0
Mizoram Border,22.7,92.7,Northeast Sector,cybersecurity_intrusion_data.csv,0,1,0.01,0.0,9.33,0,1,TCP,0,0.0,1.0,0.1373,LOW,0
Depsang Plains,35.1,77.8,Ladakh LAC,cybersecurity_intrusion_data.csv,0,1,0.01,0.0,7.33,0,0,UDP,0,0.0,1.0,0.2806,LOW,0
Nathula Pass,27.4,88.8,Sikkim Ridge,cybersecurity_intrusion_data.csv,0,1,0.01,0.0,9.33,0,0,TCP,0,0.0,1.0,0.0396,LOW,0
Wagah Border,31.6,74.6,Punjab Sector,cybersecurity_intrusion_data.csv,0,1,0.01,0.0,7.33,0,1,TCP,0,0.0,1.0,0.4056,MEDIUM,0
Depsang Plains,35.1,77.8,Ladakh LAC,cybersecurity_intrusion_data.csv,0,1,0.01,0.0,8.67,0,1,TCP,0,0.0,1.0,0.3648,MEDIUM,0
Doklam Plateau,27.3,89.1,Sikkim Ridge,cybersecurity_intrusion_data.csv,1,1,0.01,0.0,8.0,0,0,TCP,0,0.0,1.0,0.1899,LOW,0
Lipulekh Pass,30.2,80.3,Uttarakhand Pass,cybersecurity_intrusion_data.csv,1,1,0.02,0.0,8.0,0,0,TCP,0,0.0,1.0,0.0197,LOW,0
Wagah Border,31.6,74.6,Punjab Sector,cybersecurity_intrusion_data.csv,0,1,0.02,0.0,8.0,0,0,TCP,0,0.0,1.0,0.1091,LOW,0
Galwan Valley,34.4,73.6,J&K LoC,cybersecurity_intrusion_data.csv,0,1,0.01,0.0,8.0,0,0,TCP,0,0.0,1.0,0.3508,MEDIUM,0
Tawang Sector,27.6,91.9,Arunachal Sector,cybersecurity_intrusion_data.csv,0,1,0.02,0.0,12.67,0,1,TCP,0,0.0,1.0,0.3559,MEDIUM,0
Pangong Tso,33.7,78.9,Ladakh LAC,cybersecurity_intrusion_data.csv,0,1,0.03,0.0,9.33,0,1,ICMP,0,0.0,1.0,0.3175,LOW,0
Wagah Border,31.6,74.6,Punjab Sector,cybersecurity_intrusion_data.csv,0,1,0.03,0.0,8.67,0,1,TCP,0,0.0,1.0,0.5363,HIGH,0
Tawang Sector,27.6,91.9,Arunachal Sector,cybersecurity_intrusion_data.csv,1,1,0.04,0.0,9.33,0,1,UDP,0,0.0,1.0,0.237,LOW,0
Lipulekh Pass,30.2,80.3,Uttarakhand Pass,cybersecurity_intrusion_data.csv,0,1,0.02,0.0,10.0,0,0,ICMP,0,0.0,1.0,0.1854,LOW,0
Barmer Sector,25.7,71.4,Rajasthan Border,cybersecurity_intrusion_data.csv,0,1,0.02,0.0,8.0,0,0,TCP,0,0.0,1.0,0.313,LOW,0
Kutch Gulf,23.0,68.9,Gujarat Coast,cybersecurity_intrusion_data.csv,0,1,0.02,0.0,8.0,0,1,TCP,0,0.0,1.0,0.0719,LOW,0
Siachen Glacier,35.5,76.9,Ladakh LAC,cybersecurity_intrusion_data.csv,0,1,0.0,0.0,8.67,0,0,TCP,0,0.0,1.0,0.1337,LOW,0
Pir Panjal Range,33.5,74.2,J&K LoC,cybersecurity_intrusion_data.csv,0,1,0.02,0.0,9.33,0,0,TCP,0,0.0,1.0,0.4697,MEDIUM,0
Siachen Glacier,35.5,76.9,Ladakh LAC,cybersecurity_intrusion_data.csv,0,1,0.02,0.0,9.33,0,0,TCP,0,0.0,1.0,0.0672,LOW,0
Depsang Plains,35.1,77.8,Ladakh LAC,cybersecurity_intrusion_data.csv,0,1,0.01,0.0,10.0,0,0,TCP,0,0.0,1.0,0.1008,LOW,0
Depsang Plains,35.1,77.8,Ladakh LAC,cybersecurity_intrusion_data.csv,1,1,0.01,0.0,8.0,0,1,TCP,0,0.0,1.0,0.4048,MEDIUM,0
Pangong Tso,33.7,78.9,Ladakh LAC,cybersecurity_intrusion_data.csv,0,1,0.01,0.0,9.33,0,0,TCP,0,0.0,1.0,0.3778,MEDIUM,0
Pir Panjal Range,33.5,74.2,J&K LoC,cybersecurity_intrusion_data.csv,0,1,0.02,0.0,12.0,0,1,TCP,0,0.0,1.0,0.407,MEDIUM,0
Pangong Tso,33.7,78.9,Ladakh LAC,cybersecurity_intrusion_data.csv,0,1,0.0,0.0,10.0,0,1,TCP,0,0.0,1.0,0.629,HIGH,0
Barmer Sector,25.7,71.4,Rajasthan Border,cybersecurity_intrusion_data.csv,0,1,0.03,0.0,9.33,0,1,TCP,0,0.0,1.0,0.4502,MEDIUM,0
Doklam Plateau,27.3,89.1,Sikkim Ridge,cybersecurity_intrusion_data.csv,0,1,0.04,0.0,10.67,0,1,TCP,0,0.0,1.0,0.1389,LOW,0
Depsang Plains,35.1,77.8,Ladakh LAC,cybersecurity_intrusion_data.csv,1,1,0.02,0.0,10.0,0,0,TCP,0,0.0,1.0,0.5191,MEDIUM,0
Doklam Plateau,27.3,89.1,Sikkim Ridge,cybersecurity_intrusion_data.csv,0,1,0.02,0.0,10.67,0,1,UDP,0,0.0,1.0,0.3254,MEDIUM,0
Depsang Plains,35.1,77.8,Ladakh LAC,cybersecurity_intrusion_data.csv,0,1,0.02,0.0,11.33,0,1,TCP,0,0.0,1.0,0.4595,MEDIUM,0
Nathula Pass,27.4,88.8,Sikkim Ridge,cybersecurity_intrusion_data.csv,0,1,0.01,0.0,8.67,0,0,UDP,0,0.0,1.0,0.5129,MEDIUM,0
Lipulekh Pass,30.2,80.3,Uttarakhand Pass,cybersecurity_intrusion_data.csv,0,1,0.0,0.0,10.67,0,0,TCP,0,0.0,1.0,0.1536,LOW,0
Nathula Pass,27.4,88.8,Sikkim Ridge,cybersecurity_intrusion_data.csv,0,1,0.02,0.0,8.67,0,1,UDP,0,0.0,1.0,0.6221,HIGH,0
Tawang Sector,27.6,91.9,Arunachal Sector,cybersecurity_intrusion_data.csv,1,1,0.03,0.0,10.67,0,1,TCP,0,0.0,1.0,0.1039,LOW,0
Kutch Gulf,23.0,68.9,Gujarat Coast,cybersecurity_intrusion_data.csv,0,1,0.01,0.0,12.0,0,1,TCP,0,0.0,1.0,0.491,MEDIUM,0
Lipulekh Pass,30.2,80.3,Uttarakhand Pass,cybersecurity_intrusion_data.csv,0,1,0.01,0.0,8.0,0,0,TCP,0,0.0,1.0,0.1223,LOW,0
Pangong Tso,33.7,78.9,Ladakh LAC,cybersecurity_intrusion_data.csv,0,1,0.0,0.0,13.33,0,1,TCP,0,0.0,1.0,0.1788,LOW,0
Doklam Plateau,27.3,89.1,Sikkim Ridge,cybersecurity_intrusion_data.csv,0,1,0.03,0.0,8.0,0,1,UDP,0,0.0,1.0,0.1265,LOW,0
Galwan Valley,34.4,73.6,J&K LoC,cybersecurity_intrusion_data.csv,0,1,0.01,0.0,10.0,0,1,TCP,0,0.0,1.0,0.2586,LOW,0
Pir Panjal Range,33.5,74.2,J&K LoC,cybersecurity_intrusion_data.csv,0,1,0.04,0.0,11.33,0,1,TCP,0,0.0,1.0,0.1055,LOW,0
Kutch Gulf,23.0,68.9,Gujarat Coast,cybersecurity_intrusion_data.csv,0,1,0.01,0.0,10.0,0,0,UDP,0,0.0,1.0,0.1518,LOW,0
Tawang Sector,27.6,91.9,Arunachal Sector,cybersecurity_intrusion_data.csv,0,1,0.04,0.0,8.0,0,1,TCP,0,0.0,1.0,0.1603,LOW,0
Barmer Sector,25.7,71.4,Rajasthan Border,cybersecurity_intrusion_data.csv,0,1,0.02,0.0,8.0,0,0,UDP,0,0.0,1.0,0.0168,LOW,0
Barmer Sector,25.7,71.4,Rajasthan Border,cybersecurity_intrusion_data.csv,0,1,0.03,0.0,10.67,0,1,UDP,0,0.0,1.0,0.2379,LOW,0
Wagah Border,31.6,74.6,Punjab Sector,cybersecurity_intrusion_data.csv,1,1,0.03,0.0,10.0,0,1,ICMP,0,0.0,1.0,0.1744,LOW,0
Depsang Plains,35.1,77.8,Ladakh LAC,cybersecurity_intrusion_data.csv,0,1,0.01,0.0,8.0,0,0,ICMP,0,0.0,1.0,0.3969,MEDIUM,0
Pir Panjal Range,33.5,74.2,J&K LoC,cybersecurity_intrusion_data.csv,0,1,0.01,0.0,10.0,0,0,ICMP,0,0.0,1.0,0.2825,LOW,0
Mizoram Border,22.7,92.7,Northeast Sector,cybersecurity_intrusion_data.csv,0,1,0.04,0.0,9.33,0,1,UDP,0,0.0,1.0,0.0451,LOW,0
Mizoram Border,22.7,92.7,Northeast Sector,cybersecurity_intrusion_data.csv,0,1,0.03,0.0,9.33,0,1,TCP,0,0.0,1.0,0.4473,MEDIUM,0
Mizoram Border,22.7,92.7,Northeast Sector,cybersecurity_intrusion_data.csv,0,1,0.0,0.0,8.0,0,0,TCP,0,0.0,1.0,0.0311,LOW,0
Pir Panjal Range,33.5,74.2,J&K LoC,cybersecurity_intrusion_data.csv,0,1,0.01,0.0,8.67,0,1,TCP,0,0.0,1.0,0.1959,LOW,0
Kutch Gulf,23.0,68.9,Gujarat Coast,cybersecurity_intrusion_data.csv,0,1,0.02,0.0,9.33,0,0,UDP,0,0.0,1.0,0.4253,MEDIUM,0
Depsang Plains,35.1,77.8,Ladakh LAC,cybersecurity_intrusion_data.csv,1,1,0.0,0.0,8.67,0,1,TCP,0,0.0,1.0,0.3085,LOW,0
Doklam Plateau,27.3,89.1,Sikkim Ridge,cybersecurity_intrusion_data.csv,0,1,0.03,0.0,8.67,0,1,TCP,0,0.0,1.0,0.3287,MEDIUM,0
Pangong Tso,33.7,78.9,Ladakh LAC,cybersecurity_intrusion_data.csv,0,1,0.01,0.0,9.33,0,0,TCP,0,0.0,1.0,0.4577,MEDIUM,0
Pangong Tso,33.7,78.9,Ladakh LAC,cybersecurity_intrusion_data.csv,0,1,0.02,0.0,7.33,0,0,TCP,0,0.0,1.0,0.3489,MEDIUM,0
Rann of Kutch,23.9,70.0,Gujarat Coast,cybersecurity_intrusion_data.csv,0,1,0.02,0.0,12.67,0,1,TCP,0,0.0,1.0,0.2802,LOW,0
Rann of Kutch,23.9,70.0,Gujarat Coast,cybersecurity_intrusion_data.csv,1,1,0.03,0.0,10.67,0,1,UDP,0,0.0,1.0,0.1827,LOW,0
Nathula Pass,27.4,88.8,Sikkim Ridge,cybersecurity_intrusion_data.csv,0,1,0.01,0.0,11.33,0,1,TCP,0,0.0,1.0,0.4132,MEDIUM,0
Kutch Gulf,23.0,68.9,Gujarat Coast,cybersecurity_intrusion_data.csv,0,1,0.0,0.0,7.33,0,0,UDP,0,0.0,1.0,0.3978,MEDIUM,0
Galwan Valley,34.4,73.6,J&K LoC,cybersecurity_intrusion_data.csv,0,1,0.02,0.0,9.33,0,1,TCP,0,0.0,1.0,0.1892,LOW,0
Pangong Tso,33.7,78.9,Ladakh LAC,cybersecurity_intrusion_data.csv,0,1,0.01,0.0,9.33,0,1,UDP,0,0.0,1.0,0.2332,LOW,0
Rann of Kutch,23.9,70.0,Gujarat Coast,cybersecurity_intrusion_data.csv,0,1,0.0,0.0,10.0,0,0,UDP,0,0.0,1.0,0.1886,LOW,0
Doklam Plateau,27.3,89.1,Sikkim Ridge,cybersecurity_intrusion_data.csv,0,1,0.02,0.0,8.67,0,1,UDP,0,0.0,1.0,0.7717,CRITICAL,0
Lipulekh Pass,30.2,80.3,Uttarakhand Pass,cybersecurity_intrusion_data.csv,1,1,0.01,0.0,10.67,0,0,TCP,0,0.0,1.0,0.091,LOW,0
Doklam Plateau,27.3,89.1,Sikkim Ridge,cybersecurity_intrusion_data.csv,0,1,0.01,0.0,10.0,0,0,ICMP,0,0.0,1.0,0.3242,MEDIUM,0
Pangong Tso,33.7,78.9,Ladakh LAC,cybersecurity_intrusion_data.csv,0,1,0.02,0.0,10.67,0,0,UDP,0,0.0,1.0,0.2885,LOW,0
Rann of Kutch,23.9,70.0,Gujarat Coast,cybersecurity_intrusion_data.csv,0,1,0.02,0.0,7.33,0,1,TCP,0,0.0,1.0,0.5705,HIGH,0
Kutch Gulf,23.0,68.9,Gujarat Coast,cybersecurity_intrusion_data.csv,0,1,0.01,0.0,8.67,0,1,TCP,0,0.0,1.0,0.6782,HIGH,0
Barmer Sector,25.7,71.4,Rajasthan Border,cybersecurity_intrusion_data.csv,1,1,0.02,0.0,8.67,0,0,UDP,0,0.0,1.0,0.4323,MEDIUM,0
Anjaw District,28.1,96.3,Arunachal Sector,cybersecurity_intrusion_data.csv,0,1,0.02,0.0,9.33,0,0,TCP,0,0.0,1.0,0.3769,MEDIUM,0
Wagah Border,31.6,74.6,Punjab Sector,cybersecurity_intrusion_data.csv,0,1,0.02,0.0,10.0,0,0,TCP,0,0.0,1.0,0.2418,LOW,0
Mizoram Border,22.7,92.7,Northeast Sector,cybersecurity_intrusion_data.csv,0,1,0.01,0.0,10.67,0,1,TCP,0,0.0,1.0,0.2314,LOW,0
Wagah Border,31.6,74.6,Punjab Sector,cybersecurity_intrusion_data.csv,0,1,0.0,0.0,8.0,0,0,UDP,0,0.0,1.0,0.4844,MEDIUM,0
Nathula Pass,27.4,88.8,Sikkim Ridge,cybersecurity_intrusion_data.csv,0,1,0.02,0.0,8.67,0,0,TCP,0,0.0,1.0,0.1382,LOW,0
Tawang Sector,27.6,91.9,Arunachal Sector,cybersecurity_intrusion_data.csv,0,1,0.03,0.0,7.33,0,1,TCP,0,0.0,1.0,0.6364,HIGH,0
Nathula Pass,27.4,88.8,Sikkim Ridge,cybersecurity_intrusion_data.csv,1,1,0.03,0.0,11.33,0,1,TCP,0,0.0,1.0,0.1312,LOW,0
Anjaw District,28.1,96.3,Arunachal Sector,cybersecurity_intrusion_data.csv,0,1,0.01,0.0,9.33,0,0,TCP,0,0.0,1.0,0.4418,MEDIUM,0
Wagah Border,31.6,74.6,Punjab Sector,cybersecurity_intrusion_data.csv,0,1,0.01,0.0,8.67,0,0,TCP,0,0.0,1.0,0.4627,MEDIUM,0
Depsang Plains,35.1,77.8,Ladakh LAC,cybersecurity_intrusion_data.csv,0,1,0.02,0.0,12.0,0,1,UDP,0,0.0,1.0,0.1759,LOW,0
Siachen Glacier,35.5,76.9,Ladakh LAC,cybersecurity_intrusion_data.csv,1,1,0.01,0.0,12.67,0,1,TCP,0,0.0,1.0,0.4446,MEDIUM,0
Kutch Gulf,23.0,68.9,Gujarat Coast,cybersecurity_intrusion_data.csv,0,1,0.01,0.0,10.67,0,0,TCP,0,0.0,1.0,0.1229,LOW,0
Anjaw District,28.1,96.3,Arunachal Sector,cybersecurity_intrusion_data.csv,0,1,0.0,0.0,10.67,0,0,UDP,0,0.0,1.0,0.2161,LOW,0
Doklam Plateau,27.3,89.1,Sikkim Ridge,cybersecurity_intrusion_data.csv,0,1,0.02,0.0,9.33,0,0,TCP,0,0.0,1.0,0.2515,LOW,0
Lipulekh Pass,30.2,80.3,Uttarakhand Pass,cybersecurity_intrusion_data.csv,0,1,0.02,0.0,11.33,0,1,TCP,0,0.0,1.0,0.3597,MEDIUM,0
Doklam Plateau,27.3,89.1,Sikkim Ridge,cybersecurity_intrusion_data.csv,0,1,0.0,0.0,10.67,0,0,UDP,0,0.0,1.0,0.5895,HIGH,0
Kutch Gulf,23.0,68.9,Gujarat Coast,cybersecurity_intrusion_data.csv,0,1,0.01,0.0,11.33,0,1,TCP,0,0.0,1.0,0.2419,LOW,0
Pangong Tso,33.7,78.9,Ladakh LAC,cybersecurity_intrusion_data.csv,0,1,0.01,0.0,8.67,0,0,TCP,0,0.0,1.0,0.1372,LOW,0
Kutch Gulf,23.0,68.9,Gujarat Coast,cybersecurity_intrusion_data.csv,0,1,0.02,0.0,8.0,0,1,UDP,0,0.0,1.0,0.6486,HIGH,0
Pangong Tso,33.7,78.9,Ladakh LAC,cybersecurity_intrusion_data.csv,1,1,0.02,0.0,8.67,0,0,TCP,0,0.0,1.0,0.4037,MEDIUM,0
Anjaw District,28.1,96.3,Arunachal Sector,cybersecurity_intrusion_data.csv,0,1,0.01,0.0,10.67,0,1,TCP,0,0.0,1.0,0.7693,CRITICAL,0
Lipulekh Pass,30.2,80.3,Uttarakhand Pass,cybersecurity_intrusion_data.csv,1,1,0.0,0.0,9.33,0,1,TCP,0,0.0,1.0,0.4114,MEDIUM,0
Pir Panjal Range,33.5,74.2,J&K LoC,cybersecurity_intrusion_data.csv,0,1,0.0,0.0,10.67,0,1,UDP,0,0.0,1.0,0.1366,LOW,0
Pangong Tso,33.7,78.9,Ladakh LAC,cybersecurity_intrusion_data.csv,0,1,0.01,0.0,8.67,0,1,TCP,0,0.0,1.0,0.6622,HIGH,0
Lipulekh Pass,30.2,80.3,Uttarakhand Pass,cybersecurity_intrusion_data.csv,0,1,0.01,0.0,10.67,0,0,TCP,0,0.0,1.0,0.4082,MEDIUM,0
Depsang Plains,35.1,77.8,Ladakh LAC,cybersecurity_intrusion_data.csv,0,1,0.01,0.0,9.33,0,1,UDP,0,0.0,1.0,0.1794,LOW,0
Galwan Valley,34.4,73.6,J&K LoC,cybersecurity_intrusion_data.csv,0,1,0.0,0.0,9.33,0,0,UDP,0,0.0,1.0,0.2243,LOW,0
Kutch Gulf,23.0,68.9,Gujarat Coast,cybersecurity_intrusion_data.csv,0,1,0.0,0.0,9.33,0,0,UDP,0,0.0,1.0,0.2797,LOW,0
Barmer Sector,25.7,71.4,Rajasthan Border,cybersecurity_intrusion_data.csv,0,1,0.01,0.0,8.67,0,0,TCP,0,0.0,1.0,0.1204,LOW,0
Anjaw District,28.1,96.3,Arunachal Sector,cybersecurity_intrusion_data.csv,0,1,0.02,0.0,12.0,0,1,TCP,0,0.0,1.0,0.1568,LOW,0
Wagah Border,31.6,74.6,Punjab Sector,cybersecurity_intrusion_data.csv,0,1,0.03,0.0,8.0,0,1,TCP,0,0.0,1.0,0.2047,LOW,0
Anjaw District,28.1,96.3,Arunachal Sector,cybersecurity_intrusion_data.csv,0,1,0.01,0.0,8.67,0,0,TCP,0,0.0,1.0,0.2066,LOW,0
Tawang Sector,27.6,91.9,Arunachal Sector,cybersecurity_intrusion_data.csv,0,1,0.01,0.0,8.0,0,0,TCP,0,0.0,1.0,0.327,MEDIUM,0
Doklam Plateau,27.3,89.1,Sikkim Ridge,cybersecurity_intrusion_data.csv,0,1,0.01,0.0,11.33,0,1,UDP,0,0.0,1.0,0.4408,MEDIUM,0
Tawang Sector,27.6,91.9,Arunachal Sector,cybersecurity_intrusion_data.csv,1,1,0.02,0.0,8.67,0,0,TCP,0,0.0,1.0,0.444,MEDIUM,0
Rann of Kutch,23.9,70.0,Gujarat Coast,cybersecurity_intrusion_data.csv,0,1,0.01,0.0,10.67,0,0,TCP,0,0.0,1.0,0.3928,MEDIUM,0
Doklam Plateau,27.3,89.1,Sikkim Ridge,cybersecurity_intrusion_data.csv,0,1,0.01,0.0,7.33,0,0,TCP,0,0.0,1.0,0.3753,MEDIUM,0
Tawang Sector,27.6,91.9,Arunachal Sector,cybersecurity_intrusion_data.csv,0,1,0.01,0.0,7.33,0,0,ICMP,0,0.0,1.0,0.2737,LOW,0
Lipulekh Pass,30.2,80.3,Uttarakhand Pass,cybersecurity_intrusion_data.csv,0,1,0.02,0.0,10.67,0,0,TCP,0,0.0,1.0,0.2361,LOW,0
Kutch Gulf,23.0,68.9,Gujarat Coast,cybersecurity_intrusion_data.csv,0,1,0.02,0.0,10.67,0,0,UDP,0,0.0,1.0,0.3032,LOW,0
Tawang Sector,27.6,91.9,Arunachal Sector,cybersecurity_intrusion_data.csv,0,1,0.0,0.0,11.33,0,1,UDP,0,0.0,1.0,0.4576,MEDIUM,0
Mizoram Border,22.7,92.7,Northeast Sector,cybersecurity_intrusion_data.csv,0,1,0.02,0.0,10.0,0,0,UDP,0,0.0,1.0,0.3613,MEDIUM,0
Doklam Plateau,27.3,89.1,Sikkim Ridge,cybersecurity_intrusion_data.csv,1,1,0.02,0.0,9.33,0,0,TCP,0,0.0,1.0,0.1958,LOW,0
Wagah Border,31.6,74.6,Punjab Sector,cybersecurity_intrusion_data.csv,0,1,0.01,0.0,10.0,0,0,UDP,0,0.0,1.0,0.222,LOW,0
Mizoram Border,22.7,92.7,Northeast Sector,cybersecurity_intrusion_data.csv,0,1,0.01,0.0,10.0,0,1,UDP,0,0.0,1.0,0.2684,LOW,0
Doklam Plateau,27.3,89.1,Sikkim Ridge,cybersecurity_intrusion_data.csv,0,1,0.01,0.0,11.33,0,1,TCP,0,0.0,1.0,0.3409,MEDIUM,0
Siachen Glacier,35.5,76.9,Ladakh LAC,cybersecurity_intrusion_data.csv,0,1,0.01,0.0,9.33,0,0,TCP,0,0.0,1.0,0.3105,LOW,0
Kutch Gulf,23.0,68.9,Gujarat Coast,cybersecurity_intrusion_data.csv,0,1,0.02,0.0,10.67,0,1,TCP,0,0.0,1.0,0.3957,MEDIUM,0
Depsang Plains,35.1,77.8,Ladakh LAC,cybersecurity_intrusion_data.csv,0,1,0.03,0.0,8.0,0,1,TCP,0,0.0,1.0,0.2749,LOW,0
Doklam Plateau,27.3,89.1,Sikkim Ridge,cybersecurity_intrusion_data.csv,1,1,0.01,0.0,9.33,0,0,ICMP,0,0.0,1.0,0.4711,MEDIUM,0
Mizoram Border,22.7,92.7,Northeast Sector,cybersecurity_intrusion_data.csv,0,1,0.02,0.0,8.67,0,0,TCP,0,0.0,1.0,0.5927,HIGH,0
Doklam Plateau,27.3,89.1,Sikkim Ridge,cybersecurity_intrusion_data.csv,1,1,0.0,0.0,10.0,0,0,TCP,0,0.0,1.0,0.2842,LOW,0
Barmer Sector,25.7,71.4,Rajasthan Border,cybersecurity_intrusion_data.csv,0,1,0.01,0.0,8.0,0,0,TCP,0,0.0,1.0,0.4999,MEDIUM,0
Nathula Pass,27.4,88.8,Sikkim Ridge,cybersecurity_intrusion_data.csv,0,1,0.0,0.0,8.0,0,0,TCP,0,0.0,1.0,0.3063,LOW,0
Pangong Tso,33.7,78.9,Ladakh LAC,cybersecurity_intrusion_data.csv,0,1,0.0,0.0,9.33,0,0,UDP,0,0.0,1.0,0.1254,LOW,0
Tawang Sector,27.6,91.9,Arunachal Sector,cybersecurity_intrusion_data.csv,1,1,0.0,0.0,8.0,0,0,TCP,0,0.0,1.0,0.2946,LOW,0
Nathula Pass,27.4,88.8,Sikkim Ridge,cybersecurity_intrusion_data.csv,0,1,0.02,0.0,10.0,0,0,TCP,0,0.0,1.0,0.4397,MEDIUM,0
Galwan Valley,34.4,73.6,J&K LoC,cybersecurity_intrusion_data.csv,0,1,0.03,0.0,10.67,0,1,UDP,0,0.0,1.0,0.3953,MEDIUM,0
Doklam Plateau,27.3,89.1,Sikkim Ridge,cybersecurity_intrusion_data.csv,0,1,0.0,0.0,7.33,0,0,TCP,0,0.0,1.0,0.4382,MEDIUM,0
Doklam Plateau,27.3,89.1,Sikkim Ridge,cybersecurity_intrusion_data.csv,1,1,0.02,0.0,9.33,0,0,TCP,0,0.0,1.0,0.5573,HIGH,0
Rann of Kutch,23.9,70.0,Gujarat Coast,cybersecurity_intrusion_data.csv,0,1,0.0,0.0,12.67,0,1,TCP,0,0.0,1.0,0.6095,HIGH,0
Galwan Valley,34.4,73.6,J&K LoC,cybersecurity_intrusion_data.csv,0,1,0.01,0.0,8.0,0,0,TCP,0,0.0,1.0,0.0195,LOW,0
Rann of Kutch,23.9,70.0,Gujarat Coast,cybersecurity_intrusion_data.csv,1,1,0.02,0.0,10.0,0,0,TCP,0,0.0,1.0,0.3819,MEDIUM,0
Doklam Plateau,27.3,89.1,Sikkim Ridge,cybersecurity_intrusion_data.csv,1,1,0.0,0.0,8.0,0,0,TCP,0,0.0,1.0,0.3137,LOW,0
Wagah Border,31.6,74.6,Punjab Sector,cybersecurity_intrusion_data.csv,0,1,0.01,0.0,8.0,0,1,UDP,0,0.0,1.0,0.2721,LOW,0
Lipulekh Pass,30.2,80.3,Uttarakhand Pass,cybersecurity_intrusion_data.csv,0,1,0.02,0.0,9.33,0,1,TCP,0,0.0,1.0,0.7662,CRITICAL,0
Tawang Sector,27.6,91.9,Arunachal Sector,cybersecurity_intrusion_data.csv,0,1,0.02,0.0,8.67,0,0,TCP,0,0.0,1.0,0.1455,LOW,0
Pir Panjal Range,33.5,74.2,J&K LoC,cybersecurity_intrusion_data.csv,0,1,0.0,0.0,7.33,0,0,TCP,0,0.0,1.0,0.3753,MEDIUM,0
Pangong Tso,33.7,78.9,Ladakh LAC,cybersecurity_intrusion_data.csv,0,1,0.01,0.0,10.0,0,0,ICMP,0,0.0,1.0,0.3575,MEDIUM,0
Depsang Plains,35.1,77.8,Ladakh LAC,cybersecurity_intrusion_data.csv,0,1,0.03,0.0,7.33,0,1,TCP,0,0.0,1.0,0.3406,MEDIUM,0
Kutch Gulf,23.0,68.9,Gujarat Coast,cybersecurity_intrusion_data.csv,0,1,0.01,0.0,12.0,0,1,UDP,0,0.0,1.0,0.4433,MEDIUM,0
Wagah Border,31.6,74.6,Punjab Sector,cybersecurity_intrusion_data.csv,0,1,0.03,0.0,10.0,0,1,TCP,0,0.0,1.0,0.2535,LOW,0
Pir Panjal Range,33.5,74.2,J&K LoC,cybersecurity_intrusion_data.csv,0,1,0.03,0.0,9.33,0,1,TCP,0,0.0,1.0,0.4355,MEDIUM,0
Doklam Plateau,27.3,89.1,Sikkim Ridge,cybersecurity_intrusion_data.csv,0,1,0.01,0.0,7.33,0,0,TCP,0,0.0,1.0,0.1874,LOW,0
Depsang Plains,35.1,77.8,Ladakh LAC,cybersecurity_intrusion_data.csv,0,1,0.03,0.0,8.67,0,1,TCP,0,0.0,1.0,0.4409,MEDIUM,0
Depsang Plains,35.1,77.8,Ladakh LAC,cybersecurity_intrusion_data.csv,0,1,0.01,0.0,10.0,0,1,TCP,0,0.0,1.0,0.1538,LOW,0
Doklam Plateau,27.3,89.1,Sikkim Ridge,cybersecurity_intrusion_data.csv,0,1,0.01,0.0,9.33,0,0,TCP,0,0.0,1.0,0.5835,HIGH,0
Pangong Tso,33.7,78.9,Ladakh LAC,cybersecurity_intrusion_data.csv,0,1,0.01,0.0,8.0,0,0,TCP,0,0.0,1.0,0.345,MEDIUM,0
Pir Panjal Range,33.5,74.2,J&K LoC,cybersecurity_intrusion_data.csv,0,1,0.0,0.0,10.0,0,1,TCP,0,0.0,1.0,0.2428,LOW,0
Galwan Valley,34.4,73.6,J&K LoC,cybersecurity_intrusion_data.csv,0,1,0.01,0.0,9.33,0,0,TCP,0,0.0,1.0,0.3811,MEDIUM,0
Pir Panjal Range,33.5,74.2,J&K LoC,cybersecurity_intrusion_data.csv,0,1,0.0,0.0,10.67,0,1,ICMP,0,0.0,1.0,0.489,MEDIUM,0
Pangong Tso,33.7,78.9,Ladakh LAC,cybersecurity_intrusion_data.csv,0,1,0.02,0.0,10.0,0,1,UDP,0,0.0,1.0,0.2345,LOW,0
Galwan Valley,34.4,73.6,J&K LoC,cybersecurity_intrusion_data.csv,1,1,0.01,0.0,10.67,0,0,TCP,0,0.0,1.0,0.4087,MEDIUM,0
Tawang Sector,27.6,91.9,Arunachal Sector,cybersecurity_intrusion_data.csv,0,1,0.01,0.0,8.67,0,0,UDP,0,0.0,1.0,0.0771,LOW,0
Siachen Glacier,35.5,76.9,Ladakh LAC,cybersecurity_intrusion_data.csv,0,1,0.02,0.0,10.0,0,1,TCP,0,0.0,1.0,0.6227,HIGH,0
Doklam Plateau,27.3,89.1,Sikkim Ridge,cybersecurity_intrusion_data.csv,1,1,0.03,0.0,9.33,0,1,UDP,0,0.0,1.0,0.2742,LOW,0
Tawang Sector,27.6,91.9,Arunachal Sector,cybersecurity_intrusion_data.csv,0,1,0.02,0.0,7.33,0,0,UDP,0,0.0,1.0,0.2696,LOW,0
Nathula Pass,27.4,88.8,Sikkim Ridge,cybersecurity_intrusion_data.csv,0,1,0.02,0.0,11.33,0,1,TCP,0,0.0,1.0,0.1103,LOW,0
Lipulekh Pass,30.2,80.3,Uttarakhand Pass,cybersecurity_intrusion_data.csv,1,1,0.0,0.0,12.0,0,1,TCP,0,0.0,1.0,0.2058,LOW,0
Depsang Plains,35.1,77.8,Ladakh LAC,cybersecurity_intrusion_data.csv,0,1,0.02,0.0,8.0,0,0,TCP,0,0.0,1.0,0.2948,LOW,0
Galwan Valley,34.4,73.6,J&K LoC,cybersecurity_intrusion_data.csv,0,1,0.03,0.0,7.33,0,1,UDP,0,0.0,1.0,0.1742,LOW,0
Siachen Glacier,35.5,76.9,Ladakh LAC,cybersecurity_intrusion_data.csv,0,1,0.01,0.0,10.0,0,0,UDP,0,0.0,1.0,0.5387,HIGH,0
Siachen Glacier,35.5,76.9,Ladakh LAC,cybersecurity_intrusion_data.csv,0,1,0.02,0.0,8.67,0,0,TCP,0,0.0,1.0,0.3845,MEDIUM,0
Galwan Valley,34.4,73.6,J&K LoC,cybersecurity_intrusion_data.csv,0,1,0.01,0.0,9.33,0,1,TCP,0,0.0,1.0,0.1982,LOW,0
Tawang Sector,27.6,91.9,Arunachal Sector,cybersecurity_intrusion_data.csv,0,1,0.03,0.0,9.33,0,1,TCP,0,0.0,1.0,0.3037,LOW,0
Lipulekh Pass,30.2,80.3,Uttarakhand Pass,cybersecurity_intrusion_data.csv,0,1,0.01,0.0,11.33,0,1,TCP,0,0.0,1.0,0.3729,MEDIUM,0
Tawang Sector,27.6,91.9,Arunachal Sector,cybersecurity_intrusion_data.csv,0,1,0.01,0.0,12.0,0,1,UDP,0,0.0,1.0,0.3266,MEDIUM,0
Tawang Sector,27.6,91.9,Arunachal Sector,cybersecurity_intrusion_data.csv,1,1,0.0,0.0,9.33,0,0,UDP,0,0.0,1.0,0.1234,LOW,0
Nathula Pass,27.4,88.8,Sikkim Ridge,cybersecurity_intrusion_data.csv,0,1,0.0,0.0,12.0,0,1,TCP,0,0.0,1.0,0.0774,LOW,0
Lipulekh Pass,30.2,80.3,Uttarakhand Pass,cybersecurity_intrusion_data.csv,0,1,0.02,0.0,12.0,0,1,TCP,0,0.0,1.0,0.4725,MEDIUM,0
Tawang Sector,27.6,91.9,Arunachal Sector,cybersecurity_intrusion_data.csv,1,1,0.01,0.0,8.0,0,0,TCP,0,0.0,1.0,0.0353,LOW,0
Pangong Tso,33.7,78.9,Ladakh LAC,cybersecurity_intrusion_data.csv,0,1,0.01,0.0,8.67,0,0,TCP,0,0.0,1.0,0.1451,LOW,0
Doklam Plateau,27.3,89.1,Sikkim Ridge,cybersecurity_intrusion_data.csv,0,1,0.02,0.0,9.33,0,0,TCP,0,0.0,1.0,0.1946,LOW,0
Depsang Plains,35.1,77.8,Ladakh LAC,cybersecurity_intrusion_data.csv,0,1,0.01,0.0,11.33,0,1,TCP,0,0.0,1.0,0.3114,LOW,0
Nathula Pass,27.4,88.8,Sikkim Ridge,cybersecurity_intrusion_data.csv,0,1,0.0,0.0,10.67,0,0,TCP,0,0.0,1.0,0.2861,LOW,0
Mizoram Border,22.7,92.7,Northeast Sector,cybersecurity_intrusion_data.csv,0,1,0.02,0.0,7.33,0,0,ICMP,0,0.0,1.0,0.3235,MEDIUM,0
Anjaw District,28.1,96.3,Arunachal Sector,cybersecurity_intrusion_data.csv,0,1,0.03,0.0,15.33,0,1,UDP,0,0.0,1.0,0.2504,LOW,0
Galwan Valley,34.4,73.6,J&K LoC,cybersecurity_intrusion_data.csv,0,1,0.02,0.0,10.67,0,0,TCP,0,0.0,1.0,0.1623,LOW,0
Barmer Sector,25.7,71.4,Rajasthan Border,cybersecurity_intrusion_data.csv,0,1,0.02,0.0,8.67,0,0,TCP,0,0.0,1.0,0.0595,LOW,0
Galwan Valley,34.4,73.6,J&K LoC,cybersecurity_intrusion_data.csv,0,1,0.01,0.0,9.33,0,0,UDP,0,0.0,1.0,0.3203,MEDIUM,0
Siachen Glacier,35.5,76.9,Ladakh LAC,cybersecurity_intrusion_data.csv,0,1,0.02,0.0,7.33,0,0,TCP,0,0.0,1.0,0.2619,LOW,0
Siachen Glacier,35.5,76.9,Ladakh LAC,cybersecurity_intrusion_data.csv,0,1,0.01,0.0,10.67,0,0,TCP,0,0.0,1.0,0.1623,LOW,0
Pir Panjal Range,33.5,74.2,J&K LoC,cybersecurity_intrusion_data.csv,0,1,0.04,0.0,8.0,0,1,TCP,0,0.0,1.0,0.6846,HIGH,0
Mizoram Border,22.7,92.7,Northeast Sector,cybersecurity_intrusion_data.csv,0,1,0.02,0.0,9.33,0,0,TCP,0,0.0,1.0,0.4349,MEDIUM,0
Lipulekh Pass,30.2,80.3,Uttarakhand Pass,cybersecurity_intrusion_data.csv,0,1,0.01,0.0,7.33,0,0,TCP,0,0.0,1.0,0.3918,MEDIUM,0
Wagah Border,31.6,74.6,Punjab Sector,cybersecurity_intrusion_data.csv,0,1,0.01,0.0,10.67,0,1,UDP,0,0.0,1.0,0.4017,MEDIUM,0
Wagah Border,31.6,74.6,Punjab Sector,cybersecurity_intrusion_data.csv,1,1,0.01,0.0,11.33,0,1,TCP,0,0.0,1.0,0.5913,HIGH,0
Wagah Border,31.6,74.6,Punjab Sector,cybersecurity_intrusion_data.csv,0,1,0.01,0.0,10.67,0,1,UDP,0,0.0,1.0,0.1477,LOW,0
Lipulekh Pass,30.2,80.3,Uttarakhand Pass,cybersecurity_intrusion_data.csv,0,1,0.03,0.0,8.0,0,1,TCP,0,0.0,1.0,0.3634,MEDIUM,0
Mizoram Border,22.7,92.7,Northeast Sector,cybersecurity_intrusion_data.csv,0,1,0.0,0.0,10.67,0,0,TCP,0,0.0,1.0,0.2333,LOW,0
Barmer Sector,25.7,71.4,Rajasthan Border,cybersecurity_intrusion_data.csv,0,1,0.01,0.0,7.33,0,0,UDP,0,0.0,1.0,0.459,MEDIUM,0
Galwan Valley,34.4,73.6,J&K LoC,cybersecurity_intrusion_data.csv,1,1,0.01,0.0,10.0,0,1,UDP,0,0.0,1.0,0.3368,MEDIUM,0
Anjaw District,28.1,96.3,Arunachal Sector,cybersecurity_intrusion_data.csv,0,1,0.02,0.0,8.67,0,0,TCP,0,0.0,1.0,0.5194,MEDIUM,0
Mizoram Border,22.7,92.7,Northeast Sector,cybersecurity_intrusion_data.csv,0,1,0.02,0.0,9.33,0,0,TCP,0,0.0,1.0,0.5374,HIGH,0
Doklam Plateau,27.3,89.1,Sikkim Ridge,cybersecurity_intrusion_data.csv,0,1,0.0,0.0,9.33,0,0,UDP,0,0.0,1.0,0.3041,LOW,0
Pangong Tso,33.7,78.9,Ladakh LAC,cybersecurity_intrusion_data.csv,0,1,0.01,0.0,8.67,0,0,TCP,0,0.0,1.0,0.2442,LOW,0
Pir Panjal Range,33.5,74.2,J&K LoC,cybersecurity_intrusion_data.csv,0,1,0.01,0.0,8.67,0,0,UDP,0,0.0,1.0,0.4179,MEDIUM,0
Wagah Border,31.6,74.6,Punjab Sector,cybersecurity_intrusion_data.csv,0,1,0.02,0.0,8.0,0,1,TCP,0,0.0,1.0,0.3329,MEDIUM,0
Lipulekh Pass,30.2,80.3,Uttarakhand Pass,cybersecurity_intrusion_data.csv,0,1,0.02,0.0,9.33,0,0,TCP,0,0.0,1.0,0.0258,LOW,0
Doklam Plateau,27.3,89.1,Sikkim Ridge,cybersecurity_intrusion_data.csv,1,1,0.03,0.0,8.67,0,1,TCP,0,0.0,1.0,0.0246,LOW,0
Galwan Valley,34.4,73.6,J&K LoC,cybersecurity_intrusion_data.csv,0,1,0.02,0.0,9.33,0,0,UDP,0,0.0,1.0,0.1551,LOW,0
Anjaw District,28.1,96.3,Arunachal Sector,cybersecurity_intrusion_data.csv,1,1,0.04,0.0,8.67,0,1,TCP,0,0.0,1.0,0.2944,LOW,0
Doklam Plateau,27.3,89.1,Sikkim Ridge,cybersecurity_intrusion_data.csv,0,1,0.01,0.0,7.33,0,0,TCP,0,0.0,1.0,0.363,MEDIUM,0
Pir Panjal Range,33.5,74.2,J&K LoC,cybersecurity_intrusion_data.csv,0,1,0.0,0.0,9.33,0,0,TCP,0,0.0,1.0,0.3984,MEDIUM,0
Tawang Sector,27.6,91.9,Arunachal Sector,cybersecurity_intrusion_data.csv,1,1,0.01,0.0,11.33,0,1,TCP,0,0.0,1.0,0.3741,MEDIUM,0
Siachen Glacier,35.5,76.9,Ladakh LAC,cybersecurity_intrusion_data.csv,0,1,0.01,0.0,8.0,0,0,UDP,0,0.0,1.0,0.1252,LOW,0
Doklam Plateau,27.3,89.1,Sikkim Ridge,cybersecurity_intrusion_data.csv,0,1,0.02,0.0,8.67,0,0,TCP,0,0.0,1.0,0.2203,LOW,0
Mizoram Border,22.7,92.7,Northeast Sector,cybersecurity_intrusion_data.csv,1,1,0.01,0.0,10.0,0,0,TCP,0,0.0,1.0,0.3437,MEDIUM,0
Nathula Pass,27.4,88.8,Sikkim Ridge,cybersecurity_intrusion_data.csv,1,1,0.0,0.0,10.0,0,0,TCP,0,0.0,1.0,0.4602,MEDIUM,0
Anjaw District,28.1,96.3,Arunachal Sector,cybersecurity_intrusion_data.csv,0,1,0.01,0.0,10.0,0,0,UDP,0,0.0,1.0,0.0289,LOW,0
Barmer Sector,25.7,71.4,Rajasthan Border,cybersecurity_intrusion_data.csv,0,1,0.0,0.0,8.0,0,0,ICMP,0,0.0,1.0,0.4061,MEDIUM,0
Wagah Border,31.6,74.6,Punjab Sector,cybersecurity_intrusion_data.csv,1,1,0.01,0.0,8.0,0,0,TCP,0,0.0,1.0,0.3528,MEDIUM,0
Tawang Sector,27.6,91.9,Arunachal Sector,cybersecurity_intrusion_data.csv,0,1,0.01,0.0,10.67,0,0,TCP,0,0.0,1.0,0.3539,MEDIUM,0
Mizoram Border,22.7,92.7,Northeast Sector,cybersecurity_intrusion_data.csv,0,1,0.02,0.0,8.67,0,0,UDP,0,0.0,1.0,0.3474,MEDIUM,0
Lipulekh Pass,30.2,80.3,Uttarakhand Pass,cybersecurity_intrusion_data.csv,0,1,0.0,0.0,8.67,0,1,UDP,0,0.0,1.0,0.6637,HIGH,0
Depsang Plains,35.1,77.8,Ladakh LAC,cybersecurity_intrusion_data.csv,0,1,0.01,0.0,8.67,0,1,UDP,0,0.0,1.0,0.4977,MEDIUM,0
Doklam Plateau,27.3,89.1,Sikkim Ridge,cybersecurity_intrusion_data.csv,0,1,0.01,0.0,8.67,0,0,UDP,0,0.0,1.0,0.3341,MEDIUM,0
Pir Panjal Range,33.5,74.2,J&K LoC,cybersecurity_intrusion_data.csv,0,1,0.03,0.0,9.33,0,1,UDP,0,0.0,1.0,0.142,LOW,0
Anjaw District,28.1,96.3,Arunachal Sector,cybersecurity_intrusion_data.csv,0,1,0.03,0.0,8.67,0,1,TCP,0,0.0,1.0,0.307,LOW,0
Lipulekh Pass,30.2,80.3,Uttarakhand Pass,cybersecurity_intrusion_data.csv,0,1,0.01,0.0,9.33,0,1,UDP,0,0.0,1.0,0.498,MEDIUM,0
Wagah Border,31.6,74.6,Punjab Sector,cybersecurity_intrusion_data.csv,1,1,0.01,0.0,10.0,0,1,TCP,0,0.0,1.0,0.6019,HIGH,0
Barmer Sector,25.7,71.4,Rajasthan Border,cybersecurity_intrusion_data.csv,1,1,0.03,0.0,8.67,0,1,TCP,0,0.0,1.0,0.2587,LOW,0
Pir Panjal Range,33.5,74.2,J&K LoC,cybersecurity_intrusion_data.csv,1,1,0.0,0.0,9.33,0,0,TCP,0,0.0,1.0,0.4463,MEDIUM,0
Siachen Glacier,35.5,76.9,Ladakh LAC,cybersecurity_intrusion_data.csv,0,1,0.01,0.0,10.0,0,1,TCP,0,0.0,1.0,0.1304,LOW,0
Nathula Pass,27.4,88.8,Sikkim Ridge,cybersecurity_intrusion_data.csv,0,1,0.03,0.0,8.67,0,1,TCP,0,0.0,1.0,0.2046,LOW,0
Lipulekh Pass,30.2,80.3,Uttarakhand Pass,cybersecurity_intrusion_data.csv,0,1,0.02,0.0,10.0,0,0,TCP,0,0.0,1.0,0.3539,MEDIUM,0
Siachen Glacier,35.5,76.9,Ladakh LAC,cybersecurity_intrusion_data.csv,0,1,0.03,0.0,10.67,0,1,TCP,0,0.0,1.0,0.5436,HIGH,0
Barmer Sector,25.7,71.4,Rajasthan Border,cybersecurity_intrusion_data.csv,0,1,0.02,0.0,9.33,0,0,UDP,0,0.0,1.0,0.4313,MEDIUM,0
Galwan Valley,34.4,73.6,J&K LoC,cybersecurity_intrusion_data.csv,0,1,0.01,0.0,12.0,0,1,TCP,0,0.0,1.0,0.1187,LOW,0
Doklam Plateau,27.3,89.1,Sikkim Ridge,cybersecurity_intrusion_data.csv,0,1,0.03,0.0,8.0,0,1,ICMP,0,0.0,1.0,0.2095,LOW,0
Tawang Sector,27.6,91.9,Arunachal Sector,cybersecurity_intrusion_data.csv,0,1,0.01,0.0,9.33,0,0,UDP,0,0.0,1.0,0.0784,LOW,0
Siachen Glacier,35.5,76.9,Ladakh LAC,cybersecurity_intrusion_data.csv,0,1,0.04,0.0,8.67,0,1,TCP,0,0.0,1.0,0.2037,LOW,0
Rann of Kutch,23.9,70.0,Gujarat Coast,cybersecurity_intrusion_data.csv,0,1,0.02,0.0,9.33,0,0,TCP,0,0.0,1.0,0.1095,LOW,0
Pangong Tso,33.7,78.9,Ladakh LAC,cybersecurity_intrusion_data.csv,0,1,0.0,0.0,8.0,0,1,UDP,0,0.0,1.0,0.2189,LOW,0
Pangong Tso,33.7,78.9,Ladakh LAC,cybersecurity_intrusion_data.csv,0,1,0.02,0.0,10.0,0,1,TCP,0,0.0,1.0,0.3108,LOW,0
Rann of Kutch,23.9,70.0,Gujarat Coast,cybersecurity_intrusion_data.csv,1,1,0.02,0.0,8.67,0,1,TCP,0,0.0,1.0,0.2172,LOW,0
Pir Panjal Range,33.5,74.2,J&K LoC,cybersecurity_intrusion_data.csv,0,1,0.02,0.0,8.67,0,1,TCP,0,0.0,1.0,0.2247,LOW,0
Depsang Plains,35.1,77.8,Ladakh LAC,cybersecurity_intrusion_data.csv,0,1,0.02,0.0,7.33,0,0,TCP,0,0.0,1.0,0.3205,MEDIUM,0
Tawang Sector,27.6,91.9,Arunachal Sector,cybersecurity_intrusion_data.csv,0,1,0.01,0.0,10.0,0,0,UDP,0,0.0,1.0,0.3459,MEDIUM,0
Barmer Sector,25.7,71.4,Rajasthan Border,cybersecurity_intrusion_data.csv,1,1,0.01,0.0,10.0,0,0,UDP,0,0.0,1.0,0.0391,LOW,0
Kutch Gulf,23.0,68.9,Gujarat Coast,cybersecurity_intrusion_data.csv,0,1,0.04,0.0,7.33,0,1,TCP,0,0.0,1.0,0.1593,LOW,0
Mizoram Border,22.7,92.7,Northeast Sector,cybersecurity_intrusion_data.csv,0,1,0.02,0.0,11.33,0,1,TCP,0,0.0,1.0,0.0874,LOW,0
Lipulekh Pass,30.2,80.3,Uttarakhand Pass,cybersecurity_intrusion_data.csv,0,1,0.01,0.0,10.0,0,1,TCP,0,0.0,1.0,0.3191,LOW,0
Depsang Plains,35.1,77.8,Ladakh LAC,cybersecurity_intrusion_data.csv,1,1,0.02,0.0,8.0,0,0,TCP,0,0.0,1.0,0.5602,HIGH,0
Pir Panjal Range,33.5,74.2,J&K LoC,cybersecurity_intrusion_data.csv,1,1,0.02,0.0,8.67,0,0,TCP,0,0.0,1.0,0.2317,LOW,0
Siachen Glacier,35.5,76.9,Ladakh LAC,cybersecurity_intrusion_data.csv,0,1,0.02,0.0,12.0,0,1,TCP,0,0.0,1.0,0.4673,MEDIUM,0
Galwan Valley,34.4,73.6,J&K LoC,cybersecurity_intrusion_data.csv,1,1,0.03,0.0,8.67,0,1,TCP,0,0.0,1.0,0.0916,LOW,0
Barmer Sector,25.7,71.4,Rajasthan Border,cybersecurity_intrusion_data.csv,0,1,0.02,0.0,8.0,0,1,TCP,0,0.0,1.0,0.3189,LOW,0
Wagah Border,31.6,74.6,Punjab Sector,cybersecurity_intrusion_data.csv,0,1,0.01,0.0,9.33,0,0,TCP,0,0.0,1.0,0.3317,MEDIUM,0
Depsang Plains,35.1,77.8,Ladakh LAC,cybersecurity_intrusion_data.csv,0,1,0.01,0.0,9.33,0,0,TCP,0,0.0,1.0,0.3731,MEDIUM,0
Siachen Glacier,35.5,76.9,Ladakh LAC,cybersecurity_intrusion_data.csv,0,1,0.02,0.0,7.33,0,0,TCP,0,0.0,1.0,0.031,LOW,0
Lipulekh Pass,30.2,80.3,Uttarakhand Pass,cybersecurity_intrusion_data.csv,1,1,0.01,0.0,10.0,0,0,TCP,0,0.0,1.0,0.2355,LOW,0
Pangong Tso,33.7,78.9,Ladakh LAC,cybersecurity_intrusion_data.csv,1,1,0.01,0.0,7.33,0,0,TCP,0,0.0,1.0,0.1053,LOW,0
Barmer Sector,25.7,71.4,Rajasthan Border,cybersecurity_intrusion_data.csv,0,1,0.02,0.0,10.67,0,0,TCP,0,0.0,1.0,0.3389,MEDIUM,0
Doklam Plateau,27.3,89.1,Sikkim Ridge,cybersecurity_intrusion_data.csv,0,1,0.0,0.0,13.33,0,1,TCP,0,0.0,1.0,0.6926,HIGH,0
Lipulekh Pass,30.2,80.3,Uttarakhand Pass,cybersecurity_intrusion_data.csv,0,1,0.03,0.0,7.33,0,1,TCP,0,0.0,1.0,0.1058,LOW,0
Nathula Pass,27.4,88.8,Sikkim Ridge,cybersecurity_intrusion_data.csv,0,1,0.01,0.0,11.33,0,1,TCP,0,0.0,1.0,0.4829,MEDIUM,0
Anjaw District,28.1,96.3,Arunachal Sector,cybersecurity_intrusion_data.csv,1,1,0.03,0.0,10.67,0,1,UDP,0,0.0,1.0,0.8386,CRITICAL,0
Anjaw District,28.1,96.3,Arunachal Sector,cybersecurity_intrusion_data.csv,1,1,0.01,0.0,9.33,0,0,TCP,0,0.0,1.0,0.4788,MEDIUM,0
Barmer Sector,25.7,71.4,Rajasthan Border,cybersecurity_intrusion_data.csv,0,1,0.02,0.0,8.67,0,0,TCP,0,0.0,1.0,0.2832,LOW,0
Nathula Pass,27.4,88.8,Sikkim Ridge,cybersecurity_intrusion_data.csv,0,1,0.01,0.0,8.67,0,1,TCP,0,0.0,1.0,0.6344,HIGH,0
Lipulekh Pass,30.2,80.3,Uttarakhand Pass,cybersecurity_intrusion_data.csv,1,1,0.03,0.0,8.0,0,1,UDP,0,0.0,1.0,0.0885,LOW,0
Lipulekh Pass,30.2,80.3,Uttarakhand Pass,cybersecurity_intrusion_data.csv,0,1,0.03,0.0,9.33,0,1,TCP,0,0.0,1.0,0.2325,LOW,0
Pangong Tso,33.7,78.9,Ladakh LAC,cybersecurity_intrusion_data.csv,0,1,0.02,0.0,9.33,0,0,ICMP,0,0.0,1.0,0.2759,LOW,0
Pir Panjal Range,33.5,74.2,J&K LoC,cybersecurity_intrusion_data.csv,1,1,0.01,0.0,8.0,0,0,UDP,0,0.0,1.0,0.2063,LOW,0
Lipulekh Pass,30.2,80.3,Uttarakhand Pass,cybersecurity_intrusion_data.csv,0,1,0.01,0.0,10.0,0,0,UDP,0,0.0,1.0,0.1218,LOW,0
Barmer Sector,25.7,71.4,Rajasthan Border,cybersecurity_intrusion_data.csv,0,1,0.01,0.0,8.0,0,1,TCP,0,0.0,1.0,0.5083,MEDIUM,0
Pir Panjal Range,33.5,74.2,J&K LoC,cybersecurity_intrusion_data.csv,0,1,0.02,0.0,8.0,0,0,TCP,0,0.0,1.0,0.1014,LOW,0
Pir Panjal Range,33.5,74.2,J&K LoC,cybersecurity_intrusion_data.csv,1,1,0.03,0.0,8.67,0,1,TCP,0,0.0,1.0,0.7526,CRITICAL,0
Barmer Sector,25.7,71.4,Rajasthan Border,cybersecurity_intrusion_data.csv,0,1,0.04,0.0,7.33,0,1,TCP,0,0.0,1.0,0.517,MEDIUM,0
Kutch Gulf,23.0,68.9,Gujarat Coast,cybersecurity_intrusion_data.csv,0,1,0.02,0.0,7.33,0,0,TCP,0,0.0,1.0,0.2852,LOW,0
Nathula Pass,27.4,88.8,Sikkim Ridge,cybersecurity_intrusion_data.csv,1,1,0.01,0.0,9.33,0,0,TCP,0,0.0,1.0,0.154,LOW,0
Kutch Gulf,23.0,68.9,Gujarat Coast,cybersecurity_intrusion_data.csv,0,1,0.01,0.0,10.0,0,0,TCP,0,0.0,1.0,0.1288,LOW,0
Tawang Sector,27.6,91.9,Arunachal Sector,cybersecurity_intrusion_data.csv,0,1,0.02,0.0,10.0,0,1,TCP,0,0.0,1.0,0.3573,MEDIUM,0
Barmer Sector,25.7,71.4,Rajasthan Border,cybersecurity_intrusion_data.csv,0,1,0.0,0.0,9.33,0,0,TCP,0,0.0,1.0,0.2724,LOW,0
Galwan Valley,34.4,73.6,J&K LoC,cybersecurity_intrusion_data.csv,0,1,0.02,0.0,11.33,0,1,UDP,0,0.0,1.0,0.2673,LOW,0
Pir Panjal Range,33.5,74.2,J&K LoC,cybersecurity_intrusion_data.csv,0,1,0.01,0.0,9.33,0,0,TCP,0,0.0,1.0,0.337,MEDIUM,0
Pangong Tso,33.7,78.9,Ladakh LAC,cybersecurity_intrusion_data.csv,0,1,0.01,0.0,9.33,0,1,TCP,0,0.0,1.0,0.3653,MEDIUM,0
Wagah Border,31.6,74.6,Punjab Sector,cybersecurity_intrusion_data.csv,0,1,0.01,0.0,8.67,0,0,ICMP,0,0.0,1.0,0.0744,LOW,0
Depsang Plains,35.1,77.8,Ladakh LAC,cybersecurity_intrusion_data.csv,0,1,0.03,0.0,8.67,0,1,UDP,0,0.0,1.0,0.3218,MEDIUM,0
Siachen Glacier,35.5,76.9,Ladakh LAC,cybersecurity_intrusion_data.csv,0,1,0.02,0.0,10.67,0,0,TCP,0,0.0,1.0,0.1253,LOW,0
Mizoram Border,22.7,92.7,Northeast Sector,cybersecurity_intrusion_data.csv,0,1,0.03,0.0,8.0,0,1,TCP,0,0.0,1.0,0.2741,LOW,0
Rann of Kutch,23.9,70.0,Gujarat Coast,cybersecurity_intrusion_data.csv,0,1,0.01,0.0,10.0,0,0,TCP,0,0.0,1.0,0.2943,LOW,0
Pangong Tso,33.7,78.9,Ladakh LAC,cybersecurity_intrusion_data.csv,0,1,0.02,0.0,8.67,0,0,TCP,0,0.0,1.0,0.2269,LOW,0
Galwan Valley,34.4,73.6,J&K LoC,cybersecurity_intrusion_data.csv,0,1,0.02,0.0,8.67,0,0,UDP,0,0.0,1.0,0.2844,LOW,0
Rann of Kutch,23.9,70.0,Gujarat Coast,cybersecurity_intrusion_data.csv,0,1,0.01,0.0,9.33,0,0,TCP,0,0.0,1.0,0.1142,LOW,0
Mizoram Border,22.7,92.7,Northeast Sector,cybersecurity_intrusion_data.csv,0,1,0.01,0.0,9.33,0,0,UDP,0,0.0,1.0,0.4419,MEDIUM,0
Siachen Glacier,35.5,76.9,Ladakh LAC,cybersecurity_intrusion_data.csv,1,1,0.01,0.0,10.0,0,0,TCP,0,0.0,1.0,0.4631,MEDIUM,0
Wagah Border,31.6,74.6,Punjab Sector,cybersecurity_intrusion_data.csv,0,1,0.01,0.0,11.33,0,1,TCP,0,0.0,1.0,0.4643,MEDIUM,0
Tawang Sector,27.6,91.9,Arunachal Sector,cybersecurity_intrusion_data.csv,0,1,0.02,0.0,10.67,0,1,TCP,0,0.0,1.0,0.3273,MEDIUM,0
Kutch Gulf,23.0,68.9,Gujarat Coast,cybersecurity_intrusion_data.csv,0,1,0.04,0.0,9.33,0,1,UDP,0,0.0,1.0,0.8087,CRITICAL,0
Doklam Plateau,27.3,89.1,Sikkim Ridge,cybersecurity_intrusion_data.csv,1,1,0.03,0.0,8.67,0,1,TCP,0,0.0,1.0,0.4492,MEDIUM,0
Galwan Valley,34.4,73.6,J&K LoC,cybersecurity_intrusion_data.csv,0,1,0.02,0.0,8.0,0,0,UDP,0,0.0,1.0,0.2859,LOW,0
Tawang Sector,27.6,91.9,Arunachal Sector,cybersecurity_intrusion_data.csv,0,1,0.01,0.0,10.0,0,0,TCP,0,0.0,1.0,0.3284,MEDIUM,0
Lipulekh Pass,30.2,80.3,Uttarakhand Pass,cybersecurity_intrusion_data.csv,1,1,0.0,0.0,10.0,0,0,UDP,0,0.0,1.0,0.4866,MEDIUM,0
Kutch Gulf,23.0,68.9,Gujarat Coast,cybersecurity_intrusion_data.csv,0,1,0.02,0.0,10.0,0,1,TCP,0,0.0,1.0,0.6036,HIGH,0
Depsang Plains,35.1,77.8,Ladakh LAC,cybersecurity_intrusion_data.csv,0,1,0.02,0.0,10.0,0,0,TCP,0,0.0,1.0,0.5754,HIGH,0
Mizoram Border,22.7,92.7,Northeast Sector,cybersecurity_intrusion_data.csv,0,1,0.03,0.0,12.0,0,1,TCP,0,0.0,1.0,0.3229,MEDIUM,0
Wagah Border,31.6,74.6,Punjab Sector,cybersecurity_intrusion_data.csv,0,1,0.02,0.0,11.33,0,1,TCP,0,0.0,1.0,0.5077,MEDIUM,0
Pir Panjal Range,33.5,74.2,J&K LoC,cybersecurity_intrusion_data.csv,0,1,0.02,0.0,9.33,0,1,TCP,0,0.0,1.0,0.38,MEDIUM,0
Pir Panjal Range,33.5,74.2,J&K LoC,cybersecurity_intrusion_data.csv,0,1,0.05,0.0,11.33,0,1,TCP,0,0.0,1.0,0.6489,HIGH,0
Siachen Glacier,35.5,76.9,Ladakh LAC,cybersecurity_intrusion_data.csv,1,1,0.03,0.0,11.33,0,1,TCP,0,0.0,1.0,0.2554,LOW,0
Galwan Valley,34.4,73.6,J&K LoC,cybersecurity_intrusion_data.csv,0,1,0.02,0.0,10.0,0,0,TCP,0,0.0,1.0,0.2241,LOW,0
Kutch Gulf,23.0,68.9,Gujarat Coast,cybersecurity_intrusion_data.csv,0,1,0.03,0.0,9.33,0,1,UDP,0,0.0,1.0,0.7805,CRITICAL,0
Siachen Glacier,35.5,76.9,Ladakh LAC,cybersecurity_intrusion_data.csv,0,1,0.01,0.0,7.33,0,0,UDP,0,0.0,1.0,0.1425,LOW,0
Siachen Glacier,35.5,76.9,Ladakh LAC,cybersecurity_intrusion_data.csv,0,1,0.02,0.0,9.33,0,0,UDP,0,0.0,1.0,0.343,MEDIUM,0
Nathula Pass,27.4,88.8,Sikkim Ridge,cybersecurity_intrusion_data.csv,0,1,0.02,0.0,7.33,0,0,TCP,0,0.0,1.0,0.2944,LOW,0
Pir Panjal Range,33.5,74.2,J&K LoC,cybersecurity_intrusion_data.csv,0,1,0.02,0.0,8.0,0,0,UDP,0,0.0,1.0,0.1404,LOW,0
Kutch Gulf,23.0,68.9,Gujarat Coast,cybersecurity_intrusion_data.csv,0,1,0.02,0.0,9.33,0,0,UDP,0,0.0,1.0,0.0715,LOW,0
Nathula Pass,27.4,88.8,Sikkim Ridge,cybersecurity_intrusion_data.csv,0,1,0.0,0.0,10.0,0,1,TCP,0,0.0,1.0,0.258,LOW,0
Siachen Glacier,35.5,76.9,Ladakh LAC,cybersecurity_intrusion_data.csv,0,1,0.0,0.0,10.0,0,0,TCP,0,0.0,1.0,0.2073,LOW,0
Anjaw District,28.1,96.3,Arunachal Sector,cybersecurity_intrusion_data.csv,0,1,0.02,0.0,8.0,0,0,UDP,0,0.0,1.0,0.3032,LOW,0
Barmer Sector,25.7,71.4,Rajasthan Border,cybersecurity_intrusion_data.csv,0,1,0.01,0.0,10.67,0,1,UDP,0,0.0,1.0,0.309,LOW,0
Siachen Glacier,35.5,76.9,Ladakh LAC,cybersecurity_intrusion_data.csv,0,1,0.0,0.0,9.33,0,0,TCP,0,0.0,1.0,0.4777,MEDIUM,0
Nathula Pass,27.4,88.8,Sikkim Ridge,cybersecurity_intrusion_data.csv,1,1,0.01,0.0,7.33,0,0,TCP,0,0.0,1.0,0.4647,MEDIUM,0
Depsang Plains,35.1,77.8,Ladakh LAC,cybersecurity_intrusion_data.csv,0,1,0.02,0.0,8.67,0,0,TCP,0,0.0,1.0,0.5042,MEDIUM,0
Tawang Sector,27.6,91.9,Arunachal Sector,cybersecurity_intrusion_data.csv,1,1,0.02,0.0,8.67,0,1,TCP,0,0.0,1.0,0.6608,HIGH,0
Pangong Tso,33.7,78.9,Ladakh LAC,cybersecurity_intrusion_data.csv,1,1,0.03,0.0,10.67,0,1,UDP,0,0.0,1.0,0.1368,LOW,0
Barmer Sector,25.7,71.4,Rajasthan Border,cybersecurity_intrusion_data.csv,0,1,0.01,0.0,8.0,0,1,TCP,0,0.0,1.0,0.6268,HIGH,0
Pir Panjal Range,33.5,74.2,J&K LoC,cybersecurity_intrusion_data.csv,0,1,0.0,0.0,10.0,0,0,UDP,0,0.0,1.0,0.1276,LOW,0
Siachen Glacier,35.5,76.9,Ladakh LAC,cybersecurity_intrusion_data.csv,0,1,0.0,0.0,8.0,0,0,TCP,0,0.0,1.0,0.425,MEDIUM,0
Kutch Gulf,23.0,68.9,Gujarat Coast,cybersecurity_intrusion_data.csv,0,1,0.01,0.0,7.33,0,0,TCP,0,0.0,1.0,0.1901,LOW,0
Wagah Border,31.6,74.6,Punjab Sector,cybersecurity_intrusion_data.csv,0,1,0.02,0.0,12.0,0,1,UDP,0,0.0,1.0,0.3019,LOW,0
Mizoram Border,22.7,92.7,Northeast Sector,cybersecurity_intrusion_data.csv,0,1,0.02,0.0,10.0,0,1,TCP,0,0.0,1.0,0.4558,MEDIUM,0
Pir Panjal Range,33.5,74.2,J&K LoC,cybersecurity_intrusion_data.csv,0,1,0.01,0.0,9.33,0,0,TCP,0,0.0,1.0,0.4712,MEDIUM,0
Galwan Valley,34.4,73.6,J&K LoC,cybersecurity_intrusion_data.csv,0,1,0.01,0.0,10.67,0,0,TCP,0,0.0,1.0,0.1455,LOW,0
Kutch Gulf,23.0,68.9,Gujarat Coast,cybersecurity_intrusion_data.csv,0,1,0.01,0.0,7.33,0,0,TCP,0,0.0,1.0,0.1791,LOW,0
Lipulekh Pass,30.2,80.3,Uttarakhand Pass,cybersecurity_intrusion_data.csv,0,1,0.04,0.0,7.33,0,1,TCP,0,0.0,1.0,0.2959,LOW,0
Galwan Valley,34.4,73.6,J&K LoC,cybersecurity_intrusion_data.csv,0,1,0.02,0.0,8.0,0,0,UDP,0,0.0,1.0,0.4423,MEDIUM,0
Pangong Tso,33.7,78.9,Ladakh LAC,cybersecurity_intrusion_data.csv,0,1,0.01,0.0,12.0,0,1,UDP,0,0.0,1.0,0.203,LOW,0
Pir Panjal Range,33.5,74.2,J&K LoC,cybersecurity_intrusion_data.csv,0,1,0.01,0.0,10.0,0,1,UDP,0,0.0,1.0,0.1801,LOW,0
Lipulekh Pass,30.2,80.3,Uttarakhand Pass,cybersecurity_intrusion_data.csv,0,1,0.04,0.0,10.0,0,1,TCP,0,0.0,1.0,0.3809,MEDIUM,0
Anjaw District,28.1,96.3,Arunachal Sector,cybersecurity_intrusion_data.csv,0,1,0.02,0.0,11.33,0,1,TCP,0,0.0,1.0,0.1469,LOW,0
Tawang Sector,27.6,91.9,Arunachal Sector,cybersecurity_intrusion_data.csv,0,1,0.01,0.0,10.67,0,1,TCP,0,0.0,1.0,0.5505,HIGH,0
Rann of Kutch,23.9,70.0,Gujarat Coast,cybersecurity_intrusion_data.csv,0,1,0.0,0.0,7.33,0,0,TCP,0,0.0,1.0,0.1152,LOW,0
Tawang Sector,27.6,91.9,Arunachal Sector,cybersecurity_intrusion_data.csv,1,1,0.02,0.0,10.0,0,0,TCP,0,0.0,1.0,0.5333,HIGH,0
Siachen Glacier,35.5,76.9,Ladakh LAC,cybersecurity_intrusion_data.csv,0,1,0.0,0.0,10.0,0,1,TCP,0,0.0,1.0,0.0824,LOW,0
Lipulekh Pass,30.2,80.3,Uttarakhand Pass,cybersecurity_intrusion_data.csv,0,1,0.03,0.0,10.67,0,1,TCP,0,0.0,1.0,0.4628,MEDIUM,0
Mizoram Border,22.7,92.7,Northeast Sector,cybersecurity_intrusion_data.csv,1,1,0.03,0.0,9.33,0,1,UDP,0,0.0,1.0,0.5717,HIGH,0
Siachen Glacier,35.5,76.9,Ladakh LAC,cybersecurity_intrusion_data.csv,0,1,0.02,0.0,10.67,0,0,UDP,0,0.0,1.0,0.4587,MEDIUM,0
Pangong Tso,33.7,78.9,Ladakh LAC,cybersecurity_intrusion_data.csv,0,1,0.03,0.0,11.33,0,1,TCP,0,0.0,1.0,0.394,MEDIUM,0
Nathula Pass,27.4,88.8,Sikkim Ridge,cybersecurity_intrusion_data.csv,0,1,0.01,0.0,8.0,0,0,UDP,0,0.0,1.0,0.4634,MEDIUM,0
Siachen Glacier,35.5,76.9,Ladakh LAC,cybersecurity_intrusion_data.csv,0,1,0.02,0.0,9.33,0,0,UDP,0,0.0,1.0,0.2482,LOW,0
Wagah Border,31.6,74.6,Punjab Sector,cybersecurity_intrusion_data.csv,0,1,0.01,0.0,14.67,0,1,TCP,0,0.0,1.0,0.3271,MEDIUM,0
Pangong Tso,33.7,78.9,Ladakh LAC,cybersecurity_intrusion_data.csv,0,1,0.02,0.0,8.67,0,0,UDP,0,0.0,1.0,0.115,LOW,0
Galwan Valley,34.4,73.6,J&K LoC,cybersecurity_intrusion_data.csv,0,1,0.02,0.0,10.67,0,1,UDP,0,0.0,1.0,0.6282,HIGH,0
Pangong Tso,33.7,78.9,Ladakh LAC,cybersecurity_intrusion_data.csv,0,1,0.0,0.0,7.33,0,0,TCP,0,0.0,1.0,0.0994,LOW,0
Pir Panjal Range,33.5,74.2,J&K LoC,cybersecurity_intrusion_data.csv,0,1,0.0,0.0,10.0,0,1,TCP,0,0.0,1.0,0.3023,LOW,0
Mizoram Border,22.7,92.7,Northeast Sector,cybersecurity_intrusion_data.csv,0,1,0.02,0.0,10.67,0,1,UDP,0,0.0,1.0,0.3097,LOW,0
Nathula Pass,27.4,88.8,Sikkim Ridge,cybersecurity_intrusion_data.csv,0,1,0.04,0.0,9.33,0,1,TCP,0,0.0,1.0,0.4534,MEDIUM,0
Doklam Plateau,27.3,89.1,Sikkim Ridge,cybersecurity_intrusion_data.csv,1,1,0.03,0.0,10.0,0,1,TCP,0,0.0,1.0,0.3327,MEDIUM,0
Rann of Kutch,23.9,70.0,Gujarat Coast,cybersecurity_intrusion_data.csv,0,1,0.02,0.0,8.67,0,0,TCP,0,0.0,1.0,0.3075,LOW,0
Siachen Glacier,35.5,76.9,Ladakh LAC,cybersecurity_intrusion_data.csv,0,1,0.02,0.0,8.0,0,0,TCP,0,0.0,1.0,0.2089,LOW,0
Wagah Border,31.6,74.6,Punjab Sector,cybersecurity_intrusion_data.csv,1,1,0.02,0.0,8.0,0,0,TCP,0,0.0,1.0,0.4418,MEDIUM,0
Barmer Sector,25.7,71.4,Rajasthan Border,cybersecurity_intrusion_data.csv,0,1,0.03,0.0,10.0,0,1,TCP,0,0.0,1.0,0.6826,HIGH,0
Barmer Sector,25.7,71.4,Rajasthan Border,cybersecurity_intrusion_data.csv,0,1,0.02,0.0,10.0,0,1,TCP,0,0.0,1.0,0.2924,LOW,0
Pangong Tso,33.7,78.9,Ladakh LAC,cybersecurity_intrusion_data.csv,0,1,0.03,0.0,8.67,0,1,ICMP,0,0.0,1.0,0.0864,LOW,0
Barmer Sector,25.7,71.4,Rajasthan Border,cybersecurity_intrusion_data.csv,0,1,0.01,0.0,8.0,0,1,TCP,0,0.0,1.0,0.5181,MEDIUM,0
Wagah Border,31.6,74.6,Punjab Sector,cybersecurity_intrusion_data.csv,0,1,0.0,0.0,8.0,0,0,TCP,0,0.0,1.0,0.3117,LOW,0
Pir Panjal Range,33.5,74.2,J&K LoC,cybersecurity_intrusion_data.csv,0,1,0.03,0.0,7.33,0,1,TCP,0,0.0,1.0,0.6686,HIGH,0
Siachen Glacier,35.5,76.9,Ladakh LAC,cybersecurity_intrusion_data.csv,0,1,0.01,0.0,10.67,0,0,TCP,0,0.0,1.0,0.1766,LOW,0
Wagah Border,31.6,74.6,Punjab Sector,cybersecurity_intrusion_data.csv,0,1,0.0,0.0,11.33,0,1,UDP,0,0.0,1.0,0.4813,MEDIUM,0
Rann of Kutch,23.9,70.0,Gujarat Coast,cybersecurity_intrusion_data.csv,0,1,0.01,0.0,7.33,0,0,UDP,0,0.0,1.0,0.4138,MEDIUM,0
Tawang Sector,27.6,91.9,Arunachal Sector,cybersecurity_intrusion_data.csv,0,1,0.01,0.0,8.67,0,0,TCP,0,0.0,1.0,0.0861,LOW,0
Kutch Gulf,23.0,68.9,Gujarat Coast,cybersecurity_intrusion_data.csv,0,1,0.02,0.0,10.67,0,0,UDP,0,0.0,1.0,0.3277,MEDIUM,0
Galwan Valley,34.4,73.6,J&K LoC,cybersecurity_intrusion_data.csv,0,1,0.01,0.0,10.0,0,0,UDP,0,0.0,1.0,0.4287,MEDIUM,0
Barmer Sector,25.7,71.4,Rajasthan Border,cybersecurity_intrusion_data.csv,0,1,0.02,0.0,9.33,0,0,TCP,0,0.0,1.0,0.3993,MEDIUM,0
Wagah Border,31.6,74.6,Punjab Sector,cybersecurity_intrusion_data.csv,0,1,0.01,0.0,8.0,0,1,TCP,0,0.0,1.0,0.1929,LOW,0
Siachen Glacier,35.5,76.9,Ladakh LAC,cybersecurity_intrusion_data.csv,0,1,0.0,0.0,9.33,0,0,TCP,0,0.0,1.0,0.1948,LOW,0
Depsang Plains,35.1,77.8,Ladakh LAC,cybersecurity_intrusion_data.csv,1,1,0.01,0.0,10.0,0,0,TCP,0,0.0,1.0,0.5566,HIGH,0
Kutch Gulf,23.0,68.9,Gujarat Coast,cybersecurity_intrusion_data.csv,0,1,0.0,0.0,8.0,0,0,TCP,0,0.0,1.0,0.1917,LOW,0
Pangong Tso,33.7,78.9,Ladakh LAC,cybersecurity_intrusion_data.csv,0,1,0.01,0.0,10.0,0,0,ICMP,0,0.0,1.0,0.5318,HIGH,0
Nathula Pass,27.4,88.8,Sikkim Ridge,cybersecurity_intrusion_data.csv,1,1,0.01,0.0,8.67,0,0,TCP,0,0.0,1.0,0.5531,HIGH,0
Depsang Plains,35.1,77.8,Ladakh LAC,cybersecurity_intrusion_data.csv,0,1,0.01,0.0,9.33,0,0,TCP,0,0.0,1.0,0.3216,MEDIUM,0
Mizoram Border,22.7,92.7,Northeast Sector,cybersecurity_intrusion_data.csv,0,1,0.02,0.0,9.33,0,0,TCP,0,0.0,1.0,0.1691,LOW,0
Lipulekh Pass,30.2,80.3,Uttarakhand Pass,cybersecurity_intrusion_data.csv,0,1,0.01,0.0,10.0,0,0,TCP,0,0.0,1.0,0.468,MEDIUM,0
Pir Panjal Range,33.5,74.2,J&K LoC,cybersecurity_intrusion_data.csv,0,1,0.02,0.0,7.33,0,0,TCP,0,0.0,1.0,0.2154,LOW,0
Siachen Glacier,35.5,76.9,Ladakh LAC,cybersecurity_intrusion_data.csv,0,1,0.03,0.0,9.33,0,1,UDP,0,0.0,1.0,0.6155,HIGH,0
Pangong Tso,33.7,78.9,Ladakh LAC,cybersecurity_intrusion_data.csv,0,1,0.02,0.0,10.67,0,0,TCP,0,0.0,1.0,0.2655,LOW,0
Wagah Border,31.6,74.6,Punjab Sector,cybersecurity_intrusion_data.csv,0,1,0.02,0.0,12.0,0,1,TCP,0,0.0,1.0,0.5296,HIGH,0
Wagah Border,31.6,74.6,Punjab Sector,cybersecurity_intrusion_data.csv,1,1,0.03,0.0,11.33,0,1,TCP,0,0.0,1.0,0.0818,LOW,0
Kutch Gulf,23.0,68.9,Gujarat Coast,cybersecurity_intrusion_data.csv,0,1,0.02,0.0,9.33,0,1,TCP,0,0.0,1.0,0.7436,CRITICAL,0
Pir Panjal Range,33.5,74.2,J&K LoC,cybersecurity_intrusion_data.csv,0,1,0.01,0.0,10.67,0,1,ICMP,0,0.0,1.0,0.2859,LOW,0
Rann of Kutch,23.9,70.0,Gujarat Coast,cybersecurity_intrusion_data.csv,0,1,0.01,0.0,10.0,0,0,UDP,0,0.0,1.0,0.2018,LOW,0
Siachen Glacier,35.5,76.9,Ladakh LAC,cybersecurity_intrusion_data.csv,0,1,0.01,0.0,8.67,0,1,TCP,0,0.0,1.0,0.3525,MEDIUM,0
Tawang Sector,27.6,91.9,Arunachal Sector,cybersecurity_intrusion_data.csv,1,1,0.03,0.0,12.67,0,1,UDP,0,0.0,1.0,0.2478,LOW,0
Pir Panjal Range,33.5,74.2,J&K LoC,cybersecurity_intrusion_data.csv,1,1,0.0,0.0,10.0,0,0,UDP,0,0.0,1.0,0.5334,HIGH,0
Lipulekh Pass,30.2,80.3,Uttarakhand Pass,cybersecurity_intrusion_data.csv,0,1,0.01,0.0,7.33,0,0,TCP,0,0.0,1.0,0.3714,MEDIUM,0
Pir Panjal Range,33.5,74.2,J&K LoC,cybersecurity_intrusion_data.csv,0,1,0.01,0.0,8.67,0,0,UDP,0,0.0,1.0,0.3562,MEDIUM,0
Lipulekh Pass,30.2,80.3,Uttarakhand Pass,cybersecurity_intrusion_data.csv,0,1,0.02,0.0,10.67,0,1,TCP,0,0.0,1.0,0.3581,MEDIUM,0
Depsang Plains,35.1,77.8,Ladakh LAC,cybersecurity_intrusion_data.csv,0,1,0.03,0.0,7.33,0,1,ICMP,0,0.0,1.0,0.527,HIGH,0
Nathula Pass,27.4,88.8,Sikkim Ridge,cybersecurity_intrusion_data.csv,0,1,0.01,0.0,9.33,0,0,TCP,0,0.0,1.0,0.1326,LOW,0
Rann of Kutch,23.9,70.0,Gujarat Coast,cybersecurity_intrusion_data.csv,0,1,0.01,0.0,8.0,0,0,UDP,0,0.0,1.0,0.0961,LOW,0
Wagah Border,31.6,74.6,Punjab Sector,cybersecurity_intrusion_data.csv,0,1,0.01,0.0,8.67,0,0,TCP,0,0.0,1.0,0.2568,LOW,0
Galwan Valley,34.4,73.6,J&K LoC,cybersecurity_intrusion_data.csv,0,1,0.0,0.0,10.0,0,1,TCP,0,0.0,1.0,0.1046,LOW,0
Pangong Tso,33.7,78.9,Ladakh LAC,cybersecurity_intrusion_data.csv,0,1,0.01,0.0,10.67,0,0,TCP,0,0.0,1.0,0.236,LOW,0
Rann of Kutch,23.9,70.0,Gujarat Coast,cybersecurity_intrusion_data.csv,0,1,0.01,0.0,9.33,0,1,TCP,0,0.0,1.0,0.0271,LOW,0
Mizoram Border,22.7,92.7,Northeast Sector,cybersecurity_intrusion_data.csv,0,1,0.02,0.0,8.0,0,1,TCP,0,0.0,1.0,0.3725,MEDIUM,0
Kutch Gulf,23.0,68.9,Gujarat Coast,cybersecurity_intrusion_data.csv,0,1,0.03,0.0,9.33,0,1,UDP,0,0.0,1.0,0.1759,LOW,0
Galwan Valley,34.4,73.6,J&K LoC,cybersecurity_intrusion_data.csv,0,1,0.01,0.0,10.67,0,0,TCP,0,0.0,1.0,0.0402,LOW,0
Wagah Border,31.6,74.6,Punjab Sector,cybersecurity_intrusion_data.csv,1,1,0.02,0.0,7.33,0,0,UDP,0,0.0,1.0,0.5931,HIGH,0
Rann of Kutch,23.9,70.0,Gujarat Coast,cybersecurity_intrusion_data.csv,0,1,0.01,0.0,10.67,0,1,TCP,0,0.0,1.0,0.4795,MEDIUM,0
Wagah Border,31.6,74.6,Punjab Sector,cybersecurity_intrusion_data.csv,0,1,0.01,0.0,8.0,0,0,TCP,0,0.0,1.0,0.1365,LOW,0
Lipulekh Pass,30.2,80.3,Uttarakhand Pass,cybersecurity_intrusion_data.csv,0,1,0.02,0.0,8.67,0,1,UDP,0,0.0,1.0,0.6747,HIGH,0
Nathula Pass,27.4,88.8,Sikkim Ridge,cybersecurity_intrusion_data.csv,0,1,0.0,0.0,9.33,0,1,TCP,0,0.0,1.0,0.2961,LOW,0
Pangong Tso,33.7,78.9,Ladakh LAC,cybersecurity_intrusion_data.csv,0,1,0.0,0.0,9.33,0,0,TCP,0,0.0,1.0,0.3941,MEDIUM,0
Tawang Sector,27.6,91.9,Arunachal Sector,cybersecurity_intrusion_data.csv,0,1,0.0,0.0,8.67,0,0,TCP,0,0.0,1.0,0.4085,MEDIUM,0
Kutch Gulf,23.0,68.9,Gujarat Coast,cybersecurity_intrusion_data.csv,0,1,0.01,0.0,10.0,0,0,TCP,0,0.0,1.0,0.1594,LOW,0
Galwan Valley,34.4,73.6,J&K LoC,cybersecurity_intrusion_data.csv,0,1,0.01,0.0,8.67,0,0,UDP,0,0.0,1.0,0.5433,HIGH,0
Galwan Valley,34.4,73.6,J&K LoC,cybersecurity_intrusion_data.csv,1,1,0.03,0.0,10.67,0,1,TCP,0,0.0,1.0,0.1061,LOW,0
Anjaw District,28.1,96.3,Arunachal Sector,cybersecurity_intrusion_data.csv,1,1,0.02,0.0,8.67,0,0,TCP,0,0.0,1.0,0.3825,MEDIUM,0
Kutch Gulf,23.0,68.9,Gujarat Coast,cybersecurity_intrusion_data.csv,0,1,0.02,0.0,14.0,0,1,TCP,0,0.0,1.0,0.1455,LOW,0
Wagah Border,31.6,74.6,Punjab Sector,cybersecurity_intrusion_data.csv,1,1,0.02,0.0,9.33,0,1,UDP,0,0.0,1.0,0.3051,LOW,0
Lipulekh Pass,30.2,80.3,Uttarakhand Pass,cybersecurity_intrusion_data.csv,0,1,0.01,0.0,9.33,0,1,UDP,0,0.0,1.0,0.5339,HIGH,0
Lipulekh Pass,30.2,80.3,Uttarakhand Pass,cybersecurity_intrusion_data.csv,0,1,0.02,0.0,10.0,0,0,TCP,0,0.0,1.0,0.2093,LOW,0
Galwan Valley,34.4,73.6,J&K LoC,cybersecurity_intrusion_data.csv,0,1,0.03,0.0,11.33,0,1,TCP,0,0.0,1.0,0.4093,MEDIUM,0
Tawang Sector,27.6,91.9,Arunachal Sector,cybersecurity_intrusion_data.csv,0,1,0.03,0.0,13.33,0,1,TCP,0,0.0,1.0,0.0725,LOW,0
Galwan Valley,34.4,73.6,J&K LoC,cybersecurity_intrusion_data.csv,0,1,0.0,0.0,10.0,0,0,TCP,0,0.0,1.0,0.4817,MEDIUM,0
Kutch Gulf,23.0,68.9,Gujarat Coast,cybersecurity_intrusion_data.csv,0,1,0.01,0.0,8.67,0,0,TCP,0,0.0,1.0,0.2969,LOW,0
Kutch Gulf,23.0,68.9,Gujarat Coast,cybersecurity_intrusion_data.csv,1,1,0.01,0.0,7.33,0,1,UDP,0,0.0,1.0,0.6869,HIGH,0
Pangong Tso,33.7,78.9,Ladakh LAC,cybersecurity_intrusion_data.csv,0,1,0.03,0.0,8.67,0,1,UDP,0,0.0,1.0,0.5684,HIGH,0
Tawang Sector,27.6,91.9,Arunachal Sector,cybersecurity_intrusion_data.csv,0,1,0.02,0.0,9.33,0,1,TCP,0,0.0,1.0,0.2389,LOW,0
Tawang Sector,27.6,91.9,Arunachal Sector,cybersecurity_intrusion_data.csv,0,1,0.02,0.0,11.33,0,1,TCP,0,0.0,1.0,0.3247,MEDIUM,0
Pir Panjal Range,33.5,74.2,J&K LoC,cybersecurity_intrusion_data.csv,1,1,0.01,0.0,7.33,0,0,TCP,0,0.0,1.0,0.3129,LOW,0
Nathula Pass,27.4,88.8,Sikkim Ridge,cybersecurity_intrusion_data.csv,0,1,0.01,0.0,9.33,0,0,TCP,0,0.0,1.0,0.2823,LOW,0
Kutch Gulf,23.0,68.9,Gujarat Coast,cybersecurity_intrusion_data.csv,0,1,0.02,0.0,10.0,0,0,TCP,0,0.0,1.0,0.236,LOW,0
Doklam Plateau,27.3,89.1,Sikkim Ridge,cybersecurity_intrusion_data.csv,0,1,0.01,0.0,10.0,0,1,TCP,0,0.0,1.0,0.7746,CRITICAL,0
Barmer Sector,25.7,71.4,Rajasthan Border,cybersecurity_intrusion_data.csv,1,1,0.0,0.0,8.67,0,0,TCP,0,0.0,1.0,0.5194,MEDIUM,0
Nathula Pass,27.4,88.8,Sikkim Ridge,cybersecurity_intrusion_data.csv,0,1,0.01,0.0,8.67,0,0,TCP,0,0.0,1.0,0.1835,LOW,0
Tawang Sector,27.6,91.9,Arunachal Sector,cybersecurity_intrusion_data.csv,0,1,0.03,0.0,8.67,0,1,UDP,0,0.0,1.0,0.2765,LOW,0
Pir Panjal Range,33.5,74.2,J&K LoC,cybersecurity_intrusion_data.csv,0,1,0.01,0.0,10.0,0,0,TCP,0,0.0,1.0,0.2118,LOW,0
Barmer Sector,25.7,71.4,Rajasthan Border,cybersecurity_intrusion_data.csv,0,1,0.02,0.0,7.33,0,0,TCP,0,0.0,1.0,0.3296,MEDIUM,0
Kutch Gulf,23.0,68.9,Gujarat Coast,cybersecurity_intrusion_data.csv,0,1,0.02,0.0,10.0,0,1,TCP,0,0.0,1.0,0.0865,LOW,0
Mizoram Border,22.7,92.7,Northeast Sector,cybersecurity_intrusion_data.csv,0,1,0.01,0.0,10.67,0,0,TCP,0,0.0,1.0,0.3968,MEDIUM,0
Pangong Tso,33.7,78.9,Ladakh LAC,cybersecurity_intrusion_data.csv,0,1,0.01,0.0,8.67,0,0,TCP,0,0.0,1.0,0.5326,HIGH,0
Galwan Valley,34.4,73.6,J&K LoC,cybersecurity_intrusion_data.csv,0,1,0.01,0.0,7.33,0,0,UDP,0,0.0,1.0,0.2537,LOW,0
Lipulekh Pass,30.2,80.3,Uttarakhand Pass,cybersecurity_intrusion_data.csv,0,1,0.02,0.0,10.67,0,0,TCP,0,0.0,1.0,0.213,LOW,0
Tawang Sector,27.6,91.9,Arunachal Sector,cybersecurity_intrusion_data.csv,0,1,0.02,0.0,10.67,0,0,UDP,0,0.0,1.0,0.5296,HIGH,0
Doklam Plateau,27.3,89.1,Sikkim Ridge,cybersecurity_intrusion_data.csv,1,1,0.02,0.0,8.67,0,0,TCP,0,0.0,1.0,0.412,MEDIUM,0
Pangong Tso,33.7,78.9,Ladakh LAC,cybersecurity_intrusion_data.csv,0,1,0.01,0.0,8.0,0,0,UDP,0,0.0,1.0,0.2753,LOW,0
Anjaw District,28.1,96.3,Arunachal Sector,cybersecurity_intrusion_data.csv,0,1,0.01,0.0,10.0,0,1,ICMP,0,0.0,1.0,0.1727,LOW,0
Anjaw District,28.1,96.3,Arunachal Sector,cybersecurity_intrusion_data.csv,0,1,0.01,0.0,11.33,0,1,TCP,0,0.0,1.0,0.2365,LOW,0
Anjaw District,28.1,96.3,Arunachal Sector,cybersecurity_intrusion_data.csv,0,1,0.0,0.0,8.0,0,0,TCP,0,0.0,1.0,0.1494,LOW,0
Kutch Gulf,23.0,68.9,Gujarat Coast,cybersecurity_intrusion_data.csv,0,1,0.0,0.0,10.67,0,0,TCP,0,0.0,1.0,0.201,LOW,0
Lipulekh Pass,30.2,80.3,Uttarakhand Pass,cybersecurity_intrusion_data.csv,0,1,0.02,0.0,8.67,0,0,TCP,0,0.0,1.0,0.1916,LOW,0
Nathula Pass,27.4,88.8,Sikkim Ridge,cybersecurity_intrusion_data.csv,0,1,0.01,0.0,8.0,0,0,TCP,0,0.0,1.0,0.3736,MEDIUM,0
Galwan Valley,34.4,73.6,J&K LoC,cybersecurity_intrusion_data.csv,0,1,0.01,0.0,8.67,0,0,TCP,0,0.0,1.0,0.1941,LOW,0
Lipulekh Pass,30.2,80.3,Uttarakhand Pass,cybersecurity_intrusion_data.csv,0,1,0.0,0.0,8.67,0,0,TCP,0,0.0,1.0,0.155,LOW,0
Siachen Glacier,35.5,76.9,Ladakh LAC,cybersecurity_intrusion_data.csv,0,1,0.03,0.0,9.33,0,1,TCP,0,0.0,1.0,0.1587,LOW,0
Tawang Sector,27.6,91.9,Arunachal Sector,cybersecurity_intrusion_data.csv,0,1,0.02,0.0,9.33,0,0,TCP,0,0.0,1.0,0.2526,LOW,0
Doklam Plateau,27.3,89.1,Sikkim Ridge,cybersecurity_intrusion_data.csv,0,1,0.01,0.0,10.0,0,0,TCP,0,0.0,1.0,0.4659,MEDIUM,0
Siachen Glacier,35.5,76.9,Ladakh LAC,cybersecurity_intrusion_data.csv,1,1,0.02,0.0,8.0,0,0,TCP,0,0.0,1.0,0.0311,LOW,0
Anjaw District,28.1,96.3,Arunachal Sector,cybersecurity_intrusion_data.csv,0,1,0.02,0.0,8.67,0,1,TCP,0,0.0,1.0,0.7308,CRITICAL,0
Tawang Sector,27.6,91.9,Arunachal Sector,cybersecurity_intrusion_data.csv,0,1,0.0,0.0,8.67,0,1,TCP,0,0.0,1.0,0.3983,MEDIUM,0
Rann of Kutch,23.9,70.0,Gujarat Coast,cybersecurity_intrusion_data.csv,0,1,0.0,0.0,10.0,0,0,TCP,0,0.0,1.0,0.515,MEDIUM,0
Rann of Kutch,23.9,70.0,Gujarat Coast,cybersecurity_intrusion_data.csv,0,1,0.01,0.0,12.0,0,1,ICMP,0,0.0,1.0,0.3436,MEDIUM,0
Depsang Plains,35.1,77.8,Ladakh LAC,cybersecurity_intrusion_data.csv,0,1,0.01,0.0,8.67,0,0,TCP,0,0.0,1.0,0.2805,LOW,0
Wagah Border,31.6,74.6,Punjab Sector,cybersecurity_intrusion_data.csv,0,1,0.01,0.0,11.33,0,1,UDP,0,0.0,1.0,0.2043,LOW,0
Wagah Border,31.6,74.6,Punjab Sector,cybersecurity_intrusion_data.csv,1,1,0.02,0.0,8.67,0,0,TCP,0,0.0,1.0,0.1796,LOW,0
Anjaw District,28.1,96.3,Arunachal Sector,cybersecurity_intrusion_data.csv,1,1,0.04,0.0,8.0,0,1,ICMP,0,0.0,1.0,0.2494,LOW,0
Nathula Pass,27.4,88.8,Sikkim Ridge,cybersecurity_intrusion_data.csv,0,1,0.02,0.0,8.0,0,0,TCP,0,0.0,1.0,0.1992,LOW,0
Kutch Gulf,23.0,68.9,Gujarat Coast,cybersecurity_intrusion_data.csv,0,1,0.02,0.0,8.67,0,0,TCP,0,0.0,1.0,0.161,LOW,0
Anjaw District,28.1,96.3,Arunachal Sector,cybersecurity_intrusion_data.csv,0,1,0.04,0.0,10.0,0,1,TCP,0,0.0,1.0,0.6229,HIGH,0
Depsang Plains,35.1,77.8,Ladakh LAC,cybersecurity_intrusion_data.csv,1,1,0.0,0.0,12.0,0,1,TCP,0,0.0,1.0,0.6587,HIGH,0
Anjaw District,28.1,96.3,Arunachal Sector,cybersecurity_intrusion_data.csv,1,1,0.04,0.0,11.33,0,1,TCP,0,0.0,1.0,0.4881,MEDIUM,0
Pangong Tso,33.7,78.9,Ladakh LAC,cybersecurity_intrusion_data.csv,0,1,0.01,0.0,11.33,0,1,TCP,0,0.0,1.0,0.395,MEDIUM,0
Anjaw District,28.1,96.3,Arunachal Sector,cybersecurity_intrusion_data.csv,0,1,0.02,0.0,8.67,0,1,TCP,0,0.0,1.0,0.5678,HIGH,0
Pangong Tso,33.7,78.9,Ladakh LAC,cybersecurity_intrusion_data.csv,0,1,0.01,0.0,10.0,0,0,TCP,0,0.0,1.0,0.2786,LOW,0
Siachen Glacier,35.5,76.9,Ladakh LAC,cybersecurity_intrusion_data.csv,0,1,0.03,0.0,8.67,0,1,UDP,0,0.0,1.0,0.7077,HIGH,0
Mizoram Border,22.7,92.7,Northeast Sector,cybersecurity_intrusion_data.csv,0,1,0.03,0.0,13.33,0,1,TCP,0,0.0,1.0,0.3374,MEDIUM,0
Galwan Valley,34.4,73.6,J&K LoC,cybersecurity_intrusion_data.csv,0,1,0.0,0.0,9.33,0,0,UDP,0,0.0,1.0,0.0975,LOW,0
Barmer Sector,25.7,71.4,Rajasthan Border,cybersecurity_intrusion_data.csv,0,1,0.0,0.0,10.67,0,0,TCP,0,0.0,1.0,0.3396,MEDIUM,0
Barmer Sector,25.7,71.4,Rajasthan Border,cybersecurity_intrusion_data.csv,0,1,0.0,0.0,12.0,0,1,TCP,0,0.0,1.0,0.4514,MEDIUM,0
Wagah Border,31.6,74.6,Punjab Sector,cybersecurity_intrusion_data.csv,0,1,0.01,0.0,12.0,0,1,TCP,0,0.0,1.0,0.4366,MEDIUM,0
Pir Panjal Range,33.5,74.2,J&K LoC,cybersecurity_intrusion_data.csv,1,1,0.03,0.0,8.67,0,1,TCP,0,0.0,1.0,0.4893,MEDIUM,0
Depsang Plains,35.1,77.8,Ladakh LAC,cybersecurity_intrusion_data.csv,1,1,0.02,0.0,10.0,0,0,UDP,0,0.0,1.0,0.2636,LOW,0
Tawang Sector,27.6,91.9,Arunachal Sector,cybersecurity_intrusion_data.csv,0,1,0.02,0.0,8.0,0,0,ICMP,0,0.0,1.0,0.1975,LOW,0
Siachen Glacier,35.5,76.9,Ladakh LAC,cybersecurity_intrusion_data.csv,0,1,0.02,0.0,8.67,0,0,ICMP,0,0.0,1.0,0.2215,LOW,0
Lipulekh Pass,30.2,80.3,Uttarakhand Pass,cybersecurity_intrusion_data.csv,0,1,0.01,0.0,9.33,0,0,TCP,0,0.0,1.0,0.2624,LOW,0
Wagah Border,31.6,74.6,Punjab Sector,cybersecurity_intrusion_data.csv,1,1,0.0,0.0,7.33,0,0,ICMP,0,0.0,1.0,0.3801,MEDIUM,0
Pir Panjal Range,33.5,74.2,J&K LoC,cybersecurity_intrusion_data.csv,0,1,0.02,0.0,8.0,0,1,TCP,0,0.0,1.0,0.0949,LOW,0
Anjaw District,28.1,96.3,Arunachal Sector,cybersecurity_intrusion_data.csv,0,1,0.01,0.0,8.0,0,0,TCP,0,0.0,1.0,0.3451,MEDIUM,0
Pangong Tso,33.7,78.9,Ladakh LAC,cybersecurity_intrusion_data.csv,0,1,0.0,0.0,9.33,0,1,UDP,0,0.0,1.0,0.3025,LOW,0
Pir Panjal Range,33.5,74.2,J&K LoC,cybersecurity_intrusion_data.csv,0,1,0.01,0.0,10.0,0,0,UDP,0,0.0,1.0,0.1234,LOW,0
Barmer Sector,25.7,71.4,Rajasthan Border,cybersecurity_intrusion_data.csv,0,1,0.02,0.0,10.67,0,0,TCP,0,0.0,1.0,0.0636,LOW,0
Kutch Gulf,23.0,68.9,Gujarat Coast,cybersecurity_intrusion_data.csv,0,1,0.02,0.0,7.33,0,0,TCP,0,0.0,1.0,0.1211,LOW,0
Doklam Plateau,27.3,89.1,Sikkim Ridge,cybersecurity_intrusion_data.csv,0,1,0.04,0.0,8.0,0,1,UDP,0,0.0,1.0,0.2134,LOW,0
Doklam Plateau,27.3,89.1,Sikkim Ridge,cybersecurity_intrusion_data.csv,1,1,0.02,0.0,10.0,0,1,TCP,0,0.0,1.0,0.0411,LOW,0
Anjaw District,28.1,96.3,Arunachal Sector,cybersecurity_intrusion_data.csv,1,1,0.01,0.0,11.33,0,1,UDP,0,0.0,1.0,0.3034,LOW,0
Kutch Gulf,23.0,68.9,Gujarat Coast,cybersecurity_intrusion_data.csv,1,1,0.02,0.0,8.67,0,0,TCP,0,0.0,1.0,0.1881,LOW,0
Pangong Tso,33.7,78.9,Ladakh LAC,cybersecurity_intrusion_data.csv,1,1,0.02,0.0,9.33,0,0,UDP,0,0.0,1.0,0.2584,LOW,0
Mizoram Border,22.7,92.7,Northeast Sector,cybersecurity_intrusion_data.csv,0,1,0.03,0.0,10.0,0,1,TCP,0,0.0,1.0,0.3687,MEDIUM,0
Siachen Glacier,35.5,76.9,Ladakh LAC,cybersecurity_intrusion_data.csv,0,1,0.01,0.0,10.0,0,1,TCP,0,0.0,1.0,0.6389,HIGH,0
Doklam Plateau,27.3,89.1,Sikkim Ridge,cybersecurity_intrusion_data.csv,0,1,0.02,0.0,10.0,0,0,TCP,0,0.0,1.0,0.1419,LOW,0
Tawang Sector,27.6,91.9,Arunachal Sector,cybersecurity_intrusion_data.csv,0,1,0.02,0.0,7.33,0,0,ICMP,0,0.0,1.0,0.1002,LOW,0
Wagah Border,31.6,74.6,Punjab Sector,cybersecurity_intrusion_data.csv,0,1,0.0,0.0,8.0,0,0,TCP,0,0.0,1.0,0.5028,MEDIUM,0
Barmer Sector,25.7,71.4,Rajasthan Border,cybersecurity_intrusion_data.csv,0,1,0.02,0.0,9.33,0,0,TCP,0,0.0,1.0,0.4036,MEDIUM,0
Pir Panjal Range,33.5,74.2,J&K LoC,cybersecurity_intrusion_data.csv,1,1,0.0,0.0,7.33,0,0,TCP,0,0.0,1.0,0.3491,MEDIUM,0
Kutch Gulf,23.0,68.9,Gujarat Coast,cybersecurity_intrusion_data.csv,0,1,0.03,0.0,7.33,0,1,TCP,0,0.0,1.0,0.2292,LOW,0
Pangong Tso,33.7,78.9,Ladakh LAC,cybersecurity_intrusion_data.csv,0,1,0.02,0.0,10.67,0,0,UDP,0,0.0,1.0,0.2726,LOW,0
Pangong Tso,33.7,78.9,Ladakh LAC,cybersecurity_intrusion_data.csv,0,1,0.02,0.0,8.0,0,1,UDP,0,0.0,1.0,0.6037,HIGH,0
Pir Panjal Range,33.5,74.2,J&K LoC,cybersecurity_intrusion_data.csv,0,1,0.03,0.0,10.67,0,1,UDP,0,0.0,1.0,0.3982,MEDIUM,0
Nathula Pass,27.4,88.8,Sikkim Ridge,cybersecurity_intrusion_data.csv,1,1,0.01,0.0,11.33,0,1,UDP,0,0.0,1.0,0.1955,LOW,0
Galwan Valley,34.4,73.6,J&K LoC,cybersecurity_intrusion_data.csv,0,1,0.03,0.0,11.33,0,1,TCP,0,0.0,1.0,0.1397,LOW,0
Rann of Kutch,23.9,70.0,Gujarat Coast,cybersecurity_intrusion_data.csv,0,1,0.01,0.0,10.0,0,0,TCP,0,0.0,1.0,0.3167,LOW,0
Wagah Border,31.6,74.6,Punjab Sector,cybersecurity_intrusion_data.csv,0,1,0.02,0.0,12.0,0,1,TCP,0,0.0,1.0,0.0407,LOW,0
Depsang Plains,35.1,77.8,Ladakh LAC,cybersecurity_intrusion_data.csv,1,1,0.03,0.0,10.67,0,1,UDP,0,0.0,1.0,0.1745,LOW,0
Kutch Gulf,23.0,68.9,Gujarat Coast,cybersecurity_intrusion_data.csv,0,1,0.03,0.0,8.0,0,1,UDP,0,0.0,1.0,0.3716,MEDIUM,0
Wagah Border,31.6,74.6,Punjab Sector,cybersecurity_intrusion_data.csv,0,1,0.03,0.0,8.0,0,1,UDP,0,0.0,1.0,0.166,LOW,0
Wagah Border,31.6,74.6,Punjab Sector,cybersecurity_intrusion_data.csv,0,1,0.01,0.0,10.0,0,0,TCP,0,0.0,1.0,0.3285,MEDIUM,0
Rann of Kutch,23.9,70.0,Gujarat Coast,cybersecurity_intrusion_data.csv,0,1,0.03,0.0,8.0,0,1,TCP,0,0.0,1.0,0.5408,HIGH,0
Nathula Pass,27.4,88.8,Sikkim Ridge,cybersecurity_intrusion_data.csv,0,1,0.0,0.0,10.67,0,0,TCP,0,0.0,1.0,0.5057,MEDIUM,0
Doklam Plateau,27.3,89.1,Sikkim Ridge,cybersecurity_intrusion_data.csv,0,1,0.03,0.0,8.67,0,1,TCP,0,0.0,1.0,0.5316,HIGH,0
Wagah Border,31.6,74.6,Punjab Sector,cybersecurity_intrusion_data.csv,0,1,0.01,0.0,9.33,0,0,UDP,0,0.0,1.0,0.3686,MEDIUM,0
Siachen Glacier,35.5,76.9,Ladakh LAC,cybersecurity_intrusion_data.csv,1,1,0.01,0.0,7.33,0,0,TCP,0,0.0,1.0,0.1057,LOW,0
Siachen Glacier,35.5,76.9,Ladakh LAC,cybersecurity_intrusion_data.csv,1,1,0.02,0.0,10.0,0,0,TCP,0,0.0,1.0,0.4818,MEDIUM,0
Rann of Kutch,23.9,70.0,Gujarat Coast,cybersecurity_intrusion_data.csv,0,1,0.03,0.0,8.0,0,1,UDP,0,0.0,1.0,0.1083,LOW,0
Pangong Tso,33.7,78.9,Ladakh LAC,cybersecurity_intrusion_data.csv,0,1,0.01,0.0,10.67,0,1,UDP,0,0.0,1.0,0.063,LOW,0
Nathula Pass,27.4,88.8,Sikkim Ridge,cybersecurity_intrusion_data.csv,0,1,0.01,0.0,8.67,0,0,TCP,0,0.0,1.0,0.1785,LOW,0
Tawang Sector,27.6,91.9,Arunachal Sector,cybersecurity_intrusion_data.csv,1,1,0.02,0.0,10.0,0,0,TCP,0,0.0,1.0,0.4371,MEDIUM,0
Pangong Tso,33.7,78.9,Ladakh LAC,cybersecurity_intrusion_data.csv,0,1,0.01,0.0,9.33,0,0,TCP,0,0.0,1.0,0.3088,LOW,0
Lipulekh Pass,30.2,80.3,Uttarakhand Pass,cybersecurity_intrusion_data.csv,0,1,0.01,0.0,9.33,0,0,TCP,0,0.0,1.0,0.3478,MEDIUM,0
Rann of Kutch,23.9,70.0,Gujarat Coast,cybersecurity_intrusion_data.csv,0,1,0.02,0.0,10.0,0,0,TCP,0,0.0,1.0,0.1863,LOW,0
Doklam Plateau,27.3,89.1,Sikkim Ridge,cybersecurity_intrusion_data.csv,0,1,0.02,0.0,8.0,0,0,TCP,0,0.0,1.0,0.4275,MEDIUM,0
Siachen Glacier,35.5,76.9,Ladakh LAC,cybersecurity_intrusion_data.csv,0,1,0.02,0.0,8.67,0,1,TCP,0,0.0,1.0,0.8416,CRITICAL,0
Pangong Tso,33.7,78.9,Ladakh LAC,cybersecurity_intrusion_data.csv,0,1,0.0,0.0,8.67,0,0,TCP,0,0.0,1.0,0.3005,LOW,0
Siachen Glacier,35.5,76.9,Ladakh LAC,cybersecurity_intrusion_data.csv,0,1,0.04,0.0,11.33,0,1,UDP,0,0.0,1.0,0.647,HIGH,0
Pir Panjal Range,33.5,74.2,J&K LoC,cybersecurity_intrusion_data.csv,0,1,0.01,0.0,10.0,0,0,UDP,0,0.0,1.0,0.3049,LOW,0
Tawang Sector,27.6,91.9,Arunachal Sector,cybersecurity_intrusion_data.csv,0,1,0.02,0.0,10.0,0,0,TCP,0,0.0,1.0,0.0746,LOW,0
Anjaw District,28.1,96.3,Arunachal Sector,cybersecurity_intrusion_data.csv,0,1,0.0,0.0,11.33,0,1,TCP,0,0.0,1.0,0.5838,HIGH,0
Galwan Valley,34.4,73.6,J&K LoC,cybersecurity_intrusion_data.csv,0,1,0.02,0.0,8.0,0,0,UDP,0,0.0,1.0,0.4904,MEDIUM,0
Doklam Plateau,27.3,89.1,Sikkim Ridge,cybersecurity_intrusion_data.csv,0,1,0.02,0.0,10.0,0,1,TCP,0,0.0,1.0,0.1904,LOW,0
Pir Panjal Range,33.5,74.2,J&K LoC,cybersecurity_intrusion_data.csv,0,1,0.01,0.0,10.67,0,1,TCP,0,0.0,1.0,0.0638,LOW,0
Doklam Plateau,27.3,89.1,Sikkim Ridge,cybersecurity_intrusion_data.csv,0,1,0.01,0.0,12.0,0,1,TCP,0,0.0,1.0,0.2515,LOW,0
Wagah Border,31.6,74.6,Punjab Sector,cybersecurity_intrusion_data.csv,0,1,0.02,0.0,10.0,0,0,UDP,0,0.0,1.0,0.4511,MEDIUM,0
Siachen Glacier,35.5,76.9,Ladakh LAC,cybersecurity_intrusion_data.csv,0,1,0.02,0.0,10.0,0,1,UDP,0,0.0,1.0,0.1771,LOW,0
Siachen Glacier,35.5,76.9,Ladakh LAC,cybersecurity_intrusion_data.csv,0,1,0.02,0.0,9.33,0,1,TCP,0,0.0,1.0,0.2868,LOW,0
Barmer Sector,25.7,71.4,Rajasthan Border,cybersecurity_intrusion_data.csv,0,1,0.03,0.0,14.0,0,1,TCP,0,0.0,1.0,0.5046,MEDIUM,0
Depsang Plains,35.1,77.8,Ladakh LAC,cybersecurity_intrusion_data.csv,1,1,0.0,0.0,8.0,0,0,TCP,0,0.0,1.0,0.3227,MEDIUM,0
Doklam Plateau,27.3,89.1,Sikkim Ridge,cybersecurity_intrusion_data.csv,0,1,0.01,0.0,9.33,0,0,UDP,0,0.0,1.0,0.1993,LOW,0
Tawang Sector,27.6,91.9,Arunachal Sector,cybersecurity_intrusion_data.csv,1,1,0.01,0.0,8.67,0,0,TCP,0,0.0,1.0,0.171,LOW,0
Depsang Plains,35.1,77.8,Ladakh LAC,cybersecurity_intrusion_data.csv,0,1,0.02,0.0,11.33,0,1,TCP,0,0.0,1.0,0.2485,LOW,0
Nathula Pass,27.4,88.8,Sikkim Ridge,cybersecurity_intrusion_data.csv,0,1,0.0,0.0,11.33,0,1,TCP,0,0.0,1.0,0.2421,LOW,0
Mizoram Border,22.7,92.7,Northeast Sector,cybersecurity_intrusion_data.csv,0,1,0.01,0.0,8.67,0,0,UDP,0,0.0,1.0,0.2807,LOW,0
Galwan Valley,34.4,73.6,J&K LoC,cybersecurity_intrusion_data.csv,0,1,0.01,0.0,8.67,0,0,ICMP,0,0.0,1.0,0.576,HIGH,0
Rann of Kutch,23.9,70.0,Gujarat Coast,cybersecurity_intrusion_data.csv,0,1,0.01,0.0,8.0,0,0,TCP,0,0.0,1.0,0.5115,MEDIUM,0
Lipulekh Pass,30.2,80.3,Uttarakhand Pass,cybersecurity_intrusion_data.csv,0,1,0.03,0.0,10.0,0,1,TCP,0,0.0,1.0,0.2083,LOW,0
Barmer Sector,25.7,71.4,Rajasthan Border,cybersecurity_intrusion_data.csv,0,1,0.02,0.0,9.33,0,0,UDP,0,0.0,1.0,0.3676,MEDIUM,0
Galwan Valley,34.4,73.6,J&K LoC,cybersecurity_intrusion_data.csv,0,1,0.01,0.0,8.67,0,0,TCP,0,0.0,1.0,0.1448,LOW,0
Pir Panjal Range,33.5,74.2,J&K LoC,cybersecurity_intrusion_data.csv,0,1,0.01,0.0,8.67,0,0,UDP,0,0.0,1.0,0.5157,MEDIUM,0
Depsang Plains,35.1,77.8,Ladakh LAC,cybersecurity_intrusion_data.csv,0,1,0.01,0.0,8.67,0,0,TCP,0,0.0,1.0,0.1825,LOW,0
Pir Panjal Range,33.5,74.2,J&K LoC,cybersecurity_intrusion_data.csv,1,1,0.01,0.0,10.0,0,1,TCP,0,0.0,1.0,0.5558,HIGH,0
Wagah Border,31.6,74.6,Punjab Sector,cybersecurity_intrusion_data.csv,1,1,0.02,0.0,8.0,0,0,ICMP,0,0.0,1.0,0.2258,LOW,0
Anjaw District,28.1,96.3,Arunachal Sector,cybersecurity_intrusion_data.csv,0,1,0.03,0.0,8.0,0,1,TCP,0,0.0,1.0,0.1986,LOW,0
Depsang Plains,35.1,77.8,Ladakh LAC,cybersecurity_intrusion_data.csv,0,1,0.03,0.0,9.33,0,1,TCP,0,0.0,1.0,0.1237,LOW,0
Wagah Border,31.6,74.6,Punjab Sector,cybersecurity_intrusion_data.csv,0,1,0.02,0.0,10.67,0,0,TCP,0,0.0,1.0,0.0756,LOW,0
Galwan Valley,34.4,73.6,J&K LoC,cybersecurity_intrusion_data.csv,0,1,0.01,0.0,8.0,0,0,UDP,0,0.0,1.0,0.2031,LOW,0
Wagah Border,31.6,74.6,Punjab Sector,cybersecurity_intrusion_data.csv,0,1,0.03,0.0,10.0,0,1,UDP,0,0.0,1.0,0.499,MEDIUM,0
Kutch Gulf,23.0,68.9,Gujarat Coast,cybersecurity_intrusion_data.csv,0,1,0.02,0.0,9.33,0,0,UDP,0,0.0,1.0,0.0884,LOW,0
Tawang Sector,27.6,91.9,Arunachal Sector,cybersecurity_intrusion_data.csv,1,1,0.02,0.0,9.33,0,0,TCP,0,0.0,1.0,0.4234,MEDIUM,0
Pangong Tso,33.7,78.9,Ladakh LAC,cybersecurity_intrusion_data.csv,0,1,0.01,0.0,8.0,0,0,TCP,0,0.0,1.0,0.5386,HIGH,0
Pangong Tso,33.7,78.9,Ladakh LAC,cybersecurity_intrusion_data.csv,0,1,0.02,0.0,9.33,0,1,UDP,0,0.0,1.0,0.6284,HIGH,0
Pangong Tso,33.7,78.9,Ladakh LAC,cybersecurity_intrusion_data.csv,0,1,0.01,0.0,11.33,0,1,UDP,0,0.0,1.0,0.3516,MEDIUM,0
Galwan Valley,34.4,73.6,J&K LoC,cybersecurity_intrusion_data.csv,0,1,0.01,0.0,8.67,0,0,UDP,0,0.0,1.0,0.3178,LOW,0
Pangong Tso,33.7,78.9,Ladakh LAC,cybersecurity_intrusion_data.csv,0,1,0.02,0.0,9.33,0,0,TCP,0,0.0,1.0,0.532,HIGH,0
Wagah Border,31.6,74.6,Punjab Sector,cybersecurity_intrusion_data.csv,0,1,0.0,0.0,9.33,0,1,TCP,0,0.0,1.0,0.7685,CRITICAL,0
Tawang Sector,27.6,91.9,Arunachal Sector,cybersecurity_intrusion_data.csv,0,1,0.0,0.0,8.67,0,0,TCP,0,0.0,1.0,0.1577,LOW,0
Kutch Gulf,23.0,68.9,Gujarat Coast,cybersecurity_intrusion_data.csv,0,1,0.0,0.0,9.33,0,1,UDP,0,0.0,1.0,0.1089,LOW,0
Rann of Kutch,23.9,70.0,Gujarat Coast,cybersecurity_intrusion_data.csv,0,1,0.0,0.0,9.33,0,0,TCP,0,0.0,1.0,0.1589,LOW,0
Kutch Gulf,23.0,68.9,Gujarat Coast,cybersecurity_intrusion_data.csv,0,1,0.01,0.0,7.33,0,0,TCP,0,0.0,1.0,0.2339,LOW,0
Lipulekh Pass,30.2,80.3,Uttarakhand Pass,cybersecurity_intrusion_data.csv,0,1,0.02,0.0,8.67,0,0,TCP,0,0.0,1.0,0.15,LOW,0
Tawang Sector,27.6,91.9,Arunachal Sector,cybersecurity_intrusion_data.csv,0,1,0.01,0.0,9.33,0,0,TCP,0,0.0,1.0,0.3512,MEDIUM,0
Pir Panjal Range,33.5,74.2,J&K LoC,cybersecurity_intrusion_data.csv,0,1,0.01,0.0,8.67,0,0,UDP,0,0.0,1.0,0.3692,MEDIUM,0
Pangong Tso,33.7,78.9,Ladakh LAC,cybersecurity_intrusion_data.csv,0,1,0.01,0.0,9.33,0,0,TCP,0,0.0,1.0,0.1771,LOW,0
Doklam Plateau,27.3,89.1,Sikkim Ridge,cybersecurity_intrusion_data.csv,0,1,0.02,0.0,12.67,0,1,TCP,0,0.0,1.0,0.2664,LOW,0
Doklam Plateau,27.3,89.1,Sikkim Ridge,cybersecurity_intrusion_data.csv,0,1,0.02,0.0,10.67,0,1,UDP,0,0.0,1.0,0.1276,LOW,0
Kutch Gulf,23.0,68.9,Gujarat Coast,cybersecurity_intrusion_data.csv,0,1,0.0,0.0,8.67,0,0,UDP,0,0.0,1.0,0.5619,HIGH,0
Lipulekh Pass,30.2,80.3,Uttarakhand Pass,cybersecurity_intrusion_data.csv,0,1,0.02,0.0,10.0,0,0,TCP,0,0.0,1.0,0.4048,MEDIUM,0
Kutch Gulf,23.0,68.9,Gujarat Coast,cybersecurity_intrusion_data.csv,0,1,0.01,0.0,8.67,0,1,UDP,0,0.0,1.0,0.7009,HIGH,0
Pir Panjal Range,33.5,74.2,J&K LoC,cybersecurity_intrusion_data.csv,0,1,0.02,0.0,13.33,0,1,TCP,0,0.0,1.0,0.1108,LOW,0
Anjaw District,28.1,96.3,Arunachal Sector,cybersecurity_intrusion_data.csv,0,1,0.02,0.0,8.67,0,0,UDP,0,0.0,1.0,0.1261,LOW,0
Pir Panjal Range,33.5,74.2,J&K LoC,cybersecurity_intrusion_data.csv,0,1,0.02,0.0,8.67,0,0,UDP,0,0.0,1.0,0.4759,MEDIUM,0
Siachen Glacier,35.5,76.9,Ladakh LAC,cybersecurity_intrusion_data.csv,0,1,0.0,0.0,8.0,0,0,TCP,0,0.0,1.0,0.3285,MEDIUM,0
Pir Panjal Range,33.5,74.2,J&K LoC,cybersecurity_intrusion_data.csv,0,1,0.03,0.0,8.0,0,1,TCP,0,0.0,1.0,0.4872,MEDIUM,0
Siachen Glacier,35.5,76.9,Ladakh LAC,cybersecurity_intrusion_data.csv,0,1,0.02,0.0,10.67,0,0,TCP,0,0.0,1.0,0.1144,LOW,0
Rann of Kutch,23.9,70.0,Gujarat Coast,cybersecurity_intrusion_data.csv,0,1,0.01,0.0,10.0,0,0,TCP,0,0.0,1.0,0.0114,LOW,0
Anjaw District,28.1,96.3,Arunachal Sector,cybersecurity_intrusion_data.csv,0,1,0.05,0.0,8.0,0,1,UDP,0,0.0,1.0,0.2244,LOW,0
Mizoram Border,22.7,92.7,Northeast Sector,cybersecurity_intrusion_data.csv,1,1,0.01,0.0,9.33,0,0,TCP,0,0.0,1.0,0.337,MEDIUM,0
Galwan Valley,34.4,73.6,J&K LoC,cybersecurity_intrusion_data.csv,0,1,0.02,0.0,7.33,0,0,TCP,0,0.0,1.0,0.536,HIGH,0
Doklam Plateau,27.3,89.1,Sikkim Ridge,cybersecurity_intrusion_data.csv,0,1,0.03,0.0,8.67,0,1,TCP,0,0.0,1.0,0.062,LOW,0
Pir Panjal Range,33.5,74.2,J&K LoC,cybersecurity_intrusion_data.csv,0,1,0.03,0.0,8.0,0,1,UDP,0,0.0,1.0,0.2833,LOW,0
Depsang Plains,35.1,77.8,Ladakh LAC,cybersecurity_intrusion_data.csv,0,1,0.03,0.0,10.0,0,1,TCP,0,0.0,1.0,0.3532,MEDIUM,0
Pangong Tso,33.7,78.9,Ladakh LAC,cybersecurity_intrusion_data.csv,1,1,0.01,0.0,10.0,0,1,TCP,0,0.0,1.0,0.3958,MEDIUM,0
Galwan Valley,34.4,73.6,J&K LoC,cybersecurity_intrusion_data.csv,0,1,0.01,0.0,9.33,0,1,TCP,0,0.0,1.0,0.6285,HIGH,0
Tawang Sector,27.6,91.9,Arunachal Sector,cybersecurity_intrusion_data.csv,1,1,0.01,0.0,9.33,0,0,TCP,0,0.0,1.0,0.356,MEDIUM,0
Anjaw District,28.1,96.3,Arunachal Sector,cybersecurity_intrusion_data.csv,0,1,0.0,0.0,10.67,0,1,UDP,0,0.0,1.0,0.6687,HIGH,0
Wagah Border,31.6,74.6,Punjab Sector,cybersecurity_intrusion_data.csv,0,1,0.0,0.0,9.33,0,0,TCP,0,0.0,1.0,0.3088,LOW,0
Pangong Tso,33.7,78.9,Ladakh LAC,cybersecurity_intrusion_data.csv,0,1,0.03,0.0,10.0,0,1,UDP,0,0.0,1.0,0.3034,LOW,0
Siachen Glacier,35.5,76.9,Ladakh LAC,cybersecurity_intrusion_data.csv,0,1,0.02,0.0,12.0,0,1,TCP,0,0.0,1.0,0.0491,LOW,0
Siachen Glacier,35.5,76.9,Ladakh LAC,cybersecurity_intrusion_data.csv,0,1,0.0,0.0,11.33,0,1,UDP,0,0.0,1.0,0.5826,HIGH,0
Mizoram Border,22.7,92.7,Northeast Sector,cybersecurity_intrusion_data.csv,0,1,0.01,0.0,8.67,0,1,TCP,0,0.0,1.0,0.2332,LOW,0
Mizoram Border,22.7,92.7,Northeast Sector,cybersecurity_intrusion_data.csv,0,1,0.01,0.0,8.67,0,0,TCP,0,0.0,1.0,0.1776,LOW,0
Pangong Tso,33.7,78.9,Ladakh LAC,cybersecurity_intrusion_data.csv,0,1,0.04,0.0,8.0,0,1,TCP,0,0.0,1.0,0.5253,HIGH,0
Siachen Glacier,35.5,76.9,Ladakh LAC,cybersecurity_intrusion_data.csv,0,1,0.02,0.0,8.0,0,1,TCP,0,0.0,1.0,0.4227,MEDIUM,0
Depsang Plains,35.1,77.8,Ladakh LAC,cybersecurity_intrusion_data.csv,0,1,0.0,0.0,8.67,0,1,TCP,0,0.0,1.0,0.6735,HIGH,0
Mizoram Border,22.7,92.7,Northeast Sector,cybersecurity_intrusion_data.csv,0,1,0.02,0.0,10.67,0,0,TCP,0,0.0,1.0,0.1285,LOW,0
Barmer Sector,25.7,71.4,Rajasthan Border,cybersecurity_intrusion_data.csv,0,1,0.01,0.0,10.0,0,0,TCP,0,0.0,1.0,0.1943,LOW,0
Kutch Gulf,23.0,68.9,Gujarat Coast,cybersecurity_intrusion_data.csv,0,1,0.02,0.0,10.67,0,0,TCP,0,0.0,1.0,0.4553,MEDIUM,0
Tawang Sector,27.6,91.9,Arunachal Sector,train_test_network.csv,12,0,1.0,0.0,6.67,0,0,PASSWORD,0,0.0,1.0,1.0,CRITICAL,0
Wagah Border,31.6,74.6,Punjab Sector,train_test_network.csv,12,0,1.0,0.0,6.67,0,0,INJECTION,0,0.0,1.0,1.0,CRITICAL,0
Depsang Plains,35.1,77.8,Ladakh LAC,train_test_network.csv,12,0,0.0,0.0,6.67,0,0,BACKDOOR,0,0.0,1.0,1.0,CRITICAL,0
Barmer Sector,25.7,71.4,Rajasthan Border,train_test_network.csv,12,0,0.0,0.0,6.67,0,0,XSS,0,0.0,1.0,1.0,CRITICAL,0
Lipulekh Pass,30.2,80.3,Uttarakhand Pass,train_test_network.csv,12,0,1.0,0.0,6.67,0,0,INJECTION,0,0.0,1.0,1.0,CRITICAL,0
Tawang Sector,27.6,91.9,Arunachal Sector,train_test_network.csv,12,0,0.0,0.0,6.67,0,0,BACKDOOR,0,0.0,1.0,1.0,CRITICAL,0
Barmer Sector,25.7,71.4,Rajasthan Border,train_test_network.csv,12,0,1.0,0.0,6.67,0,0,NORMAL,0,0.0,1.0,0.0,LOW,0
Wagah Border,31.6,74.6,Punjab Sector,train_test_network.csv,12,0,0.0,0.0,6.67,0,0,BACKDOOR,0,0.0,1.0,1.0,CRITICAL,0
Doklam Plateau,27.3,89.1,Sikkim Ridge,train_test_network.csv,12,0,0.0,0.0,6.67,0,0,DDOS,0,0.0,1.0,1.0,CRITICAL,0
Siachen Glacier,35.5,76.9,Ladakh LAC,train_test_network.csv,12,0,1.0,0.0,6.67,0,0,INJECTION,0,0.0,1.0,1.0,CRITICAL,0
Depsang Plains,35.1,77.8,Ladakh LAC,train_test_network.csv,12,0,0.0,0.0,6.67,0,0,DOS,0,0.0,1.0,1.0,CRITICAL,0
Mizoram Border,22.7,92.7,Northeast Sector,train_test_network.csv,12,0,0.0,0.0,6.67,0,0,PASSWORD,0,0.0,1.0,1.0,CRITICAL,0
Tawang Sector,27.6,91.9,Arunachal Sector,train_test_network.csv,12,0,0.41,0.0,6.67,0,0,NORMAL,0,0.0,1.0,0.0,LOW,0
Tawang Sector,27.6,91.9,Arunachal Sector,train_test_network.csv,12,0,0.0,0.0,6.67,0,0,PASSWORD,0,0.0,1.0,1.0,CRITICAL,0
Barmer Sector,25.7,71.4,Rajasthan Border,train_test_network.csv,12,0,0.0,0.0,6.67,0,0,BACKDOOR,0,0.0,1.0,1.0,CRITICAL,0
Pangong Tso,33.7,78.9,Ladakh LAC,train_test_network.csv,12,0,0.0,0.0,6.67,0,0,DDOS,0,0.0,1.0,1.0,CRITICAL,0
Anjaw District,28.1,96.3,Arunachal Sector,train_test_network.csv,12,0,1.0,0.0,6.67,0,0,INJECTION,0,0.0,1.0,1.0,CRITICAL,0
Barmer Sector,25.7,71.4,Rajasthan Border,train_test_network.csv,12,0,1.0,0.0,6.67,0,0,PASSWORD,0,0.0,1.0,1.0,CRITICAL,0
Lipulekh Pass,30.2,80.3,Uttarakhand Pass,train_test_network.csv,12,0,1.0,0.0,6.67,0,0,DDOS,0,0.0,1.0,1.0,CRITICAL,0
Wagah Border,31.6,74.6,Punjab Sector,train_test_network.csv,12,0,1.0,0.0,6.67,0,0,PASSWORD,0,0.0,1.0,1.0,CRITICAL,0
Depsang Plains,35.1,77.8,Ladakh LAC,train_test_network.csv,12,0,0.0,0.0,6.67,0,0,PASSWORD,0,0.0,1.0,1.0,CRITICAL,0
Doklam Plateau,27.3,89.1,Sikkim Ridge,train_test_network.csv,12,0,0.0,0.0,6.67,0,0,XSS,0,0.0,1.0,1.0,CRITICAL,0
Nathula Pass,27.4,88.8,Sikkim Ridge,train_test_network.csv,12,0,0.0,0.0,6.67,0,0,NORMAL,0,0.0,1.0,0.0,LOW,0
Wagah Border,31.6,74.6,Punjab Sector,train_test_network.csv,12,0,0.0,0.0,6.67,0,0,BACKDOOR,0,0.0,1.0,1.0,CRITICAL,0
Siachen Glacier,35.5,76.9,Ladakh LAC,train_test_network.csv,12,0,1.0,0.0,6.67,0,0,PASSWORD,0,0.0,1.0,1.0,CRITICAL,0
Siachen Glacier,35.5,76.9,Ladakh LAC,train_test_network.csv,12,0,1.0,0.0,6.67,0,0,PASSWORD,0,0.0,1.0,1.0,CRITICAL,0
Kutch Gulf,23.0,68.9,Gujarat Coast,train_test_network.csv,12,0,0.0,0.0,6.67,0,0,DOS,0,0.0,1.0,1.0,CRITICAL,0
Barmer Sector,25.7,71.4,Rajasthan Border,train_test_network.csv,12,0,0.0,0.0,6.67,0,0,NORMAL,0,0.0,1.0,0.0,LOW,0
Rann of Kutch,23.9,70.0,Gujarat Coast,train_test_network.csv,12,0,0.0,0.0,6.67,0,0,XSS,0,0.0,1.0,1.0,CRITICAL,0
Tawang Sector,27.6,91.9,Arunachal Sector,train_test_network.csv,12,0,0.0,0.0,6.67,0,0,SCANNING,0,0.0,1.0,1.0,CRITICAL,0
Mizoram Border,22.7,92.7,Northeast Sector,train_test_network.csv,12,0,0.0,0.0,6.67,0,0,DOS,0,0.0,1.0,1.0,CRITICAL,0
Tawang Sector,27.6,91.9,Arunachal Sector,train_test_network.csv,12,0,0.0,0.0,6.67,0,0,RANSOMWARE,0,0.0,1.0,1.0,CRITICAL,0
Wagah Border,31.6,74.6,Punjab Sector,train_test_network.csv,12,0,0.0,0.0,6.67,0,0,SCANNING,0,0.0,1.0,1.0,CRITICAL,0
Siachen Glacier,35.5,76.9,Ladakh LAC,train_test_network.csv,12,0,0.0,0.0,6.67,0,0,NORMAL,0,0.0,1.0,0.0,LOW,0
Pir Panjal Range,33.5,74.2,J&K LoC,train_test_network.csv,12,0,0.0,0.0,6.67,0,0,NORMAL,0,0.0,1.0,0.0,LOW,0
Tawang Sector,27.6,91.9,Arunachal Sector,train_test_network.csv,12,0,0.0,0.0,6.67,0,0,DOS,0,0.0,1.0,1.0,CRITICAL,0
Rann of Kutch,23.9,70.0,Gujarat Coast,train_test_network.csv,12,0,0.0,0.0,6.67,0,0,NORMAL,0,0.0,1.0,0.0,LOW,0
Tawang Sector,27.6,91.9,Arunachal Sector,train_test_network.csv,12,0,1.0,0.0,6.67,0,0,XSS,0,0.0,1.0,1.0,CRITICAL,0
Kutch Gulf,23.0,68.9,Gujarat Coast,train_test_network.csv,12,0,0.0,0.0,6.67,0,0,RANSOMWARE,0,0.0,1.0,1.0,CRITICAL,0
Doklam Plateau,27.3,89.1,Sikkim Ridge,train_test_network.csv,12,0,0.0,0.0,6.67,0,0,NORMAL,0,0.0,1.0,0.0,LOW,0
Depsang Plains,35.1,77.8,Ladakh LAC,train_test_network.csv,12,0,0.48,0.0,6.67,0,0,NORMAL,0,0.0,1.0,0.0,LOW,0
Siachen Glacier,35.5,76.9,Ladakh LAC,train_test_network.csv,12,0,1.0,0.0,6.67,0,0,INJECTION,0,0.0,1.0,1.0,CRITICAL,0
Barmer Sector,25.7,71.4,Rajasthan Border,train_test_network.csv,12,0,0.0,0.0,6.67,0,0,NORMAL,0,0.0,1.0,0.0,LOW,0
Siachen Glacier,35.5,76.9,Ladakh LAC,train_test_network.csv,12,0,0.0,0.0,6.67,0,0,RANSOMWARE,0,0.0,1.0,1.0,CRITICAL,0
Tawang Sector,27.6,91.9,Arunachal Sector,train_test_network.csv,12,0,0.0,0.0,6.67,0,0,BACKDOOR,0,0.0,1.0,1.0,CRITICAL,0
Lipulekh Pass,30.2,80.3,Uttarakhand Pass,train_test_network.csv,12,0,1.0,0.0,6.67,0,0,DDOS,0,0.0,1.0,1.0,CRITICAL,0
Pangong Tso,33.7,78.9,Ladakh LAC,train_test_network.csv,12,0,0.0,0.0,6.67,0,0,DOS,0,0.0,1.0,1.0,CRITICAL,0
Galwan Valley,34.4,73.6,J&K LoC,train_test_network.csv,12,0,0.0,0.0,6.67,0,0,NORMAL,0,0.0,1.0,0.0,LOW,0
Wagah Border,31.6,74.6,Punjab Sector,train_test_network.csv,12,0,1.0,0.0,6.67,0,0,PASSWORD,0,0.0,1.0,1.0,CRITICAL,0
Barmer Sector,25.7,71.4,Rajasthan Border,train_test_network.csv,12,0,1.0,0.0,6.67,0,0,PASSWORD,0,0.0,1.0,1.0,CRITICAL,0
Barmer Sector,25.7,71.4,Rajasthan Border,train_test_network.csv,12,0,0.0,0.0,6.67,0,0,DOS,0,0.0,1.0,1.0,CRITICAL,0
Mizoram Border,22.7,92.7,Northeast Sector,train_test_network.csv,12,0,0.0,0.0,6.67,0,0,RANSOMWARE,0,0.0,1.0,1.0,CRITICAL,0
Galwan Valley,34.4,73.6,J&K LoC,train_test_network.csv,12,0,0.31,0.0,6.67,0,0,NORMAL,0,0.0,1.0,0.0,LOW,0
Doklam Plateau,27.3,89.1,Sikkim Ridge,train_test_network.csv,12,0,0.0,0.0,6.67,0,0,NORMAL,0,0.0,1.0,0.0,LOW,0
Pangong Tso,33.7,78.9,Ladakh LAC,train_test_network.csv,12,0,1.0,0.0,6.67,0,0,NORMAL,0,0.0,1.0,0.0,LOW,0
Pir Panjal Range,33.5,74.2,J&K LoC,train_test_network.csv,12,0,1.0,0.0,6.67,0,0,PASSWORD,0,0.0,1.0,1.0,CRITICAL,0
Lipulekh Pass,30.2,80.3,Uttarakhand Pass,train_test_network.csv,12,0,1.0,0.0,6.67,0,0,PASSWORD,0,0.0,1.0,1.0,CRITICAL,0
Galwan Valley,34.4,73.6,J&K LoC,train_test_network.csv,12,0,0.0,0.0,6.67,0,0,RANSOMWARE,0,0.0,1.0,1.0,CRITICAL,0
Barmer Sector,25.7,71.4,Rajasthan Border,train_test_network.csv,12,0,0.0,0.0,6.67,0,0,DOS,0,0.0,1.0,1.0,CRITICAL,0
Depsang Plains,35.1,77.8,Ladakh LAC,train_test_network.csv,12,0,0.0,0.0,6.67,0,0,SCANNING,0,0.0,1.0,1.0,CRITICAL,0
Tawang Sector,27.6,91.9,Arunachal Sector,train_test_network.csv,12,0,0.0,0.0,6.67,0,0,SCANNING,0,0.0,1.0,1.0,CRITICAL,0
Barmer Sector,25.7,71.4,Rajasthan Border,train_test_network.csv,12,0,0.0,0.0,6.67,0,0,BACKDOOR,0,0.0,1.0,1.0,CRITICAL,0
Nathula Pass,27.4,88.8,Sikkim Ridge,train_test_network.csv,12,0,0.0,0.0,6.67,0,0,RANSOMWARE,0,0.0,1.0,1.0,CRITICAL,0
Kutch Gulf,23.0,68.9,Gujarat Coast,train_test_network.csv,12,0,0.0,0.0,6.67,0,0,PASSWORD,0,0.0,1.0,1.0,CRITICAL,0
Lipulekh Pass,30.2,80.3,Uttarakhand Pass,train_test_network.csv,12,0,0.0,0.0,6.67,0,0,NORMAL,0,0.0,1.0,0.0,LOW,0
Rann of Kutch,23.9,70.0,Gujarat Coast,train_test_network.csv,12,0,0.0,0.0,6.67,0,0,BACKDOOR,0,0.0,1.0,1.0,CRITICAL,0
Lipulekh Pass,30.2,80.3,Uttarakhand Pass,train_test_network.csv,12,0,0.0,0.0,6.67,0,0,BACKDOOR,0,0.0,1.0,1.0,CRITICAL,0
Depsang Plains,35.1,77.8,Ladakh LAC,train_test_network.csv,12,0,1.0,0.0,6.67,0,0,INJECTION,0,0.0,1.0,1.0,CRITICAL,0
Galwan Valley,34.4,73.6,J&K LoC,train_test_network.csv,12,0,0.54,0.0,6.67,0,0,DDOS,0,0.0,1.0,1.0,CRITICAL,0
Kutch Gulf,23.0,68.9,Gujarat Coast,train_test_network.csv,12,0,0.0,0.0,6.67,0,0,MITM,0,0.0,1.0,1.0,CRITICAL,0
Depsang Plains,35.1,77.8,Ladakh LAC,train_test_network.csv,12,0,0.0,0.0,6.67,0,0,BACKDOOR,0,0.0,1.0,1.0,CRITICAL,0
Anjaw District,28.1,96.3,Arunachal Sector,train_test_network.csv,12,0,0.0,0.0,6.67,0,0,RANSOMWARE,0,0.0,1.0,1.0,CRITICAL,0
Depsang Plains,35.1,77.8,Ladakh LAC,train_test_network.csv,12,0,0.0,0.0,6.67,0,0,SCANNING,0,0.0,1.0,1.0,CRITICAL,0
Tawang Sector,27.6,91.9,Arunachal Sector,train_test_network.csv,12,0,0.0,0.0,6.67,0,0,DDOS,0,0.0,1.0,1.0,CRITICAL,0
Lipulekh Pass,30.2,80.3,Uttarakhand Pass,train_test_network.csv,12,0,0.0,0.0,6.67,0,0,NORMAL,0,0.0,1.0,0.0,LOW,0
Siachen Glacier,35.5,76.9,Ladakh LAC,train_test_network.csv,12,0,0.0,0.0,6.67,0,0,NORMAL,0,0.0,1.0,0.0,LOW,0
Doklam Plateau,27.3,89.1,Sikkim Ridge,train_test_network.csv,12,0,0.0,0.0,6.67,0,0,SCANNING,0,0.0,1.0,1.0,CRITICAL,0
Mizoram Border,22.7,92.7,Northeast Sector,train_test_network.csv,12,0,0.0,0.0,6.67,0,0,RANSOMWARE,0,0.0,1.0,1.0,CRITICAL,0
Galwan Valley,34.4,73.6,J&K LoC,train_test_network.csv,12,0,0.0,0.0,6.67,0,0,RANSOMWARE,0,0.0,1.0,1.0,CRITICAL,0
Depsang Plains,35.1,77.8,Ladakh LAC,train_test_network.csv,12,0,0.0,0.0,6.67,0,0,NORMAL,0,0.0,1.0,0.0,LOW,0
Tawang Sector,27.6,91.9,Arunachal Sector,train_test_network.csv,12,0,0.0,0.0,6.67,0,0,XSS,0,0.0,1.0,1.0,CRITICAL,0
Rann of Kutch,23.9,70.0,Gujarat Coast,train_test_network.csv,12,0,0.0,0.0,6.67,0,0,DOS,0,0.0,1.0,1.0,CRITICAL,0
Doklam Plateau,27.3,89.1,Sikkim Ridge,train_test_network.csv,12,0,1.0,0.0,6.67,0,0,PASSWORD,0,0.0,1.0,1.0,CRITICAL,0
Wagah Border,31.6,74.6,Punjab Sector,train_test_network.csv,12,0,0.0,0.0,6.67,0,0,XSS,0,0.0,1.0,1.0,CRITICAL,0
Depsang Plains,35.1,77.8,Ladakh LAC,train_test_network.csv,12,0,0.0,0.0,6.67,0,0,DOS,0,0.0,1.0,1.0,CRITICAL,0
Kutch Gulf,23.0,68.9,Gujarat Coast,train_test_network.csv,12,0,0.31,0.0,6.67,0,0,NORMAL,0,0.0,1.0,0.0,LOW,0
Galwan Valley,34.4,73.6,J&K LoC,train_test_network.csv,12,0,0.0,0.0,6.67,0,0,XSS,0,0.0,1.0,1.0,CRITICAL,0
Barmer Sector,25.7,71.4,Rajasthan Border,train_test_network.csv,12,0,0.0,0.0,6.67,0,0,XSS,0,0.0,1.0,1.0,CRITICAL,0
Siachen Glacier,35.5,76.9,Ladakh LAC,train_test_network.csv,12,0,0.0,0.0,6.67,0,0,NORMAL,0,0.0,1.0,0.0,LOW,0
Rann of Kutch,23.9,70.0,Gujarat Coast,train_test_network.csv,12,0,0.0,0.0,6.67,0,0,BACKDOOR,0,0.0,1.0,1.0,CRITICAL,0
Tawang Sector,27.6,91.9,Arunachal Sector,train_test_network.csv,12,0,0.0,0.0,6.67,0,0,DOS,0,0.0,1.0,1.0,CRITICAL,0
Siachen Glacier,35.5,76.9,Ladakh LAC,train_test_network.csv,12,0,0.0,0.0,6.67,0,0,RANSOMWARE,0,0.0,1.0,1.0,CRITICAL,0
Anjaw District,28.1,96.3,Arunachal Sector,train_test_network.csv,12,0,1.0,0.0,6.67,0,0,XSS,0,0.0,1.0,1.0,CRITICAL,0
Depsang Plains,35.1,77.8,Ladakh LAC,train_test_network.csv,12,0,0.0,0.0,6.67,0,0,DDOS,0,0.0,1.0,1.0,CRITICAL,0
Siachen Glacier,35.5,76.9,Ladakh LAC,train_test_network.csv,12,0,0.66,0.0,6.67,0,0,NORMAL,0,0.0,1.0,0.0,LOW,0
Lipulekh Pass,30.2,80.3,Uttarakhand Pass,train_test_network.csv,12,0,0.0,0.0,6.67,0,0,SCANNING,0,0.0,1.0,1.0,CRITICAL,0
Tawang Sector,27.6,91.9,Arunachal Sector,train_test_network.csv,12,0,0.0,0.0,6.67,0,0,RANSOMWARE,0,0.0,1.0,1.0,CRITICAL,0
Anjaw District,28.1,96.3,Arunachal Sector,train_test_network.csv,12,0,0.0,0.0,6.67,0,0,BACKDOOR,0,0.0,1.0,1.0,CRITICAL,0
Rann of Kutch,23.9,70.0,Gujarat Coast,train_test_network.csv,12,0,1.0,0.0,6.67,0,0,XSS,0,0.0,1.0,1.0,CRITICAL,0
Galwan Valley,34.4,73.6,J&K LoC,train_test_network.csv,12,0,0.0,0.0,6.67,0,0,RANSOMWARE,0,0.0,1.0,1.0,CRITICAL,0
Anjaw District,28.1,96.3,Arunachal Sector,train_test_network.csv,12,0,0.0,0.0,6.67,0,0,NORMAL,0,0.0,1.0,0.0,LOW,0
Siachen Glacier,35.5,76.9,Ladakh LAC,train_test_network.csv,12,0,0.0,0.0,6.67,0,0,BACKDOOR,0,0.0,1.0,1.0,CRITICAL,0
Nathula Pass,27.4,88.8,Sikkim Ridge,train_test_network.csv,12,0,1.0,0.0,6.67,0,0,PASSWORD,0,0.0,1.0,1.0,CRITICAL,0
Tawang Sector,27.6,91.9,Arunachal Sector,train_test_network.csv,12,0,1.0,0.0,6.67,0,0,INJECTION,0,0.0,1.0,1.0,CRITICAL,0
Depsang Plains,35.1,77.8,Ladakh LAC,train_test_network.csv,12,0,1.0,0.0,6.67,0,0,PASSWORD,0,0.0,1.0,1.0,CRITICAL,0
Galwan Valley,34.4,73.6,J&K LoC,train_test_network.csv,12,0,0.58,0.0,6.67,0,0,DDOS,0,0.0,1.0,1.0,CRITICAL,0
Rann of Kutch,23.9,70.0,Gujarat Coast,train_test_network.csv,12,0,0.0,0.0,6.67,0,0,PASSWORD,0,0.0,1.0,1.0,CRITICAL,0
Depsang Plains,35.1,77.8,Ladakh LAC,train_test_network.csv,12,0,1.0,0.0,6.67,0,0,PASSWORD,0,0.0,1.0,1.0,CRITICAL,0
Kutch Gulf,23.0,68.9,Gujarat Coast,train_test_network.csv,12,0,0.0,0.0,6.67,0,0,DOS,0,0.0,1.0,1.0,CRITICAL,0
Pir Panjal Range,33.5,74.2,J&K LoC,train_test_network.csv,12,0,1.0,0.0,6.67,0,0,XSS,0,0.0,1.0,1.0,CRITICAL,0
Doklam Plateau,27.3,89.1,Sikkim Ridge,train_test_network.csv,12,0,0.0,0.0,6.67,0,0,PASSWORD,0,0.0,1.0,1.0,CRITICAL,0
Tawang Sector,27.6,91.9,Arunachal Sector,train_test_network.csv,12,0,0.0,0.0,6.67,0,0,NORMAL,0,0.0,1.0,0.0,LOW,0
Kutch Gulf,23.0,68.9,Gujarat Coast,train_test_network.csv,12,0,0.0,0.0,6.67,0,0,RANSOMWARE,0,0.0,1.0,1.0,CRITICAL,0
Mizoram Border,22.7,92.7,Northeast Sector,train_test_network.csv,12,0,0.0,0.0,6.67,0,0,SCANNING,0,0.0,1.0,1.0,CRITICAL,0
Galwan Valley,34.4,73.6,J&K LoC,train_test_network.csv,12,0,1.0,0.0,6.67,0,0,NORMAL,0,0.0,1.0,0.0,LOW,0
Mizoram Border,22.7,92.7,Northeast Sector,train_test_network.csv,12,0,0.0,0.0,6.67,0,0,NORMAL,0,0.0,1.0,0.0,LOW,0
Mizoram Border,22.7,92.7,Northeast Sector,train_test_network.csv,12,0,0.0,0.0,6.67,0,0,RANSOMWARE,0,0.0,1.0,1.0,CRITICAL,0
Siachen Glacier,35.5,76.9,Ladakh LAC,train_test_network.csv,12,0,0.0,0.0,6.67,0,0,DDOS,0,0.0,1.0,1.0,CRITICAL,0
Depsang Plains,35.1,77.8,Ladakh LAC,train_test_network.csv,12,0,0.0,0.0,6.67,0,0,NORMAL,0,0.0,1.0,0.0,LOW,0
Barmer Sector,25.7,71.4,Rajasthan Border,train_test_network.csv,12,0,0.0,0.0,6.67,0,0,DDOS,0,0.0,1.0,1.0,CRITICAL,0
Galwan Valley,34.4,73.6,J&K LoC,train_test_network.csv,12,0,0.0,0.0,6.67,0,0,DDOS,0,0.0,1.0,1.0,CRITICAL,0
Wagah Border,31.6,74.6,Punjab Sector,train_test_network.csv,12,0,0.0,0.0,6.67,0,0,NORMAL,0,0.0,1.0,0.0,LOW,0
Depsang Plains,35.1,77.8,Ladakh LAC,train_test_network.csv,12,0,0.0,0.0,6.67,0,0,NORMAL,0,0.0,1.0,0.0,LOW,0
Barmer Sector,25.7,71.4,Rajasthan Border,train_test_network.csv,12,0,1.0,0.0,6.67,0,0,INJECTION,0,0.0,1.0,1.0,CRITICAL,0
Pangong Tso,33.7,78.9,Ladakh LAC,train_test_network.csv,12,0,1.0,0.0,6.67,0,0,PASSWORD,0,0.0,1.0,1.0,CRITICAL,0
Galwan Valley,34.4,73.6,J&K LoC,train_test_network.csv,12,0,0.0,0.0,6.67,0,0,SCANNING,0,0.0,1.0,1.0,CRITICAL,0
Depsang Plains,35.1,77.8,Ladakh LAC,train_test_network.csv,12,0,0.0,0.0,6.67,0,0,NORMAL,0,0.0,1.0,0.0,LOW,0
Siachen Glacier,35.5,76.9,Ladakh LAC,train_test_network.csv,12,0,0.0,0.0,6.67,0,0,NORMAL,0,0.0,1.0,0.0,LOW,0
Lipulekh Pass,30.2,80.3,Uttarakhand Pass,train_test_network.csv,12,0,0.0,0.0,6.67,0,0,SCANNING,0,0.0,1.0,1.0,CRITICAL,0
Galwan Valley,34.4,73.6,J&K LoC,train_test_network.csv,12,0,0.0,0.0,6.67,0,0,RANSOMWARE,0,0.0,1.0,1.0,CRITICAL,0
Rann of Kutch,23.9,70.0,Gujarat Coast,train_test_network.csv,12,0,0.0,0.0,6.67,0,0,DDOS,0,0.0,1.0,1.0,CRITICAL,0
Wagah Border,31.6,74.6,Punjab Sector,train_test_network.csv,12,0,1.0,0.0,6.67,0,0,NORMAL,0,0.0,1.0,0.0,LOW,0
Tawang Sector,27.6,91.9,Arunachal Sector,train_test_network.csv,12,0,1.0,0.0,6.67,0,0,INJECTION,0,0.0,1.0,1.0,CRITICAL,0
Mizoram Border,22.7,92.7,Northeast Sector,train_test_network.csv,12,0,1.0,0.0,6.67,0,0,PASSWORD,0,0.0,1.0,1.0,CRITICAL,0
Wagah Border,31.6,74.6,Punjab Sector,train_test_network.csv,12,0,0.0,0.0,6.67,0,0,SCANNING,0,0.0,1.0,1.0,CRITICAL,0
Barmer Sector,25.7,71.4,Rajasthan Border,train_test_network.csv,12,0,0.52,0.0,6.67,0,0,DDOS,0,0.0,1.0,1.0,CRITICAL,0
Siachen Glacier,35.5,76.9,Ladakh LAC,train_test_network.csv,12,0,0.0,0.0,6.67,0,0,NORMAL,0,0.0,1.0,0.0,LOW,0
Barmer Sector,25.7,71.4,Rajasthan Border,train_test_network.csv,12,0,0.0,0.0,6.67,0,0,DOS,0,0.0,1.0,1.0,CRITICAL,0
Lipulekh Pass,30.2,80.3,Uttarakhand Pass,train_test_network.csv,12,0,0.0,0.0,6.67,0,0,DDOS,0,0.0,1.0,1.0,CRITICAL,0
Mizoram Border,22.7,92.7,Northeast Sector,train_test_network.csv,12,0,1.0,0.0,6.67,0,0,PASSWORD,0,0.0,1.0,1.0,CRITICAL,0
Nathula Pass,27.4,88.8,Sikkim Ridge,train_test_network.csv,12,0,0.0,0.0,6.67,0,0,SCANNING,0,0.0,1.0,1.0,CRITICAL,0
Barmer Sector,25.7,71.4,Rajasthan Border,train_test_network.csv,12,0,1.0,0.0,6.67,0,0,INJECTION,0,0.0,1.0,1.0,CRITICAL,0
Anjaw District,28.1,96.3,Arunachal Sector,train_test_network.csv,12,0,0.0,0.0,6.67,0,0,DDOS,0,0.0,1.0,1.0,CRITICAL,0
Depsang Plains,35.1,77.8,Ladakh LAC,train_test_network.csv,12,0,0.48,0.0,6.67,0,0,NORMAL,0,0.0,1.0,0.0,LOW,0
Galwan Valley,34.4,73.6,J&K LoC,train_test_network.csv,12,0,0.0,0.0,6.67,0,0,DOS,0,0.0,1.0,1.0,CRITICAL,0
Pir Panjal Range,33.5,74.2,J&K LoC,train_test_network.csv,12,0,0.0,0.0,6.67,0,0,SCANNING,0,0.0,1.0,1.0,CRITICAL,0
Kutch Gulf,23.0,68.9,Gujarat Coast,train_test_network.csv,12,0,1.0,0.0,6.67,0,0,PASSWORD,0,0.0,1.0,1.0,CRITICAL,0
Anjaw District,28.1,96.3,Arunachal Sector,train_test_network.csv,12,0,0.0,0.0,6.67,0,0,RANSOMWARE,0,0.0,1.0,1.0,CRITICAL,0
Barmer Sector,25.7,71.4,Rajasthan Border,train_test_network.csv,12,0,0.0,0.0,6.67,0,0,DDOS,0,0.0,1.0,1.0,CRITICAL,0
Depsang Plains,35.1,77.8,Ladakh LAC,train_test_network.csv,12,0,1.0,0.0,6.67,0,0,PASSWORD,0,0.0,1.0,1.0,CRITICAL,0
Depsang Plains,35.1,77.8,Ladakh LAC,train_test_network.csv,12,0,0.0,0.0,6.67,0,0,RANSOMWARE,0,0.0,1.0,1.0,CRITICAL,0
Nathula Pass,27.4,88.8,Sikkim Ridge,train_test_network.csv,12,0,0.0,0.0,6.67,0,0,NORMAL,0,0.0,1.0,0.0,LOW,0
Wagah Border,31.6,74.6,Punjab Sector,train_test_network.csv,12,0,1.0,0.0,6.67,0,0,PASSWORD,0,0.0,1.0,1.0,CRITICAL,0
Mizoram Border,22.7,92.7,Northeast Sector,train_test_network.csv,12,0,1.0,0.0,6.67,0,0,PASSWORD,0,0.0,1.0,1.0,CRITICAL,0
Kutch Gulf,23.0,68.9,Gujarat Coast,train_test_network.csv,12,0,0.0,0.0,6.67,0,0,DDOS,0,0.0,1.0,1.0,CRITICAL,0
Pangong Tso,33.7,78.9,Ladakh LAC,train_test_network.csv,12,0,1.0,0.0,6.67,0,0,PASSWORD,0,0.0,1.0,1.0,CRITICAL,0
Rann of Kutch,23.9,70.0,Gujarat Coast,train_test_network.csv,12,0,0.0,0.0,6.67,0,0,XSS,0,0.0,1.0,1.0,CRITICAL,0
Nathula Pass,27.4,88.8,Sikkim Ridge,train_test_network.csv,12,0,0.0,0.0,6.67,0,0,SCANNING,0,0.0,1.0,1.0,CRITICAL,0
Rann of Kutch,23.9,70.0,Gujarat Coast,train_test_network.csv,12,0,0.0,0.0,6.67,0,0,DOS,0,0.0,1.0,1.0,CRITICAL,0
Siachen Glacier,35.5,76.9,Ladakh LAC,train_test_network.csv,12,0,0.0,0.0,6.67,0,0,NORMAL,0,0.0,1.0,0.0,LOW,0
Depsang Plains,35.1,77.8,Ladakh LAC,train_test_network.csv,12,0,1.0,0.0,6.67,0,0,NORMAL,0,0.0,1.0,0.0,LOW,0
Depsang Plains,35.1,77.8,Ladakh LAC,train_test_network.csv,12,0,0.35,0.0,6.67,0,0,NORMAL,0,0.0,1.0,0.0,LOW,0
Mizoram Border,22.7,92.7,Northeast Sector,train_test_network.csv,12,0,1.0,0.0,6.67,0,0,DDOS,0,0.0,1.0,1.0,CRITICAL,0
Galwan Valley,34.4,73.6,J&K LoC,train_test_network.csv,12,0,1.0,0.0,6.67,0,0,INJECTION,0,0.0,1.0,1.0,CRITICAL,0
Mizoram Border,22.7,92.7,Northeast Sector,train_test_network.csv,12,0,0.43,0.0,6.67,0,0,DDOS,0,0.0,1.0,1.0,CRITICAL,0
Barmer Sector,25.7,71.4,Rajasthan Border,train_test_network.csv,12,0,0.0,0.0,6.67,0,0,PASSWORD,0,0.0,1.0,1.0,CRITICAL,0
Siachen Glacier,35.5,76.9,Ladakh LAC,train_test_network.csv,12,0,1.0,0.0,6.67,0,0,PASSWORD,0,0.0,1.0,1.0,CRITICAL,0
Rann of Kutch,23.9,70.0,Gujarat Coast,train_test_network.csv,12,0,0.0,0.0,6.67,0,0,DOS,0,0.0,1.0,1.0,CRITICAL,0
Siachen Glacier,35.5,76.9,Ladakh LAC,train_test_network.csv,12,0,0.0,0.0,6.67,0,0,SCANNING,0,0.0,1.0,1.0,CRITICAL,0
Siachen Glacier,35.5,76.9,Ladakh LAC,train_test_network.csv,12,0,0.41,0.0,6.67,0,0,NORMAL,0,0.0,1.0,0.0,LOW,0
Lipulekh Pass,30.2,80.3,Uttarakhand Pass,train_test_network.csv,12,0,1.0,0.0,6.67,0,0,INJECTION,0,0.0,1.0,1.0,CRITICAL,0
Tawang Sector,27.6,91.9,Arunachal Sector,train_test_network.csv,12,0,0.0,0.0,6.67,0,0,DDOS,0,0.0,1.0,1.0,CRITICAL,0
Tawang Sector,27.6,91.9,Arunachal Sector,train_test_network.csv,12,0,0.0,0.0,6.67,0,0,NORMAL,0,0.0,1.0,0.0,LOW,0
Siachen Glacier,35.5,76.9,Ladakh LAC,train_test_network.csv,12,0,1.0,0.0,6.67,0,0,NORMAL,0,0.0,1.0,0.0,LOW,0
Wagah Border,31.6,74.6,Punjab Sector,train_test_network.csv,12,0,0.0,0.0,6.67,0,0,DOS,0,0.0,1.0,1.0,CRITICAL,0
Depsang Plains,35.1,77.8,Ladakh LAC,train_test_network.csv,12,0,0.0,0.0,6.67,0,0,XSS,0,0.0,1.0,1.0,CRITICAL,0
Pangong Tso,33.7,78.9,Ladakh LAC,train_test_network.csv,12,0,0.0,0.0,6.67,0,0,BACKDOOR,0,0.0,1.0,1.0,CRITICAL,0
Lipulekh Pass,30.2,80.3,Uttarakhand Pass,train_test_network.csv,12,0,0.0,0.0,6.67,0,0,BACKDOOR,0,0.0,1.0,1.0,CRITICAL,0
Nathula Pass,27.4,88.8,Sikkim Ridge,train_test_network.csv,12,0,1.0,0.0,6.67,0,0,INJECTION,0,0.0,1.0,1.0,CRITICAL,0
Barmer Sector,25.7,71.4,Rajasthan Border,train_test_network.csv,12,0,0.0,0.0,6.67,0,0,RANSOMWARE,0,0.0,1.0,1.0,CRITICAL,0
Pangong Tso,33.7,78.9,Ladakh LAC,train_test_network.csv,12,0,0.0,0.0,6.67,0,0,XSS,0,0.0,1.0,1.0,CRITICAL,0
Wagah Border,31.6,74.6,Punjab Sector,train_test_network.csv,12,0,1.0,0.0,6.67,0,0,INJECTION,0,0.0,1.0,1.0,CRITICAL,0
Kutch Gulf,23.0,68.9,Gujarat Coast,train_test_network.csv,12,0,1.0,0.0,6.67,0,0,XSS,0,0.0,1.0,1.0,CRITICAL,0
Anjaw District,28.1,96.3,Arunachal Sector,train_test_network.csv,12,0,1.0,0.0,6.67,0,0,NORMAL,0,0.0,1.0,0.0,LOW,0
Pangong Tso,33.7,78.9,Ladakh LAC,train_test_network.csv,12,0,0.0,0.0,6.67,0,0,RANSOMWARE,0,0.0,1.0,1.0,CRITICAL,0
Lipulekh Pass,30.2,80.3,Uttarakhand Pass,train_test_network.csv,12,0,0.0,0.0,6.67,0,0,DOS,0,0.0,1.0,1.0,CRITICAL,0
Lipulekh Pass,30.2,80.3,Uttarakhand Pass,train_test_network.csv,12,0,0.0,0.0,6.67,0,0,DOS,0,0.0,1.0,1.0,CRITICAL,0
Galwan Valley,34.4,73.6,J&K LoC,train_test_network.csv,12,0,0.0,0.0,6.67,0,0,SCANNING,0,0.0,1.0,1.0,CRITICAL,0
Lipulekh Pass,30.2,80.3,Uttarakhand Pass,train_test_network.csv,12,0,0.0,0.0,6.67,0,0,XSS,0,0.0,1.0,1.0,CRITICAL,0
Siachen Glacier,35.5,76.9,Ladakh LAC,train_test_network.csv,12,0,0.0,0.0,6.67,0,0,RANSOMWARE,0,0.0,1.0,1.0,CRITICAL,0
Lipulekh Pass,30.2,80.3,Uttarakhand Pass,train_test_network.csv,12,0,0.0,0.0,6.67,0,0,RANSOMWARE,0,0.0,1.0,1.0,CRITICAL,0
Pir Panjal Range,33.5,74.2,J&K LoC,train_test_network.csv,12,0,0.0,0.0,6.67,0,0,SCANNING,0,0.0,1.0,1.0,CRITICAL,0
Lipulekh Pass,30.2,80.3,Uttarakhand Pass,train_test_network.csv,12,0,1.0,0.0,6.67,0,0,NORMAL,0,0.0,1.0,0.0,LOW,0
Kutch Gulf,23.0,68.9,Gujarat Coast,train_test_network.csv,12,0,0.58,0.0,6.67,0,0,DDOS,0,0.0,1.0,1.0,CRITICAL,0
Tawang Sector,27.6,91.9,Arunachal Sector,train_test_network.csv,12,0,0.0,0.0,6.67,0,0,NORMAL,0,0.0,1.0,0.0,LOW,0
Pir Panjal Range,33.5,74.2,J&K LoC,train_test_network.csv,12,0,0.58,0.0,6.67,0,0,DDOS,0,0.0,1.0,1.0,CRITICAL,0
Rann of Kutch,23.9,70.0,Gujarat Coast,train_test_network.csv,12,0,1.0,0.0,6.67,0,0,NORMAL,0,0.0,1.0,0.0,LOW,0
Pir Panjal Range,33.5,74.2,J&K LoC,train_test_network.csv,12,0,1.0,0.0,6.67,0,0,INJECTION,0,0.0,1.0,1.0,CRITICAL,0
Kutch Gulf,23.0,68.9,Gujarat Coast,train_test_network.csv,12,0,0.0,0.0,6.67,0,0,RANSOMWARE,0,0.0,1.0,1.0,CRITICAL,0
Wagah Border,31.6,74.6,Punjab Sector,train_test_network.csv,12,0,1.0,0.0,6.67,0,0,INJECTION,0,0.0,1.0,1.0,CRITICAL,0
Nathula Pass,27.4,88.8,Sikkim Ridge,train_test_network.csv,12,0,0.0,0.0,6.67,0,0,NORMAL,0,0.0,1.0,0.0,LOW,0
Pir Panjal Range,33.5,74.2,J&K LoC,train_test_network.csv,12,0,0.66,0.0,6.67,0,0,NORMAL,0,0.0,1.0,0.0,LOW,0
Rann of Kutch,23.9,70.0,Gujarat Coast,train_test_network.csv,12,0,0.0,0.0,6.67,0,0,RANSOMWARE,0,0.0,1.0,1.0,CRITICAL,0
Doklam Plateau,27.3,89.1,Sikkim Ridge,train_test_network.csv,12,0,0.0,0.0,6.67,0,0,NORMAL,0,0.0,1.0,0.0,LOW,0
Galwan Valley,34.4,73.6,J&K LoC,train_test_network.csv,12,0,1.0,0.0,6.67,0,0,NORMAL,0,0.0,1.0,0.0,LOW,0
Depsang Plains,35.1,77.8,Ladakh LAC,train_test_network.csv,12,0,0.0,0.0,6.67,0,0,RANSOMWARE,0,0.0,1.0,1.0,CRITICAL,0
Pangong Tso,33.7,78.9,Ladakh LAC,train_test_network.csv,12,0,0.0,0.0,6.67,0,0,NORMAL,0,0.0,1.0,0.0,LOW,0
Depsang Plains,35.1,77.8,Ladakh LAC,train_test_network.csv,12,0,1.0,0.0,6.67,0,0,PASSWORD,0,0.0,1.0,1.0,CRITICAL,0
Pangong Tso,33.7,78.9,Ladakh LAC,train_test_network.csv,12,0,0.0,0.0,6.67,0,0,RANSOMWARE,0,0.0,1.0,1.0,CRITICAL,0
Galwan Valley,34.4,73.6,J&K LoC,train_test_network.csv,12,0,0.0,0.0,6.67,0,0,RANSOMWARE,0,0.0,1.0,1.0,CRITICAL,0
Mizoram Border,22.7,92.7,Northeast Sector,train_test_network.csv,12,0,0.31,0.0,6.67,0,0,NORMAL,0,0.0,1.0,0.0,LOW,0
Galwan Valley,34.4,73.6,J&K LoC,train_test_network.csv,12,0,0.0,0.0,6.67,0,0,RANSOMWARE,0,0.0,1.0,1.0,CRITICAL,0
Wagah Border,31.6,74.6,Punjab Sector,train_test_network.csv,12,0,0.0,0.0,6.67,0,0,SCANNING,0,0.0,1.0,1.0,CRITICAL,0
Anjaw District,28.1,96.3,Arunachal Sector,train_test_network.csv,12,0,0.0,0.0,6.67,0,0,DDOS,0,0.0,1.0,1.0,CRITICAL,0
Siachen Glacier,35.5,76.9,Ladakh LAC,train_test_network.csv,12,0,0.0,0.0,6.67,0,0,SCANNING,0,0.0,1.0,1.0,CRITICAL,0
Barmer Sector,25.7,71.4,Rajasthan Border,train_test_network.csv,12,0,0.0,0.0,6.67,0,0,NORMAL,0,0.0,1.0,0.0,LOW,0
Mizoram Border,22.7,92.7,Northeast Sector,train_test_network.csv,12,0,0.0,0.0,6.67,0,0,SCANNING,0,0.0,1.0,1.0,CRITICAL,0
Kutch Gulf,23.0,68.9,Gujarat Coast,train_test_network.csv,12,0,0.35,0.0,6.67,0,0,DOS,0,0.0,1.0,1.0,CRITICAL,0
Mizoram Border,22.7,92.7,Northeast Sector,train_test_network.csv,12,0,0.84,0.0,6.67,0,0,MITM,0,0.0,1.0,1.0,CRITICAL,0
Lipulekh Pass,30.2,80.3,Uttarakhand Pass,train_test_network.csv,12,0,1.0,0.0,6.67,0,0,INJECTION,0,0.0,1.0,1.0,CRITICAL,0
Barmer Sector,25.7,71.4,Rajasthan Border,train_test_network.csv,12,0,1.0,0.0,6.67,0,0,PASSWORD,0,0.0,1.0,1.0,CRITICAL,0
Siachen Glacier,35.5,76.9,Ladakh LAC,train_test_network.csv,12,0,0.0,0.0,6.67,0,0,DDOS,0,0.0,1.0,1.0,CRITICAL,0
Rann of Kutch,23.9,70.0,Gujarat Coast,train_test_network.csv,12,0,0.0,0.0,6.67,0,0,RANSOMWARE,0,0.0,1.0,1.0,CRITICAL,0
Kutch Gulf,23.0,68.9,Gujarat Coast,train_test_network.csv,12,0,0.0,0.0,6.67,0,0,NORMAL,0,0.0,1.0,0.0,LOW,0
Pangong Tso,33.7,78.9,Ladakh LAC,train_test_network.csv,12,0,1.0,0.0,6.67,0,0,PASSWORD,0,0.0,1.0,1.0,CRITICAL,0
Anjaw District,28.1,96.3,Arunachal Sector,train_test_network.csv,12,0,0.0,0.0,6.67,0,0,PASSWORD,0,0.0,1.0,1.0,CRITICAL,0
Wagah Border,31.6,74.6,Punjab Sector,train_test_network.csv,12,0,0.0,0.0,6.67,0,0,BACKDOOR,0,0.0,1.0,1.0,CRITICAL,0
Depsang Plains,35.1,77.8,Ladakh LAC,train_test_network.csv,12,0,0.0,0.0,6.67,0,0,NORMAL,0,0.0,1.0,0.0,LOW,0
Rann of Kutch,23.9,70.0,Gujarat Coast,train_test_network.csv,12,0,0.0,0.0,6.67,0,0,SCANNING,0,0.0,1.0,1.0,CRITICAL,0
Tawang Sector,27.6,91.9,Arunachal Sector,train_test_network.csv,12,0,0.0,0.0,6.67,0,0,RANSOMWARE,0,0.0,1.0,1.0,CRITICAL,0
Galwan Valley,34.4,73.6,J&K LoC,train_test_network.csv,12,0,0.58,0.0,6.67,0,0,DDOS,0,0.0,1.0,1.0,CRITICAL,0
Tawang Sector,27.6,91.9,Arunachal Sector,train_test_network.csv,12,0,0.0,0.0,6.67,0,0,BACKDOOR,0,0.0,1.0,1.0,CRITICAL,0
Rann of Kutch,23.9,70.0,Gujarat Coast,train_test_network.csv,12,0,0.0,0.0,6.67,0,0,BACKDOOR,0,0.0,1.0,1.0,CRITICAL,0
Tawang Sector,27.6,91.9,Arunachal Sector,train_test_network.csv,12,0,0.0,0.0,6.67,0,0,SCANNING,0,0.0,1.0,1.0,CRITICAL,0
Lipulekh Pass,30.2,80.3,Uttarakhand Pass,train_test_network.csv,12,0,0.0,0.0,6.67,0,0,INJECTION,0,0.0,1.0,1.0,CRITICAL,0
Rann of Kutch,23.9,70.0,Gujarat Coast,train_test_network.csv,12,0,0.0,0.0,6.67,0,0,NORMAL,0,0.0,1.0,0.0,LOW,0
Depsang Plains,35.1,77.8,Ladakh LAC,train_test_network.csv,12,0,1.0,0.0,6.67,0,0,INJECTION,0,0.0,1.0,1.0,CRITICAL,0
Kutch Gulf,23.0,68.9,Gujarat Coast,train_test_network.csv,12,0,0.0,0.0,6.67,0,0,DOS,0,0.0,1.0,1.0,CRITICAL,0
Tawang Sector,27.6,91.9,Arunachal Sector,train_test_network.csv,12,0,1.0,0.0,6.67,0,0,INJECTION,0,0.0,1.0,1.0,CRITICAL,0
Barmer Sector,25.7,71.4,Rajasthan Border,train_test_network.csv,12,0,0.0,0.0,6.67,0,0,SCANNING,0,0.0,1.0,1.0,CRITICAL,0
Siachen Glacier,35.5,76.9,Ladakh LAC,train_test_network.csv,12,0,0.0,0.0,6.67,0,0,DOS,0,0.0,1.0,1.0,CRITICAL,0
Siachen Glacier,35.5,76.9,Ladakh LAC,train_test_network.csv,12,0,0.0,0.0,6.67,0,0,SCANNING,0,0.0,1.0,1.0,CRITICAL,0
Kutch Gulf,23.0,68.9,Gujarat Coast,train_test_network.csv,12,0,0.58,0.0,6.67,0,0,NORMAL,0,0.0,1.0,0.0,LOW,0
Rann of Kutch,23.9,70.0,Gujarat Coast,train_test_network.csv,12,0,1.0,0.0,6.67,0,0,NORMAL,0,0.0,1.0,0.0,LOW,0
Mizoram Border,22.7,92.7,Northeast Sector,train_test_network.csv,12,0,0.0,0.0,6.67,0,0,SCANNING,0,0.0,1.0,1.0,CRITICAL,0
Barmer Sector,25.7,71.4,Rajasthan Border,train_test_network.csv,12,0,0.0,0.0,6.67,0,0,NORMAL,0,0.0,1.0,0.0,LOW,0
Doklam Plateau,27.3,89.1,Sikkim Ridge,train_test_network.csv,12,0,0.0,0.0,6.67,0,0,DOS,0,0.0,1.0,1.0,CRITICAL,0
Siachen Glacier,35.5,76.9,Ladakh LAC,train_test_network.csv,12,0,0.0,0.0,6.67,0,0,NORMAL,0,0.0,1.0,0.0,LOW,0
Tawang Sector,27.6,91.9,Arunachal Sector,train_test_network.csv,12,0,0.0,0.0,6.67,0,0,NORMAL,0,0.0,1.0,0.0,LOW,0
Wagah Border,31.6,74.6,Punjab Sector,train_test_network.csv,12,0,0.52,0.0,6.67,0,0,DDOS,0,0.0,1.0,1.0,CRITICAL,0
Anjaw District,28.1,96.3,Arunachal Sector,train_test_network.csv,12,0,1.0,0.0,6.67,0,0,INJECTION,0,0.0,1.0,1.0,CRITICAL,0
Nathula Pass,27.4,88.8,Sikkim Ridge,train_test_network.csv,12,0,0.0,0.0,6.67,0,0,SCANNING,0,0.0,1.0,1.0,CRITICAL,0
Siachen Glacier,35.5,76.9,Ladakh LAC,train_test_network.csv,12,0,0.54,0.0,6.67,0,0,DDOS,0,0.0,1.0,1.0,CRITICAL,0
Doklam Plateau,27.3,89.1,Sikkim Ridge,train_test_network.csv,12,0,0.01,0.0,6.67,0,0,INJECTION,0,0.0,1.0,1.0,CRITICAL,0
Pangong Tso,33.7,78.9,Ladakh LAC,train_test_network.csv,12,0,0.0,0.0,6.67,0,0,SCANNING,0,0.0,1.0,1.0,CRITICAL,0
Galwan Valley,34.4,73.6,J&K LoC,train_test_network.csv,12,0,0.0,0.0,6.67,0,0,BACKDOOR,0,0.0,1.0,1.0,CRITICAL,0
Galwan Valley,34.4,73.6,J&K LoC,train_test_network.csv,12,0,0.35,0.0,6.67,0,0,DOS,0,0.0,1.0,1.0,CRITICAL,0
Nathula Pass,27.4,88.8,Sikkim Ridge,train_test_network.csv,12,0,0.0,0.0,6.67,0,0,SCANNING,0,0.0,1.0,1.0,CRITICAL,0
Anjaw District,28.1,96.3,Arunachal Sector,train_test_network.csv,12,0,0.0,0.0,6.67,0,0,RANSOMWARE,0,0.0,1.0,1.0,CRITICAL,0
Galwan Valley,34.4,73.6,J&K LoC,train_test_network.csv,12,0,1.0,0.0,6.67,0,0,NORMAL,0,0.0,1.0,0.0,LOW,0
Nathula Pass,27.4,88.8,Sikkim Ridge,train_test_network.csv,12,0,0.0,0.0,6.67,0,0,PASSWORD,0,0.0,1.0,1.0,CRITICAL,0
Siachen Glacier,35.5,76.9,Ladakh LAC,train_test_network.csv,12,0,0.0,0.0,6.67,0,0,BACKDOOR,0,0.0,1.0,1.0,CRITICAL,0
Depsang Plains,35.1,77.8,Ladakh LAC,train_test_network.csv,12,0,0.0,0.0,6.67,0,0,SCANNING,0,0.0,1.0,1.0,CRITICAL,0
Galwan Valley,34.4,73.6,J&K LoC,train_test_network.csv,12,0,0.43,0.0,6.67,0,0,NORMAL,0,0.0,1.0,0.0,LOW,0
Doklam Plateau,27.3,89.1,Sikkim Ridge,train_test_network.csv,12,0,0.0,0.0,6.67,0,0,BACKDOOR,0,0.0,1.0,1.0,CRITICAL,0
Mizoram Border,22.7,92.7,Northeast Sector,train_test_network.csv,12,0,0.37,0.0,6.67,0,0,DOS,0,0.0,1.0,1.0,CRITICAL,0
Pangong Tso,33.7,78.9,Ladakh LAC,train_test_network.csv,12,0,0.74,0.0,6.67,0,0,XSS,0,0.0,1.0,1.0,CRITICAL,0
Tawang Sector,27.6,91.9,Arunachal Sector,train_test_network.csv,12,0,0.0,0.0,6.67,0,0,DOS,0,0.0,1.0,1.0,CRITICAL,0
Pangong Tso,33.7,78.9,Ladakh LAC,train_test_network.csv,12,0,0.0,0.0,6.67,0,0,DOS,0,0.0,1.0,1.0,CRITICAL,0
Anjaw District,28.1,96.3,Arunachal Sector,train_test_network.csv,12,0,0.0,0.0,6.67,0,0,DDOS,0,0.0,1.0,1.0,CRITICAL,0
Barmer Sector,25.7,71.4,Rajasthan Border,train_test_network.csv,12,0,0.84,0.0,6.67,0,0,MITM,0,0.0,1.0,1.0,CRITICAL,0
Tawang Sector,27.6,91.9,Arunachal Sector,train_test_network.csv,12,0,0.0,0.0,6.67,0,0,NORMAL,0,0.0,1.0,0.0,LOW,0
Wagah Border,31.6,74.6,Punjab Sector,train_test_network.csv,12,0,0.0,0.0,6.67,0,0,SCANNING,0,0.0,1.0,1.0,CRITICAL,0
Pir Panjal Range,33.5,74.2,J&K LoC,train_test_network.csv,12,0,0.0,0.0,6.67,0,0,BACKDOOR,0,0.0,1.0,1.0,CRITICAL,0
Mizoram Border,22.7,92.7,Northeast Sector,train_test_network.csv,12,0,0.0,0.0,6.67,0,0,SCANNING,0,0.0,1.0,1.0,CRITICAL,0
Lipulekh Pass,30.2,80.3,Uttarakhand Pass,train_test_network.csv,12,0,0.0,0.0,6.67,0,0,RANSOMWARE,0,0.0,1.0,1.0,CRITICAL,0
Barmer Sector,25.7,71.4,Rajasthan Border,train_test_network.csv,12,0,0.0,0.0,6.67,0,0,NORMAL,0,0.0,1.0,0.0,LOW,0
Pir Panjal Range,33.5,74.2,J&K LoC,train_test_network.csv,12,0,0.0,0.0,6.67,0,0,NORMAL,0,0.0,1.0,0.0,LOW,0
Kutch Gulf,23.0,68.9,Gujarat Coast,train_test_network.csv,12,0,0.0,0.0,6.67,0,0,DDOS,0,0.0,1.0,1.0,CRITICAL,0
Tawang Sector,27.6,91.9,Arunachal Sector,train_test_network.csv,12,0,0.0,0.0,6.67,0,0,DOS,0,0.0,1.0,1.0,CRITICAL,0
Galwan Valley,34.4,73.6,J&K LoC,train_test_network.csv,12,0,0.0,0.0,6.67,0,0,BACKDOOR,0,0.0,1.0,1.0,CRITICAL,0
Galwan Valley,34.4,73.6,J&K LoC,train_test_network.csv,12,0,0.0,0.0,6.67,0,0,RANSOMWARE,0,0.0,1.0,1.0,CRITICAL,0
Pir Panjal Range,33.5,74.2,J&K LoC,train_test_network.csv,12,0,0.0,0.0,6.67,0,0,NORMAL,0,0.0,1.0,0.0,LOW,0
Lipulekh Pass,30.2,80.3,Uttarakhand Pass,train_test_network.csv,12,0,0.0,0.0,6.67,0,0,XSS,0,0.0,1.0,1.0,CRITICAL,0
Tawang Sector,27.6,91.9,Arunachal Sector,train_test_network.csv,12,0,0.0,0.0,6.67,0,0,NORMAL,0,0.0,1.0,0.0,LOW,0
Anjaw District,28.1,96.3,Arunachal Sector,train_test_network.csv,12,0,0.52,0.0,6.67,0,0,DDOS,0,0.0,1.0,1.0,CRITICAL,0
Tawang Sector,27.6,91.9,Arunachal Sector,train_test_network.csv,12,0,0.0,0.0,6.67,0,0,PASSWORD,0,0.0,1.0,1.0,CRITICAL,0
Rann of Kutch,23.9,70.0,Gujarat Coast,train_test_network.csv,12,0,0.66,0.0,6.67,0,0,NORMAL,0,0.0,1.0,0.0,LOW,0
Wagah Border,31.6,74.6,Punjab Sector,train_test_network.csv,12,0,0.0,0.0,6.67,0,0,SCANNING,0,0.0,1.0,1.0,CRITICAL,0
Pir Panjal Range,33.5,74.2,J&K LoC,train_test_network.csv,12,0,0.0,0.0,6.67,0,0,NORMAL,0,0.0,1.0,0.0,LOW,0
Tawang Sector,27.6,91.9,Arunachal Sector,train_test_network.csv,12,0,0.0,0.0,6.67,0,0,NORMAL,0,0.0,1.0,0.0,LOW,0
Nathula Pass,27.4,88.8,Sikkim Ridge,train_test_network.csv,12,0,0.44,0.0,6.67,0,0,SCANNING,0,0.0,1.0,1.0,CRITICAL,0
Galwan Valley,34.4,73.6,J&K LoC,train_test_network.csv,12,0,0.0,0.0,6.67,0,0,XSS,0,0.0,1.0,1.0,CRITICAL,0
Mizoram Border,22.7,92.7,Northeast Sector,train_test_network.csv,12,0,0.0,0.0,6.67,0,0,RANSOMWARE,0,0.0,1.0,1.0,CRITICAL,0
Nathula Pass,27.4,88.8,Sikkim Ridge,train_test_network.csv,12,0,0.0,0.0,6.67,0,0,XSS,0,0.0,1.0,1.0,CRITICAL,0
Lipulekh Pass,30.2,80.3,Uttarakhand Pass,train_test_network.csv,12,0,0.0,0.0,6.67,0,0,BACKDOOR,0,0.0,1.0,1.0,CRITICAL,0
Doklam Plateau,27.3,89.1,Sikkim Ridge,train_test_network.csv,12,0,1.0,0.0,6.67,0,0,NORMAL,0,0.0,1.0,0.0,LOW,0
Tawang Sector,27.6,91.9,Arunachal Sector,train_test_network.csv,12,0,1.0,0.0,6.67,0,0,NORMAL,0,0.0,1.0,0.0,LOW,0
Mizoram Border,22.7,92.7,Northeast Sector,train_test_network.csv,12,0,0.0,0.0,6.67,0,0,NORMAL,0,0.0,1.0,0.0,LOW,0
Nathula Pass,27.4,88.8,Sikkim Ridge,train_test_network.csv,12,0,0.0,0.0,6.67,0,0,SCANNING,0,0.0,1.0,1.0,CRITICAL,0
Barmer Sector,25.7,71.4,Rajasthan Border,train_test_network.csv,12,0,0.0,0.0,6.67,0,0,XSS,0,0.0,1.0,1.0,CRITICAL,0
Depsang Plains,35.1,77.8,Ladakh LAC,train_test_network.csv,12,0,0.0,0.0,6.67,0,0,SCANNING,0,0.0,1.0,1.0,CRITICAL,0
Tawang Sector,27.6,91.9,Arunachal Sector,train_test_network.csv,12,0,1.0,0.0,6.67,0,0,XSS,0,0.0,1.0,1.0,CRITICAL,0
Rann of Kutch,23.9,70.0,Gujarat Coast,train_test_network.csv,12,0,0.0,0.0,6.67,0,0,DDOS,0,0.0,1.0,1.0,CRITICAL,0
Galwan Valley,34.4,73.6,J&K LoC,train_test_network.csv,12,0,0.0,0.0,6.67,0,0,PASSWORD,0,0.0,1.0,1.0,CRITICAL,0
Galwan Valley,34.4,73.6,J&K LoC,train_test_network.csv,12,0,0.0,0.0,6.67,0,0,XSS,0,0.0,1.0,1.0,CRITICAL,0
Rann of Kutch,23.9,70.0,Gujarat Coast,train_test_network.csv,12,0,0.0,0.0,6.67,0,0,RANSOMWARE,0,0.0,1.0,1.0,CRITICAL,0
Tawang Sector,27.6,91.9,Arunachal Sector,train_test_network.csv,12,0,0.0,0.0,6.67,0,0,RANSOMWARE,0,0.0,1.0,1.0,CRITICAL,0
Tawang Sector,27.6,91.9,Arunachal Sector,train_test_network.csv,12,0,0.0,0.0,6.67,0,0,XSS,0,0.0,1.0,1.0,CRITICAL,0
Lipulekh Pass,30.2,80.3,Uttarakhand Pass,train_test_network.csv,12,0,0.0,0.0,6.67,0,0,RANSOMWARE,0,0.0,1.0,1.0,CRITICAL,0
Siachen Glacier,35.5,76.9,Ladakh LAC,train_test_network.csv,12,0,1.0,0.0,6.67,0,0,PASSWORD,0,0.0,1.0,1.0,CRITICAL,0
Depsang Plains,35.1,77.8,Ladakh LAC,train_test_network.csv,12,0,0.0,0.0,6.67,0,0,RANSOMWARE,0,0.0,1.0,1.0,CRITICAL,0
Depsang Plains,35.1,77.8,Ladakh LAC,train_test_network.csv,12,0,0.0,0.0,6.67,0,0,NORMAL,0,0.0,1.0,0.0,LOW,0
Galwan Valley,34.4,73.6,J&K LoC,train_test_network.csv,12,0,0.0,0.0,6.67,0,0,XSS,0,0.0,1.0,1.0,CRITICAL,0
Siachen Glacier,35.5,76.9,Ladakh LAC,train_test_network.csv,12,0,1.0,0.0,6.67,0,0,INJECTION,0,0.0,1.0,1.0,CRITICAL,0
Barmer Sector,25.7,71.4,Rajasthan Border,train_test_network.csv,12,0,0.0,0.0,6.67,0,0,NORMAL,0,0.0,1.0,0.0,LOW,0
Tawang Sector,27.6,91.9,Arunachal Sector,train_test_network.csv,12,0,0.0,0.0,6.67,0,0,DDOS,0,0.0,1.0,1.0,CRITICAL,0
Galwan Valley,34.4,73.6,J&K LoC,train_test_network.csv,12,0,0.0,0.0,6.67,0,0,RANSOMWARE,0,0.0,1.0,1.0,CRITICAL,0
Depsang Plains,35.1,77.8,Ladakh LAC,train_test_network.csv,12,0,0.0,0.0,6.67,0,0,NORMAL,0,0.0,1.0,0.0,LOW,0
Nathula Pass,27.4,88.8,Sikkim Ridge,train_test_network.csv,12,0,0.0,0.0,6.67,0,0,SCANNING,0,0.0,1.0,1.0,CRITICAL,0
Rann of Kutch,23.9,70.0,Gujarat Coast,train_test_network.csv,12,0,0.0,0.0,6.67,0,0,XSS,0,0.0,1.0,1.0,CRITICAL,0
Anjaw District,28.1,96.3,Arunachal Sector,train_test_network.csv,12,0,0.66,0.0,6.67,0,0,NORMAL,0,0.0,1.0,0.0,LOW,0
Depsang Plains,35.1,77.8,Ladakh LAC,train_test_network.csv,12,0,0.37,0.0,6.67,0,0,DOS,0,0.0,1.0,1.0,CRITICAL,0
Pangong Tso,33.7,78.9,Ladakh LAC,train_test_network.csv,12,0,1.0,0.0,6.67,0,0,INJECTION,0,0.0,1.0,1.0,CRITICAL,0
Nathula Pass,27.4,88.8,Sikkim Ridge,train_test_network.csv,12,0,0.0,0.0,6.67,0,0,NORMAL,0,0.0,1.0,0.0,LOW,0
Siachen Glacier,35.5,76.9,Ladakh LAC,train_test_network.csv,12,0,0.0,0.0,6.67,0,0,DOS,0,0.0,1.0,1.0,CRITICAL,0
Mizoram Border,22.7,92.7,Northeast Sector,train_test_network.csv,12,0,1.0,0.0,6.67,0,0,XSS,0,0.0,1.0,1.0,CRITICAL,0
Kutch Gulf,23.0,68.9,Gujarat Coast,train_test_network.csv,12,0,0.0,0.0,6.67,0,0,SCANNING,0,0.0,1.0,1.0,CRITICAL,0
Anjaw District,28.1,96.3,Arunachal Sector,train_test_network.csv,12,0,0.8,0.0,6.67,0,0,XSS,0,0.0,1.0,1.0,CRITICAL,0
Mizoram Border,22.7,92.7,Northeast Sector,train_test_network.csv,12,0,0.0,0.0,6.67,0,0,DOS,0,0.0,1.0,1.0,CRITICAL,0
Tawang Sector,27.6,91.9,Arunachal Sector,train_test_network.csv,12,0,1.0,0.0,6.67,0,0,PASSWORD,0,0.0,1.0,1.0,CRITICAL,0
Siachen Glacier,35.5,76.9,Ladakh LAC,train_test_network.csv,12,0,0.0,0.0,6.67,0,0,BACKDOOR,0,0.0,1.0,1.0,CRITICAL,0
Mizoram Border,22.7,92.7,Northeast Sector,train_test_network.csv,12,0,1.0,0.0,6.67,0,0,NORMAL,0,0.0,1.0,0.0,LOW,0
Mizoram Border,22.7,92.7,Northeast Sector,train_test_network.csv,12,0,0.58,0.0,6.67,0,0,DDOS,0,0.0,1.0,1.0,CRITICAL,0
Tawang Sector,27.6,91.9,Arunachal Sector,train_test_network.csv,12,0,0.0,0.0,6.67,0,0,NORMAL,0,0.0,1.0,0.0,LOW,0
Lipulekh Pass,30.2,80.3,Uttarakhand Pass,train_test_network.csv,12,0,0.0,0.0,6.67,0,0,SCANNING,0,0.0,1.0,1.0,CRITICAL,0
Siachen Glacier,35.5,76.9,Ladakh LAC,train_test_network.csv,12,0,0.0,0.0,6.67,0,0,DDOS,0,0.0,1.0,1.0,CRITICAL,0
Wagah Border,31.6,74.6,Punjab Sector,train_test_network.csv,12,0,0.0,0.0,6.67,0,0,PASSWORD,0,0.0,1.0,1.0,CRITICAL,0
Barmer Sector,25.7,71.4,Rajasthan Border,train_test_network.csv,12,0,0.0,0.0,6.67,0,0,RANSOMWARE,0,0.0,1.0,1.0,CRITICAL,0
Barmer Sector,25.7,71.4,Rajasthan Border,train_test_network.csv,12,0,1.0,0.0,6.67,0,0,PASSWORD,0,0.0,1.0,1.0,CRITICAL,0
Lipulekh Pass,30.2,80.3,Uttarakhand Pass,train_test_network.csv,12,0,0.0,0.0,6.67,0,0,RANSOMWARE,0,0.0,1.0,1.0,CRITICAL,0
Barmer Sector,25.7,71.4,Rajasthan Border,train_test_network.csv,12,0,0.0,0.0,6.67,0,0,DDOS,0,0.0,1.0,1.0,CRITICAL,0
Lipulekh Pass,30.2,80.3,Uttarakhand Pass,train_test_network.csv,12,0,1.0,0.0,6.67,0,0,NORMAL,0,0.0,1.0,0.0,LOW,0
Rann of Kutch,23.9,70.0,Gujarat Coast,train_test_network.csv,12,0,1.0,0.0,6.67,0,0,XSS,0,0.0,1.0,1.0,CRITICAL,0
Siachen Glacier,35.5,76.9,Ladakh LAC,train_test_network.csv,12,0,0.8,0.0,6.67,0,0,XSS,0,0.0,1.0,1.0,CRITICAL,0
Nathula Pass,27.4,88.8,Sikkim Ridge,train_test_network.csv,12,0,0.0,0.0,6.67,0,0,SCANNING,0,0.0,1.0,1.0,CRITICAL,0
Doklam Plateau,27.3,89.1,Sikkim Ridge,train_test_network.csv,12,0,0.0,0.0,6.67,0,0,SCANNING,0,0.0,1.0,1.0,CRITICAL,0
Lipulekh Pass,30.2,80.3,Uttarakhand Pass,train_test_network.csv,12,0,0.0,0.0,6.67,0,0,SCANNING,0,0.0,1.0,1.0,CRITICAL,0
Siachen Glacier,35.5,76.9,Ladakh LAC,train_test_network.csv,12,0,0.0,0.0,6.67,0,0,XSS,0,0.0,1.0,1.0,CRITICAL,0
Tawang Sector,27.6,91.9,Arunachal Sector,train_test_network.csv,12,0,1.0,0.0,6.67,0,0,INJECTION,0,0.0,1.0,1.0,CRITICAL,0
Mizoram Border,22.7,92.7,Northeast Sector,train_test_network.csv,12,0,1.0,0.0,6.67,0,0,XSS,0,0.0,1.0,1.0,CRITICAL,0
Galwan Valley,34.4,73.6,J&K LoC,train_test_network.csv,12,0,1.0,0.0,6.67,0,0,NORMAL,0,0.0,1.0,0.0,LOW,0
Wagah Border,31.6,74.6,Punjab Sector,train_test_network.csv,12,0,0.0,0.0,6.67,0,0,NORMAL,0,0.0,1.0,0.0,LOW,0
Wagah Border,31.6,74.6,Punjab Sector,train_test_network.csv,12,0,0.0,0.0,6.67,0,0,DDOS,0,0.0,1.0,1.0,CRITICAL,0
Nathula Pass,27.4,88.8,Sikkim Ridge,train_test_network.csv,12,0,0.0,0.0,6.67,0,0,BACKDOOR,0,0.0,1.0,1.0,CRITICAL,0
Depsang Plains,35.1,77.8,Ladakh LAC,train_test_network.csv,12,0,0.0,0.0,6.67,0,0,NORMAL,0,0.0,1.0,0.0,LOW,0
Depsang Plains,35.1,77.8,Ladakh LAC,train_test_network.csv,12,0,1.0,0.0,6.67,0,0,INJECTION,0,0.0,1.0,1.0,CRITICAL,0
Tawang Sector,27.6,91.9,Arunachal Sector,train_test_network.csv,12,0,0.0,0.0,6.67,0,0,DOS,0,0.0,1.0,1.0,CRITICAL,0
Galwan Valley,34.4,73.6,J&K LoC,train_test_network.csv,12,0,0.0,0.0,6.67,0,0,BACKDOOR,0,0.0,1.0,1.0,CRITICAL,0
Galwan Valley,34.4,73.6,J&K LoC,train_test_network.csv,12,0,0.0,0.0,6.67,0,0,DOS,0,0.0,1.0,1.0,CRITICAL,0
Siachen Glacier,35.5,76.9,Ladakh LAC,train_test_network.csv,12,0,0.0,0.0,6.67,0,0,RANSOMWARE,0,0.0,1.0,1.0,CRITICAL,0
Siachen Glacier,35.5,76.9,Ladakh LAC,train_test_network.csv,12,0,0.0,0.0,6.67,0,0,RANSOMWARE,0,0.0,1.0,1.0,CRITICAL,0
Rann of Kutch,23.9,70.0,Gujarat Coast,train_test_network.csv,12,0,0.0,0.0,6.67,0,0,SCANNING,0,0.0,1.0,1.0,CRITICAL,0
Wagah Border,31.6,74.6,Punjab Sector,train_test_network.csv,12,0,0.0,0.0,6.67,0,0,NORMAL,0,0.0,1.0,0.0,LOW,0
Depsang Plains,35.1,77.8,Ladakh LAC,train_test_network.csv,12,0,0.0,0.0,6.67,0,0,DOS,0,0.0,1.0,1.0,CRITICAL,0
Wagah Border,31.6,74.6,Punjab Sector,train_test_network.csv,12,0,1.0,0.0,6.67,0,0,NORMAL,0,0.0,1.0,0.0,LOW,0
Siachen Glacier,35.5,76.9,Ladakh LAC,train_test_network.csv,12,0,1.0,0.0,6.67,0,0,INJECTION,0,0.0,1.0,1.0,CRITICAL,0
Doklam Plateau,27.3,89.1,Sikkim Ridge,train_test_network.csv,12,0,0.0,0.0,6.67,0,0,BACKDOOR,0,0.0,1.0,1.0,CRITICAL,0
Depsang Plains,35.1,77.8,Ladakh LAC,train_test_network.csv,12,0,0.0,0.0,6.67,0,0,DOS,0,0.0,1.0,1.0,CRITICAL,0
Galwan Valley,34.4,73.6,J&K LoC,train_test_network.csv,12,0,0.0,0.0,6.67,0,0,BACKDOOR,0,0.0,1.0,1.0,CRITICAL,0
Galwan Valley,34.4,73.6,J&K LoC,train_test_network.csv,12,0,0.0,0.0,6.67,0,0,RANSOMWARE,0,0.0,1.0,1.0,CRITICAL,0
Doklam Plateau,27.3,89.1,Sikkim Ridge,train_test_network.csv,12,0,0.0,0.0,6.67,0,0,NORMAL,0,0.0,1.0,0.0,LOW,0
Doklam Plateau,27.3,89.1,Sikkim Ridge,train_test_network.csv,12,0,0.0,0.0,6.67,0,0,BACKDOOR,0,0.0,1.0,1.0,CRITICAL,0
Anjaw District,28.1,96.3,Arunachal Sector,train_test_network.csv,12,0,1.0,0.0,6.67,0,0,INJECTION,0,0.0,1.0,1.0,CRITICAL,0
Wagah Border,31.6,74.6,Punjab Sector,train_test_network.csv,12,0,0.0,0.0,6.67,0,0,XSS,0,0.0,1.0,1.0,CRITICAL,0
Barmer Sector,25.7,71.4,Rajasthan Border,train_test_network.csv,12,0,0.0,0.0,6.67,0,0,PASSWORD,0,0.0,1.0,1.0,CRITICAL,0
Barmer Sector,25.7,71.4,Rajasthan Border,train_test_network.csv,12,0,1.0,0.0,6.67,0,0,INJECTION,0,0.0,1.0,1.0,CRITICAL,0
Lipulekh Pass,30.2,80.3,Uttarakhand Pass,train_test_network.csv,12,0,0.31,0.0,6.67,0,0,NORMAL,0,0.0,1.0,0.0,LOW,0
Lipulekh Pass,30.2,80.3,Uttarakhand Pass,train_test_network.csv,12,0,0.0,0.0,6.67,0,0,DOS,0,0.0,1.0,1.0,CRITICAL,0
Nathula Pass,27.4,88.8,Sikkim Ridge,train_test_network.csv,12,0,0.0,0.0,6.67,0,0,RANSOMWARE,0,0.0,1.0,1.0,CRITICAL,0
Pangong Tso,33.7,78.9,Ladakh LAC,train_test_network.csv,12,0,0.0,0.0,6.67,0,0,SCANNING,0,0.0,1.0,1.0,CRITICAL,0
Nathula Pass,27.4,88.8,Sikkim Ridge,train_test_network.csv,12,0,1.0,0.0,6.67,0,0,INJECTION,0,0.0,1.0,1.0,CRITICAL,0
Depsang Plains,35.1,77.8,Ladakh LAC,train_test_network.csv,12,0,0.0,0.0,6.67,0,0,DOS,0,0.0,1.0,1.0,CRITICAL,0
Mizoram Border,22.7,92.7,Northeast Sector,train_test_network.csv,12,0,0.0,0.0,6.67,0,0,DOS,0,0.0,1.0,1.0,CRITICAL,0
Anjaw District,28.1,96.3,Arunachal Sector,train_test_network.csv,12,0,1.0,0.0,6.67,0,0,PASSWORD,0,0.0,1.0,1.0,CRITICAL,0
Kutch Gulf,23.0,68.9,Gujarat Coast,train_test_network.csv,12,0,0.0,0.0,6.67,0,0,NORMAL,0,0.0,1.0,0.0,LOW,0
Mizoram Border,22.7,92.7,Northeast Sector,train_test_network.csv,12,0,0.0,0.0,6.67,0,0,NORMAL,0,0.0,1.0,0.0,LOW,0
Nathula Pass,27.4,88.8,Sikkim Ridge,train_test_network.csv,12,0,0.0,0.0,6.67,0,0,XSS,0,0.0,1.0,1.0,CRITICAL,0
Rann of Kutch,23.9,70.0,Gujarat Coast,train_test_network.csv,12,0,0.0,0.0,6.67,0,0,DOS,0,0.0,1.0,1.0,CRITICAL,0
Nathula Pass,27.4,88.8,Sikkim Ridge,train_test_network.csv,12,0,0.0,0.0,6.67,0,0,RANSOMWARE,0,0.0,1.0,1.0,CRITICAL,0
Galwan Valley,34.4,73.6,J&K LoC,train_test_network.csv,12,0,0.51,0.0,6.67,0,0,NORMAL,0,0.0,1.0,0.0,LOW,0
Depsang Plains,35.1,77.8,Ladakh LAC,train_test_network.csv,12,0,0.0,0.0,6.67,0,0,SCANNING,0,0.0,1.0,1.0,CRITICAL,0
Siachen Glacier,35.5,76.9,Ladakh LAC,train_test_network.csv,12,0,0.0,0.0,6.67,0,0,XSS,0,0.0,1.0,1.0,CRITICAL,0
Mizoram Border,22.7,92.7,Northeast Sector,train_test_network.csv,12,0,0.0,0.0,6.67,0,0,NORMAL,0,0.0,1.0,0.0,LOW,0
Nathula Pass,27.4,88.8,Sikkim Ridge,train_test_network.csv,12,0,0.0,0.0,6.67,0,0,DDOS,0,0.0,1.0,1.0,CRITICAL,0
Tawang Sector,27.6,91.9,Arunachal Sector,train_test_network.csv,12,0,0.0,0.0,6.67,0,0,XSS,0,0.0,1.0,1.0,CRITICAL,0
Doklam Plateau,27.3,89.1,Sikkim Ridge,train_test_network.csv,12,0,0.0,0.0,6.67,0,0,BACKDOOR,0,0.0,1.0,1.0,CRITICAL,0
Pangong Tso,33.7,78.9,Ladakh LAC,train_test_network.csv,12,0,0.0,0.0,6.67,0,0,DDOS,0,0.0,1.0,1.0,CRITICAL,0
Pir Panjal Range,33.5,74.2,J&K LoC,train_test_network.csv,12,0,0.0,0.0,6.67,0,0,BACKDOOR,0,0.0,1.0,1.0,CRITICAL,0
Mizoram Border,22.7,92.7,Northeast Sector,train_test_network.csv,12,0,0.0,0.0,6.67,0,0,SCANNING,0,0.0,1.0,1.0,CRITICAL,0
Galwan Valley,34.4,73.6,J&K LoC,train_test_network.csv,12,0,0.0,0.0,6.67,0,0,XSS,0,0.0,1.0,1.0,CRITICAL,0
Barmer Sector,25.7,71.4,Rajasthan Border,train_test_network.csv,12,0,0.0,0.0,6.67,0,0,XSS,0,0.0,1.0,1.0,CRITICAL,0
Anjaw District,28.1,96.3,Arunachal Sector,train_test_network.csv,12,0,1.0,0.0,6.67,0,0,INJECTION,0,0.0,1.0,1.0,CRITICAL,0
Depsang Plains,35.1,77.8,Ladakh LAC,train_test_network.csv,12,0,0.0,0.0,6.67,0,0,NORMAL,0,0.0,1.0,0.0,LOW,0
Pir Panjal Range,33.5,74.2,J&K LoC,train_test_network.csv,12,0,1.0,0.0,6.67,0,0,NORMAL,0,0.0,1.0,0.0,LOW,0
Depsang Plains,35.1,77.8,Ladakh LAC,train_test_network.csv,12,0,0.0,0.0,6.67,0,0,DDOS,0,0.0,1.0,1.0,CRITICAL,0
Pangong Tso,33.7,78.9,Ladakh LAC,train_test_network.csv,12,0,0.0,0.0,6.67,0,0,NORMAL,0,0.0,1.0,0.0,LOW,0
Depsang Plains,35.1,77.8,Ladakh LAC,train_test_network.csv,12,0,0.0,0.0,6.67,0,0,SCANNING,0,0.0,1.0,1.0,CRITICAL,0
Nathula Pass,27.4,88.8,Sikkim Ridge,train_test_network.csv,12,0,0.0,0.0,6.67,0,0,DOS,0,0.0,1.0,1.0,CRITICAL,0
Lipulekh Pass,30.2,80.3,Uttarakhand Pass,train_test_network.csv,12,0,0.0,0.0,6.67,0,0,SCANNING,0,0.0,1.0,1.0,CRITICAL,0
Tawang Sector,27.6,91.9,Arunachal Sector,train_test_network.csv,12,0,0.0,0.0,6.67,0,0,BACKDOOR,0,0.0,1.0,1.0,CRITICAL,0
Galwan Valley,34.4,73.6,J&K LoC,train_test_network.csv,12,0,0.0,0.0,6.67,0,0,DDOS,0,0.0,1.0,1.0,CRITICAL,0
Galwan Valley,34.4,73.6,J&K LoC,train_test_network.csv,12,0,1.0,0.0,6.67,0,0,NORMAL,0,0.0,1.0,0.0,LOW,0
Mizoram Border,22.7,92.7,Northeast Sector,train_test_network.csv,12,0,0.0,0.0,6.67,0,0,INJECTION,0,0.0,1.0,1.0,CRITICAL,0
Rann of Kutch,23.9,70.0,Gujarat Coast,train_test_network.csv,12,0,1.0,0.0,6.67,0,0,INJECTION,0,0.0,1.0,1.0,CRITICAL,0
Mizoram Border,22.7,92.7,Northeast Sector,train_test_network.csv,12,0,0.48,0.0,6.67,0,0,DDOS,0,0.0,1.0,1.0,CRITICAL,0
Nathula Pass,27.4,88.8,Sikkim Ridge,train_test_network.csv,12,0,0.0,0.0,6.67,0,0,RANSOMWARE,0,0.0,1.0,1.0,CRITICAL,0
Lipulekh Pass,30.2,80.3,Uttarakhand Pass,train_test_network.csv,12,0,0.0,0.0,6.67,0,0,NORMAL,0,0.0,1.0,0.0,LOW,0
Kutch Gulf,23.0,68.9,Gujarat Coast,train_test_network.csv,12,0,0.0,0.0,6.67,0,0,BACKDOOR,0,0.0,1.0,1.0,CRITICAL,0
Wagah Border,31.6,74.6,Punjab Sector,train_test_network.csv,12,0,1.0,0.0,6.67,0,0,PASSWORD,0,0.0,1.0,1.0,CRITICAL,0
Doklam Plateau,27.3,89.1,Sikkim Ridge,train_test_network.csv,12,0,0.0,0.0,6.67,0,0,SCANNING,0,0.0,1.0,1.0,CRITICAL,0
Tawang Sector,27.6,91.9,Arunachal Sector,train_test_network.csv,12,0,1.0,0.0,6.67,0,0,NORMAL,0,0.0,1.0,0.0,LOW,0
Nathula Pass,27.4,88.8,Sikkim Ridge,train_test_network.csv,12,0,0.0,0.0,6.67,0,0,XSS,0,0.0,1.0,1.0,CRITICAL,0
Depsang Plains,35.1,77.8,Ladakh LAC,train_test_network.csv,12,0,0.0,0.0,6.67,0,0,DOS,0,0.0,1.0,1.0,CRITICAL,0
Siachen Glacier,35.5,76.9,Ladakh LAC,train_test_network.csv,12,0,1.0,0.0,6.67,0,0,INJECTION,0,0.0,1.0,1.0,CRITICAL,0
Kutch Gulf,23.0,68.9,Gujarat Coast,train_test_network.csv,12,0,1.0,0.0,6.67,0,0,NORMAL,0,0.0,1.0,0.0,LOW,0
Pir Panjal Range,33.5,74.2,J&K LoC,train_test_network.csv,12,0,1.0,0.0,6.67,0,0,INJECTION,0,0.0,1.0,1.0,CRITICAL,0
Galwan Valley,34.4,73.6,J&K LoC,train_test_network.csv,12,0,0.31,0.0,6.67,0,0,NORMAL,0,0.0,1.0,0.0,LOW,0
Galwan Valley,34.4,73.6,J&K LoC,train_test_network.csv,12,0,0.0,0.0,6.67,0,0,NORMAL,0,0.0,1.0,0.0,LOW,0
Galwan Valley,34.4,73.6,J&K LoC,train_test_network.csv,12,0,0.0,0.0,6.67,0,0,DOS,0,0.0,1.0,1.0,CRITICAL,0
Kutch Gulf,23.0,68.9,Gujarat Coast,train_test_network.csv,12,0,1.0,0.0,6.67,0,0,INJECTION,0,0.0,1.0,1.0,CRITICAL,0
Tawang Sector,27.6,91.9,Arunachal Sector,train_test_network.csv,12,0,0.0,0.0,6.67,0,0,NORMAL,0,0.0,1.0,0.0,LOW,0
Tawang Sector,27.6,91.9,Arunachal Sector,train_test_network.csv,12,0,0.0,0.0,6.67,0,0,NORMAL,0,0.0,1.0,0.0,LOW,0
Depsang Plains,35.1,77.8,Ladakh LAC,train_test_network.csv,12,0,0.0,0.0,6.67,0,0,XSS,0,0.0,1.0,1.0,CRITICAL,0
Mizoram Border,22.7,92.7,Northeast Sector,train_test_network.csv,12,0,0.0,0.0,6.67,0,0,XSS,0,0.0,1.0,1.0,CRITICAL,0
Doklam Plateau,27.3,89.1,Sikkim Ridge,train_test_network.csv,12,0,0.0,0.0,6.67,0,0,XSS,0,0.0,1.0,1.0,CRITICAL,0
Kutch Gulf,23.0,68.9,Gujarat Coast,train_test_network.csv,12,0,1.0,0.0,6.67,0,0,NORMAL,0,0.0,1.0,0.0,LOW,0
Barmer Sector,25.7,71.4,Rajasthan Border,train_test_network.csv,12,0,0.0,0.0,6.67,0,0,BACKDOOR,0,0.0,1.0,1.0,CRITICAL,0
Siachen Glacier,35.5,76.9,Ladakh LAC,train_test_network.csv,12,0,0.0,0.0,6.67,0,0,NORMAL,0,0.0,1.0,0.0,LOW,0
Rann of Kutch,23.9,70.0,Gujarat Coast,train_test_network.csv,12,0,1.0,0.0,6.67,0,0,INJECTION,0,0.0,1.0,1.0,CRITICAL,0
Lipulekh Pass,30.2,80.3,Uttarakhand Pass,train_test_network.csv,12,0,0.0,0.0,6.67,0,0,SCANNING,0,0.0,1.0,1.0,CRITICAL,0
Wagah Border,31.6,74.6,Punjab Sector,train_test_network.csv,12,0,0.0,0.0,6.67,0,0,NORMAL,0,0.0,1.0,0.0,LOW,0
Pangong Tso,33.7,78.9,Ladakh LAC,train_test_network.csv,12,0,0.0,0.0,6.67,0,0,XSS,0,0.0,1.0,1.0,CRITICAL,0
Rann of Kutch,23.9,70.0,Gujarat Coast,train_test_network.csv,12,0,0.0,0.0,6.67,0,0,RANSOMWARE,0,0.0,1.0,1.0,CRITICAL,0
Pir Panjal Range,33.5,74.2,J&K LoC,train_test_network.csv,12,0,0.0,0.0,6.67,0,0,BACKDOOR,0,0.0,1.0,1.0,CRITICAL,0
Doklam Plateau,27.3,89.1,Sikkim Ridge,train_test_network.csv,12,0,0.0,0.0,6.67,0,0,NORMAL,0,0.0,1.0,0.0,LOW,0
Galwan Valley,34.4,73.6,J&K LoC,train_test_network.csv,12,0,0.0,0.0,6.67,0,0,NORMAL,0,0.0,1.0,0.0,LOW,0
Rann of Kutch,23.9,70.0,Gujarat Coast,train_test_network.csv,12,0,0.0,0.0,6.67,0,0,BACKDOOR,0,0.0,1.0,1.0,CRITICAL,0
Pir Panjal Range,33.5,74.2,J&K LoC,train_test_network.csv,12,0,0.0,0.0,6.67,0,0,NORMAL,0,0.0,1.0,0.0,LOW,0
Nathula Pass,27.4,88.8,Sikkim Ridge,train_test_network.csv,12,0,0.0,0.0,6.67,0,0,RANSOMWARE,0,0.0,1.0,1.0,CRITICAL,0
Lipulekh Pass,30.2,80.3,Uttarakhand Pass,train_test_network.csv,12,0,0.0,0.0,6.67,0,0,SCANNING,0,0.0,1.0,1.0,CRITICAL,0
Pangong Tso,33.7,78.9,Ladakh LAC,train_test_network.csv,12,0,0.0,0.0,6.67,0,0,BACKDOOR,0,0.0,1.0,1.0,CRITICAL,0
Galwan Valley,34.4,73.6,J&K LoC,train_test_network.csv,12,0,0.0,0.0,6.67,0,0,DOS,0,0.0,1.0,1.0,CRITICAL,0
Mizoram Border,22.7,92.7,Northeast Sector,train_test_network.csv,12,0,0.0,0.0,6.67,0,0,BACKDOOR,0,0.0,1.0,1.0,CRITICAL,0
Nathula Pass,27.4,88.8,Sikkim Ridge,train_test_network.csv,12,0,1.0,0.0,6.67,0,0,INJECTION,0,0.0,1.0,1.0,CRITICAL,0
Tawang Sector,27.6,91.9,Arunachal Sector,train_test_network.csv,12,0,1.0,0.0,6.67,0,0,INJECTION,0,0.0,1.0,1.0,CRITICAL,0
Barmer Sector,25.7,71.4,Rajasthan Border,train_test_network.csv,12,0,1.0,0.0,6.67,0,0,NORMAL,0,0.0,1.0,0.0,LOW,0
Depsang Plains,35.1,77.8,Ladakh LAC,train_test_network.csv,12,0,0.0,0.0,6.67,0,0,SCANNING,0,0.0,1.0,1.0,CRITICAL,0
Galwan Valley,34.4,73.6,J&K LoC,train_test_network.csv,12,0,0.0,0.0,6.67,0,0,DOS,0,0.0,1.0,1.0,CRITICAL,0
Pangong Tso,33.7,78.9,Ladakh LAC,train_test_network.csv,12,0,1.0,0.0,6.67,0,0,NORMAL,0,0.0,1.0,0.0,LOW,0
Doklam Plateau,27.3,89.1,Sikkim Ridge,train_test_network.csv,12,0,0.0,0.0,6.67,0,0,PASSWORD,0,0.0,1.0,1.0,CRITICAL,0
Anjaw District,28.1,96.3,Arunachal Sector,train_test_network.csv,12,0,1.0,0.0,6.67,0,0,PASSWORD,0,0.0,1.0,1.0,CRITICAL,0
Siachen Glacier,35.5,76.9,Ladakh LAC,train_test_network.csv,12,0,0.35,0.0,6.67,0,0,DOS,0,0.0,1.0,1.0,CRITICAL,0
Anjaw District,28.1,96.3,Arunachal Sector,train_test_network.csv,12,0,0.0,0.0,6.67,0,0,NORMAL,0,0.0,1.0,0.0,LOW,0
Anjaw District,28.1,96.3,Arunachal Sector,train_test_network.csv,12,0,0.0,0.0,6.67,0,0,NORMAL,0,0.0,1.0,0.0,LOW,0
Nathula Pass,27.4,88.8,Sikkim Ridge,train_test_network.csv,12,0,0.0,0.0,6.67,0,0,BACKDOOR,0,0.0,1.0,1.0,CRITICAL,0
Lipulekh Pass,30.2,80.3,Uttarakhand Pass,train_test_network.csv,12,0,0.0,0.0,6.67,0,0,XSS,0,0.0,1.0,1.0,CRITICAL,0
Pir Panjal Range,33.5,74.2,J&K LoC,train_test_network.csv,12,0,0.0,0.0,6.67,0,0,RANSOMWARE,0,0.0,1.0,1.0,CRITICAL,0
Rann of Kutch,23.9,70.0,Gujarat Coast,train_test_network.csv,12,0,0.52,0.0,6.67,0,0,DDOS,0,0.0,1.0,1.0,CRITICAL,0
Tawang Sector,27.6,91.9,Arunachal Sector,train_test_network.csv,12,0,0.0,0.0,6.67,0,0,SCANNING,0,0.0,1.0,1.0,CRITICAL,0
Pir Panjal Range,33.5,74.2,J&K LoC,train_test_network.csv,12,0,1.0,0.0,6.67,0,0,NORMAL,0,0.0,1.0,0.0,LOW,0
Nathula Pass,27.4,88.8,Sikkim Ridge,train_test_network.csv,12,0,0.0,0.0,6.67,0,0,XSS,0,0.0,1.0,1.0,CRITICAL,0
Siachen Glacier,35.5,76.9,Ladakh LAC,train_test_network.csv,12,0,0.0,0.0,6.67,0,0,BACKDOOR,0,0.0,1.0,1.0,CRITICAL,0
Anjaw District,28.1,96.3,Arunachal Sector,train_test_network.csv,12,0,1.0,0.0,6.67,0,0,INJECTION,0,0.0,1.0,1.0,CRITICAL,0
Kutch Gulf,23.0,68.9,Gujarat Coast,train_test_network.csv,12,0,0.0,0.0,6.67,0,0,BACKDOOR,0,0.0,1.0,1.0,CRITICAL,0
Rann of Kutch,23.9,70.0,Gujarat Coast,train_test_network.csv,12,0,0.0,0.0,6.67,0,0,DOS,0,0.0,1.0,1.0,CRITICAL,0
Anjaw District,28.1,96.3,Arunachal Sector,train_test_network.csv,12,0,0.0,0.0,6.67,0,0,DDOS,0,0.0,1.0,1.0,CRITICAL,0
Siachen Glacier,35.5,76.9,Ladakh LAC,train_test_network.csv,12,0,0.0,0.0,6.67,0,0,NORMAL,0,0.0,1.0,0.0,LOW,0
Siachen Glacier,35.5,76.9,Ladakh LAC,train_test_network.csv,12,0,0.0,0.0,6.67,0,0,NORMAL,0,0.0,1.0,0.0,LOW,0
Galwan Valley,34.4,73.6,J&K LoC,train_test_network.csv,12,0,0.0,0.0,6.67,0,0,DDOS,0,0.0,1.0,1.0,CRITICAL,0
Barmer Sector,25.7,71.4,Rajasthan Border,train_test_network.csv,12,0,1.0,0.0,6.67,0,0,INJECTION,0,0.0,1.0,1.0,CRITICAL,0
Nathula Pass,27.4,88.8,Sikkim Ridge,train_test_network.csv,12,0,0.0,0.0,6.67,0,0,DOS,0,0.0,1.0,1.0,CRITICAL,0
Doklam Plateau,27.3,89.1,Sikkim Ridge,train_test_network.csv,12,0,0.0,0.0,6.67,0,0,NORMAL,0,0.0,1.0,0.0,LOW,0
Barmer Sector,25.7,71.4,Rajasthan Border,train_test_network.csv,12,0,0.0,0.0,6.67,0,0,RANSOMWARE,0,0.0,1.0,1.0,CRITICAL,0
Rann of Kutch,23.9,70.0,Gujarat Coast,train_test_network.csv,12,0,0.8,0.0,6.67,0,0,XSS,0,0.0,1.0,1.0,CRITICAL,0
Kutch Gulf,23.0,68.9,Gujarat Coast,train_test_network.csv,12,0,1.0,0.0,6.67,0,0,PASSWORD,0,0.0,1.0,1.0,CRITICAL,0
Siachen Glacier,35.5,76.9,Ladakh LAC,train_test_network.csv,12,0,0.0,0.0,6.67,0,0,BACKDOOR,0,0.0,1.0,1.0,CRITICAL,0
Lipulekh Pass,30.2,80.3,Uttarakhand Pass,train_test_network.csv,12,0,0.0,0.0,6.67,0,0,BACKDOOR,0,0.0,1.0,1.0,CRITICAL,0
Pir Panjal Range,33.5,74.2,J&K LoC,train_test_network.csv,12,0,0.0,0.0,6.67,0,0,BACKDOOR,0,0.0,1.0,1.0,CRITICAL,0
Kutch Gulf,23.0,68.9,Gujarat Coast,train_test_network.csv,12,0,1.0,0.0,6.67,0,0,NORMAL,0,0.0,1.0,0.0,LOW,0
Tawang Sector,27.6,91.9,Arunachal Sector,train_test_network.csv,12,0,0.0,0.0,6.67,0,0,RANSOMWARE,0,0.0,1.0,1.0,CRITICAL,0
Anjaw District,28.1,96.3,Arunachal Sector,train_test_network.csv,12,0,0.0,0.0,6.67,0,0,SCANNING,0,0.0,1.0,1.0,CRITICAL,0
Pir Panjal Range,33.5,74.2,J&K LoC,train_test_network.csv,12,0,0.52,0.0,6.67,0,0,DDOS,0,0.0,1.0,1.0,CRITICAL,0
Depsang Plains,35.1,77.8,Ladakh LAC,train_test_network.csv,12,0,0.0,0.0,6.67,0,0,BACKDOOR,0,0.0,1.0,1.0,CRITICAL,0
Nathula Pass,27.4,88.8,Sikkim Ridge,train_test_network.csv,12,0,0.0,0.0,6.67,0,0,DDOS,0,0.0,1.0,1.0,CRITICAL,0
Galwan Valley,34.4,73.6,J&K LoC,train_test_network.csv,12,0,0.0,0.0,6.67,0,0,RANSOMWARE,0,0.0,1.0,1.0,CRITICAL,0
Pir Panjal Range,33.5,74.2,J&K LoC,train_test_network.csv,12,0,0.0,0.0,6.67,0,0,NORMAL,0,0.0,1.0,0.0,LOW,0
Depsang Plains,35.1,77.8,Ladakh LAC,train_test_network.csv,12,0,1.0,0.0,6.67,0,0,DDOS,0,0.0,1.0,1.0,CRITICAL,0
Depsang Plains,35.1,77.8,Ladakh LAC,train_test_network.csv,12,0,0.0,0.0,6.67,0,0,DOS,0,0.0,1.0,1.0,CRITICAL,0
Tawang Sector,27.6,91.9,Arunachal Sector,train_test_network.csv,12,0,0.52,0.0,6.67,0,0,SCANNING,0,0.0,1.0,1.0,CRITICAL,0
Pangong Tso,33.7,78.9,Ladakh LAC,train_test_network.csv,12,0,0.0,0.0,6.67,0,0,RANSOMWARE,0,0.0,1.0,1.0,CRITICAL,0
Nathula Pass,27.4,88.8,Sikkim Ridge,train_test_network.csv,12,0,0.0,0.0,6.67,0,0,DOS,0,0.0,1.0,1.0,CRITICAL,0
Tawang Sector,27.6,91.9,Arunachal Sector,train_test_network.csv,12,0,0.0,0.0,6.67,0,0,RANSOMWARE,0,0.0,1.0,1.0,CRITICAL,0
Anjaw District,28.1,96.3,Arunachal Sector,train_test_network.csv,12,0,0.0,0.0,6.67,0,0,NORMAL,0,0.0,1.0,0.0,LOW,0
Lipulekh Pass,30.2,80.3,Uttarakhand Pass,train_test_network.csv,12,0,0.0,0.0,6.67,0,0,BACKDOOR,0,0.0,1.0,1.0,CRITICAL,0
Lipulekh Pass,30.2,80.3,Uttarakhand Pass,train_test_network.csv,12,0,1.0,0.0,6.67,0,0,INJECTION,0,0.0,1.0,1.0,CRITICAL,0
Mizoram Border,22.7,92.7,Northeast Sector,train_test_network.csv,12,0,0.0,0.0,6.67,0,0,NORMAL,0,0.0,1.0,0.0,LOW,0
Nathula Pass,27.4,88.8,Sikkim Ridge,train_test_network.csv,12,0,0.0,0.0,6.67,0,0,BACKDOOR,0,0.0,1.0,1.0,CRITICAL,0
Lipulekh Pass,30.2,80.3,Uttarakhand Pass,train_test_network.csv,12,0,1.0,0.0,6.67,0,0,INJECTION,0,0.0,1.0,1.0,CRITICAL,0
Barmer Sector,25.7,71.4,Rajasthan Border,train_test_network.csv,12,0,0.0,0.0,6.67,0,0,NORMAL,0,0.0,1.0,0.0,LOW,0
Siachen Glacier,35.5,76.9,Ladakh LAC,train_test_network.csv,12,0,1.0,0.0,6.67,0,0,INJECTION,0,0.0,1.0,1.0,CRITICAL,0
Barmer Sector,25.7,71.4,Rajasthan Border,train_test_network.csv,12,0,0.0,0.0,6.67,0,0,SCANNING,0,0.0,1.0,1.0,CRITICAL,0
Rann of Kutch,23.9,70.0,Gujarat Coast,train_test_network.csv,12,0,1.0,0.0,6.67,0,0,INJECTION,0,0.0,1.0,1.0,CRITICAL,0
Tawang Sector,27.6,91.9,Arunachal Sector,train_test_network.csv,12,0,0.0,0.0,6.67,0,0,RANSOMWARE,0,0.0,1.0,1.0,CRITICAL,0
Siachen Glacier,35.5,76.9,Ladakh LAC,train_test_network.csv,12,0,0.0,0.0,6.67,0,0,BACKDOOR,0,0.0,1.0,1.0,CRITICAL,0
Anjaw District,28.1,96.3,Arunachal Sector,train_test_network.csv,12,0,0.0,0.0,6.67,0,0,NORMAL,0,0.0,1.0,0.0,LOW,0
Tawang Sector,27.6,91.9,Arunachal Sector,train_test_network.csv,12,0,0.0,0.0,6.67,0,0,NORMAL,0,0.0,1.0,0.0,LOW,0
Lipulekh Pass,30.2,80.3,Uttarakhand Pass,train_test_network.csv,12,0,0.0,0.0,6.67,0,0,RANSOMWARE,0,0.0,1.0,1.0,CRITICAL,0
Rann of Kutch,23.9,70.0,Gujarat Coast,train_test_network.csv,12,0,0.35,0.0,6.67,0,0,DOS,0,0.0,1.0,1.0,CRITICAL,0
Lipulekh Pass,30.2,80.3,Uttarakhand Pass,train_test_network.csv,12,0,0.0,0.0,6.67,0,0,NORMAL,0,0.0,1.0,0.0,LOW,0
Galwan Valley,34.4,73.6,J&K LoC,train_test_network.csv,12,0,1.0,0.0,6.67,0,0,INJECTION,0,0.0,1.0,1.0,CRITICAL,0
Tawang Sector,27.6,91.9,Arunachal Sector,train_test_network.csv,12,0,0.0,0.0,6.67,0,0,DOS,0,0.0,1.0,1.0,CRITICAL,0
Barmer Sector,25.7,71.4,Rajasthan Border,train_test_network.csv,12,0,0.0,0.0,6.67,0,0,PASSWORD,0,0.0,1.0,1.0,CRITICAL,0
Tawang Sector,27.6,91.9,Arunachal Sector,train_test_network.csv,12,0,0.0,0.0,6.67,0,0,NORMAL,0,0.0,1.0,0.0,LOW,0
Lipulekh Pass,30.2,80.3,Uttarakhand Pass,train_test_network.csv,12,0,0.0,0.0,6.67,0,0,NORMAL,0,0.0,1.0,0.0,LOW,0
Barmer Sector,25.7,71.4,Rajasthan Border,train_test_network.csv,12,0,0.0,0.0,6.67,0,0,DOS,0,0.0,1.0,1.0,CRITICAL,0
Tawang Sector,27.6,91.9,Arunachal Sector,train_test_network.csv,12,0,0.31,0.0,6.67,0,0,NORMAL,0,0.0,1.0,0.0,LOW,0
Wagah Border,31.6,74.6,Punjab Sector,train_test_network.csv,12,0,0.0,0.0,6.67,0,0,SCANNING,0,0.0,1.0,1.0,CRITICAL,0
Anjaw District,28.1,96.3,Arunachal Sector,train_test_network.csv,12,0,0.0,0.0,6.67,0,0,DOS,0,0.0,1.0,1.0,CRITICAL,0
Siachen Glacier,35.5,76.9,Ladakh LAC,train_test_network.csv,12,0,0.0,0.0,6.67,0,0,NORMAL,0,0.0,1.0,0.0,LOW,0
Anjaw District,28.1,96.3,Arunachal Sector,train_test_network.csv,12,0,0.0,0.0,6.67,0,0,NORMAL,0,0.0,1.0,0.0,LOW,0
Doklam Plateau,27.3,89.1,Sikkim Ridge,train_test_network.csv,12,0,0.0,0.0,6.67,0,0,DDOS,0,0.0,1.0,1.0,CRITICAL,0
Depsang Plains,35.1,77.8,Ladakh LAC,train_test_network.csv,12,0,0.0,0.0,6.67,0,0,NORMAL,0,0.0,1.0,0.0,LOW,0
Pir Panjal Range,33.5,74.2,J&K LoC,train_test_network.csv,12,0,0.0,0.0,6.67,0,0,DOS,0,0.0,1.0,1.0,CRITICAL,0
Nathula Pass,27.4,88.8,Sikkim Ridge,train_test_network.csv,12,0,0.0,0.0,6.67,0,0,SCANNING,0,0.0,1.0,1.0,CRITICAL,0
Depsang Plains,35.1,77.8,Ladakh LAC,train_test_network.csv,12,0,0.0,0.0,6.67,0,0,DOS,0,0.0,1.0,1.0,CRITICAL,0
Pir Panjal Range,33.5,74.2,J&K LoC,train_test_network.csv,12,0,1.0,0.0,6.67,0,0,BACKDOOR,0,0.0,1.0,1.0,CRITICAL,0
Rann of Kutch,23.9,70.0,Gujarat Coast,train_test_network.csv,12,0,0.0,0.0,6.67,0,0,BACKDOOR,0,0.0,1.0,1.0,CRITICAL,0
Depsang Plains,35.1,77.8,Ladakh LAC,train_test_network.csv,12,0,0.0,0.0,6.67,0,0,BACKDOOR,0,0.0,1.0,1.0,CRITICAL,0
Siachen Glacier,35.5,76.9,Ladakh LAC,train_test_network.csv,12,0,1.0,0.0,6.67,0,0,INJECTION,0,0.0,1.0,1.0,CRITICAL,0
Anjaw District,28.1,96.3,Arunachal Sector,train_test_network.csv,12,0,0.0,0.0,6.67,0,0,NORMAL,0,0.0,1.0,0.0,LOW,0
Nathula Pass,27.4,88.8,Sikkim Ridge,train_test_network.csv,12,0,1.0,0.0,6.67,0,0,INJECTION,0,0.0,1.0,1.0,CRITICAL,0
Barmer Sector,25.7,71.4,Rajasthan Border,train_test_network.csv,12,0,0.0,0.0,6.67,0,0,SCANNING,0,0.0,1.0,1.0,CRITICAL,0
Doklam Plateau,27.3,89.1,Sikkim Ridge,train_test_network.csv,12,0,0.44,0.0,6.67,0,0,DOS,0,0.0,1.0,1.0,CRITICAL,0
Wagah Border,31.6,74.6,Punjab Sector,train_test_network.csv,12,0,0.0,0.0,6.67,0,0,DDOS,0,0.0,1.0,1.0,CRITICAL,0
Depsang Plains,35.1,77.8,Ladakh LAC,train_test_network.csv,12,0,0.0,0.0,6.67,0,0,NORMAL,0,0.0,1.0,0.0,LOW,0
Wagah Border,31.6,74.6,Punjab Sector,train_test_network.csv,12,0,1.0,0.0,6.67,0,0,NORMAL,0,0.0,1.0,0.0,LOW,0
Pir Panjal Range,33.5,74.2,J&K LoC,train_test_network.csv,12,0,0.0,0.0,6.67,0,0,DOS,0,0.0,1.0,1.0,CRITICAL,0
Nathula Pass,27.4,88.8,Sikkim Ridge,train_test_network.csv,12,0,1.0,0.0,6.67,0,0,NORMAL,0,0.0,1.0,0.0,LOW,0
Doklam Plateau,27.3,89.1,Sikkim Ridge,train_test_network.csv,12,0,0.0,0.0,6.67,0,0,NORMAL,0,0.0,1.0,0.0,LOW,0
Tawang Sector,27.6,91.9,Arunachal Sector,train_test_network.csv,12,0,1.0,0.0,6.67,0,0,PASSWORD,0,0.0,1.0,1.0,CRITICAL,0
Mizoram Border,22.7,92.7,Northeast Sector,train_test_network.csv,12,0,0.0,0.0,6.67,0,0,NORMAL,0,0.0,1.0,0.0,LOW,0
Depsang Plains,35.1,77.8,Ladakh LAC,train_test_network.csv,12,0,0.54,0.0,6.67,0,0,DDOS,0,0.0,1.0,1.0,CRITICAL,0
Tawang Sector,27.6,91.9,Arunachal Sector,train_test_network.csv,12,0,1.0,0.0,6.67,0,0,XSS,0,0.0,1.0,1.0,CRITICAL,0
Siachen Glacier,35.5,76.9,Ladakh LAC,train_test_network.csv,12,0,1.0,0.0,6.67,0,0,NORMAL,0,0.0,1.0,0.0,LOW,0
Rann of Kutch,23.9,70.0,Gujarat Coast,train_test_network.csv,12,0,0.0,0.0,6.67,0,0,NORMAL,0,0.0,1.0,0.0,LOW,0
Nathula Pass,27.4,88.8,Sikkim Ridge,train_test_network.csv,12,0,0.0,0.0,6.67,0,0,RANSOMWARE,0,0.0,1.0,1.0,CRITICAL,0
Pir Panjal Range,33.5,74.2,J&K LoC,train_test_network.csv,12,0,1.0,0.0,6.67,0,0,INJECTION,0,0.0,1.0,1.0,CRITICAL,0
Wagah Border,31.6,74.6,Punjab Sector,train_test_network.csv,12,0,0.0,0.0,6.67,0,0,DOS,0,0.0,1.0,1.0,CRITICAL,0
Lipulekh Pass,30.2,80.3,Uttarakhand Pass,train_test_network.csv,12,0,0.8,0.0,6.67,0,0,XSS,0,0.0,1.0,1.0,CRITICAL,0
Nathula Pass,27.4,88.8,Sikkim Ridge,train_test_network.csv,12,0,1.0,0.0,6.67,0,0,XSS,0,0.0,1.0,1.0,CRITICAL,0
Pangong Tso,33.7,78.9,Ladakh LAC,train_test_network.csv,12,0,0.0,0.0,6.67,0,0,NORMAL,0,0.0,1.0,0.0,LOW,0
Lipulekh Pass,30.2,80.3,Uttarakhand Pass,train_test_network.csv,12,0,0.0,0.0,6.67,0,0,RANSOMWARE,0,0.0,1.0,1.0,CRITICAL,0
Barmer Sector,25.7,71.4,Rajasthan Border,train_test_network.csv,12,0,0.0,0.0,6.67,0,0,BACKDOOR,0,0.0,1.0,1.0,CRITICAL,0
Mizoram Border,22.7,92.7,Northeast Sector,train_test_network.csv,12,0,0.56,0.0,6.67,0,0,NORMAL,0,0.0,1.0,0.0,LOW,0
Lipulekh Pass,30.2,80.3,Uttarakhand Pass,train_test_network.csv,12,0,1.0,0.0,6.67,0,0,INJECTION,0,0.0,1.0,1.0,CRITICAL,0
Mizoram Border,22.7,92.7,Northeast Sector,train_test_network.csv,12,0,1.0,0.0,6.67,0,0,NORMAL,0,0.0,1.0,0.0,LOW,0
Mizoram Border,22.7,92.7,Northeast Sector,train_test_network.csv,12,0,0.0,0.0,6.67,0,0,DDOS,0,0.0,1.0,1.0,CRITICAL,0
Nathula Pass,27.4,88.8,Sikkim Ridge,train_test_network.csv,12,0,0.0,0.0,6.67,0,0,BACKDOOR,0,0.0,1.0,1.0,CRITICAL,0
Doklam Plateau,27.3,89.1,Sikkim Ridge,train_test_network.csv,12,0,0.0,0.0,6.67,0,0,RANSOMWARE,0,0.0,1.0,1.0,CRITICAL,0
Siachen Glacier,35.5,76.9,Ladakh LAC,train_test_network.csv,12,0,0.0,0.0,6.67,0,0,SCANNING,0,0.0,1.0,1.0,CRITICAL,0
Tawang Sector,27.6,91.9,Arunachal Sector,train_test_network.csv,12,0,0.0,0.0,6.67,0,0,RANSOMWARE,0,0.0,1.0,1.0,CRITICAL,0
Pir Panjal Range,33.5,74.2,J&K LoC,train_test_network.csv,12,0,0.5,0.0,6.67,0,0,NORMAL,0,0.0,1.0,0.0,LOW,0
Siachen Glacier,35.5,76.9,Ladakh LAC,train_test_network.csv,12,0,0.0,0.0,6.67,0,0,DOS,0,0.0,1.0,1.0,CRITICAL,0
Anjaw District,28.1,96.3,Arunachal Sector,train_test_network.csv,12,0,0.0,0.0,6.67,0,0,BACKDOOR,0,0.0,1.0,1.0,CRITICAL,0
Barmer Sector,25.7,71.4,Rajasthan Border,train_test_network.csv,12,0,1.0,0.0,6.67,0,0,XSS,0,0.0,1.0,1.0,CRITICAL,0
Pangong Tso,33.7,78.9,Ladakh LAC,train_test_network.csv,12,0,0.0,0.0,6.67,0,0,SCANNING,0,0.0,1.0,1.0,CRITICAL,0
Mizoram Border,22.7,92.7,Northeast Sector,train_test_network.csv,12,0,0.0,0.0,6.67,0,0,RANSOMWARE,0,0.0,1.0,1.0,CRITICAL,0
Wagah Border,31.6,74.6,Punjab Sector,train_test_network.csv,12,0,0.0,0.0,6.67,0,0,SCANNING,0,0.0,1.0,1.0,CRITICAL,0
Depsang Plains,35.1,77.8,Ladakh LAC,train_test_network.csv,12,0,0.31,0.0,6.67,0,0,NORMAL,0,0.0,1.0,0.0,LOW,0
Pangong Tso,33.7,78.9,Ladakh LAC,train_test_network.csv,12,0,0.0,0.0,6.67,0,0,SCANNING,0,0.0,1.0,1.0,CRITICAL,0
Kutch Gulf,23.0,68.9,Gujarat Coast,train_test_network.csv,12,0,0.0,0.0,6.67,0,0,RANSOMWARE,0,0.0,1.0,1.0,CRITICAL,0
Rann of Kutch,23.9,70.0,Gujarat Coast,train_test_network.csv,12,0,0.0,0.0,6.67,0,0,NORMAL,0,0.0,1.0,0.0,LOW,0
Pir Panjal Range,33.5,74.2,J&K LoC,train_test_network.csv,12,0,0.0,0.0,6.67,0,0,RANSOMWARE,0,0.0,1.0,1.0,CRITICAL,0
Rann of Kutch,23.9,70.0,Gujarat Coast,train_test_network.csv,12,0,0.0,0.0,6.67,0,0,DOS,0,0.0,1.0,1.0,CRITICAL,0
Galwan Valley,34.4,73.6,J&K LoC,train_test_network.csv,12,0,1.0,0.0,6.67,0,0,INJECTION,0,0.0,1.0,1.0,CRITICAL,0
Barmer Sector,25.7,71.4,Rajasthan Border,train_test_network.csv,12,0,0.0,0.0,6.67,0,0,RANSOMWARE,0,0.0,1.0,1.0,CRITICAL,0
Galwan Valley,34.4,73.6,J&K LoC,train_test_network.csv,12,0,0.48,0.0,6.67,0,0,NORMAL,0,0.0,1.0,0.0,LOW,0
Galwan Valley,34.4,73.6,J&K LoC,train_test_network.csv,12,0,0.58,0.0,6.67,0,0,DDOS,0,0.0,1.0,1.0,CRITICAL,0
Barmer Sector,25.7,71.4,Rajasthan Border,train_test_network.csv,12,0,0.0,0.0,6.67,0,0,SCANNING,0,0.0,1.0,1.0,CRITICAL,0
Nathula Pass,27.4,88.8,Sikkim Ridge,train_test_network.csv,12,0,0.0,0.0,6.67,0,0,DDOS,0,0.0,1.0,1.0,CRITICAL,0
Wagah Border,31.6,74.6,Punjab Sector,train_test_network.csv,12,0,1.0,0.0,6.67,0,0,XSS,0,0.0,1.0,1.0,CRITICAL,0
Rann of Kutch,23.9,70.0,Gujarat Coast,train_test_network.csv,12,0,0.0,0.0,6.67,0,0,DOS,0,0.0,1.0,1.0,CRITICAL,0
Galwan Valley,34.4,73.6,J&K LoC,train_test_network.csv,12,0,1.0,0.0,6.67,0,0,PASSWORD,0,0.0,1.0,1.0,CRITICAL,0
Nathula Pass,27.4,88.8,Sikkim Ridge,train_test_network.csv,12,0,1.0,0.0,6.67,0,0,PASSWORD,0,0.0,1.0,1.0,CRITICAL,0
Rann of Kutch,23.9,70.0,Gujarat Coast,train_test_network.csv,12,0,0.0,0.0,6.67,0,0,NORMAL,0,0.0,1.0,0.0,LOW,0
Doklam Plateau,27.3,89.1,Sikkim Ridge,train_test_network.csv,12,0,1.0,0.0,6.67,0,0,INJECTION,0,0.0,1.0,1.0,CRITICAL,0
Nathula Pass,27.4,88.8,Sikkim Ridge,train_test_network.csv,12,0,0.49,0.0,6.67,0,0,NORMAL,0,0.0,1.0,0.0,LOW,0
Nathula Pass,27.4,88.8,Sikkim Ridge,train_test_network.csv,12,0,0.0,0.0,6.67,0,0,DOS,0,0.0,1.0,1.0,CRITICAL,0
Pir Panjal Range,33.5,74.2,J&K LoC,train_test_network.csv,12,0,0.0,0.0,6.67,0,0,DOS,0,0.0,1.0,1.0,CRITICAL,0
Depsang Plains,35.1,77.8,Ladakh LAC,train_test_network.csv,12,0,0.0,0.0,6.67,0,0,NORMAL,0,0.0,1.0,0.0,LOW,0
Pir Panjal Range,33.5,74.2,J&K LoC,train_test_network.csv,12,0,0.0,0.0,6.67,0,0,NORMAL,0,0.0,1.0,0.0,LOW,0
Rann of Kutch,23.9,70.0,Gujarat Coast,train_test_network.csv,12,0,0.0,0.0,6.67,0,0,BACKDOOR,0,0.0,1.0,1.0,CRITICAL,0
Rann of Kutch,23.9,70.0,Gujarat Coast,train_test_network.csv,12,0,0.0,0.0,6.67,0,0,BACKDOOR,0,0.0,1.0,1.0,CRITICAL,0
Doklam Plateau,27.3,89.1,Sikkim Ridge,train_test_network.csv,12,0,0.0,0.0,6.67,0,0,RANSOMWARE,0,0.0,1.0,1.0,CRITICAL,0
Nathula Pass,27.4,88.8,Sikkim Ridge,train_test_network.csv,12,0,1.0,0.0,6.67,0,0,INJECTION,0,0.0,1.0,1.0,CRITICAL,0
Anjaw District,28.1,96.3,Arunachal Sector,train_test_network.csv,12,0,1.0,0.0,6.67,0,0,PASSWORD,0,0.0,1.0,1.0,CRITICAL,0
Pangong Tso,33.7,78.9,Ladakh LAC,train_test_network.csv,12,0,0.0,0.0,6.67,0,0,SCANNING,0,0.0,1.0,1.0,CRITICAL,0
Pir Panjal Range,33.5,74.2,J&K LoC,train_test_network.csv,12,0,0.0,0.0,6.67,0,0,BACKDOOR,0,0.0,1.0,1.0,CRITICAL,0
Nathula Pass,27.4,88.8,Sikkim Ridge,train_test_network.csv,12,0,1.0,0.0,6.67,0,0,PASSWORD,0,0.0,1.0,1.0,CRITICAL,0
Barmer Sector,25.7,71.4,Rajasthan Border,train_test_network.csv,12,0,0.0,0.0,6.67,0,0,DOS,0,0.0,1.0,1.0,CRITICAL,0
Galwan Valley,34.4,73.6,J&K LoC,train_test_network.csv,12,0,0.0,0.0,6.67,0,0,NORMAL,0,0.0,1.0,0.0,LOW,0
Kutch Gulf,23.0,68.9,Gujarat Coast,train_test_network.csv,12,0,1.0,0.0,6.67,0,0,NORMAL,0,0.0,1.0,0.0,LOW,0
Wagah Border,31.6,74.6,Punjab Sector,train_test_network.csv,12,0,0.0,0.0,6.67,0,0,NORMAL,0,0.0,1.0,0.0,LOW,0
Mizoram Border,22.7,92.7,Northeast Sector,train_test_network.csv,12,0,1.0,0.0,6.67,0,0,NORMAL,0,0.0,1.0,0.0,LOW,0
Siachen Glacier,35.5,76.9,Ladakh LAC,train_test_network.csv,12,0,0.0,0.0,6.67,0,0,DOS,0,0.0,1.0,1.0,CRITICAL,0
Lipulekh Pass,30.2,80.3,Uttarakhand Pass,train_test_network.csv,12,0,0.0,0.0,6.67,0,0,XSS,0,0.0,1.0,1.0,CRITICAL,0
Nathula Pass,27.4,88.8,Sikkim Ridge,train_test_network.csv,12,0,1.0,0.0,6.67,0,0,INJECTION,0,0.0,1.0,1.0,CRITICAL,0
Lipulekh Pass,30.2,80.3,Uttarakhand Pass,train_test_network.csv,12,0,1.0,0.0,6.67,0,0,INJECTION,0,0.0,1.0,1.0,CRITICAL,0
Depsang Plains,35.1,77.8,Ladakh LAC,train_test_network.csv,12,0,0.0,0.0,6.67,0,0,BACKDOOR,0,0.0,1.0,1.0,CRITICAL,0
Nathula Pass,27.4,88.8,Sikkim Ridge,train_test_network.csv,12,0,0.0,0.0,6.67,0,0,NORMAL,0,0.0,1.0,0.0,LOW,0
Tawang Sector,27.6,91.9,Arunachal Sector,train_test_network.csv,12,0,1.0,0.0,6.67,0,0,INJECTION,0,0.0,1.0,1.0,CRITICAL,0
Wagah Border,31.6,74.6,Punjab Sector,train_test_network.csv,12,0,0.0,0.0,6.67,0,0,XSS,0,0.0,1.0,1.0,CRITICAL,0
Pangong Tso,33.7,78.9,Ladakh LAC,train_test_network.csv,12,0,0.0,0.0,6.67,0,0,BACKDOOR,0,0.0,1.0,1.0,CRITICAL,0
Doklam Plateau,27.3,89.1,Sikkim Ridge,train_test_network.csv,12,0,0.0,0.0,6.67,0,0,SCANNING,0,0.0,1.0,1.0,CRITICAL,0
Wagah Border,31.6,74.6,Punjab Sector,train_test_network.csv,12,0,0.58,0.0,6.67,0,0,DDOS,0,0.0,1.0,1.0,CRITICAL,0
Depsang Plains,35.1,77.8,Ladakh LAC,train_test_network.csv,12,0,0.0,0.0,6.67,0,0,DOS,0,0.0,1.0,1.0,CRITICAL,0
Kutch Gulf,23.0,68.9,Gujarat Coast,train_test_network.csv,12,0,1.0,0.0,6.67,0,0,INJECTION,0,0.0,1.0,1.0,CRITICAL,0
Barmer Sector,25.7,71.4,Rajasthan Border,train_test_network.csv,12,0,0.0,0.0,6.67,0,0,BACKDOOR,0,0.0,1.0,1.0,CRITICAL,0
Depsang Plains,35.1,77.8,Ladakh LAC,train_test_network.csv,12,0,0.0,0.0,6.67,0,0,BACKDOOR,0,0.0,1.0,1.0,CRITICAL,0
Depsang Plains,35.1,77.8,Ladakh LAC,train_test_network.csv,12,0,0.31,0.0,6.67,0,0,NORMAL,0,0.0,1.0,0.0,LOW,0
Rann of Kutch,23.9,70.0,Gujarat Coast,train_test_network.csv,12,0,0.0,0.0,6.67,0,0,BACKDOOR,0,0.0,1.0,1.0,CRITICAL,0
Tawang Sector,27.6,91.9,Arunachal Sector,train_test_network.csv,12,0,1.0,0.0,6.67,0,0,PASSWORD,0,0.0,1.0,1.0,CRITICAL,0
Rann of Kutch,23.9,70.0,Gujarat Coast,train_test_network.csv,12,0,0.0,0.0,6.67,0,0,BACKDOOR,0,0.0,1.0,1.0,CRITICAL,0
Nathula Pass,27.4,88.8,Sikkim Ridge,train_test_network.csv,12,0,0.0,0.0,6.67,0,0,NORMAL,0,0.0,1.0,0.0,LOW,0
Anjaw District,28.1,96.3,Arunachal Sector,train_test_network.csv,12,0,0.0,0.0,6.67,0,0,RANSOMWARE,0,0.0,1.0,1.0,CRITICAL,0
Tawang Sector,27.6,91.9,Arunachal Sector,train_test_network.csv,12,0,0.0,0.0,6.67,0,0,DOS,0,0.0,1.0,1.0,CRITICAL,0
Wagah Border,31.6,74.6,Punjab Sector,train_test_network.csv,12,0,1.0,0.0,6.67,0,0,INJECTION,0,0.0,1.0,1.0,CRITICAL,0
Galwan Valley,34.4,73.6,J&K LoC,train_test_network.csv,12,0,0.0,0.0,6.67,0,0,BACKDOOR,0,0.0,1.0,1.0,CRITICAL,0
Doklam Plateau,27.3,89.1,Sikkim Ridge,train_test_network.csv,12,0,0.0,0.0,6.67,0,0,XSS,0,0.0,1.0,1.0,CRITICAL,0
Anjaw District,28.1,96.3,Arunachal Sector,train_test_network.csv,12,0,0.0,0.0,6.67,0,0,BACKDOOR,0,0.0,1.0,1.0,CRITICAL,0
Siachen Glacier,35.5,76.9,Ladakh LAC,train_test_network.csv,12,0,0.54,0.0,6.67,0,0,DDOS,0,0.0,1.0,1.0,CRITICAL,0
Anjaw District,28.1,96.3,Arunachal Sector,train_test_network.csv,12,0,1.0,0.0,6.67,0,0,XSS,0,0.0,1.0,1.0,CRITICAL,0
Nathula Pass,27.4,88.8,Sikkim Ridge,train_test_network.csv,12,0,0.52,0.0,6.67,0,0,DDOS,0,0.0,1.0,1.0,CRITICAL,0
Barmer Sector,25.7,71.4,Rajasthan Border,train_test_network.csv,12,0,0.0,0.0,6.67,0,0,PASSWORD,0,0.0,1.0,1.0,CRITICAL,0
Galwan Valley,34.4,73.6,J&K LoC,train_test_network.csv,12,0,0.0,0.0,6.67,0,0,DDOS,0,0.0,1.0,1.0,CRITICAL,0
Pir Panjal Range,33.5,74.2,J&K LoC,train_test_network.csv,12,0,1.0,0.0,6.67,0,0,INJECTION,0,0.0,1.0,1.0,CRITICAL,0
Pir Panjal Range,33.5,74.2,J&K LoC,train_test_network.csv,12,0,1.0,0.0,6.67,0,0,NORMAL,0,0.0,1.0,0.0,LOW,0
Barmer Sector,25.7,71.4,Rajasthan Border,train_test_network.csv,12,0,0.0,0.0,6.67,0,0,DDOS,0,0.0,1.0,1.0,CRITICAL,0
Pir Panjal Range,33.5,74.2,J&K LoC,train_test_network.csv,12,0,0.0,0.0,6.67,0,0,BACKDOOR,0,0.0,1.0,1.0,CRITICAL,0
Doklam Plateau,27.3,89.1,Sikkim Ridge,train_test_network.csv,12,0,0.0,0.0,6.67,0,0,DOS,0,0.0,1.0,1.0,CRITICAL,0
Rann of Kutch,23.9,70.0,Gujarat Coast,train_test_network.csv,12,0,0.0,0.0,6.67,0,0,DDOS,0,0.0,1.0,1.0,CRITICAL,0
Barmer Sector,25.7,71.4,Rajasthan Border,train_test_network.csv,12,0,0.0,0.0,6.67,0,0,NORMAL,0,0.0,1.0,0.0,LOW,0
Lipulekh Pass,30.2,80.3,Uttarakhand Pass,train_test_network.csv,12,0,0.0,0.0,6.67,0,0,DOS,0,0.0,1.0,1.0,CRITICAL,0
Siachen Glacier,35.5,76.9,Ladakh LAC,train_test_network.csv,12,0,0.0,0.0,6.67,0,0,BACKDOOR,0,0.0,1.0,1.0,CRITICAL,0
Lipulekh Pass,30.2,80.3,Uttarakhand Pass,train_test_network.csv,12,0,1.0,0.0,6.67,0,0,NORMAL,0,0.0,1.0,0.0,LOW,0
Pir Panjal Range,33.5,74.2,J&K LoC,train_test_network.csv,12,0,0.0,0.0,6.67,0,0,BACKDOOR,0,0.0,1.0,1.0,CRITICAL,0
Mizoram Border,22.7,92.7,Northeast Sector,train_test_network.csv,12,0,0.0,0.0,6.67,0,0,SCANNING,0,0.0,1.0,1.0,CRITICAL,0
Doklam Plateau,27.3,89.1,Sikkim Ridge,train_test_network.csv,12,0,0.41,0.0,6.67,0,0,NORMAL,0,0.0,1.0,0.0,LOW,0
Pangong Tso,33.7,78.9,Ladakh LAC,train_test_network.csv,12,0,0.83,0.0,6.67,0,0,PASSWORD,0,0.0,1.0,1.0,CRITICAL,0
Kutch Gulf,23.0,68.9,Gujarat Coast,train_test_network.csv,12,0,0.0,0.0,6.67,0,0,XSS,0,0.0,1.0,1.0,CRITICAL,0
Galwan Valley,34.4,73.6,J&K LoC,train_test_network.csv,12,0,0.0,0.0,6.67,0,0,BACKDOOR,0,0.0,1.0,1.0,CRITICAL,0
Siachen Glacier,35.5,76.9,Ladakh LAC,train_test_network.csv,12,0,0.0,0.0,6.67,0,0,XSS,0,0.0,1.0,1.0,CRITICAL,0
Lipulekh Pass,30.2,80.3,Uttarakhand Pass,train_test_network.csv,12,0,0.0,0.0,6.67,0,0,BACKDOOR,0,0.0,1.0,1.0,CRITICAL,0
Mizoram Border,22.7,92.7,Northeast Sector,train_test_network.csv,12,0,1.0,0.0,6.67,0,0,INJECTION,0,0.0,1.0,1.0,CRITICAL,0
Tawang Sector,27.6,91.9,Arunachal Sector,train_test_network.csv,12,0,0.96,0.0,6.67,0,0,DDOS,0,0.0,1.0,1.0,CRITICAL,0
Doklam Plateau,27.3,89.1,Sikkim Ridge,train_test_network.csv,12,0,0.0,0.0,6.67,0,0,NORMAL,0,0.0,1.0,0.0,LOW,0
Tawang Sector,27.6,91.9,Arunachal Sector,train_test_network.csv,12,0,0.0,0.0,6.67,0,0,NORMAL,0,0.0,1.0,0.0,LOW,0
Doklam Plateau,27.3,89.1,Sikkim Ridge,train_test_network.csv,12,0,1.0,0.0,6.67,0,0,PASSWORD,0,0.0,1.0,1.0,CRITICAL,0
Depsang Plains,35.1,77.8,Ladakh LAC,train_test_network.csv,12,0,0.0,0.0,6.67,0,0,XSS,0,0.0,1.0,1.0,CRITICAL,0
Lipulekh Pass,30.2,80.3,Uttarakhand Pass,train_test_network.csv,12,0,0.0,0.0,6.67,0,0,NORMAL,0,0.0,1.0,0.0,LOW,0
Lipulekh Pass,30.2,80.3,Uttarakhand Pass,train_test_network.csv,12,0,0.0,0.0,6.67,0,0,BACKDOOR,0,0.0,1.0,1.0,CRITICAL,0
Tawang Sector,27.6,91.9,Arunachal Sector,train_test_network.csv,12,0,1.0,0.0,6.67,0,0,PASSWORD,0,0.0,1.0,1.0,CRITICAL,0
Pangong Tso,33.7,78.9,Ladakh LAC,train_test_network.csv,12,0,0.0,0.0,6.67,0,0,RANSOMWARE,0,0.0,1.0,1.0,CRITICAL,0
Kutch Gulf,23.0,68.9,Gujarat Coast,train_test_network.csv,12,0,0.0,0.0,6.67,0,0,SCANNING,0,0.0,1.0,1.0,CRITICAL,0
Siachen Glacier,35.5,76.9,Ladakh LAC,train_test_network.csv,12,0,0.0,0.0,6.67,0,0,NORMAL,0,0.0,1.0,0.0,LOW,0
Depsang Plains,35.1,77.8,Ladakh LAC,train_test_network.csv,12,0,0.0,0.0,6.67,0,0,DOS,0,0.0,1.0,1.0,CRITICAL,0
Depsang Plains,35.1,77.8,Ladakh LAC,train_test_network.csv,12,0,0.0,0.0,6.67,0,0,DDOS,0,0.0,1.0,1.0,CRITICAL,0
Pir Panjal Range,33.5,74.2,J&K LoC,train_test_network.csv,12,0,1.0,0.0,6.67,0,0,INJECTION,0,0.0,1.0,1.0,CRITICAL,0
Anjaw District,28.1,96.3,Arunachal Sector,train_test_network.csv,12,0,0.0,0.0,6.67,0,0,BACKDOOR,0,0.0,1.0,1.0,CRITICAL,0
Galwan Valley,34.4,73.6,J&K LoC,train_test_network.csv,12,0,0.0,0.0,6.67,0,0,NORMAL,0,0.0,1.0,0.0,LOW,0
Pir Panjal Range,33.5,74.2,J&K LoC,train_test_network.csv,12,0,0.0,0.0,6.67,0,0,XSS,0,0.0,1.0,1.0,CRITICAL,0
Siachen Glacier,35.5,76.9,Ladakh LAC,train_test_network.csv,12,0,1.0,0.0,6.67,0,0,INJECTION,0,0.0,1.0,1.0,CRITICAL,0
Anjaw District,28.1,96.3,Arunachal Sector,train_test_network.csv,12,0,0.0,0.0,6.67,0,0,PASSWORD,0,0.0,1.0,1.0,CRITICAL,0
Depsang Plains,35.1,77.8,Ladakh LAC,train_test_network.csv,12,0,1.0,0.0,6.67,0,0,DDOS,0,0.0,1.0,1.0,CRITICAL,0
Barmer Sector,25.7,71.4,Rajasthan Border,train_test_network.csv,12,0,0.0,0.0,6.67,0,0,NORMAL,0,0.0,1.0,0.0,LOW,0
Barmer Sector,25.7,71.4,Rajasthan Border,train_test_network.csv,12,0,1.0,0.0,6.67,0,0,INJECTION,0,0.0,1.0,1.0,CRITICAL,0
Kutch Gulf,23.0,68.9,Gujarat Coast,train_test_network.csv,12,0,0.0,0.0,6.67,0,0,DOS,0,0.0,1.0,1.0,CRITICAL,0
Pangong Tso,33.7,78.9,Ladakh LAC,train_test_network.csv,12,0,1.0,0.0,6.67,0,0,NORMAL,0,0.0,1.0,0.0,LOW,0
Tawang Sector,27.6,91.9,Arunachal Sector,train_test_network.csv,12,0,1.0,0.0,6.67,0,0,INJECTION,0,0.0,1.0,1.0,CRITICAL,0
Mizoram Border,22.7,92.7,Northeast Sector,train_test_network.csv,12,0,1.0,0.0,6.67,0,0,INJECTION,0,0.0,1.0,1.0,CRITICAL,0
Rann of Kutch,23.9,70.0,Gujarat Coast,train_test_network.csv,12,0,0.0,0.0,6.67,0,0,BACKDOOR,0,0.0,1.0,1.0,CRITICAL,0
Depsang Plains,35.1,77.8,Ladakh LAC,train_test_network.csv,12,0,1.0,0.0,6.67,0,0,INJECTION,0,0.0,1.0,1.0,CRITICAL,0
Barmer Sector,25.7,71.4,Rajasthan Border,train_test_network.csv,12,0,0.0,0.0,6.67,0,0,XSS,0,0.0,1.0,1.0,CRITICAL,0
Rann of Kutch,23.9,70.0,Gujarat Coast,train_test_network.csv,12,0,0.0,0.0,6.67,0,0,DDOS,0,0.0,1.0,1.0,CRITICAL,0
Lipulekh Pass,30.2,80.3,Uttarakhand Pass,train_test_network.csv,12,0,0.0,0.0,6.67,0,0,DOS,0,0.0,1.0,1.0,CRITICAL,0
Wagah Border,31.6,74.6,Punjab Sector,train_test_network.csv,12,0,0.0,0.0,6.67,0,0,RANSOMWARE,0,0.0,1.0,1.0,CRITICAL,0
Depsang Plains,35.1,77.8,Ladakh LAC,train_test_network.csv,12,0,0.0,0.0,6.67,0,0,DDOS,0,0.0,1.0,1.0,CRITICAL,0
Depsang Plains,35.1,77.8,Ladakh LAC,train_test_network.csv,12,0,0.0,0.0,6.67,0,0,RANSOMWARE,0,0.0,1.0,1.0,CRITICAL,0
Depsang Plains,35.1,77.8,Ladakh LAC,train_test_network.csv,12,0,0.0,0.0,6.67,0,0,DOS,0,0.0,1.0,1.0,CRITICAL,0
Siachen Glacier,35.5,76.9,Ladakh LAC,train_test_network.csv,12,0,0.0,0.0,6.67,0,0,XSS,0,0.0,1.0,1.0,CRITICAL,0
Mizoram Border,22.7,92.7,Northeast Sector,train_test_network.csv,12,0,0.0,0.0,6.67,0,0,BACKDOOR,0,0.0,1.0,1.0,CRITICAL,0
Wagah Border,31.6,74.6,Punjab Sector,train_test_network.csv,12,0,0.58,0.0,6.67,0,0,DDOS,0,0.0,1.0,1.0,CRITICAL,0
Kutch Gulf,23.0,68.9,Gujarat Coast,train_test_network.csv,12,0,0.0,0.0,6.67,0,0,DDOS,0,0.0,1.0,1.0,CRITICAL,0
Tawang Sector,27.6,91.9,Arunachal Sector,train_test_network.csv,12,0,0.0,0.0,6.67,0,0,NORMAL,0,0.0,1.0,0.0,LOW,0
Mizoram Border,22.7,92.7,Northeast Sector,train_test_network.csv,12,0,0.52,0.0,6.67,0,0,DDOS,0,0.0,1.0,1.0,CRITICAL,0
Siachen Glacier,35.5,76.9,Ladakh LAC,train_test_network.csv,12,0,0.0,0.0,6.67,0,0,RANSOMWARE,0,0.0,1.0,1.0,CRITICAL,0
Pir Panjal Range,33.5,74.2,J&K LoC,train_test_network.csv,12,0,1.0,0.0,6.67,0,0,NORMAL,0,0.0,1.0,0.0,LOW,0
Depsang Plains,35.1,77.8,Ladakh LAC,train_test_network.csv,12,0,1.0,0.0,6.67,0,0,NORMAL,0,0.0,1.0,0.0,LOW,0
Depsang Plains,35.1,77.8,Ladakh LAC,train_test_network.csv,12,0,0.0,0.0,6.67,0,0,DOS,0,0.0,1.0,1.0,CRITICAL,0
Galwan Valley,34.4,73.6,J&K LoC,train_test_network.csv,12,0,0.0,0.0,6.67,0,0,XSS,0,0.0,1.0,1.0,CRITICAL,0
Kutch Gulf,23.0,68.9,Gujarat Coast,train_test_network.csv,12,0,1.0,0.0,6.67,0,0,XSS,0,0.0,1.0,1.0,CRITICAL,0
Pangong Tso,33.7,78.9,Ladakh LAC,train_test_network.csv,12,0,0.0,0.0,6.67,0,0,NORMAL,0,0.0,1.0,0.0,LOW,0
Doklam Plateau,27.3,89.1,Sikkim Ridge,train_test_network.csv,12,0,0.58,0.0,6.67,0,0,DDOS,0,0.0,1.0,1.0,CRITICAL,0
Nathula Pass,27.4,88.8,Sikkim Ridge,train_test_network.csv,12,0,0.0,0.0,6.67,0,0,SCANNING,0,0.0,1.0,1.0,CRITICAL,0
Kutch Gulf,23.0,68.9,Gujarat Coast,train_test_network.csv,12,0,0.0,0.0,6.67,0,0,XSS,0,0.0,1.0,1.0,CRITICAL,0
Anjaw District,28.1,96.3,Arunachal Sector,train_test_network.csv,12,0,0.0,0.0,6.67,0,0,SCANNING,0,0.0,1.0,1.0,CRITICAL,0
Depsang Plains,35.1,77.8,Ladakh LAC,train_test_network.csv,12,0,0.0,0.0,6.67,0,0,NORMAL,0,0.0,1.0,0.0,LOW,0
Anjaw District,28.1,96.3,Arunachal Sector,train_test_network.csv,12,0,1.0,0.0,6.67,0,0,XSS,0,0.0,1.0,1.0,CRITICAL,0
Tawang Sector,27.6,91.9,Arunachal Sector,train_test_network.csv,12,0,0.54,0.0,6.67,0,0,NORMAL,0,0.0,1.0,0.0,LOW,0
Barmer Sector,25.7,71.4,Rajasthan Border,train_test_network.csv,12,0,0.0,0.0,6.67,0,0,XSS,0,0.0,1.0,1.0,CRITICAL,0
Kutch Gulf,23.0,68.9,Gujarat Coast,train_test_network.csv,12,0,0.0,0.0,6.67,0,0,BACKDOOR,0,0.0,1.0,1.0,CRITICAL,0
Galwan Valley,34.4,73.6,J&K LoC,train_test_network.csv,12,0,0.0,0.0,6.67,0,0,BACKDOOR,0,0.0,1.0,1.0,CRITICAL,0
Kutch Gulf,23.0,68.9,Gujarat Coast,train_test_network.csv,12,0,1.0,0.0,6.67,0,0,PASSWORD,0,0.0,1.0,1.0,CRITICAL,0
Galwan Valley,34.4,73.6,J&K LoC,train_test_network.csv,12,0,0.0,0.0,6.67,0,0,SCANNING,0,0.0,1.0,1.0,CRITICAL,0
Wagah Border,31.6,74.6,Punjab Sector,train_test_network.csv,12,0,0.0,0.0,6.67,0,0,BACKDOOR,0,0.0,1.0,1.0,CRITICAL,0
Anjaw District,28.1,96.3,Arunachal Sector,train_test_network.csv,12,0,1.0,0.0,6.67,0,0,NORMAL,0,0.0,1.0,0.0,LOW,0
Tawang Sector,27.6,91.9,Arunachal Sector,train_test_network.csv,12,0,1.0,0.0,6.67,0,0,PASSWORD,0,0.0,1.0,1.0,CRITICAL,0
Nathula Pass,27.4,88.8,Sikkim Ridge,train_test_network.csv,12,0,0.0,0.0,6.67,0,0,RANSOMWARE,0,0.0,1.0,1.0,CRITICAL,0
Tawang Sector,27.6,91.9,Arunachal Sector,train_test_network.csv,12,0,1.0,0.0,6.67,0,0,PASSWORD,0,0.0,1.0,1.0,CRITICAL,0
Kutch Gulf,23.0,68.9,Gujarat Coast,train_test_network.csv,12,0,0.0,0.0,6.67,0,0,NORMAL,0,0.0,1.0,0.0,LOW,0
Mizoram Border,22.7,92.7,Northeast Sector,train_test_network.csv,12,0,0.0,0.0,6.67,0,0,RANSOMWARE,0,0.0,1.0,1.0,CRITICAL,0
Rann of Kutch,23.9,70.0,Gujarat Coast,train_test_network.csv,12,0,0.0,0.0,6.67,0,0,BACKDOOR,0,0.0,1.0,1.0,CRITICAL,0
Doklam Plateau,27.3,89.1,Sikkim Ridge,train_test_network.csv,12,0,1.0,0.0,6.67,0,0,XSS,0,0.0,1.0,1.0,CRITICAL,0
Nathula Pass,27.4,88.8,Sikkim Ridge,train_test_network.csv,12,0,1.0,0.0,6.67,0,0,INJECTION,0,0.0,1.0,1.0,CRITICAL,0
Doklam Plateau,27.3,89.1,Sikkim Ridge,train_test_network.csv,12,0,0.0,0.0,6.67,0,0,DDOS,0,0.0,1.0,1.0,CRITICAL,0
Kutch Gulf,23.0,68.9,Gujarat Coast,train_test_network.csv,12,0,0.0,0.0,6.67,0,0,SCANNING,0,0.0,1.0,1.0,CRITICAL,0
Lipulekh Pass,30.2,80.3,Uttarakhand Pass,train_test_network.csv,12,0,0.31,0.0,6.67,0,0,NORMAL,0,0.0,1.0,0.0,LOW,0
Nathula Pass,27.4,88.8,Sikkim Ridge,train_test_network.csv,12,0,1.0,0.0,6.67,0,0,PASSWORD,0,0.0,1.0,1.0,CRITICAL,0
Doklam Plateau,27.3,89.1,Sikkim Ridge,train_test_network.csv,12,0,0.0,0.0,6.67,0,0,SCANNING,0,0.0,1.0,1.0,CRITICAL,0
Anjaw District,28.1,96.3,Arunachal Sector,train_test_network.csv,12,0,0.0,0.0,6.67,0,0,PASSWORD,0,0.0,1.0,1.0,CRITICAL,0
Lipulekh Pass,30.2,80.3,Uttarakhand Pass,train_test_network.csv,12,0,1.0,0.0,6.67,0,0,INJECTION,0,0.0,1.0,1.0,CRITICAL,0
Barmer Sector,25.7,71.4,Rajasthan Border,train_test_network.csv,12,0,0.0,0.0,6.67,0,0,NORMAL,0,0.0,1.0,0.0,LOW,0
Doklam Plateau,27.3,89.1,Sikkim Ridge,train_test_network.csv,12,0,0.0,0.0,6.67,0,0,XSS,0,0.0,1.0,1.0,CRITICAL,0
Rann of Kutch,23.9,70.0,Gujarat Coast,train_test_network.csv,12,0,0.0,0.0,6.67,0,0,NORMAL,0,0.0,1.0,0.0,LOW,0
Rann of Kutch,23.9,70.0,Gujarat Coast,train_test_network.csv,12,0,1.0,0.0,6.67,0,0,INJECTION,0,0.0,1.0,1.0,CRITICAL,0
Doklam Plateau,27.3,89.1,Sikkim Ridge,train_test_network.csv,12,0,0.0,0.0,6.67,0,0,DOS,0,0.0,1.0,1.0,CRITICAL,0
Pir Panjal Range,33.5,74.2,J&K LoC,train_test_network.csv,12,0,0.0,0.0,6.67,0,0,RANSOMWARE,0,0.0,1.0,1.0,CRITICAL,0
Siachen Glacier,35.5,76.9,Ladakh LAC,train_test_network.csv,12,0,1.0,0.0,6.67,0,0,PASSWORD,0,0.0,1.0,1.0,CRITICAL,0
Pir Panjal Range,33.5,74.2,J&K LoC,train_test_network.csv,12,0,0.0,0.0,6.67,0,0,DOS,0,0.0,1.0,1.0,CRITICAL,0
Tawang Sector,27.6,91.9,Arunachal Sector,train_test_network.csv,12,0,1.0,0.0,6.67,0,0,NORMAL,0,0.0,1.0,0.0,LOW,0
Lipulekh Pass,30.2,80.3,Uttarakhand Pass,train_test_network.csv,12,0,0.0,0.0,6.67,0,0,NORMAL,0,0.0,1.0,0.0,LOW,0
Tawang Sector,27.6,91.9,Arunachal Sector,train_test_network.csv,12,0,1.0,0.0,6.67,0,0,INJECTION,0,0.0,1.0,1.0,CRITICAL,0
Doklam Plateau,27.3,89.1,Sikkim Ridge,train_test_network.csv,12,0,1.0,0.0,6.67,0,0,INJECTION,0,0.0,1.0,1.0,CRITICAL,0
Anjaw District,28.1,96.3,Arunachal Sector,train_test_network.csv,12,0,0.0,0.0,6.67,0,0,RANSOMWARE,0,0.0,1.0,1.0,CRITICAL,0
Barmer Sector,25.7,71.4,Rajasthan Border,train_test_network.csv,12,0,1.0,0.0,6.67,0,0,INJECTION,0,0.0,1.0,1.0,CRITICAL,0
Galwan Valley,34.4,73.6,J&K LoC,train_test_network.csv,12,0,0.0,0.0,6.67,0,0,SCANNING,0,0.0,1.0,1.0,CRITICAL,0
Rann of Kutch,23.9,70.0,Gujarat Coast,train_test_network.csv,12,0,0.0,0.0,6.67,0,0,BACKDOOR,0,0.0,1.0,1.0,CRITICAL,0
Pir Panjal Range,33.5,74.2,J&K LoC,train_test_network.csv,12,0,0.0,0.0,6.67,0,0,DDOS,0,0.0,1.0,1.0,CRITICAL,0
Lipulekh Pass,30.2,80.3,Uttarakhand Pass,train_test_network.csv,12,0,0.0,0.0,6.67,0,0,SCANNING,0,0.0,1.0,1.0,CRITICAL,0
Lipulekh Pass,30.2,80.3,Uttarakhand Pass,train_test_network.csv,12,0,0.0,0.0,6.67,0,0,NORMAL,0,0.0,1.0,0.0,LOW,0
Barmer Sector,25.7,71.4,Rajasthan Border,train_test_network.csv,12,0,0.0,0.0,6.67,0,0,NORMAL,0,0.0,1.0,0.0,LOW,0
Siachen Glacier,35.5,76.9,Ladakh LAC,train_test_network.csv,12,0,0.0,0.0,6.67,0,0,RANSOMWARE,0,0.0,1.0,1.0,CRITICAL,0
Kutch Gulf,23.0,68.9,Gujarat Coast,train_test_network.csv,12,0,0.0,0.0,6.67,0,0,PASSWORD,0,0.0,1.0,1.0,CRITICAL,0
Pangong Tso,33.7,78.9,Ladakh LAC,train_test_network.csv,12,0,1.0,0.0,6.67,0,0,PASSWORD,0,0.0,1.0,1.0,CRITICAL,0
Barmer Sector,25.7,71.4,Rajasthan Border,train_test_network.csv,12,0,0.0,0.0,6.67,0,0,DOS,0,0.0,1.0,1.0,CRITICAL,0
Tawang Sector,27.6,91.9,Arunachal Sector,train_test_network.csv,12,0,0.0,0.0,6.67,0,0,SCANNING,0,0.0,1.0,1.0,CRITICAL,0
Kutch Gulf,23.0,68.9,Gujarat Coast,train_test_network.csv,12,0,0.0,0.0,6.67,0,0,RANSOMWARE,0,0.0,1.0,1.0,CRITICAL,0
Kutch Gulf,23.0,68.9,Gujarat Coast,train_test_network.csv,12,0,0.0,0.0,6.67,0,0,NORMAL,0,0.0,1.0,0.0,LOW,0
Pangong Tso,33.7,78.9,Ladakh LAC,train_test_network.csv,12,0,0.0,0.0,6.67,0,0,NORMAL,0,0.0,1.0,0.0,LOW,0
Wagah Border,31.6,74.6,Punjab Sector,train_test_network.csv,12,0,0.0,0.0,6.67,0,0,PASSWORD,0,0.0,1.0,1.0,CRITICAL,0
Nathula Pass,27.4,88.8,Sikkim Ridge,train_test_network.csv,12,0,0.0,0.0,6.67,0,0,NORMAL,0,0.0,1.0,0.0,LOW,0
Tawang Sector,27.6,91.9,Arunachal Sector,train_test_network.csv,12,0,0.0,0.0,6.67,0,0,BACKDOOR,0,0.0,1.0,1.0,CRITICAL,0
Lipulekh Pass,30.2,80.3,Uttarakhand Pass,train_test_network.csv,12,0,0.0,0.0,6.67,0,0,BACKDOOR,0,0.0,1.0,1.0,CRITICAL,0
Mizoram Border,22.7,92.7,Northeast Sector,train_test_network.csv,12,0,0.0,0.0,6.67,0,0,NORMAL,0,0.0,1.0,0.0,LOW,0
Depsang Plains,35.1,77.8,Ladakh LAC,train_test_network.csv,12,0,0.0,0.0,6.67,0,0,PASSWORD,0,0.0,1.0,1.0,CRITICAL,0
Mizoram Border,22.7,92.7,Northeast Sector,train_test_network.csv,12,0,0.0,0.0,6.67,0,0,PASSWORD,0,0.0,1.0,1.0,CRITICAL,0
Rann of Kutch,23.9,70.0,Gujarat Coast,train_test_network.csv,12,0,0.0,0.0,6.67,0,0,NORMAL,0,0.0,1.0,0.0,LOW,0
Nathula Pass,27.4,88.8,Sikkim Ridge,train_test_network.csv,12,0,0.0,0.0,6.67,0,0,XSS,0,0.0,1.0,1.0,CRITICAL,0
Wagah Border,31.6,74.6,Punjab Sector,train_test_network.csv,12,0,0.0,0.0,6.67,0,0,SCANNING,0,0.0,1.0,1.0,CRITICAL,0
Anjaw District,28.1,96.3,Arunachal Sector,train_test_network.csv,12,0,0.0,0.0,6.67,0,0,NORMAL,0,0.0,1.0,0.0,LOW,0
Galwan Valley,34.4,73.6,J&K LoC,train_test_network.csv,12,0,1.0,0.0,6.67,0,0,INJECTION,0,0.0,1.0,1.0,CRITICAL,0
Lipulekh Pass,30.2,80.3,Uttarakhand Pass,train_test_network.csv,12,0,1.0,0.0,6.67,0,0,PASSWORD,0,0.0,1.0,1.0,CRITICAL,0
Rann of Kutch,23.9,70.0,Gujarat Coast,train_test_network.csv,12,0,1.0,0.0,6.67,0,0,PASSWORD,0,0.0,1.0,1.0,CRITICAL,0
Pangong Tso,33.7,78.9,Ladakh LAC,train_test_network.csv,12,0,0.0,0.0,6.67,0,0,RANSOMWARE,0,0.0,1.0,1.0,CRITICAL,0
Barmer Sector,25.7,71.4,Rajasthan Border,train_test_network.csv,12,0,1.0,0.0,6.67,0,0,SCANNING,0,0.0,1.0,1.0,CRITICAL,0
Kutch Gulf,23.0,68.9,Gujarat Coast,train_test_network.csv,12,0,0.0,0.0,6.67,0,0,NORMAL,0,0.0,1.0,0.0,LOW,0
Kutch Gulf,23.0,68.9,Gujarat Coast,train_test_network.csv,12,0,1.0,0.0,6.67,0,0,XSS,0,0.0,1.0,1.0,CRITICAL,0
Anjaw District,28.1,96.3,Arunachal Sector,train_test_network.csv,12,0,1.0,0.0,6.67,0,0,NORMAL,0,0.0,1.0,0.0,LOW,0
Anjaw District,28.1,96.3,Arunachal Sector,train_test_network.csv,12,0,0.83,0.0,6.67,0,0,PASSWORD,0,0.0,1.0,1.0,CRITICAL,0
Doklam Plateau,27.3,89.1,Sikkim Ridge,train_test_network.csv,12,0,0.0,0.0,6.67,0,0,RANSOMWARE,0,0.0,1.0,1.0,CRITICAL,0
Rann of Kutch,23.9,70.0,Gujarat Coast,train_test_network.csv,12,0,0.0,0.0,6.67,0,0,DOS,0,0.0,1.0,1.0,CRITICAL,0
Pir Panjal Range,33.5,74.2,J&K LoC,train_test_network.csv,12,0,0.0,0.0,6.67,0,0,RANSOMWARE,0,0.0,1.0,1.0,CRITICAL,0
Doklam Plateau,27.3,89.1,Sikkim Ridge,train_test_network.csv,12,0,0.0,0.0,6.67,0,0,BACKDOOR,0,0.0,1.0,1.0,CRITICAL,0
Mizoram Border,22.7,92.7,Northeast Sector,train_test_network.csv,12,0,0.0,0.0,6.67,0,0,PASSWORD,0,0.0,1.0,1.0,CRITICAL,0
Lipulekh Pass,30.2,80.3,Uttarakhand Pass,train_test_network.csv,12,0,0.0,0.0,6.67,0,0,NORMAL,0,0.0,1.0,0.0,LOW,0
Anjaw District,28.1,96.3,Arunachal Sector,train_test_network.csv,12,0,0.0,0.0,6.67,0,0,XSS,0,0.0,1.0,1.0,CRITICAL,0
Depsang Plains,35.1,77.8,Ladakh LAC,train_test_network.csv,12,0,0.0,0.0,6.67,0,0,RANSOMWARE,0,0.0,1.0,1.0,CRITICAL,0
Wagah Border,31.6,74.6,Punjab Sector,train_test_network.csv,12,0,0.0,0.0,6.67,0,0,NORMAL,0,0.0,1.0,0.0,LOW,0
Wagah Border,31.6,74.6,Punjab Sector,train_test_network.csv,12,0,0.0,0.0,6.67,0,0,DOS,0,0.0,1.0,1.0,CRITICAL,0
Mizoram Border,22.7,92.7,Northeast Sector,train_test_network.csv,12,0,0.76,0.0,6.67,0,0,MITM,0,0.0,1.0,1.0,CRITICAL,0
Barmer Sector,25.7,71.4,Rajasthan Border,train_test_network.csv,12,0,1.0,0.0,6.67,0,0,PASSWORD,0,0.0,1.0,1.0,CRITICAL,0
Depsang Plains,35.1,77.8,Ladakh LAC,train_test_network.csv,12,0,0.0,0.0,6.67,0,0,NORMAL,0,0.0,1.0,0.0,LOW,0
Lipulekh Pass,30.2,80.3,Uttarakhand Pass,train_test_network.csv,12,0,0.0,0.0,6.67,0,0,NORMAL,0,0.0,1.0,0.0,LOW,0
Kutch Gulf,23.0,68.9,Gujarat Coast,train_test_network.csv,12,0,1.0,0.0,6.67,0,0,INJECTION,0,0.0,1.0,1.0,CRITICAL,0
Nathula Pass,27.4,88.8,Sikkim Ridge,train_test_network.csv,12,0,1.0,0.0,6.67,0,0,PASSWORD,0,0.0,1.0,1.0,CRITICAL,0
Doklam Plateau,27.3,89.1,Sikkim Ridge,train_test_network.csv,12,0,0.0,0.0,6.67,0,0,NORMAL,0,0.0,1.0,0.0,LOW,0
Rann of Kutch,23.9,70.0,Gujarat Coast,train_test_network.csv,12,0,0.0,0.0,6.67,0,0,NORMAL,0,0.0,1.0,0.0,LOW,0
Wagah Border,31.6,74.6,Punjab Sector,train_test_network.csv,12,0,0.0,0.0,6.67,0,0,INJECTION,0,0.0,1.0,1.0,CRITICAL,0
Barmer Sector,25.7,71.4,Rajasthan Border,train_test_network.csv,12,0,0.0,0.0,6.67,0,0,BACKDOOR,0,0.0,1.0,1.0,CRITICAL,0
Doklam Plateau,27.3,89.1,Sikkim Ridge,train_test_network.csv,12,0,0.0,0.0,6.67,0,0,RANSOMWARE,0,0.0,1.0,1.0,CRITICAL,0
Tawang Sector,27.6,91.9,Arunachal Sector,train_test_network.csv,12,0,0.0,0.0,6.67,0,0,DDOS,0,0.0,1.0,1.0,CRITICAL,0
Nathula Pass,27.4,88.8,Sikkim Ridge,train_test_network.csv,12,0,0.0,0.0,6.67,0,0,RANSOMWARE,0,0.0,1.0,1.0,CRITICAL,0
Mizoram Border,22.7,92.7,Northeast Sector,train_test_network.csv,12,0,1.0,0.0,6.67,0,0,INJECTION,0,0.0,1.0,1.0,CRITICAL,0
Wagah Border,31.6,74.6,Punjab Sector,train_test_network.csv,12,0,0.0,0.0,6.67,0,0,XSS,0,0.0,1.0,1.0,CRITICAL,0
Barmer Sector,25.7,71.4,Rajasthan Border,train_test_network.csv,12,0,1.0,0.0,6.67,0,0,INJECTION,0,0.0,1.0,1.0,CRITICAL,0
Galwan Valley,34.4,73.6,J&K LoC,train_test_network.csv,12,0,0.0,0.0,6.67,0,0,NORMAL,0,0.0,1.0,0.0,LOW,0
Mizoram Border,22.7,92.7,Northeast Sector,train_test_network.csv,12,0,0.48,0.0,6.67,0,0,NORMAL,0,0.0,1.0,0.0,LOW,0
Pangong Tso,33.7,78.9,Ladakh LAC,train_test_network.csv,12,0,0.0,0.0,6.67,0,0,RANSOMWARE,0,0.0,1.0,1.0,CRITICAL,0
Mizoram Border,22.7,92.7,Northeast Sector,train_test_network.csv,12,0,0.0,0.0,6.67,0,0,DOS,0,0.0,1.0,1.0,CRITICAL,0
Doklam Plateau,27.3,89.1,Sikkim Ridge,train_test_network.csv,12,0,1.0,0.0,6.67,0,0,INJECTION,0,0.0,1.0,1.0,CRITICAL,0
Pir Panjal Range,33.5,74.2,J&K LoC,train_test_network.csv,12,0,0.0,0.0,6.67,0,0,BACKDOOR,0,0.0,1.0,1.0,CRITICAL,0
Pir Panjal Range,33.5,74.2,J&K LoC,train_test_network.csv,12,0,1.0,0.0,6.67,0,0,NORMAL,0,0.0,1.0,0.0,LOW,0
Kutch Gulf,23.0,68.9,Gujarat Coast,train_test_network.csv,12,0,0.31,0.0,6.67,0,0,NORMAL,0,0.0,1.0,0.0,LOW,0
Pir Panjal Range,33.5,74.2,J&K LoC,train_test_network.csv,12,0,0.0,0.0,6.67,0,0,NORMAL,0,0.0,1.0,0.0,LOW,0
Wagah Border,31.6,74.6,Punjab Sector,train_test_network.csv,12,0,0.0,0.0,6.67,0,0,NORMAL,0,0.0,1.0,0.0,LOW,0
Rann of Kutch,23.9,70.0,Gujarat Coast,train_test_network.csv,12,0,0.0,0.0,6.67,0,0,DOS,0,0.0,1.0,1.0,CRITICAL,0
Siachen Glacier,35.5,76.9,Ladakh LAC,train_test_network.csv,12,0,0.0,0.0,6.67,0,0,RANSOMWARE,0,0.0,1.0,1.0,CRITICAL,0
Galwan Valley,34.4,73.6,J&K LoC,train_test_network.csv,12,0,1.0,0.0,6.67,0,0,INJECTION,0,0.0,1.0,1.0,CRITICAL,0
Lipulekh Pass,30.2,80.3,Uttarakhand Pass,train_test_network.csv,12,0,0.0,0.0,6.67,0,0,PASSWORD,0,0.0,1.0,1.0,CRITICAL,0
Rann of Kutch,23.9,70.0,Gujarat Coast,train_test_network.csv,12,0,0.74,0.0,6.67,0,0,XSS,0,0.0,1.0,1.0,CRITICAL,0
Kutch Gulf,23.0,68.9,Gujarat Coast,train_test_network.csv,12,0,1.0,0.0,6.67,0,0,PASSWORD,0,0.0,1.0,1.0,CRITICAL,0
Nathula Pass,27.4,88.8,Sikkim Ridge,train_test_network.csv,12,0,0.0,0.0,6.67,0,0,XSS,0,0.0,1.0,1.0,CRITICAL,0
Nathula Pass,27.4,88.8,Sikkim Ridge,train_test_network.csv,12,0,0.0,0.0,6.67,0,0,NORMAL,0,0.0,1.0,0.0,LOW,0
Wagah Border,31.6,74.6,Punjab Sector,train_test_network.csv,12,0,0.0,0.0,6.67,0,0,RANSOMWARE,0,0.0,1.0,1.0,CRITICAL,0
Pir Panjal Range,33.5,74.2,J&K LoC,train_test_network.csv,12,0,0.0,0.0,6.67,0,0,RANSOMWARE,0,0.0,1.0,1.0,CRITICAL,0
Rann of Kutch,23.9,70.0,Gujarat Coast,train_test_network.csv,12,0,0.0,0.0,6.67,0,0,DDOS,0,0.0,1.0,1.0,CRITICAL,0
Galwan Valley,34.4,73.6,J&K LoC,train_test_network.csv,12,0,0.44,0.0,6.67,0,0,SCANNING,0,0.0,1.0,1.0,CRITICAL,0
Lipulekh Pass,30.2,80.3,Uttarakhand Pass,train_test_network.csv,12,0,1.0,0.0,6.67,0,0,NORMAL,0,0.0,1.0,0.0,LOW,0
Anjaw District,28.1,96.3,Arunachal Sector,train_test_network.csv,12,0,0.0,0.0,6.67,0,0,DOS,0,0.0,1.0,1.0,CRITICAL,0
Kutch Gulf,23.0,68.9,Gujarat Coast,train_test_network.csv,12,0,0.0,0.0,6.67,0,0,RANSOMWARE,0,0.0,1.0,1.0,CRITICAL,0
Nathula Pass,27.4,88.8,Sikkim Ridge,train_test_network.csv,12,0,0.0,0.0,6.67,0,0,NORMAL,0,0.0,1.0,0.0,LOW,0
Mizoram Border,22.7,92.7,Northeast Sector,train_test_network.csv,12,0,0.0,0.0,6.67,0,0,BACKDOOR,0,0.0,1.0,1.0,CRITICAL,0
Doklam Plateau,27.3,89.1,Sikkim Ridge,train_test_network.csv,12,0,0.0,0.0,6.67,0,0,PASSWORD,0,0.0,1.0,1.0,CRITICAL,0
Barmer Sector,25.7,71.4,Rajasthan Border,train_test_network.csv,12,0,0.0,0.0,6.67,0,0,NORMAL,0,0.0,1.0,0.0,LOW,0
Galwan Valley,34.4,73.6,J&K LoC,train_test_network.csv,12,0,0.0,0.0,6.67,0,0,DOS,0,0.0,1.0,1.0,CRITICAL,0
Pir Panjal Range,33.5,74.2,J&K LoC,train_test_network.csv,12,0,0.0,0.0,6.67,0,0,BACKDOOR,0,0.0,1.0,1.0,CRITICAL,0
Siachen Glacier,35.5,76.9,Ladakh LAC,train_test_network.csv,12,0,1.0,0.0,6.67,0,0,NORMAL,0,0.0,1.0,0.0,LOW,0
Anjaw District,28.1,96.3,Arunachal Sector,train_test_network.csv,12,0,0.0,0.0,6.67,0,0,RANSOMWARE,0,0.0,1.0,1.0,CRITICAL,0
Rann of Kutch,23.9,70.0,Gujarat Coast,train_test_network.csv,12,0,0.0,0.0,6.67,0,0,RANSOMWARE,0,0.0,1.0,1.0,CRITICAL,0
Mizoram Border,22.7,92.7,Northeast Sector,train_test_network.csv,12,0,0.0,0.0,6.67,0,0,NORMAL,0,0.0,1.0,0.0,LOW,0
Nathula Pass,27.4,88.8,Sikkim Ridge,train_test_network.csv,12,0,0.0,0.0,6.67,0,0,BACKDOOR,0,0.0,1.0,1.0,CRITICAL,0
Nathula Pass,27.4,88.8,Sikkim Ridge,train_test_network.csv,12,0,0.0,0.0,6.67,0,0,SCANNING,0,0.0,1.0,1.0,CRITICAL,0
Depsang Plains,35.1,77.8,Ladakh LAC,train_test_network.csv,12,0,0.0,0.0,6.67,0,0,SCANNING,0,0.0,1.0,1.0,CRITICAL,0
Mizoram Border,22.7,92.7,Northeast Sector,train_test_network.csv,12,0,0.0,0.0,6.67,0,0,DOS,0,0.0,1.0,1.0,CRITICAL,0
Depsang Plains,35.1,77.8,Ladakh LAC,train_test_network.csv,12,0,0.0,0.0,6.67,0,0,RANSOMWARE,0,0.0,1.0,1.0,CRITICAL,0
Depsang Plains,35.1,77.8,Ladakh LAC,train_test_network.csv,12,0,0.0,0.0,6.67,0,0,NORMAL,0,0.0,1.0,0.0,LOW,0
Nathula Pass,27.4,88.8,Sikkim Ridge,train_test_network.csv,12,0,0.0,0.0,6.67,0,0,DOS,0,0.0,1.0,1.0,CRITICAL,0
Depsang Plains,35.1,77.8,Ladakh LAC,train_test_network.csv,12,0,0.0,0.0,6.67,0,0,DDOS,0,0.0,1.0,1.0,CRITICAL,0
Siachen Glacier,35.5,76.9,Ladakh LAC,train_test_network.csv,12,0,0.0,0.0,6.67,0,0,BACKDOOR,0,0.0,1.0,1.0,CRITICAL,0
Wagah Border,31.6,74.6,Punjab Sector,train_test_network.csv,12,0,0.0,0.0,6.67,0,0,SCANNING,0,0.0,1.0,1.0,CRITICAL,0
Barmer Sector,25.7,71.4,Rajasthan Border,train_test_network.csv,12,0,0.0,0.0,6.67,0,0,NORMAL,0,0.0,1.0,0.0,LOW,0
Tawang Sector,27.6,91.9,Arunachal Sector,train_test_network.csv,12,0,0.0,0.0,6.67,0,0,SCANNING,0,0.0,1.0,1.0,CRITICAL,0
Kutch Gulf,23.0,68.9,Gujarat Coast,train_test_network.csv,12,0,0.0,0.0,6.67,0,0,XSS,0,0.0,1.0,1.0,CRITICAL,0
Wagah Border,31.6,74.6,Punjab Sector,train_test_network.csv,12,0,0.0,0.0,6.67,0,0,SCANNING,0,0.0,1.0,1.0,CRITICAL,0
Pangong Tso,33.7,78.9,Ladakh LAC,train_test_network.csv,12,0,0.0,0.0,6.67,0,0,NORMAL,0,0.0,1.0,0.0,LOW,0
Barmer Sector,25.7,71.4,Rajasthan Border,train_test_network.csv,12,0,0.0,0.0,6.67,0,0,SCANNING,0,0.0,1.0,1.0,CRITICAL,0
Lipulekh Pass,30.2,80.3,Uttarakhand Pass,train_test_network.csv,12,0,0.37,0.0,6.67,0,0,DOS,0,0.0,1.0,1.0,CRITICAL,0
Rann of Kutch,23.9,70.0,Gujarat Coast,train_test_network.csv,12,0,0.0,0.0,6.67,0,0,BACKDOOR,0,0.0,1.0,1.0,CRITICAL,0
Siachen Glacier,35.5,76.9,Ladakh LAC,train_test_network.csv,12,0,0.0,0.0,6.67,0,0,BACKDOOR,0,0.0,1.0,1.0,CRITICAL,0
Pangong Tso,33.7,78.9,Ladakh LAC,train_test_network.csv,12,0,0.66,0.0,6.67,0,0,NORMAL,0,0.0,1.0,0.0,LOW,0
Tawang Sector,27.6,91.9,Arunachal Sector,train_test_network.csv,12,0,0.0,0.0,6.67,0,0,BACKDOOR,0,0.0,1.0,1.0,CRITICAL,0
Anjaw District,28.1,96.3,Arunachal Sector,train_test_network.csv,12,0,0.0,0.0,6.67,0,0,DOS,0,0.0,1.0,1.0,CRITICAL,0
Pir Panjal Range,33.5,74.2,J&K LoC,train_test_network.csv,12,0,0.0,0.0,6.67,0,0,RANSOMWARE,0,0.0,1.0,1.0,CRITICAL,0
Barmer Sector,25.7,71.4,Rajasthan Border,train_test_network.csv,12,0,1.0,0.0,6.67,0,0,XSS,0,0.0,1.0,1.0,CRITICAL,0
Lipulekh Pass,30.2,80.3,Uttarakhand Pass,train_test_network.csv,12,0,0.58,0.0,6.67,0,0,DDOS,0,0.0,1.0,1.0,CRITICAL,0
Lipulekh Pass,30.2,80.3,Uttarakhand Pass,train_test_network.csv,12,0,0.0,0.0,6.67,0,0,NORMAL,0,0.0,1.0,0.0,LOW,0
Pir Panjal Range,33.5,74.2,J&K LoC,train_test_network.csv,12,0,0.0,0.0,6.67,0,0,BACKDOOR,0,0.0,1.0,1.0,CRITICAL,0
Doklam Plateau,27.3,89.1,Sikkim Ridge,train_test_network.csv,12,0,1.0,0.0,6.67,0,0,PASSWORD,0,0.0,1.0,1.0,CRITICAL,0
Pangong Tso,33.7,78.9,Ladakh LAC,train_test_network.csv,12,0,1.0,0.0,6.67,0,0,PASSWORD,0,0.0,1.0,1.0,CRITICAL,0
Siachen Glacier,35.5,76.9,Ladakh LAC,train_test_network.csv,12,0,0.0,0.0,6.67,0,0,NORMAL,0,0.0,1.0,0.0,LOW,0
Tawang Sector,27.6,91.9,Arunachal Sector,train_test_network.csv,12,0,1.0,0.0,6.67,0,0,NORMAL,0,0.0,1.0,0.0,LOW,0
Wagah Border,31.6,74.6,Punjab Sector,train_test_network.csv,12,0,0.0,0.0,6.67,0,0,BACKDOOR,0,0.0,1.0,1.0,CRITICAL,0
Nathula Pass,27.4,88.8,Sikkim Ridge,train_test_network.csv,12,0,0.47,0.0,6.67,0,0,NORMAL,0,0.0,1.0,0.0,LOW,0
Doklam Plateau,27.3,89.1,Sikkim Ridge,train_test_network.csv,12,0,0.0,0.0,6.67,0,0,DOS,0,0.0,1.0,1.0,CRITICAL,0
Nathula Pass,27.4,88.8,Sikkim Ridge,train_test_network.csv,12,0,0.0,0.0,6.67,0,0,SCANNING,0,0.0,1.0,1.0,CRITICAL,0
Mizoram Border,22.7,92.7,Northeast Sector,train_test_network.csv,12,0,0.0,0.0,6.67,0,0,RANSOMWARE,0,0.0,1.0,1.0,CRITICAL,0
Mizoram Border,22.7,92.7,Northeast Sector,train_test_network.csv,12,0,1.0,0.0,6.67,0,0,NORMAL,0,0.0,1.0,0.0,LOW,0
Siachen Glacier,35.5,76.9,Ladakh LAC,train_test_network.csv,12,0,0.0,0.0,6.67,0,0,SCANNING,0,0.0,1.0,1.0,CRITICAL,0
Galwan Valley,34.4,73.6,J&K LoC,train_test_network.csv,12,0,0.0,0.0,6.67,0,0,DOS,0,0.0,1.0,1.0,CRITICAL,0
Pangong Tso,33.7,78.9,Ladakh LAC,train_test_network.csv,12,0,0.0,0.0,6.67,0,0,NORMAL,0,0.0,1.0,0.0,LOW,0
Rann of Kutch,23.9,70.0,Gujarat Coast,train_test_network.csv,12,0,0.0,0.0,6.67,0,0,SCANNING,0,0.0,1.0,1.0,CRITICAL,0
Doklam Plateau,27.3,89.1,Sikkim Ridge,train_test_network.csv,12,0,1.0,0.0,6.67,0,0,XSS,0,0.0,1.0,1.0,CRITICAL,0
Rann of Kutch,23.9,70.0,Gujarat Coast,train_test_network.csv,12,0,0.0,0.0,6.67,0,0,XSS,0,0.0,1.0,1.0,CRITICAL,0
Wagah Border,31.6,74.6,Punjab Sector,train_test_network.csv,12,0,1.0,0.0,6.67,0,0,NORMAL,0,0.0,1.0,0.0,LOW,0
Lipulekh Pass,30.2,80.3,Uttarakhand Pass,train_test_network.csv,12,0,0.0,0.0,6.67,0,0,BACKDOOR,0,0.0,1.0,1.0,CRITICAL,0
Tawang Sector,27.6,91.9,Arunachal Sector,train_test_network.csv,12,0,1.0,0.0,6.67,0,0,NORMAL,0,0.0,1.0,0.0,LOW,0
Anjaw District,28.1,96.3,Arunachal Sector,train_test_network.csv,12,0,0.0,0.0,6.67,0,0,DDOS,0,0.0,1.0,1.0,CRITICAL,0
Siachen Glacier,35.5,76.9,Ladakh LAC,train_test_network.csv,12,0,0.0,0.0,6.67,0,0,RANSOMWARE,0,0.0,1.0,1.0,CRITICAL,0
Nathula Pass,27.4,88.8,Sikkim Ridge,train_test_network.csv,12,0,1.0,0.0,6.67,0,0,XSS,0,0.0,1.0,1.0,CRITICAL,0
Tawang Sector,27.6,91.9,Arunachal Sector,train_test_network.csv,12,0,0.0,0.0,6.67,0,0,NORMAL,0,0.0,1.0,0.0,LOW,0
Tawang Sector,27.6,91.9,Arunachal Sector,train_test_network.csv,12,0,0.0,0.0,6.67,0,0,RANSOMWARE,0,0.0,1.0,1.0,CRITICAL,0
Depsang Plains,35.1,77.8,Ladakh LAC,train_test_network.csv,12,0,0.0,0.0,6.67,0,0,RANSOMWARE,0,0.0,1.0,1.0,CRITICAL,0
Kutch Gulf,23.0,68.9,Gujarat Coast,train_test_network.csv,12,0,0.0,0.0,6.67,0,0,BACKDOOR,0,0.0,1.0,1.0,CRITICAL,0
Mizoram Border,22.7,92.7,Northeast Sector,train_test_network.csv,12,0,0.0,0.0,6.67,0,0,RANSOMWARE,0,0.0,1.0,1.0,CRITICAL,0
Nathula Pass,27.4,88.8,Sikkim Ridge,train_test_network.csv,12,0,0.0,0.0,6.67,0,0,DOS,0,0.0,1.0,1.0,CRITICAL,0
Lipulekh Pass,30.2,80.3,Uttarakhand Pass,train_test_network.csv,12,0,0.0,0.0,6.67,0,0,NORMAL,0,0.0,1.0,0.0,LOW,0
Pir Panjal Range,33.5,74.2,J&K LoC,train_test_network.csv,12,0,0.0,0.0,6.67,0,0,BACKDOOR,0,0.0,1.0,1.0,CRITICAL,0
Nathula Pass,27.4,88.8,Sikkim Ridge,train_test_network.csv,12,0,0.0,0.0,6.67,0,0,DDOS,0,0.0,1.0,1.0,CRITICAL,0
Wagah Border,31.6,74.6,Punjab Sector,train_test_network.csv,12,0,0.47,0.0,6.67,0,0,NORMAL,0,0.0,1.0,0.0,LOW,0
Doklam Plateau,27.3,89.1,Sikkim Ridge,train_test_network.csv,12,0,0.0,0.0,6.67,0,0,RANSOMWARE,0,0.0,1.0,1.0,CRITICAL,0
Nathula Pass,27.4,88.8,Sikkim Ridge,train_test_network.csv,12,0,0.0,0.0,6.67,0,0,NORMAL,0,0.0,1.0,0.0,LOW,0
Nathula Pass,27.4,88.8,Sikkim Ridge,train_test_network.csv,12,0,0.0,0.0,6.67,0,0,BACKDOOR,0,0.0,1.0,1.0,CRITICAL,0
Barmer Sector,25.7,71.4,Rajasthan Border,train_test_network.csv,12,0,0.0,0.0,6.67,0,0,NORMAL,0,0.0,1.0,0.0,LOW,0
Wagah Border,31.6,74.6,Punjab Sector,train_test_network.csv,12,0,0.0,0.0,6.67,0,0,NORMAL,0,0.0,1.0,0.0,LOW,0
Nathula Pass,27.4,88.8,Sikkim Ridge,train_test_network.csv,12,0,0.48,0.0,6.67,0,0,DDOS,0,0.0,1.0,1.0,CRITICAL,0
Galwan Valley,34.4,73.6,J&K LoC,train_test_network.csv,12,0,0.0,0.0,6.67,0,0,BACKDOOR,0,0.0,1.0,1.0,CRITICAL,0
Pir Panjal Range,33.5,74.2,J&K LoC,train_test_network.csv,12,0,0.0,0.0,6.67,0,0,NORMAL,0,0.0,1.0,0.0,LOW,0
Pir Panjal Range,33.5,74.2,J&K LoC,train_test_network.csv,12,0,0.0,0.0,6.67,0,0,XSS,0,0.0,1.0,1.0,CRITICAL,0
Siachen Glacier,35.5,76.9,Ladakh LAC,train_test_network.csv,12,0,1.0,0.0,6.67,0,0,DDOS,0,0.0,1.0,1.0,CRITICAL,0
Tawang Sector,27.6,91.9,Arunachal Sector,train_test_network.csv,12,0,1.0,0.0,6.67,0,0,INJECTION,0,0.0,1.0,1.0,CRITICAL,0
Mizoram Border,22.7,92.7,Northeast Sector,train_test_network.csv,12,0,0.0,0.0,6.67,0,0,BACKDOOR,0,0.0,1.0,1.0,CRITICAL,0
Tawang Sector,27.6,91.9,Arunachal Sector,train_test_network.csv,12,0,0.0,0.0,6.67,0,0,SCANNING,0,0.0,1.0,1.0,CRITICAL,0
Rann of Kutch,23.9,70.0,Gujarat Coast,train_test_network.csv,12,0,0.0,0.0,6.67,0,0,NORMAL,0,0.0,1.0,0.0,LOW,0
Kutch Gulf,23.0,68.9,Gujarat Coast,train_test_network.csv,12,0,1.0,0.0,6.67,0,0,MITM,0,0.0,1.0,1.0,CRITICAL,0
Rann of Kutch,23.9,70.0,Gujarat Coast,train_test_network.csv,12,0,0.0,0.0,6.67,0,0,NORMAL,0,0.0,1.0,0.0,LOW,0
Depsang Plains,35.1,77.8,Ladakh LAC,train_test_network.csv,12,0,0.0,0.0,6.67,0,0,NORMAL,0,0.0,1.0,0.0,LOW,0
Nathula Pass,27.4,88.8,Sikkim Ridge,train_test_network.csv,12,0,1.0,0.0,6.67,0,0,INJECTION,0,0.0,1.0,1.0,CRITICAL,0
Lipulekh Pass,30.2,80.3,Uttarakhand Pass,train_test_network.csv,12,0,0.0,0.0,6.67,0,0,SCANNING,0,0.0,1.0,1.0,CRITICAL,0
Rann of Kutch,23.9,70.0,Gujarat Coast,train_test_network.csv,12,0,0.0,0.0,6.67,0,0,XSS,0,0.0,1.0,1.0,CRITICAL,0
Pangong Tso,33.7,78.9,Ladakh LAC,train_test_network.csv,12,0,0.0,0.0,6.67,0,0,DDOS,0,0.0,1.0,1.0,CRITICAL,0
Tawang Sector,27.6,91.9,Arunachal Sector,train_test_network.csv,12,0,0.0,0.0,6.67,0,0,NORMAL,0,0.0,1.0,0.0,LOW,0
Siachen Glacier,35.5,76.9,Ladakh LAC,train_test_network.csv,12,0,0.0,0.0,6.67,0,0,RANSOMWARE,0,0.0,1.0,1.0,CRITICAL,0
Kutch Gulf,23.0,68.9,Gujarat Coast,train_test_network.csv,12,0,0.0,0.0,6.67,0,0,NORMAL,0,0.0,1.0,0.0,LOW,0
Mizoram Border,22.7,92.7,Northeast Sector,train_test_network.csv,12,0,0.0,0.0,6.67,0,0,INJECTION,0,0.0,1.0,1.0,CRITICAL,0
Siachen Glacier,35.5,76.9,Ladakh LAC,train_test_network.csv,12,0,0.0,0.0,6.67,0,0,NORMAL,0,0.0,1.0,0.0,LOW,0
Pangong Tso,33.7,78.9,Ladakh LAC,train_test_network.csv,12,0,0.39,0.0,6.67,0,0,DDOS,0,0.0,1.0,1.0,CRITICAL,0
Tawang Sector,27.6,91.9,Arunachal Sector,train_test_network.csv,12,0,1.0,0.0,6.67,0,0,PASSWORD,0,0.0,1.0,1.0,CRITICAL,0
Pir Panjal Range,33.5,74.2,J&K LoC,train_test_network.csv,12,0,0.0,0.0,6.67,0,0,NORMAL,0,0.0,1.0,0.0,LOW,0
Doklam Plateau,27.3,89.1,Sikkim Ridge,train_test_network.csv,12,0,0.0,0.0,6.67,0,0,DOS,0,0.0,1.0,1.0,CRITICAL,0
Tawang Sector,27.6,91.9,Arunachal Sector,train_test_network.csv,12,0,0.0,0.0,6.67,0,0,NORMAL,0,0.0,1.0,0.0,LOW,0
Tawang Sector,27.6,91.9,Arunachal Sector,train_test_network.csv,12,0,0.43,0.0,6.67,0,0,NORMAL,0,0.0,1.0,0.0,LOW,0
Lipulekh Pass,30.2,80.3,Uttarakhand Pass,train_test_network.csv,12,0,1.0,0.0,6.67,0,0,INJECTION,0,0.0,1.0,1.0,CRITICAL,0
Anjaw District,28.1,96.3,Arunachal Sector,train_test_network.csv,12,0,0.0,0.0,6.67,0,0,DDOS,0,0.0,1.0,1.0,CRITICAL,0
Siachen Glacier,35.5,76.9,Ladakh LAC,train_test_network.csv,12,0,0.0,0.0,6.67,0,0,NORMAL,0,0.0,1.0,0.0,LOW,0
Rann of Kutch,23.9,70.0,Gujarat Coast,train_test_network.csv,12,0,0.0,0.0,6.67,0,0,NORMAL,0,0.0,1.0,0.0,LOW,0
Doklam Plateau,27.3,89.1,Sikkim Ridge,train_test_network.csv,12,0,1.0,0.0,6.67,0,0,PASSWORD,0,0.0,1.0,1.0,CRITICAL,0
Pangong Tso,33.7,78.9,Ladakh LAC,train_test_network.csv,12,0,0.0,0.0,6.67,0,0,BACKDOOR,0,0.0,1.0,1.0,CRITICAL,0
Barmer Sector,25.7,71.4,Rajasthan Border,train_test_network.csv,12,0,0.0,0.0,6.67,0,0,DOS,0,0.0,1.0,1.0,CRITICAL,0
Kutch Gulf,23.0,68.9,Gujarat Coast,train_test_network.csv,12,0,0.0,0.0,6.67,0,0,SCANNING,0,0.0,1.0,1.0,CRITICAL,0
Siachen Glacier,35.5,76.9,Ladakh LAC,train_test_network.csv,12,0,0.0,0.0,6.67,0,0,PASSWORD,0,0.0,1.0,1.0,CRITICAL,0
Galwan Valley,34.4,73.6,J&K LoC,train_test_network.csv,12,0,0.0,0.0,6.67,0,0,XSS,0,0.0,1.0,1.0,CRITICAL,0
Depsang Plains,35.1,77.8,Ladakh LAC,train_test_network.csv,12,0,0.0,0.0,6.67,0,0,NORMAL,0,0.0,1.0,0.0,LOW,0
Kutch Gulf,23.0,68.9,Gujarat Coast,train_test_network.csv,12,0,0.0,0.0,6.67,0,0,NORMAL,0,0.0,1.0,0.0,LOW,0
Wagah Border,31.6,74.6,Punjab Sector,train_test_network.csv,12,0,0.0,0.0,6.67,0,0,SCANNING,0,0.0,1.0,1.0,CRITICAL,0
Kutch Gulf,23.0,68.9,Gujarat Coast,train_test_network.csv,12,0,0.0,0.0,6.67,0,0,RANSOMWARE,0,0.0,1.0,1.0,CRITICAL,0
Wagah Border,31.6,74.6,Punjab Sector,train_test_network.csv,12,0,0.0,0.0,6.67,0,0,RANSOMWARE,0,0.0,1.0,1.0,CRITICAL,0
Doklam Plateau,27.3,89.1,Sikkim Ridge,train_test_network.csv,12,0,0.0,0.0,6.67,0,0,SCANNING,0,0.0,1.0,1.0,CRITICAL,0
Lipulekh Pass,30.2,80.3,Uttarakhand Pass,train_test_network.csv,12,0,1.0,0.0,6.67,0,0,NORMAL,0,0.0,1.0,0.0,LOW,0
Barmer Sector,25.7,71.4,Rajasthan Border,train_test_network.csv,12,0,0.0,0.0,6.67,0,0,PASSWORD,0,0.0,1.0,1.0,CRITICAL,0
Anjaw District,28.1,96.3,Arunachal Sector,train_test_network.csv,12,0,0.0,0.0,6.67,0,0,DDOS,0,0.0,1.0,1.0,CRITICAL,0
Pir Panjal Range,33.5,74.2,J&K LoC,train_test_network.csv,12,0,0.0,0.0,6.67,0,0,PASSWORD,0,0.0,1.0,1.0,CRITICAL,0
Pir Panjal Range,33.5,74.2,J&K LoC,train_test_network.csv,12,0,0.0,0.0,6.67,0,0,RANSOMWARE,0,0.0,1.0,1.0,CRITICAL,0
Rann of Kutch,23.9,70.0,Gujarat Coast,train_test_network.csv,12,0,0.0,0.0,6.67,0,0,SCANNING,0,0.0,1.0,1.0,CRITICAL,0
Mizoram Border,22.7,92.7,Northeast Sector,train_test_network.csv,12,0,1.0,0.0,6.67,0,0,PASSWORD,0,0.0,1.0,1.0,CRITICAL,0
Anjaw District,28.1,96.3,Arunachal Sector,train_test_network.csv,12,0,0.0,0.0,6.67,0,0,DOS,0,0.0,1.0,1.0,CRITICAL,0
Galwan Valley,34.4,73.6,J&K LoC,train_test_network.csv,12,0,0.0,0.0,6.67,0,0,RANSOMWARE,0,0.0,1.0,1.0,CRITICAL,0
Nathula Pass,27.4,88.8,Sikkim Ridge,train_test_network.csv,12,0,0.0,0.0,6.67,0,0,DDOS,0,0.0,1.0,1.0,CRITICAL,0
Kutch Gulf,23.0,68.9,Gujarat Coast,train_test_network.csv,12,0,0.0,0.0,6.67,0,0,BACKDOOR,0,0.0,1.0,1.0,CRITICAL,0
Kutch Gulf,23.0,68.9,Gujarat Coast,train_test_network.csv,12,0,1.0,0.0,6.67,0,0,NORMAL,0,0.0,1.0,0.0,LOW,0
Anjaw District,28.1,96.3,Arunachal Sector,train_test_network.csv,12,0,0.0,0.0,6.67,0,0,NORMAL,0,0.0,1.0,0.0,LOW,0
Tawang Sector,27.6,91.9,Arunachal Sector,train_test_network.csv,12,0,1.0,0.0,6.67,0,0,XSS,0,0.0,1.0,1.0,CRITICAL,0
Doklam Plateau,27.3,89.1,Sikkim Ridge,train_test_network.csv,12,0,0.0,0.0,6.67,0,0,BACKDOOR,0,0.0,1.0,1.0,CRITICAL,0
Rann of Kutch,23.9,70.0,Gujarat Coast,train_test_network.csv,12,0,0.0,0.0,6.67,0,0,DOS,0,0.0,1.0,1.0,CRITICAL,0
Depsang Plains,35.1,77.8,Ladakh LAC,train_test_network.csv,12,0,0.0,0.0,6.67,0,0,NORMAL,0,0.0,1.0,0.0,LOW,0
Tawang Sector,27.6,91.9,Arunachal Sector,train_test_network.csv,12,0,1.0,0.0,6.67,0,0,NORMAL,0,0.0,1.0,0.0,LOW,0
Pangong Tso,33.7,78.9,Ladakh LAC,train_test_network.csv,12,0,0.0,0.0,6.67,0,0,DDOS,0,0.0,1.0,1.0,CRITICAL,0
Rann of Kutch,23.9,70.0,Gujarat Coast,train_test_network.csv,12,0,0.0,0.0,6.67,0,0,BACKDOOR,0,0.0,1.0,1.0,CRITICAL,0
Nathula Pass,27.4,88.8,Sikkim Ridge,train_test_network.csv,12,0,0.0,0.0,6.67,0,0,XSS,0,0.0,1.0,1.0,CRITICAL,0
Galwan Valley,34.4,73.6,J&K LoC,train_test_network.csv,12,0,0.84,0.0,6.67,0,0,MITM,0,0.0,1.0,1.0,CRITICAL,0
Pangong Tso,33.7,78.9,Ladakh LAC,train_test_network.csv,12,0,0.0,0.0,6.67,0,0,RANSOMWARE,0,0.0,1.0,1.0,CRITICAL,0
Depsang Plains,35.1,77.8,Ladakh LAC,train_test_network.csv,12,0,0.44,0.0,6.67,0,0,NORMAL,0,0.0,1.0,0.0,LOW,0
Nathula Pass,27.4,88.8,Sikkim Ridge,train_test_network.csv,12,0,0.0,0.0,6.67,0,0,NORMAL,0,0.0,1.0,0.0,LOW,0
Mizoram Border,22.7,92.7,Northeast Sector,train_test_network.csv,12,0,0.4,0.0,6.67,0,0,DDOS,0,0.0,1.0,1.0,CRITICAL,0
Lipulekh Pass,30.2,80.3,Uttarakhand Pass,train_test_network.csv,12,0,0.0,0.0,6.67,0,0,XSS,0,0.0,1.0,1.0,CRITICAL,0
Pir Panjal Range,33.5,74.2,J&K LoC,train_test_network.csv,12,0,0.5,0.0,6.67,0,0,NORMAL,0,0.0,1.0,0.0,LOW,0
Kutch Gulf,23.0,68.9,Gujarat Coast,train_test_network.csv,12,0,0.0,0.0,6.67,0,0,RANSOMWARE,0,0.0,1.0,1.0,CRITICAL,0
Pir Panjal Range,33.5,74.2,J&K LoC,train_test_network.csv,12,0,0.0,0.0,6.67,0,0,SCANNING,0,0.0,1.0,1.0,CRITICAL,0
Tawang Sector,27.6,91.9,Arunachal Sector,train_test_network.csv,12,0,0.48,0.0,6.67,0,0,DDOS,0,0.0,1.0,1.0,CRITICAL,0
Mizoram Border,22.7,92.7,Northeast Sector,train_test_network.csv,12,0,0.52,0.0,6.67,0,0,DDOS,0,0.0,1.0,1.0,CRITICAL,0
Pangong Tso,33.7,78.9,Ladakh LAC,train_test_network.csv,12,0,0.39,0.0,6.67,0,0,NORMAL,0,0.0,1.0,0.0,LOW,0
Doklam Plateau,27.3,89.1,Sikkim Ridge,train_test_network.csv,12,0,0.0,0.0,6.67,0,0,SCANNING,0,0.0,1.0,1.0,CRITICAL,0
Barmer Sector,25.7,71.4,Rajasthan Border,train_test_network.csv,12,0,0.0,0.0,6.67,0,0,PASSWORD,0,0.0,1.0,1.0,CRITICAL,0
Tawang Sector,27.6,91.9,Arunachal Sector,train_test_network.csv,12,0,1.0,0.0,6.67,0,0,NORMAL,0,0.0,1.0,0.0,LOW,0
Pangong Tso,33.7,78.9,Ladakh LAC,train_test_network.csv,12,0,0.0,0.0,6.67,0,0,BACKDOOR,0,0.0,1.0,1.0,CRITICAL,0
Galwan Valley,34.4,73.6,J&K LoC,train_test_network.csv,12,0,0.0,0.0,6.67,0,0,BACKDOOR,0,0.0,1.0,1.0,CRITICAL,0
Depsang Plains,35.1,77.8,Ladakh LAC,train_test_network.csv,12,0,1.0,0.0,6.67,0,0,NORMAL,0,0.0,1.0,0.0,LOW,0
Nathula Pass,27.4,88.8,Sikkim Ridge,train_test_network.csv,12,0,1.0,0.0,6.67,0,0,INJECTION,0,0.0,1.0,1.0,CRITICAL,0
Mizoram Border,22.7,92.7,Northeast Sector,train_test_network.csv,12,0,0.41,0.0,6.67,0,0,NORMAL,0,0.0,1.0,0.0,LOW,0
Pangong Tso,33.7,78.9,Ladakh LAC,train_test_network.csv,12,0,1.0,0.0,6.67,0,0,INJECTION,0,0.0,1.0,1.0,CRITICAL,0
Doklam Plateau,27.3,89.1,Sikkim Ridge,train_test_network.csv,12,0,0.0,0.0,6.67,0,0,DOS,0,0.0,1.0,1.0,CRITICAL,0
Mizoram Border,22.7,92.7,Northeast Sector,train_test_network.csv,12,0,0.0,0.0,6.67,0,0,RANSOMWARE,0,0.0,1.0,1.0,CRITICAL,0
Kutch Gulf,23.0,68.9,Gujarat Coast,train_test_network.csv,12,0,0.0,0.0,6.67,0,0,NORMAL,0,0.0,1.0,0.0,LOW,0
Depsang Plains,35.1,77.8,Ladakh LAC,train_test_network.csv,12,0,0.28,0.0,6.67,0,0,NORMAL,0,0.0,1.0,0.0,LOW,0
Nathula Pass,27.4,88.8,Sikkim Ridge,train_test_network.csv,12,0,1.0,0.0,6.67,0,0,NORMAL,0,0.0,1.0,0.0,LOW,0
Siachen Glacier,35.5,76.9,Ladakh LAC,train_test_network.csv,12,0,0.0,0.0,6.67,0,0,BACKDOOR,0,0.0,1.0,1.0,CRITICAL,0
Pangong Tso,33.7,78.9,Ladakh LAC,train_test_network.csv,12,0,1.0,0.0,6.67,0,0,INJECTION,0,0.0,1.0,1.0,CRITICAL,0
Pangong Tso,33.7,78.9,Ladakh LAC,train_test_network.csv,12,0,1.0,0.0,6.67,0,0,MITM,0,0.0,1.0,1.0,CRITICAL,0
Wagah Border,31.6,74.6,Punjab Sector,train_test_network.csv,12,0,1.0,0.0,6.67,0,0,INJECTION,0,0.0,1.0,1.0,CRITICAL,0
Siachen Glacier,35.5,76.9,Ladakh LAC,train_test_network.csv,12,0,0.0,0.0,6.67,0,0,BACKDOOR,0,0.0,1.0,1.0,CRITICAL,0
Pangong Tso,33.7,78.9,Ladakh LAC,train_test_network.csv,12,0,0.0,0.0,6.67,0,0,SCANNING,0,0.0,1.0,1.0,CRITICAL,0
Pangong Tso,33.7,78.9,Ladakh LAC,train_test_network.csv,12,0,0.0,0.0,6.67,0,0,BACKDOOR,0,0.0,1.0,1.0,CRITICAL,0
Anjaw District,28.1,96.3,Arunachal Sector,train_test_network.csv,12,0,0.0,0.0,6.67,0,0,NORMAL,0,0.0,1.0,0.0,LOW,0
Wagah Border,31.6,74.6,Punjab Sector,train_test_network.csv,12,0,1.0,0.0,6.67,0,0,INJECTION,0,0.0,1.0,1.0,CRITICAL,0
Anjaw District,28.1,96.3,Arunachal Sector,train_test_network.csv,12,0,1.0,0.0,6.67,0,0,PASSWORD,0,0.0,1.0,1.0,CRITICAL,0
Tawang Sector,27.6,91.9,Arunachal Sector,train_test_network.csv,12,0,0.0,0.0,6.67,0,0,RANSOMWARE,0,0.0,1.0,1.0,CRITICAL,0
Nathula Pass,27.4,88.8,Sikkim Ridge,train_test_network.csv,12,0,1.0,0.0,6.67,0,0,INJECTION,0,0.0,1.0,1.0,CRITICAL,0
Wagah Border,31.6,74.6,Punjab Sector,train_test_network.csv,12,0,0.58,0.0,6.67,0,0,DDOS,0,0.0,1.0,1.0,CRITICAL,0
Depsang Plains,35.1,77.8,Ladakh LAC,train_test_network.csv,12,0,0.0,0.0,6.67,0,0,BACKDOOR,0,0.0,1.0,1.0,CRITICAL,0
Pir Panjal Range,33.5,74.2,J&K LoC,train_test_network.csv,12,0,0.0,0.0,6.67,0,0,PASSWORD,0,0.0,1.0,1.0,CRITICAL,0
Pir Panjal Range,33.5,74.2,J&K LoC,train_test_network.csv,12,0,0.0,0.0,6.67,0,0,BACKDOOR,0,0.0,1.0,1.0,CRITICAL,0
Wagah Border,31.6,74.6,Punjab Sector,train_test_network.csv,12,0,0.0,0.0,6.67,0,0,BACKDOOR,0,0.0,1.0,1.0,CRITICAL,0
Lipulekh Pass,30.2,80.3,Uttarakhand Pass,train_test_network.csv,12,0,0.0,0.0,6.67,0,0,BACKDOOR,0,0.0,1.0,1.0,CRITICAL,0
Barmer Sector,25.7,71.4,Rajasthan Border,train_test_network.csv,12,0,1.0,0.0,6.67,0,0,DDOS,0,0.0,1.0,1.0,CRITICAL,0
Doklam Plateau,27.3,89.1,Sikkim Ridge,train_test_network.csv,12,0,1.0,0.0,6.67,0,0,NORMAL,0,0.0,1.0,0.0,LOW,0
Anjaw District,28.1,96.3,Arunachal Sector,train_test_network.csv,12,0,1.0,0.0,6.67,0,0,NORMAL,0,0.0,1.0,0.0,LOW,0
Anjaw District,28.1,96.3,Arunachal Sector,train_test_network.csv,12,0,0.0,0.0,6.67,0,0,BACKDOOR,0,0.0,1.0,1.0,CRITICAL,0
Siachen Glacier,35.5,76.9,Ladakh LAC,train_test_network.csv,12,0,1.0,0.0,6.67,0,0,INJECTION,0,0.0,1.0,1.0,CRITICAL,0
Rann of Kutch,23.9,70.0,Gujarat Coast,train_test_network.csv,12,0,0.0,0.0,6.67,0,0,RANSOMWARE,0,0.0,1.0,1.0,CRITICAL,0
Tawang Sector,27.6,91.9,Arunachal Sector,train_test_network.csv,12,0,1.0,0.0,6.67,0,0,PASSWORD,0,0.0,1.0,1.0,CRITICAL,0
Tawang Sector,27.6,91.9,Arunachal Sector,train_test_network.csv,12,0,0.0,0.0,6.67,0,0,XSS,0,0.0,1.0,1.0,CRITICAL,0
Mizoram Border,22.7,92.7,Northeast Sector,train_test_network.csv,12,0,0.41,0.0,6.67,0,0,NORMAL,0,0.0,1.0,0.0,LOW,0
Nathula Pass,27.4,88.8,Sikkim Ridge,train_test_network.csv,12,0,1.0,0.0,6.67,0,0,PASSWORD,0,0.0,1.0,1.0,CRITICAL,0
Wagah Border,31.6,74.6,Punjab Sector,train_test_network.csv,12,0,0.0,0.0,6.67,0,0,XSS,0,0.0,1.0,1.0,CRITICAL,0
Pangong Tso,33.7,78.9,Ladakh LAC,train_test_network.csv,12,0,1.0,0.0,6.67,0,0,PASSWORD,0,0.0,1.0,1.0,CRITICAL,0
Tawang Sector,27.6,91.9,Arunachal Sector,train_test_network.csv,12,0,0.0,0.0,6.67,0,0,SCANNING,0,0.0,1.0,1.0,CRITICAL,0
Barmer Sector,25.7,71.4,Rajasthan Border,train_test_network.csv,12,0,0.0,0.0,6.67,0,0,XSS,0,0.0,1.0,1.0,CRITICAL,0
Doklam Plateau,27.3,89.1,Sikkim Ridge,train_test_network.csv,12,0,0.0,0.0,6.67,0,0,RANSOMWARE,0,0.0,1.0,1.0,CRITICAL,0
Siachen Glacier,35.5,76.9,Ladakh LAC,train_test_network.csv,12,0,0.0,0.0,6.67,0,0,XSS,0,0.0,1.0,1.0,CRITICAL,0
Rann of Kutch,23.9,70.0,Gujarat Coast,train_test_network.csv,12,0,0.0,0.0,6.67,0,0,BACKDOOR,0,0.0,1.0,1.0,CRITICAL,0
Doklam Plateau,27.3,89.1,Sikkim Ridge,train_test_network.csv,12,0,0.0,0.0,6.67,0,0,SCANNING,0,0.0,1.0,1.0,CRITICAL,0
Barmer Sector,25.7,71.4,Rajasthan Border,train_test_network.csv,12,0,0.74,0.0,6.67,0,0,XSS,0,0.0,1.0,1.0,CRITICAL,0
Anjaw District,28.1,96.3,Arunachal Sector,train_test_network.csv,12,0,0.0,0.0,6.67,0,0,DDOS,0,0.0,1.0,1.0,CRITICAL,0
Lipulekh Pass,30.2,80.3,Uttarakhand Pass,train_test_network.csv,12,0,0.0,0.0,6.67,0,0,DDOS,0,0.0,1.0,1.0,CRITICAL,0
Kutch Gulf,23.0,68.9,Gujarat Coast,train_test_network.csv,12,0,0.0,0.0,6.67,0,0,XSS,0,0.0,1.0,1.0,CRITICAL,0
Pir Panjal Range,33.5,74.2,J&K LoC,train_test_network.csv,12,0,0.44,0.0,6.67,0,0,NORMAL,0,0.0,1.0,0.0,LOW,0
Pangong Tso,33.7,78.9,Ladakh LAC,train_test_network.csv,12,0,1.0,0.0,6.67,0,0,DDOS,0,0.0,1.0,1.0,CRITICAL,0
Barmer Sector,25.7,71.4,Rajasthan Border,train_test_network.csv,12,0,0.0,0.0,6.67,0,0,BACKDOOR,0,0.0,1.0,1.0,CRITICAL,0
Pir Panjal Range,33.5,74.2,J&K LoC,train_test_network.csv,12,0,0.84,0.0,6.67,0,0,PASSWORD,0,0.0,1.0,1.0,CRITICAL,0
Wagah Border,31.6,74.6,Punjab Sector,train_test_network.csv,12,0,0.0,0.0,6.67,0,0,SCANNING,0,0.0,1.0,1.0,CRITICAL,0
Siachen Glacier,35.5,76.9,Ladakh LAC,train_test_network.csv,12,0,0.37,0.0,6.67,0,0,DOS,0,0.0,1.0,1.0,CRITICAL,0
Siachen Glacier,35.5,76.9,Ladakh LAC,train_test_network.csv,12,0,1.0,0.0,6.67,0,0,INJECTION,0,0.0,1.0,1.0,CRITICAL,0
Pangong Tso,33.7,78.9,Ladakh LAC,train_test_network.csv,12,0,1.0,0.0,6.67,0,0,PASSWORD,0,0.0,1.0,1.0,CRITICAL,0
Galwan Valley,34.4,73.6,J&K LoC,train_test_network.csv,12,0,0.0,0.0,6.67,0,0,SCANNING,0,0.0,1.0,1.0,CRITICAL,0
Kutch Gulf,23.0,68.9,Gujarat Coast,train_test_network.csv,12,0,0.0,0.0,6.67,0,0,NORMAL,0,0.0,1.0,0.0,LOW,0
Mizoram Border,22.7,92.7,Northeast Sector,train_test_network.csv,12,0,0.0,0.0,6.67,0,0,BACKDOOR,0,0.0,1.0,1.0,CRITICAL,0
Nathula Pass,27.4,88.8,Sikkim Ridge,train_test_network.csv,12,0,0.39,0.0,6.67,0,0,NORMAL,0,0.0,1.0,0.0,LOW,0
Lipulekh Pass,30.2,80.3,Uttarakhand Pass,train_test_network.csv,12,0,1.0,0.0,6.67,0,0,PASSWORD,0,0.0,1.0,1.0,CRITICAL,0
Kutch Gulf,23.0,68.9,Gujarat Coast,train_test_network.csv,12,0,0.0,0.0,6.67,0,0,NORMAL,0,0.0,1.0,0.0,LOW,0
Doklam Plateau,27.3,89.1,Sikkim Ridge,train_test_network.csv,12,0,0.0,0.0,6.67,0,0,SCANNING,0,0.0,1.0,1.0,CRITICAL,0
Nathula Pass,27.4,88.8,Sikkim Ridge,train_test_network.csv,12,0,1.0,0.0,6.67,0,0,NORMAL,0,0.0,1.0,0.0,LOW,0
Lipulekh Pass,30.2,80.3,Uttarakhand Pass,train_test_network.csv,12,0,0.0,0.0,6.67,0,0,RANSOMWARE,0,0.0,1.0,1.0,CRITICAL,0
Tawang Sector,27.6,91.9,Arunachal Sector,train_test_network.csv,12,0,1.0,0.0,6.67,0,0,INJECTION,0,0.0,1.0,1.0,CRITICAL,0
Depsang Plains,35.1,77.8,Ladakh LAC,train_test_network.csv,12,0,0.41,0.0,6.67,0,0,NORMAL,0,0.0,1.0,0.0,LOW,0
Lipulekh Pass,30.2,80.3,Uttarakhand Pass,train_test_network.csv,12,0,1.0,0.0,6.67,0,0,PASSWORD,0,0.0,1.0,1.0,CRITICAL,0
Rann of Kutch,23.9,70.0,Gujarat Coast,train_test_network.csv,12,0,0.0,0.0,6.67,0,0,NORMAL,0,0.0,1.0,0.0,LOW,0
Galwan Valley,34.4,73.6,J&K LoC,train_test_network.csv,12,0,1.0,0.0,6.67,0,0,INJECTION,0,0.0,1.0,1.0,CRITICAL,0
Pangong Tso,33.7,78.9,Ladakh LAC,train_test_network.csv,12,0,0.0,0.0,6.67,0,0,DOS,0,0.0,1.0,1.0,CRITICAL,0
Pangong Tso,33.7,78.9,Ladakh LAC,train_test_network.csv,12,0,1.0,0.0,6.67,0,0,INJECTION,0,0.0,1.0,1.0,CRITICAL,0
Rann of Kutch,23.9,70.0,Gujarat Coast,train_test_network.csv,12,0,1.0,0.0,6.67,0,0,DDOS,0,0.0,1.0,1.0,CRITICAL,0
Nathula Pass,27.4,88.8,Sikkim Ridge,train_test_network.csv,12,0,0.0,0.0,6.67,0,0,NORMAL,0,0.0,1.0,0.0,LOW,0
Lipulekh Pass,30.2,80.3,Uttarakhand Pass,train_test_network.csv,12,0,0.0,0.0,6.67,0,0,NORMAL,0,0.0,1.0,0.0,LOW,0
Wagah Border,31.6,74.6,Punjab Sector,train_test_network.csv,12,0,0.0,0.0,6.67,0,0,RANSOMWARE,0,0.0,1.0,1.0,CRITICAL,0
Tawang Sector,27.6,91.9,Arunachal Sector,train_test_network.csv,12,0,0.0,0.0,6.67,0,0,DDOS,0,0.0,1.0,1.0,CRITICAL,0
Barmer Sector,25.7,71.4,Rajasthan Border,train_test_network.csv,12,0,1.0,0.0,6.67,0,0,NORMAL,0,0.0,1.0,0.0,LOW,0
Depsang Plains,35.1,77.8,Ladakh LAC,train_test_network.csv,12,0,0.0,0.0,6.67,0,0,XSS,0,0.0,1.0,1.0,CRITICAL,0
Galwan Valley,34.4,73.6,J&K LoC,train_test_network.csv,12,0,0.0,0.0,6.67,0,0,NORMAL,0,0.0,1.0,0.0,LOW,0
Rann of Kutch,23.9,70.0,Gujarat Coast,train_test_network.csv,12,0,0.35,0.0,6.67,0,0,DOS,0,0.0,1.0,1.0,CRITICAL,0
Wagah Border,31.6,74.6,Punjab Sector,train_test_network.csv,12,0,0.0,0.0,6.67,0,0,NORMAL,0,0.0,1.0,0.0,LOW,0
Siachen Glacier,35.5,76.9,Ladakh LAC,train_test_network.csv,12,0,1.0,0.0,6.67,0,0,INJECTION,0,0.0,1.0,1.0,CRITICAL,0
Doklam Plateau,27.3,89.1,Sikkim Ridge,train_test_network.csv,12,0,0.0,0.0,6.67,0,0,RANSOMWARE,0,0.0,1.0,1.0,CRITICAL,0
Depsang Plains,35.1,77.8,Ladakh LAC,train_test_network.csv,12,0,0.0,0.0,6.67,0,0,NORMAL,0,0.0,1.0,0.0,LOW,0
Barmer Sector,25.7,71.4,Rajasthan Border,train_test_network.csv,12,0,1.0,0.0,6.67,0,0,NORMAL,0,0.0,1.0,0.0,LOW,0
Kutch Gulf,23.0,68.9,Gujarat Coast,train_test_network.csv,12,0,0.0,0.0,6.67,0,0,XSS,0,0.0,1.0,1.0,CRITICAL,0
Tawang Sector,27.6,91.9,Arunachal Sector,train_test_network.csv,12,0,1.0,0.0,6.67,0,0,NORMAL,0,0.0,1.0,0.0,LOW,0
Anjaw District,28.1,96.3,Arunachal Sector,train_test_network.csv,12,0,0.0,0.0,6.67,0,0,NORMAL,0,0.0,1.0,0.0,LOW,0
Pangong Tso,33.7,78.9,Ladakh LAC,train_test_network.csv,12,0,0.0,0.0,6.67,0,0,NORMAL,0,0.0,1.0,0.0,LOW,0
Anjaw District,28.1,96.3,Arunachal Sector,train_test_network.csv,12,0,0.0,0.0,6.67,0,0,NORMAL,0,0.0,1.0,0.0,LOW,0
Tawang Sector,27.6,91.9,Arunachal Sector,train_test_network.csv,12,0,0.0,0.0,6.67,0,0,BACKDOOR,0,0.0,1.0,1.0,CRITICAL,0
Pangong Tso,33.7,78.9,Ladakh LAC,train_test_network.csv,12,0,0.0,0.0,6.67,0,0,BACKDOOR,0,0.0,1.0,1.0,CRITICAL,0
Doklam Plateau,27.3,89.1,Sikkim Ridge,train_test_network.csv,12,0,0.0,0.0,6.67,0,0,NORMAL,0,0.0,1.0,0.0,LOW,0
Rann of Kutch,23.9,70.0,Gujarat Coast,train_test_network.csv,12,0,0.0,0.0,6.67,0,0,XSS,0,0.0,1.0,1.0,CRITICAL,0
Kutch Gulf,23.0,68.9,Gujarat Coast,train_test_network.csv,12,0,0.44,0.0,6.67,0,0,DOS,0,0.0,1.0,1.0,CRITICAL,0
Tawang Sector,27.6,91.9,Arunachal Sector,train_test_network.csv,12,0,0.52,0.0,6.67,0,0,SCANNING,0,0.0,1.0,1.0,CRITICAL,0
Mizoram Border,22.7,92.7,Northeast Sector,train_test_network.csv,12,0,0.54,0.0,6.67,0,0,DDOS,0,0.0,1.0,1.0,CRITICAL,0
Pangong Tso,33.7,78.9,Ladakh LAC,train_test_network.csv,12,0,0.0,0.0,6.67,0,0,NORMAL,0,0.0,1.0,0.0,LOW,0
Pir Panjal Range,33.5,74.2,J&K LoC,train_test_network.csv,12,0,0.0,0.0,6.67,0,0,DOS,0,0.0,1.0,1.0,CRITICAL,0
Tawang Sector,27.6,91.9,Arunachal Sector,train_test_network.csv,12,0,1.0,0.0,6.67,0,0,XSS,0,0.0,1.0,1.0,CRITICAL,0
Lipulekh Pass,30.2,80.3,Uttarakhand Pass,train_test_network.csv,12,0,0.0,0.0,6.67,0,0,PASSWORD,0,0.0,1.0,1.0,CRITICAL,0
Pangong Tso,33.7,78.9,Ladakh LAC,train_test_network.csv,12,0,0.0,0.0,6.67,0,0,BACKDOOR,0,0.0,1.0,1.0,CRITICAL,0
Kutch Gulf,23.0,68.9,Gujarat Coast,train_test_network.csv,12,0,0.0,0.0,6.67,0,0,XSS,0,0.0,1.0,1.0,CRITICAL,0
Tawang Sector,27.6,91.9,Arunachal Sector,train_test_network.csv,12,0,0.0,0.0,6.67,0,0,NORMAL,0,0.0,1.0,0.0,LOW,0
Pir Panjal Range,33.5,74.2,J&K LoC,train_test_network.csv,12,0,1.0,0.0,6.67,0,0,INJECTION,0,0.0,1.0,1.0,CRITICAL,0
Galwan Valley,34.4,73.6,J&K LoC,train_test_network.csv,12,0,0.0,0.0,6.67,0,0,BACKDOOR,0,0.0,1.0,1.0,CRITICAL,0
Nathula Pass,27.4,88.8,Sikkim Ridge,train_test_network.csv,12,0,0.0,0.0,6.67,0,0,NORMAL,0,0.0,1.0,0.0,LOW,0
Siachen Glacier,35.5,76.9,Ladakh LAC,train_test_network.csv,12,0,1.0,0.0,6.67,0,0,PASSWORD,0,0.0,1.0,1.0,CRITICAL,0
Pir Panjal Range,33.5,74.2,J&K LoC,train_test_network.csv,12,0,0.0,0.0,6.67,0,0,SCANNING,0,0.0,1.0,1.0,CRITICAL,0
Doklam Plateau,27.3,89.1,Sikkim Ridge,train_test_network.csv,12,0,0.0,0.0,6.67,0,0,BACKDOOR,0,0.0,1.0,1.0,CRITICAL,0
Barmer Sector,25.7,71.4,Rajasthan Border,train_test_network.csv,12,0,0.0,0.0,6.67,0,0,BACKDOOR,0,0.0,1.0,1.0,CRITICAL,0
Pir Panjal Range,33.5,74.2,J&K LoC,train_test_network.csv,12,0,0.0,0.0,6.67,0,0,BACKDOOR,0,0.0,1.0,1.0,CRITICAL,0
Lipulekh Pass,30.2,80.3,Uttarakhand Pass,train_test_network.csv,12,0,0.53,0.0,6.67,0,0,NORMAL,0,0.0,1.0,0.0,LOW,0
Depsang Plains,35.1,77.8,Ladakh LAC,train_test_network.csv,12,0,0.0,0.0,6.67,0,0,RANSOMWARE,0,0.0,1.0,1.0,CRITICAL,0
Pangong Tso,33.7,78.9,Ladakh LAC,train_test_network.csv,12,0,0.58,0.0,6.67,0,0,NORMAL,0,0.0,1.0,0.0,LOW,0
Pangong Tso,33.7,78.9,Ladakh LAC,train_test_network.csv,12,0,1.0,0.0,6.67,0,0,PASSWORD,0,0.0,1.0,1.0,CRITICAL,0
Pir Panjal Range,33.5,74.2,J&K LoC,train_test_network.csv,12,0,0.0,0.0,6.67,0,0,XSS,0,0.0,1.0,1.0,CRITICAL,0
Pir Panjal Range,33.5,74.2,J&K LoC,train_test_network.csv,12,0,1.0,0.0,6.67,0,0,INJECTION,0,0.0,1.0,1.0,CRITICAL,0
Nathula Pass,27.4,88.8,Sikkim Ridge,train_test_network.csv,12,0,0.0,0.0,6.67,0,0,DOS,0,0.0,1.0,1.0,CRITICAL,0
Pir Panjal Range,33.5,74.2,J&K LoC,train_test_network.csv,12,0,1.0,0.0,6.67,0,0,PASSWORD,0,0.0,1.0,1.0,CRITICAL,0
Pangong Tso,33.7,78.9,Ladakh LAC,train_test_network.csv,12,0,1.0,0.0,6.67,0,0,DOS,0,0.0,1.0,1.0,CRITICAL,0
Barmer Sector,25.7,71.4,Rajasthan Border,train_test_network.csv,12,0,0.0,0.0,6.67,0,0,PASSWORD,0,0.0,1.0,1.0,CRITICAL,0
Anjaw District,28.1,96.3,Arunachal Sector,train_test_network.csv,12,0,0.0,0.0,6.67,0,0,DDOS,0,0.0,1.0,1.0,CRITICAL,0
Pangong Tso,33.7,78.9,Ladakh LAC,train_test_network.csv,12,0,1.0,0.0,6.67,0,0,INJECTION,0,0.0,1.0,1.0,CRITICAL,0
Pangong Tso,33.7,78.9,Ladakh LAC,train_test_network.csv,12,0,1.0,0.0,6.67,0,0,PASSWORD,0,0.0,1.0,1.0,CRITICAL,0
Doklam Plateau,27.3,89.1,Sikkim Ridge,train_test_network.csv,12,0,0.0,0.0,6.67,0,0,BACKDOOR,0,0.0,1.0,1.0,CRITICAL,0
Anjaw District,28.1,96.3,Arunachal Sector,train_test_network.csv,12,0,0.0,0.0,6.67,0,0,DDOS,0,0.0,1.0,1.0,CRITICAL,0
Pangong Tso,33.7,78.9,Ladakh LAC,train_test_network.csv,12,0,0.0,0.0,6.67,0,0,DDOS,0,0.0,1.0,1.0,CRITICAL,0
Anjaw District,28.1,96.3,Arunachal Sector,train_test_network.csv,12,0,1.0,0.0,6.67,0,0,NORMAL,0,0.0,1.0,0.0,LOW,0
Galwan Valley,34.4,73.6,J&K LoC,train_test_network.csv,12,0,1.0,0.0,6.67,0,0,INJECTION,0,0.0,1.0,1.0,CRITICAL,0
Mizoram Border,22.7,92.7,Northeast Sector,train_test_network.csv,12,0,1.0,0.0,6.67,0,0,NORMAL,0,0.0,1.0,0.0,LOW,0
Anjaw District,28.1,96.3,Arunachal Sector,train_test_network.csv,12,0,0.0,0.0,6.67,0,0,XSS,0,0.0,1.0,1.0,CRITICAL,0
Galwan Valley,34.4,73.6,J&K LoC,train_test_network.csv,12,0,0.0,0.0,6.67,0,0,SCANNING,0,0.0,1.0,1.0,CRITICAL,0
Lipulekh Pass,30.2,80.3,Uttarakhand Pass,train_test_network.csv,12,0,1.0,0.0,6.67,0,0,XSS,0,0.0,1.0,1.0,CRITICAL,0
Pir Panjal Range,33.5,74.2,J&K LoC,train_test_network.csv,12,0,0.0,0.0,6.67,0,0,NORMAL,0,0.0,1.0,0.0,LOW,0
Anjaw District,28.1,96.3,Arunachal Sector,train_test_network.csv,12,0,1.0,0.0,6.67,0,0,MITM,0,0.0,1.0,1.0,CRITICAL,0
Rann of Kutch,23.9,70.0,Gujarat Coast,train_test_network.csv,12,0,0.0,0.0,6.67,0,0,NORMAL,0,0.0,1.0,0.0,LOW,0
Wagah Border,31.6,74.6,Punjab Sector,train_test_network.csv,12,0,0.0,0.0,6.67,0,0,DOS,0,0.0,1.0,1.0,CRITICAL,0
Kutch Gulf,23.0,68.9,Gujarat Coast,train_test_network.csv,12,0,0.0,0.0,6.67,0,0,DDOS,0,0.0,1.0,1.0,CRITICAL,0
Tawang Sector,27.6,91.9,Arunachal Sector,train_test_network.csv,12,0,0.0,0.0,6.67,0,0,XSS,0,0.0,1.0,1.0,CRITICAL,0
Depsang Plains,35.1,77.8,Ladakh LAC,train_test_network.csv,12,0,0.0,0.0,6.67,0,0,SCANNING,0,0.0,1.0,1.0,CRITICAL,0
Anjaw District,28.1,96.3,Arunachal Sector,train_test_network.csv,12,0,0.0,0.0,6.67,0,0,SCANNING,0,0.0,1.0,1.0,CRITICAL,0
Pir Panjal Range,33.5,74.2,J&K LoC,train_test_network.csv,12,0,0.0,0.0,6.67,0,0,RANSOMWARE,0,0.0,1.0,1.0,CRITICAL,0
Kutch Gulf,23.0,68.9,Gujarat Coast,train_test_network.csv,12,0,1.0,0.0,6.67,0,0,NORMAL,0,0.0,1.0,0.0,LOW,0
Kutch Gulf,23.0,68.9,Gujarat Coast,train_test_network.csv,12,0,0.52,0.0,6.67,0,0,DDOS,0,0.0,1.0,1.0,CRITICAL,0
Pir Panjal Range,33.5,74.2,J&K LoC,train_test_network.csv,12,0,0.0,0.0,6.67,0,0,DDOS,0,0.0,1.0,1.0,CRITICAL,0
Anjaw District,28.1,96.3,Arunachal Sector,train_test_network.csv,12,0,0.0,0.0,6.67,0,0,NORMAL,0,0.0,1.0,0.0,LOW,0
Tawang Sector,27.6,91.9,Arunachal Sector,train_test_network.csv,12,0,0.0,0.0,6.67,0,0,SCANNING,0,0.0,1.0,1.0,CRITICAL,0
Pir Panjal Range,33.5,74.2,J&K LoC,train_test_network.csv,12,0,0.0,0.0,6.67,0,0,NORMAL,0,0.0,1.0,0.0,LOW,0
Lipulekh Pass,30.2,80.3,Uttarakhand Pass,train_test_network.csv,12,0,0.0,0.0,6.67,0,0,NORMAL,0,0.0,1.0,0.0,LOW,0
Tawang Sector,27.6,91.9,Arunachal Sector,train_test_network.csv,12,0,0.74,0.0,6.67,0,0,XSS,0,0.0,1.0,1.0,CRITICAL,0
Tawang Sector,27.6,91.9,Arunachal Sector,train_test_network.csv,12,0,0.0,0.0,6.67,0,0,SCANNING,0,0.0,1.0,1.0,CRITICAL,0
Pir Panjal Range,33.5,74.2,J&K LoC,train_test_network.csv,12,0,0.0,0.0,6.67,0,0,BACKDOOR,0,0.0,1.0,1.0,CRITICAL,0
Depsang Plains,35.1,77.8,Ladakh LAC,train_test_network.csv,12,0,0.52,0.0,6.67,0,0,SCANNING,0,0.0,1.0,1.0,CRITICAL,0
Depsang Plains,35.1,77.8,Ladakh LAC,train_test_network.csv,12,0,0.0,0.0,6.67,0,0,BACKDOOR,0,0.0,1.0,1.0,CRITICAL,0
Kutch Gulf,23.0,68.9,Gujarat Coast,train_test_network.csv,12,0,0.0,0.0,6.67,0,0,SCANNING,0,0.0,1.0,1.0,CRITICAL,0
Depsang Plains,35.1,77.8,Ladakh LAC,train_test_network.csv,12,0,1.0,0.0,6.67,0,0,NORMAL,0,0.0,1.0,0.0,LOW,0
Siachen Glacier,35.5,76.9,Ladakh LAC,train_test_network.csv,12,0,0.0,0.0,6.67,0,0,NORMAL,0,0.0,1.0,0.0,LOW,0
Mizoram Border,22.7,92.7,Northeast Sector,train_test_network.csv,12,0,0.0,0.0,6.67,0,0,SCANNING,0,0.0,1.0,1.0,CRITICAL,0
Doklam Plateau,27.3,89.1,Sikkim Ridge,train_test_network.csv,12,0,0.0,0.0,6.67,0,0,BACKDOOR,0,0.0,1.0,1.0,CRITICAL,0
Barmer Sector,25.7,71.4,Rajasthan Border,train_test_network.csv,12,0,0.0,0.0,6.67,0,0,DOS,0,0.0,1.0,1.0,CRITICAL,0
Nathula Pass,27.4,88.8,Sikkim Ridge,train_test_network.csv,12,0,0.0,0.0,6.67,0,0,RANSOMWARE,0,0.0,1.0,1.0,CRITICAL,0
Galwan Valley,34.4,73.6,J&K LoC,train_test_network.csv,12,0,0.0,0.0,6.67,0,0,BACKDOOR,0,0.0,1.0,1.0,CRITICAL,0
Siachen Glacier,35.5,76.9,Ladakh LAC,train_test_network.csv,12,0,1.0,0.0,6.67,0,0,NORMAL,0,0.0,1.0,0.0,LOW,0
Kutch Gulf,23.0,68.9,Gujarat Coast,train_test_network.csv,12,0,1.0,0.0,6.67,0,0,NORMAL,0,0.0,1.0,0.0,LOW,0
Galwan Valley,34.4,73.6,J&K LoC,train_test_network.csv,12,0,0.0,0.0,6.67,0,0,DOS,0,0.0,1.0,1.0,CRITICAL,0
Lipulekh Pass,30.2,80.3,Uttarakhand Pass,train_test_network.csv,12,0,0.0,0.0,6.67,0,0,DDOS,0,0.0,1.0,1.0,CRITICAL,0
Anjaw District,28.1,96.3,Arunachal Sector,train_test_network.csv,12,0,0.56,0.0,6.67,0,0,NORMAL,0,0.0,1.0,0.0,LOW,0
Anjaw District,28.1,96.3,Arunachal Sector,train_test_network.csv,12,0,0.0,0.0,6.67,0,0,RANSOMWARE,0,0.0,1.0,1.0,CRITICAL,0
Mizoram Border,22.7,92.7,Northeast Sector,train_test_network.csv,12,0,0.0,0.0,6.67,0,0,RANSOMWARE,0,0.0,1.0,1.0,CRITICAL,0
Wagah Border,31.6,74.6,Punjab Sector,train_test_network.csv,12,0,0.0,0.0,6.67,0,0,NORMAL,0,0.0,1.0,0.0,LOW,0
Wagah Border,31.6,74.6,Punjab Sector,train_test_network.csv,12,0,1.0,0.0,6.67,0,0,NORMAL,0,0.0,1.0,0.0,LOW,0
Anjaw District,28.1,96.3,Arunachal Sector,train_test_network.csv,12,0,0.0,0.0,6.67,0,0,DDOS,0,0.0,1.0,1.0,CRITICAL,0
Anjaw District,28.1,96.3,Arunachal Sector,train_test_network.csv,12,0,0.0,0.0,6.67,0,0,PASSWORD,0,0.0,1.0,1.0,CRITICAL,0
Barmer Sector,25.7,71.4,Rajasthan Border,train_test_network.csv,12,0,0.0,0.0,6.67,0,0,DOS,0,0.0,1.0,1.0,CRITICAL,0
Depsang Plains,35.1,77.8,Ladakh LAC,train_test_network.csv,12,0,0.0,0.0,6.67,0,0,RANSOMWARE,0,0.0,1.0,1.0,CRITICAL,0
Pangong Tso,33.7,78.9,Ladakh LAC,train_test_network.csv,12,0,1.0,0.0,6.67,0,0,NORMAL,0,0.0,1.0,0.0,LOW,0
Wagah Border,31.6,74.6,Punjab Sector,train_test_network.csv,12,0,0.0,0.0,6.67,0,0,RANSOMWARE,0,0.0,1.0,1.0,CRITICAL,0
Wagah Border,31.6,74.6,Punjab Sector,train_test_network.csv,12,0,0.0,0.0,6.67,0,0,DOS,0,0.0,1.0,1.0,CRITICAL,0
Galwan Valley,34.4,73.6,J&K LoC,train_test_network.csv,12,0,0.0,0.0,6.67,0,0,NORMAL,0,0.0,1.0,0.0,LOW,0
Kutch Gulf,23.0,68.9,Gujarat Coast,train_test_network.csv,12,0,0.58,0.0,6.67,0,0,DDOS,0,0.0,1.0,1.0,CRITICAL,0
Lipulekh Pass,30.2,80.3,Uttarakhand Pass,train_test_network.csv,12,0,0.0,0.0,6.67,0,0,XSS,0,0.0,1.0,1.0,CRITICAL,0
Pangong Tso,33.7,78.9,Ladakh LAC,train_test_network.csv,12,0,1.0,0.0,6.67,0,0,XSS,0,0.0,1.0,1.0,CRITICAL,0
Kutch Gulf,23.0,68.9,Gujarat Coast,train_test_network.csv,12,0,0.0,0.0,6.67,0,0,BACKDOOR,0,0.0,1.0,1.0,CRITICAL,0
Mizoram Border,22.7,92.7,Northeast Sector,train_test_network.csv,12,0,1.0,0.0,6.67,0,0,PASSWORD,0,0.0,1.0,1.0,CRITICAL,0
Doklam Plateau,27.3,89.1,Sikkim Ridge,train_test_network.csv,12,0,0.0,0.0,6.67,0,0,XSS,0,0.0,1.0,1.0,CRITICAL,0
Tawang Sector,27.6,91.9,Arunachal Sector,train_test_network.csv,12,0,1.0,0.0,6.67,0,0,DDOS,0,0.0,1.0,1.0,CRITICAL,0
Tawang Sector,27.6,91.9,Arunachal Sector,train_test_network.csv,12,0,0.0,0.0,6.67,0,0,NORMAL,0,0.0,1.0,0.0,LOW,0
Lipulekh Pass,30.2,80.3,Uttarakhand Pass,train_test_network.csv,12,0,0.0,0.0,6.67,0,0,NORMAL,0,0.0,1.0,0.0,LOW,0
Depsang Plains,35.1,77.8,Ladakh LAC,train_test_network.csv,12,0,1.0,0.0,6.67,0,0,PASSWORD,0,0.0,1.0,1.0,CRITICAL,0
Nathula Pass,27.4,88.8,Sikkim Ridge,train_test_network.csv,12,0,0.84,0.0,6.67,0,0,MITM,0,0.0,1.0,1.0,CRITICAL,0
Depsang Plains,35.1,77.8,Ladakh LAC,train_test_network.csv,12,0,0.0,0.0,6.67,0,0,DOS,0,0.0,1.0,1.0,CRITICAL,0
Depsang Plains,35.1,77.8,Ladakh LAC,train_test_network.csv,12,0,0.48,0.0,6.67,0,0,DDOS,0,0.0,1.0,1.0,CRITICAL,0
Doklam Plateau,27.3,89.1,Sikkim Ridge,train_test_network.csv,12,0,0.0,0.0,6.67,0,0,RANSOMWARE,0,0.0,1.0,1.0,CRITICAL,0
Kutch Gulf,23.0,68.9,Gujarat Coast,train_test_network.csv,12,0,0.0,0.0,6.67,0,0,SCANNING,0,0.0,1.0,1.0,CRITICAL,0
Pir Panjal Range,33.5,74.2,J&K LoC,train_test_network.csv,12,0,1.0,0.0,6.67,0,0,DDOS,0,0.0,1.0,1.0,CRITICAL,0
Galwan Valley,34.4,73.6,J&K LoC,train_test_network.csv,12,0,0.0,0.0,6.67,0,0,XSS,0,0.0,1.0,1.0,CRITICAL,0
Pangong Tso,33.7,78.9,Ladakh LAC,train_test_network.csv,12,0,0.0,0.0,6.67,0,0,RANSOMWARE,0,0.0,1.0,1.0,CRITICAL,0
Doklam Plateau,27.3,89.1,Sikkim Ridge,train_test_network.csv,12,0,0.0,0.0,6.67,0,0,BACKDOOR,0,0.0,1.0,1.0,CRITICAL,0
Lipulekh Pass,30.2,80.3,Uttarakhand Pass,train_test_network.csv,12,0,0.83,0.0,6.67,0,0,PASSWORD,0,0.0,1.0,1.0,CRITICAL,0
Mizoram Border,22.7,92.7,Northeast Sector,train_test_network.csv,12,0,1.0,0.0,6.67,0,0,PASSWORD,0,0.0,1.0,1.0,CRITICAL,0
Barmer Sector,25.7,71.4,Rajasthan Border,train_test_network.csv,12,0,1.0,0.0,6.67,0,0,PASSWORD,0,0.0,1.0,1.0,CRITICAL,0
Lipulekh Pass,30.2,80.3,Uttarakhand Pass,train_test_network.csv,12,0,0.0,0.0,6.67,0,0,DOS,0,0.0,1.0,1.0,CRITICAL,0
Depsang Plains,35.1,77.8,Ladakh LAC,train_test_network.csv,12,0,1.0,0.0,6.67,0,0,NORMAL,0,0.0,1.0,0.0,LOW,0
Galwan Valley,34.4,73.6,J&K LoC,train_test_network.csv,12,0,1.0,0.0,6.67,0,0,XSS,0,0.0,1.0,1.0,CRITICAL,0
Siachen Glacier,35.5,76.9,Ladakh LAC,train_test_network.csv,12,0,0.0,0.0,6.67,0,0,SCANNING,0,0.0,1.0,1.0,CRITICAL,0
Wagah Border,31.6,74.6,Punjab Sector,train_test_network.csv,12,0,0.76,0.0,6.67,0,0,MITM,0,0.0,1.0,1.0,CRITICAL,0
Tawang Sector,27.6,91.9,Arunachal Sector,train_test_network.csv,12,0,0.0,0.0,6.67,0,0,RANSOMWARE,0,0.0,1.0,1.0,CRITICAL,0
Pangong Tso,33.7,78.9,Ladakh LAC,train_test_network.csv,12,0,1.0,0.0,6.67,0,0,INJECTION,0,0.0,1.0,1.0,CRITICAL,0
Barmer Sector,25.7,71.4,Rajasthan Border,train_test_network.csv,12,0,0.0,0.0,6.67,0,0,XSS,0,0.0,1.0,1.0,CRITICAL,0
Rann of Kutch,23.9,70.0,Gujarat Coast,train_test_network.csv,12,0,0.0,0.0,6.67,0,0,INJECTION,0,0.0,1.0,1.0,CRITICAL,0
Doklam Plateau,27.3,89.1,Sikkim Ridge,train_test_network.csv,12,0,1.0,0.0,6.67,0,0,INJECTION,0,0.0,1.0,1.0,CRITICAL,0
Pir Panjal Range,33.5,74.2,J&K LoC,train_test_network.csv,12,0,0.0,0.0,6.67,0,0,SCANNING,0,0.0,1.0,1.0,CRITICAL,0
Kutch Gulf,23.0,68.9,Gujarat Coast,train_test_network.csv,12,0,0.0,0.0,6.67,0,0,NORMAL,0,0.0,1.0,0.0,LOW,0
Barmer Sector,25.7,71.4,Rajasthan Border,train_test_network.csv,12,0,0.48,0.0,6.67,0,0,DDOS,0,0.0,1.0,1.0,CRITICAL,0
Pir Panjal Range,33.5,74.2,J&K LoC,train_test_network.csv,12,0,0.0,0.0,6.67,0,0,XSS,0,0.0,1.0,1.0,CRITICAL,0
Siachen Glacier,35.5,76.9,Ladakh LAC,train_test_network.csv,12,0,1.0,0.0,6.67,0,0,PASSWORD,0,0.0,1.0,1.0,CRITICAL,0
Kutch Gulf,23.0,68.9,Gujarat Coast,train_test_network.csv,12,0,0.0,0.0,6.67,0,0,XSS,0,0.0,1.0,1.0,CRITICAL,0
Mizoram Border,22.7,92.7,Northeast Sector,train_test_network.csv,12,0,1.0,0.0,6.67,0,0,NORMAL,0,0.0,1.0,0.0,LOW,0
Mizoram Border,22.7,92.7,Northeast Sector,train_test_network.csv,12,0,0.0,0.0,6.67,0,0,SCANNING,0,0.0,1.0,1.0,CRITICAL,0
Lipulekh Pass,30.2,80.3,Uttarakhand Pass,train_test_network.csv,12,0,1.0,0.0,6.67,0,0,INJECTION,0,0.0,1.0,1.0,CRITICAL,0
Kutch Gulf,23.0,68.9,Gujarat Coast,train_test_network.csv,12,0,0.0,0.0,6.67,0,0,RANSOMWARE,0,0.0,1.0,1.0,CRITICAL,0
Pir Panjal Range,33.5,74.2,J&K LoC,train_test_network.csv,12,0,0.44,0.0,6.67,0,0,DOS,0,0.0,1.0,1.0,CRITICAL,0
Rann of Kutch,23.9,70.0,Gujarat Coast,train_test_network.csv,12,0,0.0,0.0,6.67,0,0,SCANNING,0,0.0,1.0,1.0,CRITICAL,0
Pir Panjal Range,33.5,74.2,J&K LoC,train_test_network.csv,12,0,0.0,0.0,6.67,0,0,RANSOMWARE,0,0.0,1.0,1.0,CRITICAL,0
Rann of Kutch,23.9,70.0,Gujarat Coast,train_test_network.csv,12,0,1.0,0.0,6.67,0,0,PASSWORD,0,0.0,1.0,1.0,CRITICAL,0
Anjaw District,28.1,96.3,Arunachal Sector,train_test_network.csv,12,0,0.0,0.0,6.67,0,0,RANSOMWARE,0,0.0,1.0,1.0,CRITICAL,0
Barmer Sector,25.7,71.4,Rajasthan Border,train_test_network.csv,12,0,0.87,0.0,6.67,0,0,PASSWORD,0,0.0,1.0,1.0,CRITICAL,0
Doklam Plateau,27.3,89.1,Sikkim Ridge,train_test_network.csv,12,0,1.0,0.0,6.67,0,0,NORMAL,0,0.0,1.0,0.0,LOW,0
Rann of Kutch,23.9,70.0,Gujarat Coast,train_test_network.csv,12,0,0.0,0.0,6.67,0,0,DDOS,0,0.0,1.0,1.0,CRITICAL,0
Rann of Kutch,23.9,70.0,Gujarat Coast,train_test_network.csv,12,0,1.0,0.0,6.67,0,0,PASSWORD,0,0.0,1.0,1.0,CRITICAL,0
Mizoram Border,22.7,92.7,Northeast Sector,train_test_network.csv,12,0,0.0,0.0,6.67,0,0,SCANNING,0,0.0,1.0,1.0,CRITICAL,0
Lipulekh Pass,30.2,80.3,Uttarakhand Pass,train_test_network.csv,12,0,0.0,0.0,6.67,0,0,RANSOMWARE,0,0.0,1.0,1.0,CRITICAL,0
Nathula Pass,27.4,88.8,Sikkim Ridge,train_test_network.csv,12,0,0.0,0.0,6.67,0,0,DOS,0,0.0,1.0,1.0,CRITICAL,0
Siachen Glacier,35.5,76.9,Ladakh LAC,train_test_network.csv,12,0,0.0,0.0,6.67,0,0,SCANNING,0,0.0,1.0,1.0,CRITICAL,0
Wagah Border,31.6,74.6,Punjab Sector,train_test_network.csv,12,0,0.0,0.0,6.67,0,0,NORMAL,0,0.0,1.0,0.0,LOW,0
Lipulekh Pass,30.2,80.3,Uttarakhand Pass,train_test_network.csv,12,0,1.0,0.0,6.67,0,0,NORMAL,0,0.0,1.0,0.0,LOW,0
Nathula Pass,27.4,88.8,Sikkim Ridge,train_test_network.csv,12,0,0.0,0.0,6.67,0,0,DDOS,0,0.0,1.0,1.0,CRITICAL,0
Barmer Sector,25.7,71.4,Rajasthan Border,train_test_network.csv,12,0,0.0,0.0,6.67,0,0,BACKDOOR,0,0.0,1.0,1.0,CRITICAL,0
Rann of Kutch,23.9,70.0,Gujarat Coast,train_test_network.csv,12,0,1.0,0.0,6.67,0,0,NORMAL,0,0.0,1.0,0.0,LOW,0
Siachen Glacier,35.5,76.9,Ladakh LAC,train_test_network.csv,12,0,0.0,0.0,6.67,0,0,RANSOMWARE,0,0.0,1.0,1.0,CRITICAL,0
Doklam Plateau,27.3,89.1,Sikkim Ridge,train_test_network.csv,12,0,1.0,0.0,6.67,0,0,NORMAL,0,0.0,1.0,0.0,LOW,0
Barmer Sector,25.7,71.4,Rajasthan Border,train_test_network.csv,12,0,1.0,0.0,6.67,0,0,PASSWORD,0,0.0,1.0,1.0,CRITICAL,0
Rann of Kutch,23.9,70.0,Gujarat Coast,train_test_network.csv,12,0,0.0,0.0,6.67,0,0,BACKDOOR,0,0.0,1.0,1.0,CRITICAL,0
Kutch Gulf,23.0,68.9,Gujarat Coast,train_test_network.csv,12,0,0.0,0.0,6.67,0,0,XSS,0,0.0,1.0,1.0,CRITICAL,0
Kutch Gulf,23.0,68.9,Gujarat Coast,train_test_network.csv,12,0,0.0,0.0,6.67,0,0,INJECTION,0,0.0,1.0,1.0,CRITICAL,0
Rann of Kutch,23.9,70.0,Gujarat Coast,train_test_network.csv,12,0,0.0,0.0,6.67,0,0,BACKDOOR,0,0.0,1.0,1.0,CRITICAL,0
Mizoram Border,22.7,92.7,Northeast Sector,train_test_network.csv,12,0,0.0,0.0,6.67,0,0,SCANNING,0,0.0,1.0,1.0,CRITICAL,0
Wagah Border,31.6,74.6,Punjab Sector,train_test_network.csv,12,0,1.0,0.0,6.67,0,0,NORMAL,0,0.0,1.0,0.0,LOW,0
Pangong Tso,33.7,78.9,Ladakh LAC,train_test_network.csv,12,0,0.0,0.0,6.67,0,0,NORMAL,0,0.0,1.0,0.0,LOW,0
Lipulekh Pass,30.2,80.3,Uttarakhand Pass,train_test_network.csv,12,0,1.0,0.0,6.67,0,0,NORMAL,0,0.0,1.0,0.0,LOW,0
Barmer Sector,25.7,71.4,Rajasthan Border,train_test_network.csv,12,0,0.54,0.0,6.67,0,0,DDOS,0,0.0,1.0,1.0,CRITICAL,0
Galwan Valley,34.4,73.6,J&K LoC,train_test_network.csv,12,0,0.0,0.0,6.67,0,0,NORMAL,0,0.0,1.0,0.0,LOW,0
Kutch Gulf,23.0,68.9,Gujarat Coast,train_test_network.csv,12,0,0.0,0.0,6.67,0,0,SCANNING,0,0.0,1.0,1.0,CRITICAL,0
Lipulekh Pass,30.2,80.3,Uttarakhand Pass,train_test_network.csv,12,0,0.0,0.0,6.67,0,0,SCANNING,0,0.0,1.0,1.0,CRITICAL,0
Mizoram Border,22.7,92.7,Northeast Sector,train_test_network.csv,12,0,1.0,0.0,6.67,0,0,NORMAL,0,0.0,1.0,0.0,LOW,0
Pangong Tso,33.7,78.9,Ladakh LAC,train_test_network.csv,12,0,0.0,0.0,6.67,0,0,DDOS,0,0.0,1.0,1.0,CRITICAL,0
Pir Panjal Range,33.5,74.2,J&K LoC,train_test_network.csv,12,0,1.0,0.0,6.67,0,0,PASSWORD,0,0.0,1.0,1.0,CRITICAL,0
Doklam Plateau,27.3,89.1,Sikkim Ridge,train_test_network.csv,12,0,0.0,0.0,6.67,0,0,XSS,0,0.0,1.0,1.0,CRITICAL,0
Lipulekh Pass,30.2,80.3,Uttarakhand Pass,train_test_network.csv,12,0,0.0,0.0,6.67,0,0,INJECTION,0,0.0,1.0,1.0,CRITICAL,0
Wagah Border,31.6,74.6,Punjab Sector,train_test_network.csv,12,0,0.0,0.0,6.67,0,0,SCANNING,0,0.0,1.0,1.0,CRITICAL,0
Lipulekh Pass,30.2,80.3,Uttarakhand Pass,train_test_network.csv,12,0,0.0,0.0,6.67,0,0,DOS,0,0.0,1.0,1.0,CRITICAL,0
Pir Panjal Range,33.5,74.2,J&K LoC,train_test_network.csv,12,0,1.0,0.0,6.67,0,0,PASSWORD,0,0.0,1.0,1.0,CRITICAL,0
Siachen Glacier,35.5,76.9,Ladakh LAC,train_test_network.csv,12,0,0.31,0.0,6.67,0,0,NORMAL,0,0.0,1.0,0.0,LOW,0
Barmer Sector,25.7,71.4,Rajasthan Border,train_test_network.csv,12,0,0.0,0.0,6.67,0,0,PASSWORD,0,0.0,1.0,1.0,CRITICAL,0
Mizoram Border,22.7,92.7,Northeast Sector,train_test_network.csv,12,0,1.0,0.0,6.67,0,0,NORMAL,0,0.0,1.0,0.0,LOW,0
Pangong Tso,33.7,78.9,Ladakh LAC,train_test_network.csv,12,0,0.0,0.0,6.67,0,0,NORMAL,0,0.0,1.0,0.0,LOW,0
Pangong Tso,33.7,78.9,Ladakh LAC,train_test_network.csv,12,0,0.0,0.0,6.67,0,0,NORMAL,0,0.0,1.0,0.0,LOW,0
Nathula Pass,27.4,88.8,Sikkim Ridge,train_test_network.csv,12,0,1.0,0.0,6.67,0,0,DDOS,0,0.0,1.0,1.0,CRITICAL,0
Barmer Sector,25.7,71.4,Rajasthan Border,train_test_network.csv,12,0,0.0,0.0,6.67,0,0,RANSOMWARE,0,0.0,1.0,1.0,CRITICAL,0
Mizoram Border,22.7,92.7,Northeast Sector,train_test_network.csv,12,0,1.0,0.0,6.67,0,0,INJECTION,0,0.0,1.0,1.0,CRITICAL,0
Kutch Gulf,23.0,68.9,Gujarat Coast,train_test_network.csv,12,0,0.0,0.0,6.67,0,0,DDOS,0,0.0,1.0,1.0,CRITICAL,0
Kutch Gulf,23.0,68.9,Gujarat Coast,train_test_network.csv,12,0,0.0,0.0,6.67,0,0,NORMAL,0,0.0,1.0,0.0,LOW,0
Doklam Plateau,27.3,89.1,Sikkim Ridge,train_test_network.csv,12,0,0.0,0.0,6.67,0,0,RANSOMWARE,0,0.0,1.0,1.0,CRITICAL,0
Wagah Border,31.6,74.6,Punjab Sector,train_test_network.csv,12,0,1.0,0.0,6.67,0,0,NORMAL,0,0.0,1.0,0.0,LOW,0
Pangong Tso,33.7,78.9,Ladakh LAC,train_test_network.csv,12,0,0.0,0.0,6.67,0,0,XSS,0,0.0,1.0,1.0,CRITICAL,0
Doklam Plateau,27.3,89.1,Sikkim Ridge,train_test_network.csv,12,0,0.0,0.0,6.67,0,0,DOS,0,0.0,1.0,1.0,CRITICAL,0
Siachen Glacier,35.5,76.9,Ladakh LAC,train_test_network.csv,12,0,0.0,0.0,6.67,0,0,SCANNING,0,0.0,1.0,1.0,CRITICAL,0
Depsang Plains,35.1,77.8,Ladakh LAC,train_test_network.csv,12,0,0.0,0.0,6.67,0,0,DDOS,0,0.0,1.0,1.0,CRITICAL,0
Rann of Kutch,23.9,70.0,Gujarat Coast,train_test_network.csv,12,0,0.0,0.0,6.67,0,0,DOS,0,0.0,1.0,1.0,CRITICAL,0
Rann of Kutch,23.9,70.0,Gujarat Coast,train_test_network.csv,12,0,0.0,0.0,6.67,0,0,RANSOMWARE,0,0.0,1.0,1.0,CRITICAL,0
Nathula Pass,27.4,88.8,Sikkim Ridge,train_test_network.csv,12,0,1.0,0.0,6.67,0,0,NORMAL,0,0.0,1.0,0.0,LOW,0
Depsang Plains,35.1,77.8,Ladakh LAC,train_test_network.csv,12,0,0.0,0.0,6.67,0,0,BACKDOOR,0,0.0,1.0,1.0,CRITICAL,0
Galwan Valley,34.4,73.6,J&K LoC,train_test_network.csv,12,0,0.0,0.0,6.67,0,0,SCANNING,0,0.0,1.0,1.0,CRITICAL,0
Galwan Valley,34.4,73.6,J&K LoC,train_test_network.csv,12,0,0.0,0.0,6.67,0,0,RANSOMWARE,0,0.0,1.0,1.0,CRITICAL,0
Barmer Sector,25.7,71.4,Rajasthan Border,train_test_network.csv,12,0,0.0,0.0,6.67,0,0,BACKDOOR,0,0.0,1.0,1.0,CRITICAL,0
Pangong Tso,33.7,78.9,Ladakh LAC,train_test_network.csv,12,0,1.0,0.0,6.67,0,0,NORMAL,0,0.0,1.0,0.0,LOW,0
Pangong Tso,33.7,78.9,Ladakh LAC,train_test_network.csv,12,0,0.0,0.0,6.67,0,0,NORMAL,0,0.0,1.0,0.0,LOW,0
Rann of Kutch,23.9,70.0,Gujarat Coast,train_test_network.csv,12,0,1.0,0.0,6.67,0,0,XSS,0,0.0,1.0,1.0,CRITICAL,0
Pir Panjal Range,33.5,74.2,J&K LoC,train_test_network.csv,12,0,0.0,0.0,6.67,0,0,NORMAL,0,0.0,1.0,0.0,LOW,0
Kutch Gulf,23.0,68.9,Gujarat Coast,train_test_network.csv,12,0,0.5,0.0,6.67,0,0,NORMAL,0,0.0,1.0,0.0,LOW,0
Tawang Sector,27.6,91.9,Arunachal Sector,train_test_network.csv,12,0,0.0,0.0,6.67,0,0,NORMAL,0,0.0,1.0,0.0,LOW,0
Lipulekh Pass,30.2,80.3,Uttarakhand Pass,train_test_network.csv,12,0,1.0,0.0,6.67,0,0,XSS,0,0.0,1.0,1.0,CRITICAL,0
Pangong Tso,33.7,78.9,Ladakh LAC,train_test_network.csv,12,0,1.0,0.0,6.67,0,0,NORMAL,0,0.0,1.0,0.0,LOW,0
Rann of Kutch,23.9,70.0,Gujarat Coast,train_test_network.csv,12,0,0.0,0.0,6.67,0,0,PASSWORD,0,0.0,1.0,1.0,CRITICAL,0
Galwan Valley,34.4,73.6,J&K LoC,train_test_network.csv,12,0,0.47,0.0,6.67,0,0,NORMAL,0,0.0,1.0,0.0,LOW,0
Kutch Gulf,23.0,68.9,Gujarat Coast,train_test_network.csv,12,0,1.0,0.0,6.67,0,0,NORMAL,0,0.0,1.0,0.0,LOW,0
Nathula Pass,27.4,88.8,Sikkim Ridge,train_test_network.csv,12,0,0.66,0.0,6.67,0,0,NORMAL,0,0.0,1.0,0.0,LOW,0
Kutch Gulf,23.0,68.9,Gujarat Coast,train_test_network.csv,12,0,0.0,0.0,6.67,0,0,SCANNING,0,0.0,1.0,1.0,CRITICAL,0
Doklam Plateau,27.3,89.1,Sikkim Ridge,train_test_network.csv,12,0,0.0,0.0,6.67,0,0,BACKDOOR,0,0.0,1.0,1.0,CRITICAL,0
Siachen Glacier,35.5,76.9,Ladakh LAC,train_test_network.csv,12,0,0.0,0.0,6.67,0,0,XSS,0,0.0,1.0,1.0,CRITICAL,0
Kutch Gulf,23.0,68.9,Gujarat Coast,train_test_network.csv,12,0,0.0,0.0,6.67,0,0,SCANNING,0,0.0,1.0,1.0,CRITICAL,0
Wagah Border,31.6,74.6,Punjab Sector,train_test_network.csv,12,0,0.0,0.0,6.67,0,0,NORMAL,0,0.0,1.0,0.0,LOW,0
Doklam Plateau,27.3,89.1,Sikkim Ridge,train_test_network.csv,12,0,0.0,0.0,6.67,0,0,XSS,0,0.0,1.0,1.0,CRITICAL,0
Anjaw District,28.1,96.3,Arunachal Sector,train_test_network.csv,12,0,0.0,0.0,6.67,0,0,BACKDOOR,0,0.0,1.0,1.0,CRITICAL,0
Anjaw District,28.1,96.3,Arunachal Sector,train_test_network.csv,12,0,1.0,0.0,6.67,0,0,NORMAL,0,0.0,1.0,0.0,LOW,0
Nathula Pass,27.4,88.8,Sikkim Ridge,train_test_network.csv,12,0,1.0,0.0,6.67,0,0,PASSWORD,0,0.0,1.0,1.0,CRITICAL,0
Pangong Tso,33.7,78.9,Ladakh LAC,train_test_network.csv,12,0,1.0,0.0,6.67,0,0,NORMAL,0,0.0,1.0,0.0,LOW,0
Tawang Sector,27.6,91.9,Arunachal Sector,train_test_network.csv,12,0,0.87,0.0,6.67,0,0,PASSWORD,0,0.0,1.0,1.0,CRITICAL,0
Tawang Sector,27.6,91.9,Arunachal Sector,train_test_network.csv,12,0,1.0,0.0,6.67,0,0,PASSWORD,0,0.0,1.0,1.0,CRITICAL,0
Depsang Plains,35.1,77.8,Ladakh LAC,train_test_network.csv,12,0,0.0,0.0,6.67,0,0,XSS,0,0.0,1.0,1.0,CRITICAL,0
Pir Panjal Range,33.5,74.2,J&K LoC,train_test_network.csv,12,0,0.0,0.0,6.67,0,0,INJECTION,0,0.0,1.0,1.0,CRITICAL,0
Pangong Tso,33.7,78.9,Ladakh LAC,train_test_network.csv,12,0,0.0,0.0,6.67,0,0,NORMAL,0,0.0,1.0,0.0,LOW,0
Siachen Glacier,35.5,76.9,Ladakh LAC,train_test_network.csv,12,0,0.0,0.0,6.67,0,0,SCANNING,0,0.0,1.0,1.0,CRITICAL,0
Siachen Glacier,35.5,76.9,Ladakh LAC,train_test_network.csv,12,0,0.0,0.0,6.67,0,0,NORMAL,0,0.0,1.0,0.0,LOW,0
Mizoram Border,22.7,92.7,Northeast Sector,train_test_network.csv,12,0,0.0,0.0,6.67,0,0,BACKDOOR,0,0.0,1.0,1.0,CRITICAL,0
Nathula Pass,27.4,88.8,Sikkim Ridge,train_test_network.csv,12,0,0.0,0.0,6.67,0,0,SCANNING,0,0.0,1.0,1.0,CRITICAL,0
Tawang Sector,27.6,91.9,Arunachal Sector,train_test_network.csv,12,0,0.8,0.0,6.67,0,0,XSS,0,0.0,1.0,1.0,CRITICAL,0
Doklam Plateau,27.3,89.1,Sikkim Ridge,train_test_network.csv,12,0,1.0,0.0,6.67,0,0,PASSWORD,0,0.0,1.0,1.0,CRITICAL,0
Galwan Valley,34.4,73.6,J&K LoC,train_test_network.csv,12,0,0.0,0.0,6.67,0,0,PASSWORD,0,0.0,1.0,1.0,CRITICAL,0
Tawang Sector,27.6,91.9,Arunachal Sector,train_test_network.csv,12,0,0.0,0.0,6.67,0,0,RANSOMWARE,0,0.0,1.0,1.0,CRITICAL,0
Pangong Tso,33.7,78.9,Ladakh LAC,train_test_network.csv,12,0,0.0,0.0,6.67,0,0,RANSOMWARE,0,0.0,1.0,1.0,CRITICAL,0
Rann of Kutch,23.9,70.0,Gujarat Coast,train_test_network.csv,12,0,0.0,0.0,6.67,0,0,NORMAL,0,0.0,1.0,0.0,LOW,0
Depsang Plains,35.1,77.8,Ladakh LAC,train_test_network.csv,12,0,0.0,0.0,6.67,0,0,BACKDOOR,0,0.0,1.0,1.0,CRITICAL,0
Doklam Plateau,27.3,89.1,Sikkim Ridge,train_test_network.csv,12,0,0.31,0.0,6.67,0,0,NORMAL,0,0.0,1.0,0.0,LOW,0
Kutch Gulf,23.0,68.9,Gujarat Coast,train_test_network.csv,12,0,0.0,0.0,6.67,0,0,BACKDOOR,0,0.0,1.0,1.0,CRITICAL,0
Rann of Kutch,23.9,70.0,Gujarat Coast,train_test_network.csv,12,0,1.0,0.0,6.67,0,0,PASSWORD,0,0.0,1.0,1.0,CRITICAL,0
Nathula Pass,27.4,88.8,Sikkim Ridge,train_test_network.csv,12,0,1.0,0.0,6.67,0,0,INJECTION,0,0.0,1.0,1.0,CRITICAL,0
Pangong Tso,33.7,78.9,Ladakh LAC,train_test_network.csv,12,0,0.0,0.0,6.67,0,0,BACKDOOR,0,0.0,1.0,1.0,CRITICAL,0
Anjaw District,28.1,96.3,Arunachal Sector,train_test_network.csv,12,0,1.0,0.0,6.67,0,0,XSS,0,0.0,1.0,1.0,CRITICAL,0
Pangong Tso,33.7,78.9,Ladakh LAC,train_test_network.csv,12,0,0.0,0.0,6.67,0,0,RANSOMWARE,0,0.0,1.0,1.0,CRITICAL,0
Wagah Border,31.6,74.6,Punjab Sector,train_test_network.csv,12,0,0.0,0.0,6.67,0,0,SCANNING,0,0.0,1.0,1.0,CRITICAL,0
Tawang Sector,27.6,91.9,Arunachal Sector,train_test_network.csv,12,0,1.0,0.0,6.67,0,0,INJECTION,0,0.0,1.0,1.0,CRITICAL,0
Wagah Border,31.6,74.6,Punjab Sector,train_test_network.csv,12,0,0.41,0.0,6.67,0,0,NORMAL,0,0.0,1.0,0.0,LOW,0
Wagah Border,31.6,74.6,Punjab Sector,train_test_network.csv,12,0,0.0,0.0,6.67,0,0,DDOS,0,0.0,1.0,1.0,CRITICAL,0
Mizoram Border,22.7,92.7,Northeast Sector,train_test_network.csv,12,0,0.0,0.0,6.67,0,0,RANSOMWARE,0,0.0,1.0,1.0,CRITICAL,0
Anjaw District,28.1,96.3,Arunachal Sector,train_test_network.csv,12,0,0.0,0.0,6.67,0,0,DOS,0,0.0,1.0,1.0,CRITICAL,0
Mizoram Border,22.7,92.7,Northeast Sector,train_test_network.csv,12,0,0.0,0.0,6.67,0,0,DDOS,0,0.0,1.0,1.0,CRITICAL,0
Doklam Plateau,27.3,89.1,Sikkim Ridge,train_test_network.csv,12,0,0.0,0.0,6.67,0,0,DDOS,0,0.0,1.0,1.0,CRITICAL,0
Barmer Sector,25.7,71.4,Rajasthan Border,train_test_network.csv,12,0,0.0,0.0,6.67,0,0,DOS,0,0.0,1.0,1.0,CRITICAL,0
Wagah Border,31.6,74.6,Punjab Sector,train_test_network.csv,12,0,0.0,0.0,6.67,0,0,NORMAL,0,0.0,1.0,0.0,LOW,0
Rann of Kutch,23.9,70.0,Gujarat Coast,train_test_network.csv,12,0,0.0,0.0,6.67,0,0,NORMAL,0,0.0,1.0,0.0,LOW,0
Nathula Pass,27.4,88.8,Sikkim Ridge,train_test_network.csv,12,0,1.0,0.0,6.67,0,0,PASSWORD,0,0.0,1.0,1.0,CRITICAL,0
Kutch Gulf,23.0,68.9,Gujarat Coast,train_test_network.csv,12,0,0.0,0.0,6.67,0,0,RANSOMWARE,0,0.0,1.0,1.0,CRITICAL,0
Anjaw District,28.1,96.3,Arunachal Sector,train_test_network.csv,12,0,0.0,0.0,6.67,0,0,SCANNING,0,0.0,1.0,1.0,CRITICAL,0
Nathula Pass,27.4,88.8,Sikkim Ridge,train_test_network.csv,12,0,1.0,0.0,6.67,0,0,INJECTION,0,0.0,1.0,1.0,CRITICAL,0
Nathula Pass,27.4,88.8,Sikkim Ridge,train_test_network.csv,12,0,1.0,0.0,6.67,0,0,INJECTION,0,0.0,1.0,1.0,CRITICAL,0
Barmer Sector,25.7,71.4,Rajasthan Border,train_test_network.csv,12,0,0.52,0.0,6.67,0,0,SCANNING,0,0.0,1.0,1.0,CRITICAL,0
Wagah Border,31.6,74.6,Punjab Sector,train_test_network.csv,12,0,0.0,0.0,6.67,0,0,DOS,0,0.0,1.0,1.0,CRITICAL,0
Galwan Valley,34.4,73.6,J&K LoC,train_test_network.csv,12,0,0.0,0.0,6.67,0,0,DDOS,0,0.0,1.0,1.0,CRITICAL,0
Rann of Kutch,23.9,70.0,Gujarat Coast,train_test_network.csv,12,0,0.41,0.0,6.67,0,0,NORMAL,0,0.0,1.0,0.0,LOW,0
Kutch Gulf,23.0,68.9,Gujarat Coast,train_test_network.csv,12,0,1.0,0.0,6.67,0,0,PASSWORD,0,0.0,1.0,1.0,CRITICAL,0
Galwan Valley,34.4,73.6,J&K LoC,train_test_network.csv,12,0,1.0,0.0,6.67,0,0,INJECTION,0,0.0,1.0,1.0,CRITICAL,0
Mizoram Border,22.7,92.7,Northeast Sector,train_test_network.csv,12,0,0.0,0.0,6.67,0,0,BACKDOOR,0,0.0,1.0,1.0,CRITICAL,0
Wagah Border,31.6,74.6,Punjab Sector,train_test_network.csv,12,0,0.0,0.0,6.67,0,0,BACKDOOR,0,0.0,1.0,1.0,CRITICAL,0
Galwan Valley,34.4,73.6,J&K LoC,train_test_network.csv,12,0,0.0,0.0,6.67,0,0,DOS,0,0.0,1.0,1.0,CRITICAL,0
Nathula Pass,27.4,88.8,Sikkim Ridge,train_test_network.csv,12,0,0.0,0.0,6.67,0,0,PASSWORD,0,0.0,1.0,1.0,CRITICAL,0
Rann of Kutch,23.9,70.0,Gujarat Coast,train_test_network.csv,12,0,1.0,0.0,6.67,0,0,PASSWORD,0,0.0,1.0,1.0,CRITICAL,0
Tawang Sector,27.6,91.9,Arunachal Sector,train_test_network.csv,12,0,1.0,0.0,6.67,0,0,PASSWORD,0,0.0,1.0,1.0,CRITICAL,0
Pir Panjal Range,33.5,74.2,J&K LoC,train_test_network.csv,12,0,0.0,0.0,6.67,0,0,DDOS,0,0.0,1.0,1.0,CRITICAL,0
Doklam Plateau,27.3,89.1,Sikkim Ridge,train_test_network.csv,12,0,1.0,0.0,6.67,0,0,NORMAL,0,0.0,1.0,0.0,LOW,0
Pangong Tso,33.7,78.9,Ladakh LAC,train_test_network.csv,12,0,0.0,0.0,6.67,0,0,NORMAL,0,0.0,1.0,0.0,LOW,0
Anjaw District,28.1,96.3,Arunachal Sector,train_test_network.csv,12,0,0.0,0.0,6.67,0,0,DDOS,0,0.0,1.0,1.0,CRITICAL,0
Nathula Pass,27.4,88.8,Sikkim Ridge,train_test_network.csv,12,0,1.0,0.0,6.67,0,0,NORMAL,0,0.0,1.0,0.0,LOW,0
Barmer Sector,25.7,71.4,Rajasthan Border,train_test_network.csv,12,0,0.0,0.0,6.67,0,0,RANSOMWARE,0,0.0,1.0,1.0,CRITICAL,0
Pir Panjal Range,33.5,74.2,J&K LoC,train_test_network.csv,12,0,0.0,0.0,6.67,0,0,XSS,0,0.0,1.0,1.0,CRITICAL,0
Siachen Glacier,35.5,76.9,Ladakh LAC,train_test_network.csv,12,0,0.0,0.0,6.67,0,0,DOS,0,0.0,1.0,1.0,CRITICAL,0
Mizoram Border,22.7,92.7,Northeast Sector,train_test_network.csv,12,0,0.0,0.0,6.67,0,0,PASSWORD,0,0.0,1.0,1.0,CRITICAL,0
Nathula Pass,27.4,88.8,Sikkim Ridge,train_test_network.csv,12,0,0.0,0.0,6.67,0,0,DOS,0,0.0,1.0,1.0,CRITICAL,0
Galwan Valley,34.4,73.6,J&K LoC,train_test_network.csv,12,0,0.54,0.0,6.67,0,0,DDOS,0,0.0,1.0,1.0,CRITICAL,0
Pir Panjal Range,33.5,74.2,J&K LoC,train_test_network.csv,12,0,0.0,0.0,6.67,0,0,SCANNING,0,0.0,1.0,1.0,CRITICAL,0
Anjaw District,28.1,96.3,Arunachal Sector,train_test_network.csv,12,0,0.0,0.0,6.67,0,0,SCANNING,0,0.0,1.0,1.0,CRITICAL,0
Wagah Border,31.6,74.6,Punjab Sector,train_test_network.csv,12,0,1.0,0.0,6.67,0,0,INJECTION,0,0.0,1.0,1.0,CRITICAL,0
Barmer Sector,25.7,71.4,Rajasthan Border,train_test_network.csv,12,0,0.0,0.0,6.67,0,0,BACKDOOR,0,0.0,1.0,1.0,CRITICAL,0
Depsang Plains,35.1,77.8,Ladakh LAC,train_test_network.csv,12,0,0.0,0.0,6.67,0,0,SCANNING,0,0.0,1.0,1.0,CRITICAL,0
Pangong Tso,33.7,78.9,Ladakh LAC,train_test_network.csv,12,0,0.0,0.0,6.67,0,0,RANSOMWARE,0,0.0,1.0,1.0,CRITICAL,0
Barmer Sector,25.7,71.4,Rajasthan Border,train_test_network.csv,12,0,0.0,0.0,6.67,0,0,RANSOMWARE,0,0.0,1.0,1.0,CRITICAL,0
Tawang Sector,27.6,91.9,Arunachal Sector,train_test_network.csv,12,0,1.0,0.0,6.67,0,0,NORMAL,0,0.0,1.0,0.0,LOW,0
Depsang Plains,35.1,77.8,Ladakh LAC,train_test_network.csv,12,0,1.0,0.0,6.67,0,0,PASSWORD,0,0.0,1.0,1.0,CRITICAL,0
Depsang Plains,35.1,77.8,Ladakh LAC,train_test_network.csv,12,0,0.0,0.0,6.67,0,0,RANSOMWARE,0,0.0,1.0,1.0,CRITICAL,0
Rann of Kutch,23.9,70.0,Gujarat Coast,train_test_network.csv,12,0,1.0,0.0,6.67,0,0,PASSWORD,0,0.0,1.0,1.0,CRITICAL,0
Siachen Glacier,35.5,76.9,Ladakh LAC,train_test_network.csv,12,0,1.0,0.0,6.67,0,0,NORMAL,0,0.0,1.0,0.0,LOW,0
Galwan Valley,34.4,73.6,J&K LoC,train_test_network.csv,12,0,0.52,0.0,6.67,0,0,DDOS,0,0.0,1.0,1.0,CRITICAL,0
Lipulekh Pass,30.2,80.3,Uttarakhand Pass,train_test_network.csv,12,0,0.0,0.0,6.67,0,0,SCANNING,0,0.0,1.0,1.0,CRITICAL,0
Galwan Valley,34.4,73.6,J&K LoC,train_test_network.csv,12,0,0.0,0.0,6.67,0,0,RANSOMWARE,0,0.0,1.0,1.0,CRITICAL,0
Wagah Border,31.6,74.6,Punjab Sector,train_test_network.csv,12,0,0.0,0.0,6.67,0,0,RANSOMWARE,0,0.0,1.0,1.0,CRITICAL,0
Lipulekh Pass,30.2,80.3,Uttarakhand Pass,train_test_network.csv,12,0,0.0,0.0,6.67,0,0,DDOS,0,0.0,1.0,1.0,CRITICAL,0
Wagah Border,31.6,74.6,Punjab Sector,train_test_network.csv,12,0,0.0,0.0,6.67,0,0,SCANNING,0,0.0,1.0,1.0,CRITICAL,0
Nathula Pass,27.4,88.8,Sikkim Ridge,train_test_network.csv,12,0,0.0,0.0,6.67,0,0,SCANNING,0,0.0,1.0,1.0,CRITICAL,0
Kutch Gulf,23.0,68.9,Gujarat Coast,train_test_network.csv,12,0,1.0,0.0,6.67,0,0,PASSWORD,0,0.0,1.0,1.0,CRITICAL,0
Wagah Border,31.6,74.6,Punjab Sector,train_test_network.csv,12,0,0.0,0.0,6.67,0,0,SCANNING,0,0.0,1.0,1.0,CRITICAL,0
Doklam Plateau,27.3,89.1,Sikkim Ridge,train_test_network.csv,12,0,0.0,0.0,6.67,0,0,XSS,0,0.0,1.0,1.0,CRITICAL,0
Depsang Plains,35.1,77.8,Ladakh LAC,train_test_network.csv,12,0,0.0,0.0,6.67,0,0,DOS,0,0.0,1.0,1.0,CRITICAL,0
Tawang Sector,27.6,91.9,Arunachal Sector,train_test_network.csv,12,0,0.0,0.0,6.67,0,0,DOS,0,0.0,1.0,1.0,CRITICAL,0
Galwan Valley,34.4,73.6,J&K LoC,train_test_network.csv,12,0,0.0,0.0,6.67,0,0,DDOS,0,0.0,1.0,1.0,CRITICAL,0
Depsang Plains,35.1,77.8,Ladakh LAC,train_test_network.csv,12,0,0.0,0.0,6.67,0,0,INJECTION,0,0.0,1.0,1.0,CRITICAL,0
Tawang Sector,27.6,91.9,Arunachal Sector,train_test_network.csv,12,0,0.0,0.0,6.67,0,0,RANSOMWARE,0,0.0,1.0,1.0,CRITICAL,0
Pangong Tso,33.7,78.9,Ladakh LAC,train_test_network.csv,12,0,0.0,0.0,6.67,0,0,PASSWORD,0,0.0,1.0,1.0,CRITICAL,0
Galwan Valley,34.4,73.6,J&K LoC,train_test_network.csv,12,0,1.0,0.0,6.67,0,0,INJECTION,0,0.0,1.0,1.0,CRITICAL,0
Tawang Sector,27.6,91.9,Arunachal Sector,train_test_network.csv,12,0,0.0,0.0,6.67,0,0,DOS,0,0.0,1.0,1.0,CRITICAL,0
Nathula Pass,27.4,88.8,Sikkim Ridge,train_test_network.csv,12,0,0.0,0.0,6.67,0,0,XSS,0,0.0,1.0,1.0,CRITICAL,0
Siachen Glacier,35.5,76.9,Ladakh LAC,train_test_network.csv,12,0,0.52,0.0,6.67,0,0,DDOS,0,0.0,1.0,1.0,CRITICAL,0
Tawang Sector,27.6,91.9,Arunachal Sector,train_test_network.csv,12,0,0.0,0.0,6.67,0,0,INJECTION,0,0.0,1.0,1.0,CRITICAL,0
Depsang Plains,35.1,77.8,Ladakh LAC,train_test_network.csv,12,0,1.0,0.0,6.67,0,0,NORMAL,0,0.0,1.0,0.0,LOW,0
Depsang Plains,35.1,77.8,Ladakh LAC,train_test_network.csv,12,0,0.0,0.0,6.67,0,0,RANSOMWARE,0,0.0,1.0,1.0,CRITICAL,0
Siachen Glacier,35.5,76.9,Ladakh LAC,train_test_network.csv,12,0,0.0,0.0,6.67,0,0,DDOS,0,0.0,1.0,1.0,CRITICAL,0
Doklam Plateau,27.3,89.1,Sikkim Ridge,train_test_network.csv,12,0,0.0,0.0,6.67,0,0,BACKDOOR,0,0.0,1.0,1.0,CRITICAL,0
Wagah Border,31.6,74.6,Punjab Sector,train_test_network.csv,12,0,0.0,0.0,6.67,0,0,DOS,0,0.0,1.0,1.0,CRITICAL,0
Kutch Gulf,23.0,68.9,Gujarat Coast,train_test_network.csv,12,0,1.0,0.0,6.67,0,0,NORMAL,0,0.0,1.0,0.0,LOW,0
Wagah Border,31.6,74.6,Punjab Sector,train_test_network.csv,12,0,0.0,0.0,6.67,0,0,DDOS,0,0.0,1.0,1.0,CRITICAL,0
Wagah Border,31.6,74.6,Punjab Sector,train_test_network.csv,12,0,0.0,0.0,6.67,0,0,XSS,0,0.0,1.0,1.0,CRITICAL,0
Mizoram Border,22.7,92.7,Northeast Sector,train_test_network.csv,12,0,0.0,0.0,6.67,0,0,SCANNING,0,0.0,1.0,1.0,CRITICAL,0
Pangong Tso,33.7,78.9,Ladakh LAC,train_test_network.csv,12,0,0.0,0.0,6.67,0,0,NORMAL,0,0.0,1.0,0.0,LOW,0
Kutch Gulf,23.0,68.9,Gujarat Coast,train_test_network.csv,12,0,1.0,0.0,6.67,0,0,INJECTION,0,0.0,1.0,1.0,CRITICAL,0
Mizoram Border,22.7,92.7,Northeast Sector,train_test_network.csv,12,0,1.0,0.0,6.67,0,0,PASSWORD,0,0.0,1.0,1.0,CRITICAL,0
Lipulekh Pass,30.2,80.3,Uttarakhand Pass,train_test_network.csv,12,0,1.0,0.0,6.67,0,0,PASSWORD,0,0.0,1.0,1.0,CRITICAL,0
Rann of Kutch,23.9,70.0,Gujarat Coast,train_test_network.csv,12,0,1.0,0.0,6.67,0,0,INJECTION,0,0.0,1.0,1.0,CRITICAL,0
Siachen Glacier,35.5,76.9,Ladakh LAC,train_test_network.csv,12,0,0.0,0.0,6.67,0,0,RANSOMWARE,0,0.0,1.0,1.0,CRITICAL,0
Pir Panjal Range,33.5,74.2,J&K LoC,train_test_network.csv,12,0,1.0,0.0,6.67,0,0,PASSWORD,0,0.0,1.0,1.0,CRITICAL,0
Lipulekh Pass,30.2,80.3,Uttarakhand Pass,train_test_network.csv,12,0,1.0,0.0,6.67,0,0,NORMAL,0,0.0,1.0,0.0,LOW,0
Pangong Tso,33.7,78.9,Ladakh LAC,train_test_network.csv,12,0,1.0,0.0,6.67,0,0,NORMAL,0,0.0,1.0,0.0,LOW,0
Depsang Plains,35.1,77.8,Ladakh LAC,train_test_network.csv,12,0,0.0,0.0,6.67,0,0,BACKDOOR,0,0.0,1.0,1.0,CRITICAL,0
Barmer Sector,25.7,71.4,Rajasthan Border,train_test_network.csv,12,0,1.0,0.0,6.67,0,0,INJECTION,0,0.0,1.0,1.0,CRITICAL,0
Doklam Plateau,27.3,89.1,Sikkim Ridge,train_test_network.csv,12,0,0.0,0.0,6.67,0,0,NORMAL,0,0.0,1.0,0.0,LOW,0
Tawang Sector,27.6,91.9,Arunachal Sector,train_test_network.csv,12,0,0.58,0.0,6.67,0,0,DDOS,0,0.0,1.0,1.0,CRITICAL,0
Anjaw District,28.1,96.3,Arunachal Sector,train_test_network.csv,12,0,0.0,0.0,6.67,0,0,SCANNING,0,0.0,1.0,1.0,CRITICAL,0
Mizoram Border,22.7,92.7,Northeast Sector,train_test_network.csv,12,0,0.49,0.0,6.67,0,0,NORMAL,0,0.0,1.0,0.0,LOW,0
Doklam Plateau,27.3,89.1,Sikkim Ridge,train_test_network.csv,12,0,0.0,0.0,6.67,0,0,DOS,0,0.0,1.0,1.0,CRITICAL,0
Galwan Valley,34.4,73.6,J&K LoC,train_test_network.csv,12,0,0.0,0.0,6.67,0,0,SCANNING,0,0.0,1.0,1.0,CRITICAL,0
Tawang Sector,27.6,91.9,Arunachal Sector,train_test_network.csv,12,0,0.0,0.0,6.67,0,0,NORMAL,0,0.0,1.0,0.0,LOW,0
Siachen Glacier,35.5,76.9,Ladakh LAC,train_test_network.csv,12,0,0.54,0.0,6.67,0,0,DDOS,0,0.0,1.0,1.0,CRITICAL,0
Barmer Sector,25.7,71.4,Rajasthan Border,train_test_network.csv,12,0,1.0,0.0,6.67,0,0,INJECTION,0,0.0,1.0,1.0,CRITICAL,0
Rann of Kutch,23.9,70.0,Gujarat Coast,train_test_network.csv,12,0,0.0,0.0,6.67,0,0,NORMAL,0,0.0,1.0,0.0,LOW,0
Rann of Kutch,23.9,70.0,Gujarat Coast,train_test_network.csv,12,0,0.0,0.0,6.67,0,0,INJECTION,0,0.0,1.0,1.0,CRITICAL,0
Wagah Border,31.6,74.6,Punjab Sector,train_test_network.csv,12,0,1.0,0.0,6.67,0,0,XSS,0,0.0,1.0,1.0,CRITICAL,0
Kutch Gulf,23.0,68.9,Gujarat Coast,train_test_network.csv,12,0,0.0,0.0,6.67,0,0,BACKDOOR,0,0.0,1.0,1.0,CRITICAL,0
Doklam Plateau,27.3,89.1,Sikkim Ridge,train_test_network.csv,12,0,0.0,0.0,6.67,0,0,SCANNING,0,0.0,1.0,1.0,CRITICAL,0
Wagah Border,31.6,74.6,Punjab Sector,train_test_network.csv,12,0,0.0,0.0,6.67,0,0,RANSOMWARE,0,0.0,1.0,1.0,CRITICAL,0
Galwan Valley,34.4,73.6,J&K LoC,train_test_network.csv,12,0,0.0,0.0,6.67,0,0,NORMAL,0,0.0,1.0,0.0,LOW,0
Lipulekh Pass,30.2,80.3,Uttarakhand Pass,train_test_network.csv,12,0,1.0,0.0,6.67,0,0,INJECTION,0,0.0,1.0,1.0,CRITICAL,0
Lipulekh Pass,30.2,80.3,Uttarakhand Pass,train_test_network.csv,12,0,1.0,0.0,6.67,0,0,PASSWORD,0,0.0,1.0,1.0,CRITICAL,0
Depsang Plains,35.1,77.8,Ladakh LAC,train_test_network.csv,12,0,0.0,0.0,6.67,0,0,BACKDOOR,0,0.0,1.0,1.0,CRITICAL,0
Lipulekh Pass,30.2,80.3,Uttarakhand Pass,train_test_network.csv,12,0,0.0,0.0,6.67,0,0,XSS,0,0.0,1.0,1.0,CRITICAL,0
Barmer Sector,25.7,71.4,Rajasthan Border,train_test_network.csv,12,0,1.0,0.0,6.67,0,0,INJECTION,0,0.0,1.0,1.0,CRITICAL,0
Anjaw District,28.1,96.3,Arunachal Sector,train_test_network.csv,12,0,0.0,0.0,6.67,0,0,DDOS,0,0.0,1.0,1.0,CRITICAL,0
Lipulekh Pass,30.2,80.3,Uttarakhand Pass,train_test_network.csv,12,0,0.0,0.0,6.67,0,0,RANSOMWARE,0,0.0,1.0,1.0,CRITICAL,0
Tawang Sector,27.6,91.9,Arunachal Sector,train_test_network.csv,12,0,0.0,0.0,6.67,0,0,BACKDOOR,0,0.0,1.0,1.0,CRITICAL,0
Tawang Sector,27.6,91.9,Arunachal Sector,train_test_network.csv,12,0,0.0,0.0,6.67,0,0,DDOS,0,0.0,1.0,1.0,CRITICAL,0
Galwan Valley,34.4,73.6,J&K LoC,train_test_network.csv,12,0,0.0,0.0,6.67,0,0,NORMAL,0,0.0,1.0,0.0,LOW,0
Tawang Sector,27.6,91.9,Arunachal Sector,train_test_network.csv,12,0,0.35,0.0,6.67,0,0,DOS,0,0.0,1.0,1.0,CRITICAL,0
Rann of Kutch,23.9,70.0,Gujarat Coast,train_test_network.csv,12,0,0.41,0.0,6.67,0,0,NORMAL,0,0.0,1.0,0.0,LOW,0
Mizoram Border,22.7,92.7,Northeast Sector,train_test_network.csv,12,0,1.0,0.0,6.67,0,0,PASSWORD,0,0.0,1.0,1.0,CRITICAL,0
Wagah Border,31.6,74.6,Punjab Sector,train_test_network.csv,12,0,0.0,0.0,6.67,0,0,RANSOMWARE,0,0.0,1.0,1.0,CRITICAL,0
Wagah Border,31.6,74.6,Punjab Sector,train_test_network.csv,12,0,1.0,0.0,6.67,0,0,BACKDOOR,0,0.0,1.0,1.0,CRITICAL,0
Wagah Border,31.6,74.6,Punjab Sector,train_test_network.csv,12,0,0.0,0.0,6.67,0,0,NORMAL,0,0.0,1.0,0.0,LOW,0
Nathula Pass,27.4,88.8,Sikkim Ridge,train_test_network.csv,12,0,0.0,0.0,6.67,0,0,NORMAL,0,0.0,1.0,0.0,LOW,0
Doklam Plateau,27.3,89.1,Sikkim Ridge,train_test_network.csv,12,0,0.0,0.0,6.67,0,0,BACKDOOR,0,0.0,1.0,1.0,CRITICAL,0
Wagah Border,31.6,74.6,Punjab Sector,train_test_network.csv,12,0,1.0,0.0,6.67,0,0,INJECTION,0,0.0,1.0,1.0,CRITICAL,0
Kutch Gulf,23.0,68.9,Gujarat Coast,train_test_network.csv,12,0,0.0,0.0,6.67,0,0,DOS,0,0.0,1.0,1.0,CRITICAL,0
Doklam Plateau,27.3,89.1,Sikkim Ridge,train_test_network.csv,12,0,0.0,0.0,6.67,0,0,BACKDOOR,0,0.0,1.0,1.0,CRITICAL,0
Lipulekh Pass,30.2,80.3,Uttarakhand Pass,train_test_network.csv,12,0,0.31,0.0,6.67,0,0,NORMAL,0,0.0,1.0,0.0,LOW,0
Nathula Pass,27.4,88.8,Sikkim Ridge,train_test_network.csv,12,0,0.0,0.0,6.67,0,0,NORMAL,0,0.0,1.0,0.0,LOW,0
Tawang Sector,27.6,91.9,Arunachal Sector,train_test_network.csv,12,0,0.0,0.0,6.67,0,0,NORMAL,0,0.0,1.0,0.0,LOW,0
Tawang Sector,27.6,91.9,Arunachal Sector,train_test_network.csv,12,0,0.0,0.0,6.67,0,0,RANSOMWARE,0,0.0,1.0,1.0,CRITICAL,0
Galwan Valley,34.4,73.6,J&K LoC,train_test_network.csv,12,0,0.0,0.0,6.67,0,0,NORMAL,0,0.0,1.0,0.0,LOW,0
Doklam Plateau,27.3,89.1,Sikkim Ridge,train_test_network.csv,12,0,0.0,0.0,6.67,0,0,NORMAL,0,0.0,1.0,0.0,LOW,0
Barmer Sector,25.7,71.4,Rajasthan Border,train_test_network.csv,12,0,0.0,0.0,6.67,0,0,DDOS,0,0.0,1.0,1.0,CRITICAL,0
Barmer Sector,25.7,71.4,Rajasthan Border,train_test_network.csv,12,0,0.0,0.0,6.67,0,0,RANSOMWARE,0,0.0,1.0,1.0,CRITICAL,0
Mizoram Border,22.7,92.7,Northeast Sector,train_test_network.csv,12,0,1.0,0.0,6.67,0,0,NORMAL,0,0.0,1.0,0.0,LOW,0
Depsang Plains,35.1,77.8,Ladakh LAC,train_test_network.csv,12,0,0.0,0.0,6.67,0,0,INJECTION,0,0.0,1.0,1.0,CRITICAL,0
Kutch Gulf,23.0,68.9,Gujarat Coast,train_test_network.csv,12,0,1.0,0.0,6.67,0,0,INJECTION,0,0.0,1.0,1.0,CRITICAL,0
Kutch Gulf,23.0,68.9,Gujarat Coast,train_test_network.csv,12,0,0.0,0.0,6.67,0,0,NORMAL,0,0.0,1.0,0.0,LOW,0
Doklam Plateau,27.3,89.1,Sikkim Ridge,train_test_network.csv,12,0,1.0,0.0,6.67,0,0,NORMAL,0,0.0,1.0,0.0,LOW,0
Tawang Sector,27.6,91.9,Arunachal Sector,train_test_network.csv,12,0,0.0,0.0,6.67,0,0,DOS,0,0.0,1.0,1.0,CRITICAL,0
Anjaw District,28.1,96.3,Arunachal Sector,train_test_network.csv,12,0,1.0,0.0,6.67,0,0,NORMAL,0,0.0,1.0,0.0,LOW,0
Barmer Sector,25.7,71.4,Rajasthan Border,train_test_network.csv,12,0,0.0,0.0,6.67,0,0,DOS,0,0.0,1.0,1.0,CRITICAL,0
Rann of Kutch,23.9,70.0,Gujarat Coast,train_test_network.csv,12,0,0.0,0.0,6.67,0,0,BACKDOOR,0,0.0,1.0,1.0,CRITICAL,0
Wagah Border,31.6,74.6,Punjab Sector,train_test_network.csv,12,0,1.0,0.0,6.67,0,0,PASSWORD,0,0.0,1.0,1.0,CRITICAL,0
Nathula Pass,27.4,88.8,Sikkim Ridge,train_test_network.csv,12,0,0.0,0.0,6.67,0,0,NORMAL,0,0.0,1.0,0.0,LOW,0
Wagah Border,31.6,74.6,Punjab Sector,train_test_network.csv,12,0,0.0,0.0,6.67,0,0,DOS,0,0.0,1.0,1.0,CRITICAL,0
Galwan Valley,34.4,73.6,J&K LoC,train_test_network.csv,12,0,0.0,0.0,6.67,0,0,BACKDOOR,0,0.0,1.0,1.0,CRITICAL,0
Wagah Border,31.6,74.6,Punjab Sector,train_test_network.csv,12,0,1.0,0.0,6.67,0,0,PASSWORD,0,0.0,1.0,1.0,CRITICAL,0
Depsang Plains,35.1,77.8,Ladakh LAC,train_test_network.csv,12,0,0.0,0.0,6.67,0,0,XSS,0,0.0,1.0,1.0,CRITICAL,0
Mizoram Border,22.7,92.7,Northeast Sector,train_test_network.csv,12,0,1.0,0.0,6.67,0,0,NORMAL,0,0.0,1.0,0.0,LOW,0
Pir Panjal Range,33.5,74.2,J&K LoC,train_test_network.csv,12,0,0.0,0.0,6.67,0,0,PASSWORD,0,0.0,1.0,1.0,CRITICAL,0
Nathula Pass,27.4,88.8,Sikkim Ridge,train_test_network.csv,12,0,0.0,0.0,6.67,0,0,SCANNING,0,0.0,1.0,1.0,CRITICAL,0
Anjaw District,28.1,96.3,Arunachal Sector,train_test_network.csv,12,0,0.0,0.0,6.67,0,0,XSS,0,0.0,1.0,1.0,CRITICAL,0
Barmer Sector,25.7,71.4,Rajasthan Border,train_test_network.csv,12,0,0.0,0.0,6.67,0,0,SCANNING,0,0.0,1.0,1.0,CRITICAL,0
Wagah Border,31.6,74.6,Punjab Sector,train_test_network.csv,12,0,0.0,0.0,6.67,0,0,DOS,0,0.0,1.0,1.0,CRITICAL,0
Barmer Sector,25.7,71.4,Rajasthan Border,train_test_network.csv,12,0,1.0,0.0,6.67,0,0,PASSWORD,0,0.0,1.0,1.0,CRITICAL,0
Nathula Pass,27.4,88.8,Sikkim Ridge,train_test_network.csv,12,0,1.0,0.0,6.67,0,0,NORMAL,0,0.0,1.0,0.0,LOW,0
Pangong Tso,33.7,78.9,Ladakh LAC,train_test_network.csv,12,0,0.0,0.0,6.67,0,0,BACKDOOR,0,0.0,1.0,1.0,CRITICAL,0
Galwan Valley,34.4,73.6,J&K LoC,train_test_network.csv,12,0,1.0,0.0,6.67,0,0,INJECTION,0,0.0,1.0,1.0,CRITICAL,0
Tawang Sector,27.6,91.9,Arunachal Sector,train_test_network.csv,12,0,1.0,0.0,6.67,0,0,NORMAL,0,0.0,1.0,0.0,LOW,0
Nathula Pass,27.4,88.8,Sikkim Ridge,train_test_network.csv,12,0,0.29,0.0,6.67,0,0,NORMAL,0,0.0,1.0,0.0,LOW,0
Doklam Plateau,27.3,89.1,Sikkim Ridge,train_test_network.csv,12,0,0.0,0.0,6.67,0,0,RANSOMWARE,0,0.0,1.0,1.0,CRITICAL,0
Nathula Pass,27.4,88.8,Sikkim Ridge,train_test_network.csv,12,0,1.0,0.0,6.67,0,0,INJECTION,0,0.0,1.0,1.0,CRITICAL,0
Tawang Sector,27.6,91.9,Arunachal Sector,train_test_network.csv,12,0,0.8,0.0,6.67,0,0,XSS,0,0.0,1.0,1.0,CRITICAL,0
Mizoram Border,22.7,92.7,Northeast Sector,train_test_network.csv,12,0,1.0,0.0,6.67,0,0,NORMAL,0,0.0,1.0,0.0,LOW,0
Anjaw District,28.1,96.3,Arunachal Sector,train_test_network.csv,12,0,0.0,0.0,6.67,0,0,RANSOMWARE,0,0.0,1.0,1.0,CRITICAL,0
Rann of Kutch,23.9,70.0,Gujarat Coast,train_test_network.csv,12,0,0.0,0.0,6.67,0,0,NORMAL,0,0.0,1.0,0.0,LOW,0
Anjaw District,28.1,96.3,Arunachal Sector,train_test_network.csv,12,0,0.0,0.0,6.67,0,0,DOS,0,0.0,1.0,1.0,CRITICAL,0
Doklam Plateau,27.3,89.1,Sikkim Ridge,train_test_network.csv,12,0,0.0,0.0,6.67,0,0,NORMAL,0,0.0,1.0,0.0,LOW,0
Wagah Border,31.6,74.6,Punjab Sector,train_test_network.csv,12,0,0.0,0.0,6.67,0,0,SCANNING,0,0.0,1.0,1.0,CRITICAL,0
Pangong Tso,33.7,78.9,Ladakh LAC,train_test_network.csv,12,0,0.0,0.0,6.67,0,0,DOS,0,0.0,1.0,1.0,CRITICAL,0
Pangong Tso,33.7,78.9,Ladakh LAC,train_test_network.csv,12,0,1.0,0.0,6.67,0,0,XSS,0,0.0,1.0,1.0,CRITICAL,0
Anjaw District,28.1,96.3,Arunachal Sector,train_test_network.csv,12,0,0.0,0.0,6.67,0,0,NORMAL,0,0.0,1.0,0.0,LOW,0
Rann of Kutch,23.9,70.0,Gujarat Coast,train_test_network.csv,12,0,1.0,0.0,6.67,0,0,INJECTION,0,0.0,1.0,1.0,CRITICAL,0
Siachen Glacier,35.5,76.9,Ladakh LAC,train_test_network.csv,12,0,0.0,0.0,6.67,0,0,RANSOMWARE,0,0.0,1.0,1.0,CRITICAL,0
Doklam Plateau,27.3,89.1,Sikkim Ridge,train_test_network.csv,12,0,0.0,0.0,6.67,0,0,BACKDOOR,0,0.0,1.0,1.0,CRITICAL,0
Barmer Sector,25.7,71.4,Rajasthan Border,train_test_network.csv,12,0,1.0,0.0,6.67,0,0,PASSWORD,0,0.0,1.0,1.0,CRITICAL,0
Barmer Sector,25.7,71.4,Rajasthan Border,train_test_network.csv,12,0,0.0,0.0,6.67,0,0,SCANNING,0,0.0,1.0,1.0,CRITICAL,0
Doklam Plateau,27.3,89.1,Sikkim Ridge,train_test_network.csv,12,0,0.0,0.0,6.67,0,0,XSS,0,0.0,1.0,1.0,CRITICAL,0
Galwan Valley,34.4,73.6,J&K LoC,train_test_network.csv,12,0,1.0,0.0,6.67,0,0,INJECTION,0,0.0,1.0,1.0,CRITICAL,0
Depsang Plains,35.1,77.8,Ladakh LAC,train_test_network.csv,12,0,0.0,0.0,6.67,0,0,BACKDOOR,0,0.0,1.0,1.0,CRITICAL,0
Nathula Pass,27.4,88.8,Sikkim Ridge,train_test_network.csv,12,0,0.0,0.0,6.67,0,0,NORMAL,0,0.0,1.0,0.0,LOW,0
Rann of Kutch,23.9,70.0,Gujarat Coast,train_test_network.csv,12,0,1.0,0.0,6.67,0,0,NORMAL,0,0.0,1.0,0.0,LOW,0
Depsang Plains,35.1,77.8,Ladakh LAC,train_test_network.csv,12,0,1.0,0.0,6.67,0,0,PASSWORD,0,0.0,1.0,1.0,CRITICAL,0
Pir Panjal Range,33.5,74.2,J&K LoC,train_test_network.csv,12,0,0.0,0.0,6.67,0,0,DDOS,0,0.0,1.0,1.0,CRITICAL,0
Barmer Sector,25.7,71.4,Rajasthan Border,train_test_network.csv,12,0,0.0,0.0,6.67,0,0,DDOS,0,0.0,1.0,1.0,CRITICAL,0
Depsang Plains,35.1,77.8,Ladakh LAC,train_test_network.csv,12,0,1.0,0.0,6.67,0,0,PASSWORD,0,0.0,1.0,1.0,CRITICAL,0
Anjaw District,28.1,96.3,Arunachal Sector,train_test_network.csv,12,0,0.31,0.0,6.67,0,0,NORMAL,0,0.0,1.0,0.0,LOW,0
Pangong Tso,33.7,78.9,Ladakh LAC,train_test_network.csv,12,0,1.0,0.0,6.67,0,0,INJECTION,0,0.0,1.0,1.0,CRITICAL,0
Mizoram Border,22.7,92.7,Northeast Sector,train_test_network.csv,12,0,0.0,0.0,6.67,0,0,BACKDOOR,0,0.0,1.0,1.0,CRITICAL,0
Lipulekh Pass,30.2,80.3,Uttarakhand Pass,train_test_network.csv,12,0,1.0,0.0,6.67,0,0,NORMAL,0,0.0,1.0,0.0,LOW,0
Tawang Sector,27.6,91.9,Arunachal Sector,train_test_network.csv,12,0,0.0,0.0,6.67,0,0,BACKDOOR,0,0.0,1.0,1.0,CRITICAL,0
Tawang Sector,27.6,91.9,Arunachal Sector,train_test_network.csv,12,0,0.0,0.0,6.67,0,0,RANSOMWARE,0,0.0,1.0,1.0,CRITICAL,0
Lipulekh Pass,30.2,80.3,Uttarakhand Pass,train_test_network.csv,12,0,0.0,0.0,6.67,0,0,RANSOMWARE,0,0.0,1.0,1.0,CRITICAL,0
Depsang Plains,35.1,77.8,Ladakh LAC,train_test_network.csv,12,0,0.0,0.0,6.67,0,0,SCANNING,0,0.0,1.0,1.0,CRITICAL,0
Pangong Tso,33.7,78.9,Ladakh LAC,train_test_network.csv,12,0,0.0,0.0,6.67,0,0,DOS,0,0.0,1.0,1.0,CRITICAL,0
Siachen Glacier,35.5,76.9,Ladakh LAC,train_test_network.csv,12,0,0.0,0.0,6.67,0,0,SCANNING,0,0.0,1.0,1.0,CRITICAL,0
Wagah Border,31.6,74.6,Punjab Sector,train_test_network.csv,12,0,0.0,0.0,6.67,0,0,DOS,0,0.0,1.0,1.0,CRITICAL,0
Barmer Sector,25.7,71.4,Rajasthan Border,train_test_network.csv,12,0,0.0,0.0,6.67,0,0,NORMAL,0,0.0,1.0,0.0,LOW,0
Nathula Pass,27.4,88.8,Sikkim Ridge,train_test_network.csv,12,0,1.0,0.0,6.67,0,0,PASSWORD,0,0.0,1.0,1.0,CRITICAL,0
Siachen Glacier,35.5,76.9,Ladakh LAC,train_test_network.csv,12,0,0.0,0.0,6.67,0,0,DDOS,0,0.0,1.0,1.0,CRITICAL,0
Anjaw District,28.1,96.3,Arunachal Sector,train_test_network.csv,12,0,0.0,0.0,6.67,0,0,BACKDOOR,0,0.0,1.0,1.0,CRITICAL,0
Rann of Kutch,23.9,70.0,Gujarat Coast,train_test_network.csv,12,0,1.0,0.0,6.67,0,0,INJECTION,0,0.0,1.0,1.0,CRITICAL,0
Pangong Tso,33.7,78.9,Ladakh LAC,train_test_network.csv,12,0,1.0,0.0,6.67,0,0,PASSWORD,0,0.0,1.0,1.0,CRITICAL,0
Siachen Glacier,35.5,76.9,Ladakh LAC,train_test_network.csv,12,0,0.0,0.0,6.67,0,0,XSS,0,0.0,1.0,1.0,CRITICAL,0
Galwan Valley,34.4,73.6,J&K LoC,train_test_network.csv,12,0,0.0,0.0,6.67,0,0,NORMAL,0,0.0,1.0,0.0,LOW,0
Rann of Kutch,23.9,70.0,Gujarat Coast,train_test_network.csv,12,0,0.58,0.0,6.67,0,0,DDOS,0,0.0,1.0,1.0,CRITICAL,0
Galwan Valley,34.4,73.6,J&K LoC,train_test_network.csv,12,0,0.0,0.0,6.67,0,0,RANSOMWARE,0,0.0,1.0,1.0,CRITICAL,0
Lipulekh Pass,30.2,80.3,Uttarakhand Pass,train_test_network.csv,12,0,0.0,0.0,6.67,0,0,DOS,0,0.0,1.0,1.0,CRITICAL,0
Mizoram Border,22.7,92.7,Northeast Sector,train_test_network.csv,12,0,0.0,0.0,6.67,0,0,DOS,0,0.0,1.0,1.0,CRITICAL,0
Wagah Border,31.6,74.6,Punjab Sector,train_test_network.csv,12,0,0.0,0.0,6.67,0,0,XSS,0,0.0,1.0,1.0,CRITICAL,0
Doklam Plateau,27.3,89.1,Sikkim Ridge,train_test_network.csv,12,0,0.0,0.0,6.67,0,0,RANSOMWARE,0,0.0,1.0,1.0,CRITICAL,0
Pangong Tso,33.7,78.9,Ladakh LAC,train_test_network.csv,12,0,0.0,0.0,6.67,0,0,SCANNING,0,0.0,1.0,1.0,CRITICAL,0
Depsang Plains,35.1,77.8,Ladakh LAC,train_test_network.csv,12,0,0.0,0.0,6.67,0,0,NORMAL,0,0.0,1.0,0.0,LOW,0
Siachen Glacier,35.5,76.9,Ladakh LAC,train_test_network.csv,12,0,0.0,0.0,6.67,0,0,XSS,0,0.0,1.0,1.0,CRITICAL,0
Mizoram Border,22.7,92.7,Northeast Sector,train_test_network.csv,12,0,0.0,0.0,6.67,0,0,DOS,0,0.0,1.0,1.0,CRITICAL,0
Siachen Glacier,35.5,76.9,Ladakh LAC,train_test_network.csv,12,0,1.0,0.0,6.67,0,0,PASSWORD,0,0.0,1.0,1.0,CRITICAL,0
Depsang Plains,35.1,77.8,Ladakh LAC,train_test_network.csv,12,0,1.0,0.0,6.67,0,0,PASSWORD,0,0.0,1.0,1.0,CRITICAL,0
Rann of Kutch,23.9,70.0,Gujarat Coast,train_test_network.csv,12,0,0.0,0.0,6.67,0,0,DDOS,0,0.0,1.0,1.0,CRITICAL,0
Doklam Plateau,27.3,89.1,Sikkim Ridge,train_test_network.csv,12,0,0.0,0.0,6.67,0,0,RANSOMWARE,0,0.0,1.0,1.0,CRITICAL,0
Anjaw District,28.1,96.3,Arunachal Sector,train_test_network.csv,12,0,0.0,0.0,6.67,0,0,NORMAL,0,0.0,1.0,0.0,LOW,0
Barmer Sector,25.7,71.4,Rajasthan Border,train_test_network.csv,12,0,0.0,0.0,6.67,0,0,BACKDOOR,0,0.0,1.0,1.0,CRITICAL,0
Nathula Pass,27.4,88.8,Sikkim Ridge,train_test_network.csv,12,0,0.0,0.0,6.67,0,0,XSS,0,0.0,1.0,1.0,CRITICAL,0
Pir Panjal Range,33.5,74.2,J&K LoC,train_test_network.csv,12,0,0.0,0.0,6.67,0,0,NORMAL,0,0.0,1.0,0.0,LOW,0
Nathula Pass,27.4,88.8,Sikkim Ridge,train_test_network.csv,12,0,0.0,0.0,6.67,0,0,SCANNING,0,0.0,1.0,1.0,CRITICAL,0
Barmer Sector,25.7,71.4,Rajasthan Border,train_test_network.csv,12,0,0.0,0.0,6.67,0,0,NORMAL,0,0.0,1.0,0.0,LOW,0
Pir Panjal Range,33.5,74.2,J&K LoC,train_test_network.csv,12,0,0.58,0.0,6.67,0,0,DDOS,0,0.0,1.0,1.0,CRITICAL,0
Doklam Plateau,27.3,89.1,Sikkim Ridge,train_test_network.csv,12,0,0.0,0.0,6.67,0,0,DDOS,0,0.0,1.0,1.0,CRITICAL,0
Tawang Sector,27.6,91.9,Arunachal Sector,train_test_network.csv,12,0,0.0,0.0,6.67,0,0,XSS,0,0.0,1.0,1.0,CRITICAL,0
Mizoram Border,22.7,92.7,Northeast Sector,train_test_network.csv,12,0,0.0,0.0,6.67,0,0,NORMAL,0,0.0,1.0,0.0,LOW,0
Pangong Tso,33.7,78.9,Ladakh LAC,train_test_network.csv,12,0,0.0,0.0,6.67,0,0,BACKDOOR,0,0.0,1.0,1.0,CRITICAL,0
Depsang Plains,35.1,77.8,Ladakh LAC,train_test_network.csv,12,0,0.0,0.0,6.67,0,0,SCANNING,0,0.0,1.0,1.0,CRITICAL,0
Lipulekh Pass,30.2,80.3,Uttarakhand Pass,train_test_network.csv,12,0,0.0,0.0,6.67,0,0,DOS,0,0.0,1.0,1.0,CRITICAL,0
Mizoram Border,22.7,92.7,Northeast Sector,train_test_network.csv,12,0,0.0,0.0,6.67,0,0,XSS,0,0.0,1.0,1.0,CRITICAL,0
Galwan Valley,34.4,73.6,J&K LoC,train_test_network.csv,12,0,0.0,0.0,6.67,0,0,DOS,0,0.0,1.0,1.0,CRITICAL,0
Rann of Kutch,23.9,70.0,Gujarat Coast,train_test_network.csv,12,0,1.0,0.0,6.67,0,0,INJECTION,0,0.0,1.0,1.0,CRITICAL,0
Rann of Kutch,23.9,70.0,Gujarat Coast,train_test_network.csv,12,0,0.54,0.0,6.67,0,0,DDOS,0,0.0,1.0,1.0,CRITICAL,0
Pir Panjal Range,33.5,74.2,J&K LoC,train_test_network.csv,12,0,1.0,0.0,6.67,0,0,PASSWORD,0,0.0,1.0,1.0,CRITICAL,0
Doklam Plateau,27.3,89.1,Sikkim Ridge,train_test_network.csv,12,0,1.0,0.0,6.67,0,0,NORMAL,0,0.0,1.0,0.0,LOW,0
Pangong Tso,33.7,78.9,Ladakh LAC,train_test_network.csv,12,0,0.0,0.0,6.67,0,0,XSS,0,0.0,1.0,1.0,CRITICAL,0
Nathula Pass,27.4,88.8,Sikkim Ridge,train_test_network.csv,12,0,0.0,0.0,6.67,0,0,SCANNING,0,0.0,1.0,1.0,CRITICAL,0
Siachen Glacier,35.5,76.9,Ladakh LAC,train_test_network.csv,12,0,0.0,0.0,6.67,0,0,BACKDOOR,0,0.0,1.0,1.0,CRITICAL,0
Rann of Kutch,23.9,70.0,Gujarat Coast,train_test_network.csv,12,0,0.0,0.0,6.67,0,0,DOS,0,0.0,1.0,1.0,CRITICAL,0
Wagah Border,31.6,74.6,Punjab Sector,train_test_network.csv,12,0,0.0,0.0,6.67,0,0,PASSWORD,0,0.0,1.0,1.0,CRITICAL,0
Nathula Pass,27.4,88.8,Sikkim Ridge,train_test_network.csv,12,0,0.0,0.0,6.67,0,0,SCANNING,0,0.0,1.0,1.0,CRITICAL,0
Nathula Pass,27.4,88.8,Sikkim Ridge,train_test_network.csv,12,0,0.0,0.0,6.67,0,0,RANSOMWARE,0,0.0,1.0,1.0,CRITICAL,0
Barmer Sector,25.7,71.4,Rajasthan Border,train_test_network.csv,12,0,0.0,0.0,6.67,0,0,SCANNING,0,0.0,1.0,1.0,CRITICAL,0
Nathula Pass,27.4,88.8,Sikkim Ridge,train_test_network.csv,12,0,1.0,0.0,6.67,0,0,NORMAL,0,0.0,1.0,0.0,LOW,0
Rann of Kutch,23.9,70.0,Gujarat Coast,train_test_network.csv,12,0,0.48,0.0,6.67,0,0,DDOS,0,0.0,1.0,1.0,CRITICAL,0
Pir Panjal Range,33.5,74.2,J&K LoC,train_test_network.csv,12,0,0.0,0.0,6.67,0,0,BACKDOOR,0,0.0,1.0,1.0,CRITICAL,0
Mizoram Border,22.7,92.7,Northeast Sector,train_test_network.csv,12,0,0.0,0.0,6.67,0,0,DOS,0,0.0,1.0,1.0,CRITICAL,0
Wagah Border,31.6,74.6,Punjab Sector,train_test_network.csv,12,0,0.0,0.0,6.67,0,0,DDOS,0,0.0,1.0,1.0,CRITICAL,0
Kutch Gulf,23.0,68.9,Gujarat Coast,train_test_network.csv,12,0,0.0,0.0,6.67,0,0,RANSOMWARE,0,0.0,1.0,1.0,CRITICAL,0
Tawang Sector,27.6,91.9,Arunachal Sector,train_test_network.csv,12,0,1.0,0.0,6.67,0,0,XSS,0,0.0,1.0,1.0,CRITICAL,0
Depsang Plains,35.1,77.8,Ladakh LAC,train_test_network.csv,12,0,0.31,0.0,6.67,0,0,NORMAL,0,0.0,1.0,0.0,LOW,0
Doklam Plateau,27.3,89.1,Sikkim Ridge,train_test_network.csv,12,0,1.0,0.0,6.67,0,0,XSS,0,0.0,1.0,1.0,CRITICAL,0
Pir Panjal Range,33.5,74.2,J&K LoC,train_test_network.csv,12,0,0.0,0.0,6.67,0,0,NORMAL,0,0.0,1.0,0.0,LOW,0
Siachen Glacier,35.5,76.9,Ladakh LAC,train_test_network.csv,12,0,0.0,0.0,6.67,0,0,DOS,0,0.0,1.0,1.0,CRITICAL,0
Lipulekh Pass,30.2,80.3,Uttarakhand Pass,train_test_network.csv,12,0,0.0,0.0,6.67,0,0,NORMAL,0,0.0,1.0,0.0,LOW,0
Siachen Glacier,35.5,76.9,Ladakh LAC,train_test_network.csv,12,0,0.0,0.0,6.67,0,0,NORMAL,0,0.0,1.0,0.0,LOW,0
Doklam Plateau,27.3,89.1,Sikkim Ridge,train_test_network.csv,12,0,0.0,0.0,6.67,0,0,XSS,0,0.0,1.0,1.0,CRITICAL,0
Siachen Glacier,35.5,76.9,Ladakh LAC,train_test_network.csv,12,0,1.0,0.0,6.67,0,0,INJECTION,0,0.0,1.0,1.0,CRITICAL,0
Kutch Gulf,23.0,68.9,Gujarat Coast,train_test_network.csv,12,0,0.0,0.0,6.67,0,0,NORMAL,0,0.0,1.0,0.0,LOW,0
Rann of Kutch,23.9,70.0,Gujarat Coast,train_test_network.csv,12,0,0.0,0.0,6.67,0,0,XSS,0,0.0,1.0,1.0,CRITICAL,0
Kutch Gulf,23.0,68.9,Gujarat Coast,train_test_network.csv,12,0,0.0,0.0,6.67,0,0,NORMAL,0,0.0,1.0,0.0,LOW,0
Barmer Sector,25.7,71.4,Rajasthan Border,train_test_network.csv,12,0,0.0,0.0,6.67,0,0,DDOS,0,0.0,1.0,1.0,CRITICAL,0
Pangong Tso,33.7,78.9,Ladakh LAC,train_test_network.csv,12,0,0.0,0.0,6.67,0,0,BACKDOOR,0,0.0,1.0,1.0,CRITICAL,0
Nathula Pass,27.4,88.8,Sikkim Ridge,train_test_network.csv,12,0,0.35,0.0,6.67,0,0,DOS,0,0.0,1.0,1.0,CRITICAL,0
Galwan Valley,34.4,73.6,J&K LoC,train_test_network.csv,12,0,0.0,0.0,6.67,0,0,NORMAL,0,0.0,1.0,0.0,LOW,0
Anjaw District,28.1,96.3,Arunachal Sector,train_test_network.csv,12,0,1.0,0.0,6.67,0,0,PASSWORD,0,0.0,1.0,1.0,CRITICAL,0
Nathula Pass,27.4,88.8,Sikkim Ridge,train_test_network.csv,12,0,1.0,0.0,6.67,0,0,INJECTION,0,0.0,1.0,1.0,CRITICAL,0
Barmer Sector,25.7,71.4,Rajasthan Border,train_test_network.csv,12,0,1.0,0.0,6.67,0,0,PASSWORD,0,0.0,1.0,1.0,CRITICAL,0
Galwan Valley,34.4,73.6,J&K LoC,train_test_network.csv,12,0,1.0,0.0,6.67,0,0,XSS,0,0.0,1.0,1.0,CRITICAL,0
Rann of Kutch,23.9,70.0,Gujarat Coast,train_test_network.csv,12,0,0.0,0.0,6.67,0,0,PASSWORD,0,0.0,1.0,1.0,CRITICAL,0
Doklam Plateau,27.3,89.1,Sikkim Ridge,train_test_network.csv,12,0,0.0,0.0,6.67,0,0,SCANNING,0,0.0,1.0,1.0,CRITICAL,0
Pir Panjal Range,33.5,74.2,J&K LoC,train_test_network.csv,12,0,0.0,0.0,6.67,0,0,NORMAL,0,0.0,1.0,0.0,LOW,0
Nathula Pass,27.4,88.8,Sikkim Ridge,train_test_network.csv,12,0,0.0,0.0,6.67,0,0,XSS,0,0.0,1.0,1.0,CRITICAL,0
Lipulekh Pass,30.2,80.3,Uttarakhand Pass,train_test_network.csv,12,0,0.0,0.0,6.67,0,0,DOS,0,0.0,1.0,1.0,CRITICAL,0
Barmer Sector,25.7,71.4,Rajasthan Border,train_test_network.csv,12,0,0.0,0.0,6.67,0,0,BACKDOOR,0,0.0,1.0,1.0,CRITICAL,0
Rann of Kutch,23.9,70.0,Gujarat Coast,train_test_network.csv,12,0,0.0,0.0,6.67,0,0,BACKDOOR,0,0.0,1.0,1.0,CRITICAL,0
Siachen Glacier,35.5,76.9,Ladakh LAC,train_test_network.csv,12,0,0.0,0.0,6.67,0,0,XSS,0,0.0,1.0,1.0,CRITICAL,0
Nathula Pass,27.4,88.8,Sikkim Ridge,train_test_network.csv,12,0,0.0,0.0,6.67,0,0,DOS,0,0.0,1.0,1.0,CRITICAL,0
Depsang Plains,35.1,77.8,Ladakh LAC,train_test_network.csv,12,0,0.0,0.0,6.67,0,0,BACKDOOR,0,0.0,1.0,1.0,CRITICAL,0
Nathula Pass,27.4,88.8,Sikkim Ridge,train_test_network.csv,12,0,0.66,0.0,6.67,0,0,NORMAL,0,0.0,1.0,0.0,LOW,0
Rann of Kutch,23.9,70.0,Gujarat Coast,train_test_network.csv,12,0,1.0,0.0,6.67,0,0,NORMAL,0,0.0,1.0,0.0,LOW,0
Rann of Kutch,23.9,70.0,Gujarat Coast,train_test_network.csv,12,0,1.0,0.0,6.67,0,0,XSS,0,0.0,1.0,1.0,CRITICAL,0
Tawang Sector,27.6,91.9,Arunachal Sector,train_test_network.csv,12,0,1.0,0.0,6.67,0,0,INJECTION,0,0.0,1.0,1.0,CRITICAL,0
Anjaw District,28.1,96.3,Arunachal Sector,train_test_network.csv,12,0,0.0,0.0,6.67,0,0,DOS,0,0.0,1.0,1.0,CRITICAL,0
Lipulekh Pass,30.2,80.3,Uttarakhand Pass,train_test_network.csv,12,0,0.0,0.0,6.67,0,0,NORMAL,0,0.0,1.0,0.0,LOW,0
Anjaw District,28.1,96.3,Arunachal Sector,train_test_network.csv,12,0,1.0,0.0,6.67,0,0,NORMAL,0,0.0,1.0,0.0,LOW,0
Siachen Glacier,35.5,76.9,Ladakh LAC,train_test_network.csv,12,0,0.0,0.0,6.67,0,0,XSS,0,0.0,1.0,1.0,CRITICAL,0
Tawang Sector,27.6,91.9,Arunachal Sector,train_test_network.csv,12,0,0.0,0.0,6.67,0,0,BACKDOOR,0,0.0,1.0,1.0,CRITICAL,0
Doklam Plateau,27.3,89.1,Sikkim Ridge,train_test_network.csv,12,0,0.0,0.0,6.67,0,0,BACKDOOR,0,0.0,1.0,1.0,CRITICAL,0
Nathula Pass,27.4,88.8,Sikkim Ridge,train_test_network.csv,12,0,0.85,0.0,6.67,0,0,PASSWORD,0,0.0,1.0,1.0,CRITICAL,0
Pir Panjal Range,33.5,74.2,J&K LoC,train_test_network.csv,12,0,1.0,0.0,6.67,0,0,PASSWORD,0,0.0,1.0,1.0,CRITICAL,0
Lipulekh Pass,30.2,80.3,Uttarakhand Pass,train_test_network.csv,12,0,0.0,0.0,6.67,0,0,SCANNING,0,0.0,1.0,1.0,CRITICAL,0
Anjaw District,28.1,96.3,Arunachal Sector,train_test_network.csv,12,0,0.58,0.0,6.67,0,0,DDOS,0,0.0,1.0,1.0,CRITICAL,0
Wagah Border,31.6,74.6,Punjab Sector,train_test_network.csv,12,0,0.0,0.0,6.67,0,0,NORMAL,0,0.0,1.0,0.0,LOW,0
Kutch Gulf,23.0,68.9,Gujarat Coast,train_test_network.csv,12,0,1.0,0.0,6.67,0,0,NORMAL,0,0.0,1.0,0.0,LOW,0
Doklam Plateau,27.3,89.1,Sikkim Ridge,train_test_network.csv,12,0,0.0,0.0,6.67,0,0,RANSOMWARE,0,0.0,1.0,1.0,CRITICAL,0
Nathula Pass,27.4,88.8,Sikkim Ridge,train_test_network.csv,12,0,0.0,0.0,6.67,0,0,RANSOMWARE,0,0.0,1.0,1.0,CRITICAL,0
Pangong Tso,33.7,78.9,Ladakh LAC,train_test_network.csv,12,0,0.0,0.0,6.67,0,0,DOS,0,0.0,1.0,1.0,CRITICAL,0
Rann of Kutch,23.9,70.0,Gujarat Coast,train_test_network.csv,12,0,0.0,0.0,6.67,0,0,DDOS,0,0.0,1.0,1.0,CRITICAL,0
Pir Panjal Range,33.5,74.2,J&K LoC,train_test_network.csv,12,0,0.48,0.0,6.67,0,0,NORMAL,0,0.0,1.0,0.0,LOW,0
Siachen Glacier,35.5,76.9,Ladakh LAC,train_test_network.csv,12,0,0.0,0.0,6.67,0,0,NORMAL,0,0.0,1.0,0.0,LOW,0
Anjaw District,28.1,96.3,Arunachal Sector,train_test_network.csv,12,0,0.0,0.0,6.67,0,0,RANSOMWARE,0,0.0,1.0,1.0,CRITICAL,0
Tawang Sector,27.6,91.9,Arunachal Sector,train_test_network.csv,12,0,0.0,0.0,6.67,0,0,RANSOMWARE,0,0.0,1.0,1.0,CRITICAL,0
Pir Panjal Range,33.5,74.2,J&K LoC,train_test_network.csv,12,0,0.0,0.0,6.67,0,0,RANSOMWARE,0,0.0,1.0,1.0,CRITICAL,0
Depsang Plains,35.1,77.8,Ladakh LAC,train_test_network.csv,12,0,0.0,0.0,6.67,0,0,RANSOMWARE,0,0.0,1.0,1.0,CRITICAL,0
Pangong Tso,33.7,78.9,Ladakh LAC,train_test_network.csv,12,0,1.0,0.0,6.67,0,0,NORMAL,0,0.0,1.0,0.0,LOW,0
Tawang Sector,27.6,91.9,Arunachal Sector,train_test_network.csv,12,0,1.0,0.0,6.67,0,0,INJECTION,0,0.0,1.0,1.0,CRITICAL,0
Lipulekh Pass,30.2,80.3,Uttarakhand Pass,train_test_network.csv,12,0,0.0,0.0,6.67,0,0,XSS,0,0.0,1.0,1.0,CRITICAL,0
Pangong Tso,33.7,78.9,Ladakh LAC,train_test_network.csv,12,0,0.0,0.0,6.67,0,0,DOS,0,0.0,1.0,1.0,CRITICAL,0
Lipulekh Pass,30.2,80.3,Uttarakhand Pass,train_test_network.csv,12,0,0.41,0.0,6.67,0,0,NORMAL,0,0.0,1.0,0.0,LOW,0
Kutch Gulf,23.0,68.9,Gujarat Coast,train_test_network.csv,12,0,0.0,0.0,6.67,0,0,SCANNING,0,0.0,1.0,1.0,CRITICAL,0
Rann of Kutch,23.9,70.0,Gujarat Coast,train_test_network.csv,12,0,0.31,0.0,6.67,0,0,NORMAL,0,0.0,1.0,0.0,LOW,0
Galwan Valley,34.4,73.6,J&K LoC,train_test_network.csv,12,0,0.0,0.0,6.67,0,0,XSS,0,0.0,1.0,1.0,CRITICAL,0
Siachen Glacier,35.5,76.9,Ladakh LAC,train_test_network.csv,12,0,0.0,0.0,6.67,0,0,XSS,0,0.0,1.0,1.0,CRITICAL,0
Galwan Valley,34.4,73.6,J&K LoC,train_test_network.csv,12,0,0.0,0.0,6.67,0,0,DOS,0,0.0,1.0,1.0,CRITICAL,0
Pir Panjal Range,33.5,74.2,J&K LoC,train_test_network.csv,12,0,0.0,0.0,6.67,0,0,BACKDOOR,0,0.0,1.0,1.0,CRITICAL,0
Wagah Border,31.6,74.6,Punjab Sector,train_test_network.csv,12,0,0.0,0.0,6.67,0,0,NORMAL,0,0.0,1.0,0.0,LOW,0
Nathula Pass,27.4,88.8,Sikkim Ridge,train_test_network.csv,12,0,0.0,0.0,6.67,0,0,BACKDOOR,0,0.0,1.0,1.0,CRITICAL,0
Kutch Gulf,23.0,68.9,Gujarat Coast,train_test_network.csv,12,0,1.0,0.0,6.67,0,0,PASSWORD,0,0.0,1.0,1.0,CRITICAL,0
Lipulekh Pass,30.2,80.3,Uttarakhand Pass,train_test_network.csv,12,0,1.0,0.0,6.67,0,0,PASSWORD,0,0.0,1.0,1.0,CRITICAL,0
Pangong Tso,33.7,78.9,Ladakh LAC,train_test_network.csv,12,0,0.0,0.0,6.67,0,0,DOS,0,0.0,1.0,1.0,CRITICAL,0
Nathula Pass,27.4,88.8,Sikkim Ridge,train_test_network.csv,12,0,0.0,0.0,6.67,0,0,NORMAL,0,0.0,1.0,0.0,LOW,0
Barmer Sector,25.7,71.4,Rajasthan Border,train_test_network.csv,12,0,0.0,0.0,6.67,0,0,BACKDOOR,0,0.0,1.0,1.0,CRITICAL,0
Depsang Plains,35.1,77.8,Ladakh LAC,train_test_network.csv,12,0,1.0,0.0,6.67,0,0,NORMAL,0,0.0,1.0,0.0,LOW,0
Wagah Border,31.6,74.6,Punjab Sector,train_test_network.csv,12,0,0.0,0.0,6.67,0,0,DOS,0,0.0,1.0,1.0,CRITICAL,0
Nathula Pass,27.4,88.8,Sikkim Ridge,train_test_network.csv,12,0,0.0,0.0,6.67,0,0,NORMAL,0,0.0,1.0,0.0,LOW,0
Galwan Valley,34.4,73.6,J&K LoC,train_test_network.csv,12,0,1.0,0.0,6.67,0,0,PASSWORD,0,0.0,1.0,1.0,CRITICAL,0
Pangong Tso,33.7,78.9,Ladakh LAC,train_test_network.csv,12,0,0.0,0.0,6.67,0,0,RANSOMWARE,0,0.0,1.0,1.0,CRITICAL,0
Doklam Plateau,27.3,89.1,Sikkim Ridge,train_test_network.csv,12,0,0.0,0.0,6.67,0,0,BACKDOOR,0,0.0,1.0,1.0,CRITICAL,0
Anjaw District,28.1,96.3,Arunachal Sector,train_test_network.csv,12,0,0.0,0.0,6.67,0,0,NORMAL,0,0.0,1.0,0.0,LOW,0
Tawang Sector,27.6,91.9,Arunachal Sector,train_test_network.csv,12,0,0.0,0.0,6.67,0,0,XSS,0,0.0,1.0,1.0,CRITICAL,0
Wagah Border,31.6,74.6,Punjab Sector,train_test_network.csv,12,0,0.74,0.0,6.67,0,0,XSS,0,0.0,1.0,1.0,CRITICAL,0
Doklam Plateau,27.3,89.1,Sikkim Ridge,train_test_network.csv,12,0,0.0,0.0,6.67,0,0,DOS,0,0.0,1.0,1.0,CRITICAL,0
Nathula Pass,27.4,88.8,Sikkim Ridge,train_test_network.csv,12,0,0.0,0.0,6.67,0,0,NORMAL,0,0.0,1.0,0.0,LOW,0
Kutch Gulf,23.0,68.9,Gujarat Coast,train_test_network.csv,12,0,0.0,0.0,6.67,0,0,DDOS,0,0.0,1.0,1.0,CRITICAL,0
Galwan Valley,34.4,73.6,J&K LoC,train_test_network.csv,12,0,0.0,0.0,6.67,0,0,RANSOMWARE,0,0.0,1.0,1.0,CRITICAL,0
Anjaw District,28.1,96.3,Arunachal Sector,train_test_network.csv,12,0,0.0,0.0,6.67,0,0,BACKDOOR,0,0.0,1.0,1.0,CRITICAL,0
Galwan Valley,34.4,73.6,J&K LoC,train_test_network.csv,12,0,0.0,0.0,6.67,0,0,XSS,0,0.0,1.0,1.0,CRITICAL,0
Pir Panjal Range,33.5,74.2,J&K LoC,train_test_network.csv,12,0,0.0,0.0,6.67,0,0,RANSOMWARE,0,0.0,1.0,1.0,CRITICAL,0
Siachen Glacier,35.5,76.9,Ladakh LAC,train_test_network.csv,12,0,1.0,0.0,6.67,0,0,INJECTION,0,0.0,1.0,1.0,CRITICAL,0
Rann of Kutch,23.9,70.0,Gujarat Coast,train_test_network.csv,12,0,0.37,0.0,6.67,0,0,DOS,0,0.0,1.0,1.0,CRITICAL,0
Siachen Glacier,35.5,76.9,Ladakh LAC,train_test_network.csv,12,0,0.0,0.0,6.67,0,0,SCANNING,0,0.0,1.0,1.0,CRITICAL,0
Tawang Sector,27.6,91.9,Arunachal Sector,train_test_network.csv,12,0,0.0,0.0,6.67,0,0,RANSOMWARE,0,0.0,1.0,1.0,CRITICAL,0
Wagah Border,31.6,74.6,Punjab Sector,train_test_network.csv,12,0,0.41,0.0,6.67,0,0,NORMAL,0,0.0,1.0,0.0,LOW,0
Rann of Kutch,23.9,70.0,Gujarat Coast,train_test_network.csv,12,0,0.0,0.0,6.67,0,0,BACKDOOR,0,0.0,1.0,1.0,CRITICAL,0
Siachen Glacier,35.5,76.9,Ladakh LAC,train_test_network.csv,12,0,1.0,0.0,6.67,0,0,INJECTION,0,0.0,1.0,1.0,CRITICAL,0
Pangong Tso,33.7,78.9,Ladakh LAC,train_test_network.csv,12,0,1.0,0.0,6.67,0,0,INJECTION,0,0.0,1.0,1.0,CRITICAL,0
Pir Panjal Range,33.5,74.2,J&K LoC,train_test_network.csv,12,0,0.0,0.0,6.67,0,0,BACKDOOR,0,0.0,1.0,1.0,CRITICAL,0
Tawang Sector,27.6,91.9,Arunachal Sector,train_test_network.csv,12,0,0.0,0.0,6.67,0,0,XSS,0,0.0,1.0,1.0,CRITICAL,0
Pangong Tso,33.7,78.9,Ladakh LAC,train_test_network.csv,12,0,0.0,0.0,6.67,0,0,BACKDOOR,0,0.0,1.0,1.0,CRITICAL,0
Kutch Gulf,23.0,68.9,Gujarat Coast,train_test_network.csv,12,0,0.0,0.0,6.67,0,0,DOS,0,0.0,1.0,1.0,CRITICAL,0
Galwan Valley,34.4,73.6,J&K LoC,train_test_network.csv,12,0,0.0,0.0,6.67,0,0,PASSWORD,0,0.0,1.0,1.0,CRITICAL,0
Pir Panjal Range,33.5,74.2,J&K LoC,train_test_network.csv,12,0,0.0,0.0,6.67,0,0,DDOS,0,0.0,1.0,1.0,CRITICAL,0
Pir Panjal Range,33.5,74.2,J&K LoC,train_test_network.csv,12,0,1.0,0.0,6.67,0,0,XSS,0,0.0,1.0,1.0,CRITICAL,0
Rann of Kutch,23.9,70.0,Gujarat Coast,train_test_network.csv,12,0,0.0,0.0,6.67,0,0,DOS,0,0.0,1.0,1.0,CRITICAL,0
Tawang Sector,27.6,91.9,Arunachal Sector,train_test_network.csv,12,0,0.0,0.0,6.67,0,0,RANSOMWARE,0,0.0,1.0,1.0,CRITICAL,0
Galwan Valley,34.4,73.6,J&K LoC,train_test_network.csv,12,0,0.0,0.0,6.67,0,0,RANSOMWARE,0,0.0,1.0,1.0,CRITICAL,0
Doklam Plateau,27.3,89.1,Sikkim Ridge,train_test_network.csv,12,0,0.0,0.0,6.67,0,0,DDOS,0,0.0,1.0,1.0,CRITICAL,0
Anjaw District,28.1,96.3,Arunachal Sector,train_test_network.csv,12,0,0.0,0.0,6.67,0,0,SCANNING,0,0.0,1.0,1.0,CRITICAL,0
Mizoram Border,22.7,92.7,Northeast Sector,train_test_network.csv,12,0,1.0,0.0,6.67,0,0,NORMAL,0,0.0,1.0,0.0,LOW,0
Wagah Border,31.6,74.6,Punjab Sector,train_test_network.csv,12,0,0.87,0.0,6.67,0,0,PASSWORD,0,0.0,1.0,1.0,CRITICAL,0
Mizoram Border,22.7,92.7,Northeast Sector,train_test_network.csv,12,0,1.0,0.0,6.67,0,0,PASSWORD,0,0.0,1.0,1.0,CRITICAL,0
Kutch Gulf,23.0,68.9,Gujarat Coast,train_test_network.csv,12,0,1.0,0.0,6.67,0,0,PASSWORD,0,0.0,1.0,1.0,CRITICAL,0
Barmer Sector,25.7,71.4,Rajasthan Border,train_test_network.csv,12,0,0.0,0.0,6.67,0,0,BACKDOOR,0,0.0,1.0,1.0,CRITICAL,0
Galwan Valley,34.4,73.6,J&K LoC,train_test_network.csv,12,0,0.0,0.0,6.67,0,0,XSS,0,0.0,1.0,1.0,CRITICAL,0
Galwan Valley,34.4,73.6,J&K LoC,train_test_network.csv,12,0,0.87,0.0,6.67,0,0,PASSWORD,0,0.0,1.0,1.0,CRITICAL,0
Depsang Plains,35.1,77.8,Ladakh LAC,train_test_network.csv,12,0,1.0,0.0,6.67,0,0,INJECTION,0,0.0,1.0,1.0,CRITICAL,0
Lipulekh Pass,30.2,80.3,Uttarakhand Pass,train_test_network.csv,12,0,0.0,0.0,6.67,0,0,SCANNING,0,0.0,1.0,1.0,CRITICAL,0
Pangong Tso,33.7,78.9,Ladakh LAC,train_test_network.csv,12,0,0.0,0.0,6.67,0,0,RANSOMWARE,0,0.0,1.0,1.0,CRITICAL,0
Mizoram Border,22.7,92.7,Northeast Sector,train_test_network.csv,12,0,0.0,0.0,6.67,0,0,RANSOMWARE,0,0.0,1.0,1.0,CRITICAL,0
Galwan Valley,34.4,73.6,J&K LoC,train_test_network.csv,12,0,0.0,0.0,6.67,0,0,RANSOMWARE,0,0.0,1.0,1.0,CRITICAL,0
Mizoram Border,22.7,92.7,Northeast Sector,train_test_network.csv,12,0,0.0,0.0,6.67,0,0,DOS,0,0.0,1.0,1.0,CRITICAL,0
Barmer Sector,25.7,71.4,Rajasthan Border,train_test_network.csv,12,0,0.0,0.0,6.67,0,0,RANSOMWARE,0,0.0,1.0,1.0,CRITICAL,0
Galwan Valley,34.4,73.6,J&K LoC,train_test_network.csv,12,0,1.0,0.0,6.67,0,0,PASSWORD,0,0.0,1.0,1.0,CRITICAL,0
Depsang Plains,35.1,77.8,Ladakh LAC,train_test_network.csv,12,0,0.52,0.0,6.67,0,0,DDOS,0,0.0,1.0,1.0,CRITICAL,0
Anjaw District,28.1,96.3,Arunachal Sector,train_test_network.csv,12,0,1.0,0.0,6.67,0,0,PASSWORD,0,0.0,1.0,1.0,CRITICAL,0
Anjaw District,28.1,96.3,Arunachal Sector,train_test_network.csv,12,0,0.41,0.0,6.67,0,0,NORMAL,0,0.0,1.0,0.0,LOW,0
Tawang Sector,27.6,91.9,Arunachal Sector,train_test_network.csv,12,0,0.0,0.0,6.67,0,0,DOS,0,0.0,1.0,1.0,CRITICAL,0
Nathula Pass,27.4,88.8,Sikkim Ridge,train_test_network.csv,12,0,0.0,0.0,6.67,0,0,XSS,0,0.0,1.0,1.0,CRITICAL,0
Galwan Valley,34.4,73.6,J&K LoC,train_test_network.csv,12,0,0.0,0.0,6.67,0,0,BACKDOOR,0,0.0,1.0,1.0,CRITICAL,0
Galwan Valley,34.4,73.6,J&K LoC,train_test_network.csv,12,0,0.0,0.0,6.67,0,0,DDOS,0,0.0,1.0,1.0,CRITICAL,0
Barmer Sector,25.7,71.4,Rajasthan Border,train_test_network.csv,12,0,0.0,0.0,6.67,0,0,XSS,0,0.0,1.0,1.0,CRITICAL,0
Mizoram Border,22.7,92.7,Northeast Sector,train_test_network.csv,12,0,0.0,0.0,6.67,0,0,NORMAL,0,0.0,1.0,0.0,LOW,0
Tawang Sector,27.6,91.9,Arunachal Sector,train_test_network.csv,12,0,0.0,0.0,6.67,0,0,DOS,0,0.0,1.0,1.0,CRITICAL,0
Pir Panjal Range,33.5,74.2,J&K LoC,train_test_network.csv,12,0,0.0,0.0,6.67,0,0,SCANNING,0,0.0,1.0,1.0,CRITICAL,0
Anjaw District,28.1,96.3,Arunachal Sector,train_test_network.csv,12,0,0.0,0.0,6.67,0,0,SCANNING,0,0.0,1.0,1.0,CRITICAL,0
Anjaw District,28.1,96.3,Arunachal Sector,train_test_network.csv,12,0,0.0,0.0,6.67,0,0,RANSOMWARE,0,0.0,1.0,1.0,CRITICAL,0
Galwan Valley,34.4,73.6,J&K LoC,train_test_network.csv,12,0,1.0,0.0,6.67,0,0,NORMAL,0,0.0,1.0,0.0,LOW,0
Doklam Plateau,27.3,89.1,Sikkim Ridge,train_test_network.csv,12,0,0.0,0.0,6.67,0,0,DDOS,0,0.0,1.0,1.0,CRITICAL,0
Nathula Pass,27.4,88.8,Sikkim Ridge,train_test_network.csv,12,0,0.0,0.0,6.67,0,0,DDOS,0,0.0,1.0,1.0,CRITICAL,0
Wagah Border,31.6,74.6,Punjab Sector,train_test_network.csv,12,0,0.0,0.0,6.67,0,0,DDOS,0,0.0,1.0,1.0,CRITICAL,0
Siachen Glacier,35.5,76.9,Ladakh LAC,train_test_network.csv,12,0,0.39,0.0,6.67,0,0,NORMAL,0,0.0,1.0,0.0,LOW,0
Siachen Glacier,35.5,76.9,Ladakh LAC,train_test_network.csv,12,0,1.0,0.0,6.67,0,0,NORMAL,0,0.0,1.0,0.0,LOW,0
Doklam Plateau,27.3,89.1,Sikkim Ridge,train_test_network.csv,12,0,0.31,0.0,6.67,0,0,NORMAL,0,0.0,1.0,0.0,LOW,0
Galwan Valley,34.4,73.6,J&K LoC,train_test_network.csv,12,0,0.0,0.0,6.67,0,0,RANSOMWARE,0,0.0,1.0,1.0,CRITICAL,0
Siachen Glacier,35.5,76.9,Ladakh LAC,train_test_network.csv,12,0,0.0,0.0,6.67,0,0,XSS,0,0.0,1.0,1.0,CRITICAL,0
Wagah Border,31.6,74.6,Punjab Sector,train_test_network.csv,12,0,0.0,0.0,6.67,0,0,RANSOMWARE,0,0.0,1.0,1.0,CRITICAL,0
Mizoram Border,22.7,92.7,Northeast Sector,train_test_network.csv,12,0,0.0,0.0,6.67,0,0,NORMAL,0,0.0,1.0,0.0,LOW,0
Lipulekh Pass,30.2,80.3,Uttarakhand Pass,train_test_network.csv,12,0,0.0,0.0,6.67,0,0,BACKDOOR,0,0.0,1.0,1.0,CRITICAL,0
Siachen Glacier,35.5,76.9,Ladakh LAC,train_test_network.csv,12,0,0.0,0.0,6.67,0,0,DDOS,0,0.0,1.0,1.0,CRITICAL,0
Mizoram Border,22.7,92.7,Northeast Sector,train_test_network.csv,12,0,0.0,0.0,6.67,0,0,RANSOMWARE,0,0.0,1.0,1.0,CRITICAL,0
Nathula Pass,27.4,88.8,Sikkim Ridge,train_test_network.csv,12,0,0.0,0.0,6.67,0,0,DOS,0,0.0,1.0,1.0,CRITICAL,0
Barmer Sector,25.7,71.4,Rajasthan Border,train_test_network.csv,12,0,0.0,0.0,6.67,0,0,DOS,0,0.0,1.0,1.0,CRITICAL,0
Siachen Glacier,35.5,76.9,Ladakh LAC,train_test_network.csv,12,0,0.0,0.0,6.67,0,0,BACKDOOR,0,0.0,1.0,1.0,CRITICAL,0
Lipulekh Pass,30.2,80.3,Uttarakhand Pass,train_test_network.csv,12,0,0.0,0.0,6.67,0,0,NORMAL,0,0.0,1.0,0.0,LOW,0
Galwan Valley,34.4,73.6,J&K LoC,train_test_network.csv,12,0,0.0,0.0,6.67,0,0,PASSWORD,0,0.0,1.0,1.0,CRITICAL,0
Wagah Border,31.6,74.6,Punjab Sector,train_test_network.csv,12,0,0.59,0.0,6.67,0,0,NORMAL,0,0.0,1.0,0.0,LOW,0
Pangong Tso,33.7,78.9,Ladakh LAC,train_test_network.csv,12,0,1.0,0.0,6.67,0,0,NORMAL,0,0.0,1.0,0.0,LOW,0
Pir Panjal Range,33.5,74.2,J&K LoC,train_test_network.csv,12,0,0.0,0.0,6.67,0,0,PASSWORD,0,0.0,1.0,1.0,CRITICAL,0
Depsang Plains,35.1,77.8,Ladakh LAC,train_test_network.csv,12,0,0.0,0.0,6.67,0,0,DOS,0,0.0,1.0,1.0,CRITICAL,0
Wagah Border,31.6,74.6,Punjab Sector,train_test_network.csv,12,0,0.0,0.0,6.67,0,0,NORMAL,0,0.0,1.0,0.0,LOW,0
Siachen Glacier,35.5,76.9,Ladakh LAC,train_test_network.csv,12,0,0.66,0.0,6.67,0,0,NORMAL,0,0.0,1.0,0.0,LOW,0
Barmer Sector,25.7,71.4,Rajasthan Border,train_test_network.csv,12,0,0.0,0.0,6.67,0,0,DOS,0,0.0,1.0,1.0,CRITICAL,0
Nathula Pass,27.4,88.8,Sikkim Ridge,train_test_network.csv,12,0,0.0,0.0,6.67,0,0,RANSOMWARE,0,0.0,1.0,1.0,CRITICAL,0
Mizoram Border,22.7,92.7,Northeast Sector,train_test_network.csv,12,0,1.0,0.0,6.67,0,0,PASSWORD,0,0.0,1.0,1.0,CRITICAL,0
Wagah Border,31.6,74.6,Punjab Sector,train_test_network.csv,12,0,1.0,0.0,6.67,0,0,INJECTION,0,0.0,1.0,1.0,CRITICAL,0
Anjaw District,28.1,96.3,Arunachal Sector,train_test_network.csv,12,0,1.0,0.0,6.67,0,0,PASSWORD,0,0.0,1.0,1.0,CRITICAL,0
Galwan Valley,34.4,73.6,J&K LoC,train_test_network.csv,12,0,1.0,0.0,6.67,0,0,NORMAL,0,0.0,1.0,0.0,LOW,0
Lipulekh Pass,30.2,80.3,Uttarakhand Pass,train_test_network.csv,12,0,0.0,0.0,6.67,0,0,NORMAL,0,0.0,1.0,0.0,LOW,0
Doklam Plateau,27.3,89.1,Sikkim Ridge,train_test_network.csv,12,0,0.0,0.0,6.67,0,0,BACKDOOR,0,0.0,1.0,1.0,CRITICAL,0
Depsang Plains,35.1,77.8,Ladakh LAC,train_test_network.csv,12,0,1.0,0.0,6.67,0,0,INJECTION,0,0.0,1.0,1.0,CRITICAL,0
Lipulekh Pass,30.2,80.3,Uttarakhand Pass,train_test_network.csv,12,0,0.0,0.0,6.67,0,0,SCANNING,0,0.0,1.0,1.0,CRITICAL,0
Pangong Tso,33.7,78.9,Ladakh LAC,train_test_network.csv,12,0,1.0,0.0,6.67,0,0,INJECTION,0,0.0,1.0,1.0,CRITICAL,0
Pangong Tso,33.7,78.9,Ladakh LAC,train_test_network.csv,12,0,0.0,0.0,6.67,0,0,RANSOMWARE,0,0.0,1.0,1.0,CRITICAL,0
Depsang Plains,35.1,77.8,Ladakh LAC,train_test_network.csv,12,0,1.0,0.0,6.67,0,0,INJECTION,0,0.0,1.0,1.0,CRITICAL,0
Anjaw District,28.1,96.3,Arunachal Sector,train_test_network.csv,12,0,1.0,0.0,6.67,0,0,NORMAL,0,0.0,1.0,0.0,LOW,0
Pangong Tso,33.7,78.9,Ladakh LAC,train_test_network.csv,12,0,1.0,0.0,6.67,0,0,NORMAL,0,0.0,1.0,0.0,LOW,0
Galwan Valley,34.4,73.6,J&K LoC,train_test_network.csv,12,0,0.0,0.0,6.67,0,0,RANSOMWARE,0,0.0,1.0,1.0,CRITICAL,0
Doklam Plateau,27.3,89.1,Sikkim Ridge,train_test_network.csv,12,0,1.0,0.0,6.67,0,0,XSS,0,0.0,1.0,1.0,CRITICAL,0
Pangong Tso,33.7,78.9,Ladakh LAC,train_test_network.csv,12,0,0.57,0.0,6.67,0,0,NORMAL,0,0.0,1.0,0.0,LOW,0
Siachen Glacier,35.5,76.9,Ladakh LAC,train_test_network.csv,12,0,0.0,0.0,6.67,0,0,DDOS,0,0.0,1.0,1.0,CRITICAL,0
Nathula Pass,27.4,88.8,Sikkim Ridge,train_test_network.csv,12,0,1.0,0.0,6.67,0,0,NORMAL,0,0.0,1.0,0.0,LOW,0
Depsang Plains,35.1,77.8,Ladakh LAC,train_test_network.csv,12,0,0.0,0.0,6.67,0,0,NORMAL,0,0.0,1.0,0.0,LOW,0
Mizoram Border,22.7,92.7,Northeast Sector,train_test_network.csv,12,0,0.83,0.0,6.67,0,0,PASSWORD,0,0.0,1.0,1.0,CRITICAL,0
Nathula Pass,27.4,88.8,Sikkim Ridge,train_test_network.csv,12,0,0.0,0.0,6.67,0,0,NORMAL,0,0.0,1.0,0.0,LOW,0
Mizoram Border,22.7,92.7,Northeast Sector,train_test_network.csv,12,0,0.0,0.0,6.67,0,0,BACKDOOR,0,0.0,1.0,1.0,CRITICAL,0
Pir Panjal Range,33.5,74.2,J&K LoC,train_test_network.csv,12,0,1.0,0.0,6.67,0,0,NORMAL,0,0.0,1.0,0.0,LOW,0
Mizoram Border,22.7,92.7,Northeast Sector,train_test_network.csv,12,0,0.0,0.0,6.67,0,0,BACKDOOR,0,0.0,1.0,1.0,CRITICAL,0
Lipulekh Pass,30.2,80.3,Uttarakhand Pass,train_test_network.csv,12,0,0.0,0.0,6.67,0,0,RANSOMWARE,0,0.0,1.0,1.0,CRITICAL,0
Doklam Plateau,27.3,89.1,Sikkim Ridge,train_test_network.csv,12,0,0.0,0.0,6.67,0,0,BACKDOOR,0,0.0,1.0,1.0,CRITICAL,0
Barmer Sector,25.7,71.4,Rajasthan Border,train_test_network.csv,12,0,0.0,0.0,6.67,0,0,RANSOMWARE,0,0.0,1.0,1.0,CRITICAL,0
Galwan Valley,34.4,73.6,J&K LoC,train_test_network.csv,12,0,0.0,0.0,6.67,0,0,XSS,0,0.0,1.0,1.0,CRITICAL,0
Rann of Kutch,23.9,70.0,Gujarat Coast,train_test_network.csv,12,0,0.8,0.0,6.67,0,0,XSS,0,0.0,1.0,1.0,CRITICAL,0
Tawang Sector,27.6,91.9,Arunachal Sector,train_test_network.csv,12,0,0.0,0.0,6.67,0,0,NORMAL,0,0.0,1.0,0.0,LOW,0
Depsang Plains,35.1,77.8,Ladakh LAC,train_test_network.csv,12,0,0.8,0.0,6.67,0,0,XSS,0,0.0,1.0,1.0,CRITICAL,0
Pangong Tso,33.7,78.9,Ladakh LAC,train_test_network.csv,12,0,0.0,0.0,6.67,0,0,BACKDOOR,0,0.0,1.0,1.0,CRITICAL,0
Pangong Tso,33.7,78.9,Ladakh LAC,train_test_network.csv,12,0,0.0,0.0,6.67,0,0,DOS,0,0.0,1.0,1.0,CRITICAL,0
Depsang Plains,35.1,77.8,Ladakh LAC,train_test_network.csv,12,0,0.0,0.0,6.67,0,0,SCANNING,0,0.0,1.0,1.0,CRITICAL,0
Barmer Sector,25.7,71.4,Rajasthan Border,train_test_network.csv,12,0,1.0,0.0,6.67,0,0,XSS,0,0.0,1.0,1.0,CRITICAL,0
Galwan Valley,34.4,73.6,J&K LoC,train_test_network.csv,12,0,1.0,0.0,6.67,0,0,INJECTION,0,0.0,1.0,1.0,CRITICAL,0
Rann of Kutch,23.9,70.0,Gujarat Coast,train_test_network.csv,12,0,0.0,0.0,6.67,0,0,NORMAL,0,0.0,1.0,0.0,LOW,0
Doklam Plateau,27.3,89.1,Sikkim Ridge,train_test_network.csv,12,0,0.0,0.0,6.67,0,0,BACKDOOR,0,0.0,1.0,1.0,CRITICAL,0
Barmer Sector,25.7,71.4,Rajasthan Border,train_test_network.csv,12,0,0.0,0.0,6.67,0,0,SCANNING,0,0.0,1.0,1.0,CRITICAL,0
Anjaw District,28.1,96.3,Arunachal Sector,train_test_network.csv,12,0,0.0,0.0,6.67,0,0,SCANNING,0,0.0,1.0,1.0,CRITICAL,0
Galwan Valley,34.4,73.6,J&K LoC,train_test_network.csv,12,0,0.0,0.0,6.67,0,0,DOS,0,0.0,1.0,1.0,CRITICAL,0
Siachen Glacier,35.5,76.9,Ladakh LAC,train_test_network.csv,12,0,0.0,0.0,6.67,0,0,DOS,0,0.0,1.0,1.0,CRITICAL,0
Wagah Border,31.6,74.6,Punjab Sector,train_test_network.csv,12,0,0.0,0.0,6.67,0,0,SCANNING,0,0.0,1.0,1.0,CRITICAL,0
Barmer Sector,25.7,71.4,Rajasthan Border,train_test_network.csv,12,0,0.0,0.0,6.67,0,0,DDOS,0,0.0,1.0,1.0,CRITICAL,0
Tawang Sector,27.6,91.9,Arunachal Sector,train_test_network.csv,12,0,0.0,0.0,6.67,0,0,DDOS,0,0.0,1.0,1.0,CRITICAL,0
Anjaw District,28.1,96.3,Arunachal Sector,train_test_network.csv,12,0,1.0,0.0,6.67,0,0,INJECTION,0,0.0,1.0,1.0,CRITICAL,0
Mizoram Border,22.7,92.7,Northeast Sector,train_test_network.csv,12,0,0.44,0.0,6.67,0,0,SCANNING,0,0.0,1.0,1.0,CRITICAL,0
Rann of Kutch,23.9,70.0,Gujarat Coast,train_test_network.csv,12,0,0.0,0.0,6.67,0,0,RANSOMWARE,0,0.0,1.0,1.0,CRITICAL,0
Doklam Plateau,27.3,89.1,Sikkim Ridge,train_test_network.csv,12,0,1.0,0.0,6.67,0,0,PASSWORD,0,0.0,1.0,1.0,CRITICAL,0
Pangong Tso,33.7,78.9,Ladakh LAC,train_test_network.csv,12,0,1.0,0.0,6.67,0,0,PASSWORD,0,0.0,1.0,1.0,CRITICAL,0
Tawang Sector,27.6,91.9,Arunachal Sector,train_test_network.csv,12,0,0.48,0.0,6.67,0,0,DDOS,0,0.0,1.0,1.0,CRITICAL,0
Lipulekh Pass,30.2,80.3,Uttarakhand Pass,train_test_network.csv,12,0,1.0,0.0,6.67,0,0,PASSWORD,0,0.0,1.0,1.0,CRITICAL,0
Lipulekh Pass,30.2,80.3,Uttarakhand Pass,train_test_network.csv,12,0,1.0,0.0,6.67,0,0,INJECTION,0,0.0,1.0,1.0,CRITICAL,0
Siachen Glacier,35.5,76.9,Ladakh LAC,train_test_network.csv,12,0,0.54,0.0,6.67,0,0,DDOS,0,0.0,1.0,1.0,CRITICAL,0
Depsang Plains,35.1,77.8,Ladakh LAC,train_test_network.csv,12,0,0.0,0.0,6.67,0,0,DOS,0,0.0,1.0,1.0,CRITICAL,0
Nathula Pass,27.4,88.8,Sikkim Ridge,train_test_network.csv,12,0,1.0,0.0,6.67,0,0,INJECTION,0,0.0,1.0,1.0,CRITICAL,0
Kutch Gulf,23.0,68.9,Gujarat Coast,train_test_network.csv,12,0,0.0,0.0,6.67,0,0,DOS,0,0.0,1.0,1.0,CRITICAL,0
Siachen Glacier,35.5,76.9,Ladakh LAC,train_test_network.csv,12,0,1.0,0.0,6.67,0,0,NORMAL,0,0.0,1.0,0.0,LOW,0
Doklam Plateau,27.3,89.1,Sikkim Ridge,train_test_network.csv,12,0,0.0,0.0,6.67,0,0,NORMAL,0,0.0,1.0,0.0,LOW,0
Siachen Glacier,35.5,76.9,Ladakh LAC,train_test_network.csv,12,0,0.58,0.0,6.67,0,0,DDOS,0,0.0,1.0,1.0,CRITICAL,0
Pangong Tso,33.7,78.9,Ladakh LAC,train_test_network.csv,12,0,0.66,0.0,6.67,0,0,NORMAL,0,0.0,1.0,0.0,LOW,0
Wagah Border,31.6,74.6,Punjab Sector,train_test_network.csv,12,0,0.0,0.0,6.67,0,0,DDOS,0,0.0,1.0,1.0,CRITICAL,0
Tawang Sector,27.6,91.9,Arunachal Sector,train_test_network.csv,12,0,0.0,0.0,6.67,0,0,RANSOMWARE,0,0.0,1.0,1.0,CRITICAL,0
Pangong Tso,33.7,78.9,Ladakh LAC,train_test_network.csv,12,0,0.0,0.0,6.67,0,0,XSS,0,0.0,1.0,1.0,CRITICAL,0
Mizoram Border,22.7,92.7,Northeast Sector,train_test_network.csv,12,0,0.0,0.0,6.67,0,0,NORMAL,0,0.0,1.0,0.0,LOW,0
Siachen Glacier,35.5,76.9,Ladakh LAC,train_test_network.csv,12,0,0.0,0.0,6.67,0,0,DOS,0,0.0,1.0,1.0,CRITICAL,0
Siachen Glacier,35.5,76.9,Ladakh LAC,train_test_network.csv,12,0,0.0,0.0,6.67,0,0,SCANNING,0,0.0,1.0,1.0,CRITICAL,0
Pir Panjal Range,33.5,74.2,J&K LoC,train_test_network.csv,12,0,1.0,0.0,6.67,0,0,INJECTION,0,0.0,1.0,1.0,CRITICAL,0
Lipulekh Pass,30.2,80.3,Uttarakhand Pass,train_test_network.csv,12,0,0.0,0.0,6.67,0,0,DOS,0,0.0,1.0,1.0,CRITICAL,0
Depsang Plains,35.1,77.8,Ladakh LAC,train_test_network.csv,12,0,0.0,0.0,6.67,0,0,BACKDOOR,0,0.0,1.0,1.0,CRITICAL,0
Doklam Plateau,27.3,89.1,Sikkim Ridge,train_test_network.csv,12,0,0.0,0.0,6.67,0,0,INJECTION,0,0.0,1.0,1.0,CRITICAL,0
Lipulekh Pass,30.2,80.3,Uttarakhand Pass,train_test_network.csv,12,0,0.31,0.0,6.67,0,0,NORMAL,0,0.0,1.0,0.0,LOW,0
Pangong Tso,33.7,78.9,Ladakh LAC,train_test_network.csv,12,0,0.0,0.0,6.67,0,0,DOS,0,0.0,1.0,1.0,CRITICAL,0
Lipulekh Pass,30.2,80.3,Uttarakhand Pass,train_test_network.csv,12,0,0.8,0.0,6.67,0,0,XSS,0,0.0,1.0,1.0,CRITICAL,0
Wagah Border,31.6,74.6,Punjab Sector,train_test_network.csv,12,0,0.0,0.0,6.67,0,0,DDOS,0,0.0,1.0,1.0,CRITICAL,0
Pangong Tso,33.7,78.9,Ladakh LAC,train_test_network.csv,12,0,0.0,0.0,6.67,0,0,NORMAL,0,0.0,1.0,0.0,LOW,0
Rann of Kutch,23.9,70.0,Gujarat Coast,train_test_network.csv,12,0,1.0,0.0,6.67,0,0,PASSWORD,0,0.0,1.0,1.0,CRITICAL,0
Doklam Plateau,27.3,89.1,Sikkim Ridge,train_test_network.csv,12,0,0.0,0.0,6.67,0,0,SCANNING,0,0.0,1.0,1.0,CRITICAL,0
Mizoram Border,22.7,92.7,Northeast Sector,train_test_network.csv,12,0,0.0,0.0,6.67,0,0,DDOS,0,0.0,1.0,1.0,CRITICAL,0
Galwan Valley,34.4,73.6,J&K LoC,train_test_network.csv,12,0,0.5,0.0,6.67,0,0,NORMAL,0,0.0,1.0,0.0,LOW,0
Tawang Sector,27.6,91.9,Arunachal Sector,train_test_network.csv,12,0,1.0,0.0,6.67,0,0,PASSWORD,0,0.0,1.0,1.0,CRITICAL,0
Barmer Sector,25.7,71.4,Rajasthan Border,train_test_network.csv,12,0,0.0,0.0,6.67,0,0,BACKDOOR,0,0.0,1.0,1.0,CRITICAL,0
Pir Panjal Range,33.5,74.2,J&K LoC,train_test_network.csv,12,0,0.0,0.0,6.67,0,0,DDOS,0,0.0,1.0,1.0,CRITICAL,0
Pangong Tso,33.7,78.9,Ladakh LAC,train_test_network.csv,12,0,0.0,0.0,6.67,0,0,NORMAL,0,0.0,1.0,0.0,LOW,0
Mizoram Border,22.7,92.7,Northeast Sector,train_test_network.csv,12,0,0.0,0.0,6.67,0,0,RANSOMWARE,0,0.0,1.0,1.0,CRITICAL,0
Siachen Glacier,35.5,76.9,Ladakh LAC,train_test_network.csv,12,0,1.0,0.0,6.67,0,0,INJECTION,0,0.0,1.0,1.0,CRITICAL,0
Doklam Plateau,27.3,89.1,Sikkim Ridge,train_test_network.csv,12,0,0.0,0.0,6.67,0,0,XSS,0,0.0,1.0,1.0,CRITICAL,0
Tawang Sector,27.6,91.9,Arunachal Sector,train_test_network.csv,12,0,0.0,0.0,6.67,0,0,NORMAL,0,0.0,1.0,0.0,LOW,0
Doklam Plateau,27.3,89.1,Sikkim Ridge,train_test_network.csv,12,0,0.0,0.0,6.67,0,0,BACKDOOR,0,0.0,1.0,1.0,CRITICAL,0
Pir Panjal Range,33.5,74.2,J&K LoC,train_test_network.csv,12,0,1.0,0.0,6.67,0,0,INJECTION,0,0.0,1.0,1.0,CRITICAL,0
Barmer Sector,25.7,71.4,Rajasthan Border,train_test_network.csv,12,0,0.0,0.0,6.67,0,0,RANSOMWARE,0,0.0,1.0,1.0,CRITICAL,0
Kutch Gulf,23.0,68.9,Gujarat Coast,train_test_network.csv,12,0,0.74,0.0,6.67,0,0,XSS,0,0.0,1.0,1.0,CRITICAL,0
Pangong Tso,33.7,78.9,Ladakh LAC,train_test_network.csv,12,0,0.0,0.0,6.67,0,0,DDOS,0,0.0,1.0,1.0,CRITICAL,0
Mizoram Border,22.7,92.7,Northeast Sector,train_test_network.csv,12,0,0.56,0.0,6.67,0,0,NORMAL,0,0.0,1.0,0.0,LOW,0
Doklam Plateau,27.3,89.1,Sikkim Ridge,train_test_network.csv,12,0,0.0,0.0,6.67,0,0,RANSOMWARE,0,0.0,1.0,1.0,CRITICAL,0
Wagah Border,31.6,74.6,Punjab Sector,train_test_network.csv,12,0,0.0,0.0,6.67,0,0,DDOS,0,0.0,1.0,1.0,CRITICAL,0
Barmer Sector,25.7,71.4,Rajasthan Border,train_test_network.csv,12,0,0.0,0.0,6.67,0,0,NORMAL,0,0.0,1.0,0.0,LOW,0
Wagah Border,31.6,74.6,Punjab Sector,train_test_network.csv,12,0,0.0,0.0,6.67,0,0,NORMAL,0,0.0,1.0,0.0,LOW,0
Wagah Border,31.6,74.6,Punjab Sector,train_test_network.csv,12,0,0.0,0.0,6.67,0,0,RANSOMWARE,0,0.0,1.0,1.0,CRITICAL,0
Nathula Pass,27.4,88.8,Sikkim Ridge,train_test_network.csv,12,0,0.0,0.0,6.67,0,0,NORMAL,0,0.0,1.0,0.0,LOW,0
Wagah Border,31.6,74.6,Punjab Sector,train_test_network.csv,12,0,1.0,0.0,6.67,0,0,INJECTION,0,0.0,1.0,1.0,CRITICAL,0
Pir Panjal Range,33.5,74.2,J&K LoC,train_test_network.csv,12,0,0.0,0.0,6.67,0,0,RANSOMWARE,0,0.0,1.0,1.0,CRITICAL,0
Anjaw District,28.1,96.3,Arunachal Sector,train_test_network.csv,12,0,0.0,0.0,6.67,0,0,DDOS,0,0.0,1.0,1.0,CRITICAL,0
Nathula Pass,27.4,88.8,Sikkim Ridge,train_test_network.csv,12,0,1.0,0.0,6.67,0,0,NORMAL,0,0.0,1.0,0.0,LOW,0
Siachen Glacier,35.5,76.9,Ladakh LAC,train_test_network.csv,12,0,1.0,0.0,6.67,0,0,DDOS,0,0.0,1.0,1.0,CRITICAL,0
Anjaw District,28.1,96.3,Arunachal Sector,train_test_network.csv,12,0,0.0,0.0,6.67,0,0,NORMAL,0,0.0,1.0,0.0,LOW,0
Kutch Gulf,23.0,68.9,Gujarat Coast,train_test_network.csv,12,0,0.0,0.0,6.67,0,0,NORMAL,0,0.0,1.0,0.0,LOW,0
Wagah Border,31.6,74.6,Punjab Sector,train_test_network.csv,12,0,0.0,0.0,6.67,0,0,NORMAL,0,0.0,1.0,0.0,LOW,0
Pangong Tso,33.7,78.9,Ladakh LAC,train_test_network.csv,12,0,0.0,0.0,6.67,0,0,NORMAL,0,0.0,1.0,0.0,LOW,0
Lipulekh Pass,30.2,80.3,Uttarakhand Pass,train_test_network.csv,12,0,0.0,0.0,6.67,0,0,SCANNING,0,0.0,1.0,1.0,CRITICAL,0
Rann of Kutch,23.9,70.0,Gujarat Coast,train_test_network.csv,12,0,1.0,0.0,6.67,0,0,NORMAL,0,0.0,1.0,0.0,LOW,0
Galwan Valley,34.4,73.6,J&K LoC,train_test_network.csv,12,0,0.0,0.0,6.67,0,0,NORMAL,0,0.0,1.0,0.0,LOW,0
Depsang Plains,35.1,77.8,Ladakh LAC,train_test_network.csv,12,0,0.0,0.0,6.67,0,0,NORMAL,0,0.0,1.0,0.0,LOW,0
Anjaw District,28.1,96.3,Arunachal Sector,train_test_network.csv,12,0,0.0,0.0,6.67,0,0,RANSOMWARE,0,0.0,1.0,1.0,CRITICAL,0
Wagah Border,31.6,74.6,Punjab Sector,train_test_network.csv,12,0,0.31,0.0,6.67,0,0,NORMAL,0,0.0,1.0,0.0,LOW,0
Tawang Sector,27.6,91.9,Arunachal Sector,train_test_network.csv,12,0,0.74,0.0,6.67,0,0,XSS,0,0.0,1.0,1.0,CRITICAL,0
Rann of Kutch,23.9,70.0,Gujarat Coast,train_test_network.csv,12,0,0.8,0.0,6.67,0,0,XSS,0,0.0,1.0,1.0,CRITICAL,0
Rann of Kutch,23.9,70.0,Gujarat Coast,train_test_network.csv,12,0,1.0,0.0,6.67,0,0,INJECTION,0,0.0,1.0,1.0,CRITICAL,0
Nathula Pass,27.4,88.8,Sikkim Ridge,train_test_network.csv,12,0,1.0,0.0,6.67,0,0,PASSWORD,0,0.0,1.0,1.0,CRITICAL,0
Anjaw District,28.1,96.3,Arunachal Sector,train_test_network.csv,12,0,1.0,0.0,6.67,0,0,NORMAL,0,0.0,1.0,0.0,LOW,0
Depsang Plains,35.1,77.8,Ladakh LAC,train_test_network.csv,12,0,0.7,0.0,6.67,0,0,DOS,0,0.0,1.0,1.0,CRITICAL,0
Rann of Kutch,23.9,70.0,Gujarat Coast,train_test_network.csv,12,0,0.0,0.0,6.67,0,0,NORMAL,0,0.0,1.0,0.0,LOW,0
Pir Panjal Range,33.5,74.2,J&K LoC,train_test_network.csv,12,0,0.0,0.0,6.67,0,0,RANSOMWARE,0,0.0,1.0,1.0,CRITICAL,0
Doklam Plateau,27.3,89.1,Sikkim Ridge,train_test_network.csv,12,0,0.0,0.0,6.67,0,0,SCANNING,0,0.0,1.0,1.0,CRITICAL,0
Nathula Pass,27.4,88.8,Sikkim Ridge,train_test_network.csv,12,0,0.52,0.0,6.67,0,0,DDOS,0,0.0,1.0,1.0,CRITICAL,0
Kutch Gulf,23.0,68.9,Gujarat Coast,train_test_network.csv,12,0,0.48,0.0,6.67,0,0,DDOS,0,0.0,1.0,1.0,CRITICAL,0
Barmer Sector,25.7,71.4,Rajasthan Border,train_test_network.csv,12,0,0.0,0.0,6.67,0,0,NORMAL,0,0.0,1.0,0.0,LOW,0
Siachen Glacier,35.5,76.9,Ladakh LAC,train_test_network.csv,12,0,0.0,0.0,6.67,0,0,DDOS,0,0.0,1.0,1.0,CRITICAL,0
Barmer Sector,25.7,71.4,Rajasthan Border,train_test_network.csv,12,0,1.0,0.0,6.67,0,0,NORMAL,0,0.0,1.0,0.0,LOW,0
Pir Panjal Range,33.5,74.2,J&K LoC,train_test_network.csv,12,0,0.0,0.0,6.67,0,0,INJECTION,0,0.0,1.0,1.0,CRITICAL,0
Kutch Gulf,23.0,68.9,Gujarat Coast,train_test_network.csv,12,0,1.0,0.0,6.67,0,0,PASSWORD,0,0.0,1.0,1.0,CRITICAL,0
Nathula Pass,27.4,88.8,Sikkim Ridge,train_test_network.csv,12,0,0.0,0.0,6.67,0,0,SCANNING,0,0.0,1.0,1.0,CRITICAL,0
Nathula Pass,27.4,88.8,Sikkim Ridge,train_test_network.csv,12,0,0.0,0.0,6.67,0,0,DOS,0,0.0,1.0,1.0,CRITICAL,0
Pangong Tso,33.7,78.9,Ladakh LAC,train_test_network.csv,12,0,0.41,0.0,6.67,0,0,NORMAL,0,0.0,1.0,0.0,LOW,0
Wagah Border,31.6,74.6,Punjab Sector,train_test_network.csv,12,0,0.45,0.0,6.67,0,0,NORMAL,0,0.0,1.0,0.0,LOW,0
Pangong Tso,33.7,78.9,Ladakh LAC,train_test_network.csv,12,0,0.0,0.0,6.67,0,0,BACKDOOR,0,0.0,1.0,1.0,CRITICAL,0
Anjaw District,28.1,96.3,Arunachal Sector,train_test_network.csv,12,0,0.0,0.0,6.67,0,0,RANSOMWARE,0,0.0,1.0,1.0,CRITICAL,0
Pangong Tso,33.7,78.9,Ladakh LAC,train_test_network.csv,12,0,1.0,0.0,6.67,0,0,NORMAL,0,0.0,1.0,0.0,LOW,0
Anjaw District,28.1,96.3,Arunachal Sector,train_test_network.csv,12,0,0.0,0.0,6.67,0,0,SCANNING,0,0.0,1.0,1.0,CRITICAL,0
Anjaw District,28.1,96.3,Arunachal Sector,train_test_network.csv,12,0,1.0,0.0,6.67,0,0,INJECTION,0,0.0,1.0,1.0,CRITICAL,0
Galwan Valley,34.4,73.6,J&K LoC,train_test_network.csv,12,0,1.0,0.0,6.67,0,0,PASSWORD,0,0.0,1.0,1.0,CRITICAL,0
Barmer Sector,25.7,71.4,Rajasthan Border,train_test_network.csv,12,0,0.58,0.0,6.67,0,0,DDOS,0,0.0,1.0,1.0,CRITICAL,0
Doklam Plateau,27.3,89.1,Sikkim Ridge,train_test_network.csv,12,0,1.0,0.0,6.67,0,0,DDOS,0,0.0,1.0,1.0,CRITICAL,0
Mizoram Border,22.7,92.7,Northeast Sector,train_test_network.csv,12,0,0.0,0.0,6.67,0,0,NORMAL,0,0.0,1.0,0.0,LOW,0
Siachen Glacier,35.5,76.9,Ladakh LAC,train_test_network.csv,12,0,0.0,0.0,6.67,0,0,PASSWORD,0,0.0,1.0,1.0,CRITICAL,0
Barmer Sector,25.7,71.4,Rajasthan Border,train_test_network.csv,12,0,0.0,0.0,6.67,0,0,DDOS,0,0.0,1.0,1.0,CRITICAL,0
Siachen Glacier,35.5,76.9,Ladakh LAC,train_test_network.csv,12,0,0.0,0.0,6.67,0,0,BACKDOOR,0,0.0,1.0,1.0,CRITICAL,0
Lipulekh Pass,30.2,80.3,Uttarakhand Pass,train_test_network.csv,12,0,1.0,0.0,6.67,0,0,INJECTION,0,0.0,1.0,1.0,CRITICAL,0
Nathula Pass,27.4,88.8,Sikkim Ridge,train_test_network.csv,12,0,0.0,0.0,6.67,0,0,NORMAL,0,0.0,1.0,0.0,LOW,0
Doklam Plateau,27.3,89.1,Sikkim Ridge,train_test_network.csv,12,0,1.0,0.0,6.67,0,0,NORMAL,0,0.0,1.0,0.0,LOW,0
Wagah Border,31.6,74.6,Punjab Sector,train_test_network.csv,12,0,0.0,0.0,6.67,0,0,SCANNING,0,0.0,1.0,1.0,CRITICAL,0
Rann of Kutch,23.9,70.0,Gujarat Coast,train_test_network.csv,12,0,0.0,0.0,6.67,0,0,BACKDOOR,0,0.0,1.0,1.0,CRITICAL,0
Tawang Sector,27.6,91.9,Arunachal Sector,train_test_network.csv,12,0,0.0,0.0,6.67,0,0,SCANNING,0,0.0,1.0,1.0,CRITICAL,0
Rann of Kutch,23.9,70.0,Gujarat Coast,train_test_network.csv,12,0,1.0,0.0,6.67,0,0,INJECTION,0,0.0,1.0,1.0,CRITICAL,0
Siachen Glacier,35.5,76.9,Ladakh LAC,train_test_network.csv,12,0,0.0,0.0,6.67,0,0,BACKDOOR,0,0.0,1.0,1.0,CRITICAL,0
Tawang Sector,27.6,91.9,Arunachal Sector,train_test_network.csv,12,0,0.0,0.0,6.67,0,0,DOS,0,0.0,1.0,1.0,CRITICAL,0
Tawang Sector,27.6,91.9,Arunachal Sector,train_test_network.csv,12,0,0.52,0.0,6.67,0,0,DDOS,0,0.0,1.0,1.0,CRITICAL,0
Mizoram Border,22.7,92.7,Northeast Sector,train_test_network.csv,12,0,0.0,0.0,6.67,0,0,NORMAL,0,0.0,1.0,0.0,LOW,0
Galwan Valley,34.4,73.6,J&K LoC,train_test_network.csv,12,0,0.0,0.0,6.67,0,0,BACKDOOR,0,0.0,1.0,1.0,CRITICAL,0
Anjaw District,28.1,96.3,Arunachal Sector,train_test_network.csv,12,0,0.0,0.0,6.67,0,0,PASSWORD,0,0.0,1.0,1.0,CRITICAL,0
Doklam Plateau,27.3,89.1,Sikkim Ridge,train_test_network.csv,12,0,0.0,0.0,6.67,0,0,BACKDOOR,0,0.0,1.0,1.0,CRITICAL,0
Rann of Kutch,23.9,70.0,Gujarat Coast,train_test_network.csv,12,0,0.0,0.0,6.67,0,0,BACKDOOR,0,0.0,1.0,1.0,CRITICAL,0
Nathula Pass,27.4,88.8,Sikkim Ridge,train_test_network.csv,12,0,1.0,0.0,6.67,0,0,NORMAL,0,0.0,1.0,0.0,LOW,0
Mizoram Border,22.7,92.7,Northeast Sector,train_test_network.csv,12,0,1.0,0.0,6.67,0,0,NORMAL,0,0.0,1.0,0.0,LOW,0
Kutch Gulf,23.0,68.9,Gujarat Coast,train_test_network.csv,12,0,0.0,0.0,6.67,0,0,SCANNING,0,0.0,1.0,1.0,CRITICAL,0
Barmer Sector,25.7,71.4,Rajasthan Border,train_test_network.csv,12,0,0.0,0.0,6.67,0,0,NORMAL,0,0.0,1.0,0.0,LOW,0
Kutch Gulf,23.0,68.9,Gujarat Coast,train_test_network.csv,12,0,0.0,0.0,6.67,0,0,SCANNING,0,0.0,1.0,1.0,CRITICAL,0
Siachen Glacier,35.5,76.9,Ladakh LAC,train_test_network.csv,12,0,0.0,0.0,6.67,0,0,DOS,0,0.0,1.0,1.0,CRITICAL,0
Doklam Plateau,27.3,89.1,Sikkim Ridge,train_test_network.csv,12,0,0.0,0.0,6.67,0,0,DOS,0,0.0,1.0,1.0,CRITICAL,0
Lipulekh Pass,30.2,80.3,Uttarakhand Pass,train_test_network.csv,12,0,0.0,0.0,6.67,0,0,DDOS,0,0.0,1.0,1.0,CRITICAL,0
Pangong Tso,33.7,78.9,Ladakh LAC,train_test_network.csv,12,0,0.0,0.0,6.67,0,0,DDOS,0,0.0,1.0,1.0,CRITICAL,0
Galwan Valley,34.4,73.6,J&K LoC,train_test_network.csv,12,0,0.0,0.0,6.67,0,0,BACKDOOR,0,0.0,1.0,1.0,CRITICAL,0
Siachen Glacier,35.5,76.9,Ladakh LAC,train_test_network.csv,12,0,0.0,0.0,6.67,0,0,BACKDOOR,0,0.0,1.0,1.0,CRITICAL,0
Kutch Gulf,23.0,68.9,Gujarat Coast,train_test_network.csv,12,0,0.0,0.0,6.67,0,0,RANSOMWARE,0,0.0,1.0,1.0,CRITICAL,0
Wagah Border,31.6,74.6,Punjab Sector,train_test_network.csv,12,0,0.0,0.0,6.67,0,0,DOS,0,0.0,1.0,1.0,CRITICAL,0
Tawang Sector,27.6,91.9,Arunachal Sector,train_test_network.csv,12,0,0.0,0.0,6.67,0,0,NORMAL,0,0.0,1.0,0.0,LOW,0
Kutch Gulf,23.0,68.9,Gujarat Coast,train_test_network.csv,12,0,1.0,0.0,6.67,0,0,PASSWORD,0,0.0,1.0,1.0,CRITICAL,0
Barmer Sector,25.7,71.4,Rajasthan Border,train_test_network.csv,12,0,0.0,0.0,6.67,0,0,XSS,0,0.0,1.0,1.0,CRITICAL,0
Rann of Kutch,23.9,70.0,Gujarat Coast,train_test_network.csv,12,0,0.0,0.0,6.67,0,0,RANSOMWARE,0,0.0,1.0,1.0,CRITICAL,0
Pir Panjal Range,33.5,74.2,J&K LoC,train_test_network.csv,12,0,0.0,0.0,6.67,0,0,DOS,0,0.0,1.0,1.0,CRITICAL,0
Pir Panjal Range,33.5,74.2,J&K LoC,train_test_network.csv,12,0,1.0,0.0,6.67,0,0,DDOS,0,0.0,1.0,1.0,CRITICAL,0
Siachen Glacier,35.5,76.9,Ladakh LAC,train_test_network.csv,12,0,0.0,0.0,6.67,0,0,NORMAL,0,0.0,1.0,0.0,LOW,0
Kutch Gulf,23.0,68.9,Gujarat Coast,train_test_network.csv,12,0,0.39,0.0,6.67,0,0,DDOS,0,0.0,1.0,1.0,CRITICAL,0
Anjaw District,28.1,96.3,Arunachal Sector,train_test_network.csv,12,0,1.0,0.0,6.67,0,0,DDOS,0,0.0,1.0,1.0,CRITICAL,0
Doklam Plateau,27.3,89.1,Sikkim Ridge,train_test_network.csv,12,0,0.0,0.0,6.67,0,0,DOS,0,0.0,1.0,1.0,CRITICAL,0
Wagah Border,31.6,74.6,Punjab Sector,train_test_network.csv,12,0,0.0,0.0,6.67,0,0,DOS,0,0.0,1.0,1.0,CRITICAL,0
Wagah Border,31.6,74.6,Punjab Sector,train_test_network.csv,12,0,0.0,0.0,6.67,0,0,DDOS,0,0.0,1.0,1.0,CRITICAL,0
Doklam Plateau,27.3,89.1,Sikkim Ridge,train_test_network.csv,12,0,1.0,0.0,6.67,0,0,PASSWORD,0,0.0,1.0,1.0,CRITICAL,0
Mizoram Border,22.7,92.7,Northeast Sector,train_test_network.csv,12,0,0.0,0.0,6.67,0,0,PASSWORD,0,0.0,1.0,1.0,CRITICAL,0
Siachen Glacier,35.5,76.9,Ladakh LAC,train_test_network.csv,12,0,0.78,0.0,6.67,0,0,MITM,0,0.0,1.0,1.0,CRITICAL,0
Galwan Valley,34.4,73.6,J&K LoC,train_test_network.csv,12,0,1.0,0.0,6.67,0,0,INJECTION,0,0.0,1.0,1.0,CRITICAL,0
Depsang Plains,35.1,77.8,Ladakh LAC,train_test_network.csv,12,0,0.0,0.0,6.67,0,0,NORMAL,0,0.0,1.0,0.0,LOW,0
Rann of Kutch,23.9,70.0,Gujarat Coast,train_test_network.csv,12,0,1.0,0.0,6.67,0,0,PASSWORD,0,0.0,1.0,1.0,CRITICAL,0
Doklam Plateau,27.3,89.1,Sikkim Ridge,train_test_network.csv,12,0,0.0,0.0,6.67,0,0,RANSOMWARE,0,0.0,1.0,1.0,CRITICAL,0
Doklam Plateau,27.3,89.1,Sikkim Ridge,train_test_network.csv,12,0,1.0,0.0,6.67,0,0,NORMAL,0,0.0,1.0,0.0,LOW,0
Wagah Border,31.6,74.6,Punjab Sector,train_test_network.csv,12,0,1.0,0.0,6.67,0,0,NORMAL,0,0.0,1.0,0.0,LOW,0
Doklam Plateau,27.3,89.1,Sikkim Ridge,train_test_network.csv,12,0,0.0,0.0,6.67,0,0,SCANNING,0,0.0,1.0,1.0,CRITICAL,0
Lipulekh Pass,30.2,80.3,Uttarakhand Pass,train_test_network.csv,12,0,1.0,0.0,6.67,0,0,PASSWORD,0,0.0,1.0,1.0,CRITICAL,0
Depsang Plains,35.1,77.8,Ladakh LAC,train_test_network.csv,12,0,1.0,0.0,6.67,0,0,PASSWORD,0,0.0,1.0,1.0,CRITICAL,0
Siachen Glacier,35.5,76.9,Ladakh LAC,train_test_network.csv,12,0,0.0,0.0,6.67,0,0,RANSOMWARE,0,0.0,1.0,1.0,CRITICAL,0
Pir Panjal Range,33.5,74.2,J&K LoC,train_test_network.csv,12,0,0.0,0.0,6.67,0,0,NORMAL,0,0.0,1.0,0.0,LOW,0
Doklam Plateau,27.3,89.1,Sikkim Ridge,train_test_network.csv,12,0,0.0,0.0,6.67,0,0,NORMAL,0,0.0,1.0,0.0,LOW,0
Siachen Glacier,35.5,76.9,Ladakh LAC,train_test_network.csv,12,0,0.0,0.0,6.67,0,0,RANSOMWARE,0,0.0,1.0,1.0,CRITICAL,0
Anjaw District,28.1,96.3,Arunachal Sector,train_test_network.csv,12,0,1.0,0.0,6.67,0,0,XSS,0,0.0,1.0,1.0,CRITICAL,0
Anjaw District,28.1,96.3,Arunachal Sector,train_test_network.csv,12,0,0.84,0.0,6.67,0,0,PASSWORD,0,0.0,1.0,1.0,CRITICAL,0
Tawang Sector,27.6,91.9,Arunachal Sector,train_test_network.csv,12,0,0.0,0.0,6.67,0,0,PASSWORD,0,0.0,1.0,1.0,CRITICAL,0
Tawang Sector,27.6,91.9,Arunachal Sector,train_test_network.csv,12,0,0.0,0.0,6.67,0,0,BACKDOOR,0,0.0,1.0,1.0,CRITICAL,0
Barmer Sector,25.7,71.4,Rajasthan Border,train_test_network.csv,12,0,0.0,0.0,6.67,0,0,NORMAL,0,0.0,1.0,0.0,LOW,0
Galwan Valley,34.4,73.6,J&K LoC,train_test_network.csv,12,0,0.0,0.0,6.67,0,0,DOS,0,0.0,1.0,1.0,CRITICAL,0
Tawang Sector,27.6,91.9,Arunachal Sector,train_test_network.csv,12,0,1.0,0.0,6.67,0,0,NORMAL,0,0.0,1.0,0.0,LOW,0
Nathula Pass,27.4,88.8,Sikkim Ridge,train_test_network.csv,12,0,0.0,0.0,6.67,0,0,NORMAL,0,0.0,1.0,0.0,LOW,0
Lipulekh Pass,30.2,80.3,Uttarakhand Pass,train_test_network.csv,12,0,0.0,0.0,6.67,0,0,BACKDOOR,0,0.0,1.0,1.0,CRITICAL,0
Pir Panjal Range,33.5,74.2,J&K LoC,train_test_network.csv,12,0,1.0,0.0,6.67,0,0,INJECTION,0,0.0,1.0,1.0,CRITICAL,0
Pir Panjal Range,33.5,74.2,J&K LoC,train_test_network.csv,12,0,0.0,0.0,6.67,0,0,SCANNING,0,0.0,1.0,1.0,CRITICAL,0
Tawang Sector,27.6,91.9,Arunachal Sector,train_test_network.csv,12,0,0.0,0.0,6.67,0,0,NORMAL,0,0.0,1.0,0.0,LOW,0
Lipulekh Pass,30.2,80.3,Uttarakhand Pass,train_test_network.csv,12,0,1.0,0.0,6.67,0,0,INJECTION,0,0.0,1.0,1.0,CRITICAL,0
Depsang Plains,35.1,77.8,Ladakh LAC,train_test_network.csv,12,0,0.0,0.0,6.67,0,0,NORMAL,0,0.0,1.0,0.0,LOW,0
Wagah Border,31.6,74.6,Punjab Sector,train_test_network.csv,12,0,0.0,0.0,6.67,0,0,DDOS,0,0.0,1.0,1.0,CRITICAL,0
Siachen Glacier,35.5,76.9,Ladakh LAC,train_test_network.csv,12,0,0.0,0.0,6.67,0,0,BACKDOOR,0,0.0,1.0,1.0,CRITICAL,0
Galwan Valley,34.4,73.6,J&K LoC,train_test_network.csv,12,0,0.0,0.0,6.67,0,0,NORMAL,0,0.0,1.0,0.0,LOW,0
Barmer Sector,25.7,71.4,Rajasthan Border,train_test_network.csv,12,0,1.0,0.0,6.67,0,0,PASSWORD,0,0.0,1.0,1.0,CRITICAL,0
Siachen Glacier,35.5,76.9,Ladakh LAC,train_test_network.csv,12,0,0.0,0.0,6.67,0,0,DOS,0,0.0,1.0,1.0,CRITICAL,0
Nathula Pass,27.4,88.8,Sikkim Ridge,train_test_network.csv,12,0,1.0,0.0,6.67,0,0,PASSWORD,0,0.0,1.0,1.0,CRITICAL,0
Galwan Valley,34.4,73.6,J&K LoC,train_test_network.csv,12,0,1.0,0.0,6.67,0,0,PASSWORD,0,0.0,1.0,1.0,CRITICAL,0
Kutch Gulf,23.0,68.9,Gujarat Coast,train_test_network.csv,12,0,0.0,0.0,6.67,0,0,DDOS,0,0.0,1.0,1.0,CRITICAL,0
Kutch Gulf,23.0,68.9,Gujarat Coast,train_test_network.csv,12,0,0.0,0.0,6.67,0,0,BACKDOOR,0,0.0,1.0,1.0,CRITICAL,0
Lipulekh Pass,30.2,80.3,Uttarakhand Pass,train_test_network.csv,12,0,1.0,0.0,6.67,0,0,NORMAL,0,0.0,1.0,0.0,LOW,0
Rann of Kutch,23.9,70.0,Gujarat Coast,train_test_network.csv,12,0,0.0,0.0,6.67,0,0,RANSOMWARE,0,0.0,1.0,1.0,CRITICAL,0
Doklam Plateau,27.3,89.1,Sikkim Ridge,train_test_network.csv,12,0,0.0,0.0,6.67,0,0,DOS,0,0.0,1.0,1.0,CRITICAL,0
Siachen Glacier,35.5,76.9,Ladakh LAC,train_test_network.csv,12,0,0.0,0.0,6.67,0,0,DDOS,0,0.0,1.0,1.0,CRITICAL,0
Siachen Glacier,35.5,76.9,Ladakh LAC,train_test_network.csv,12,0,1.0,0.0,6.67,0,0,XSS,0,0.0,1.0,1.0,CRITICAL,0
Pangong Tso,33.7,78.9,Ladakh LAC,train_test_network.csv,12,0,1.0,0.0,6.67,0,0,DDOS,0,0.0,1.0,1.0,CRITICAL,0
Pangong Tso,33.7,78.9,Ladakh LAC,train_test_network.csv,12,0,1.0,0.0,6.67,0,0,XSS,0,0.0,1.0,1.0,CRITICAL,0
Tawang Sector,27.6,91.9,Arunachal Sector,train_test_network.csv,12,0,1.0,0.0,6.67,0,0,XSS,0,0.0,1.0,1.0,CRITICAL,0
Pangong Tso,33.7,78.9,Ladakh LAC,train_test_network.csv,12,0,0.0,0.0,6.67,0,0,RANSOMWARE,0,0.0,1.0,1.0,CRITICAL,0
Lipulekh Pass,30.2,80.3,Uttarakhand Pass,train_test_network.csv,12,0,0.88,0.0,6.67,0,0,PASSWORD,0,0.0,1.0,1.0,CRITICAL,0
Siachen Glacier,35.5,76.9,Ladakh LAC,train_test_network.csv,12,0,0.0,0.0,6.67,0,0,BACKDOOR,0,0.0,1.0,1.0,CRITICAL,0
Wagah Border,31.6,74.6,Punjab Sector,train_test_network.csv,12,0,0.0,0.0,6.67,0,0,NORMAL,0,0.0,1.0,0.0,LOW,0
Anjaw District,28.1,96.3,Arunachal Sector,train_test_network.csv,12,0,1.0,0.0,6.67,0,0,INJECTION,0,0.0,1.0,1.0,CRITICAL,0
Barmer Sector,25.7,71.4,Rajasthan Border,train_test_network.csv,12,0,0.0,0.0,6.67,0,0,RANSOMWARE,0,0.0,1.0,1.0,CRITICAL,0
Nathula Pass,27.4,88.8,Sikkim Ridge,train_test_network.csv,12,0,1.0,0.0,6.67,0,0,XSS,0,0.0,1.0,1.0,CRITICAL,0
Pir Panjal Range,33.5,74.2,J&K LoC,train_test_network.csv,12,0,0.64,0.0,6.67,0,0,MITM,0,0.0,1.0,1.0,CRITICAL,0
Doklam Plateau,27.3,89.1,Sikkim Ridge,train_test_network.csv,12,0,0.0,0.0,6.67,0,0,RANSOMWARE,0,0.0,1.0,1.0,CRITICAL,0
Tawang Sector,27.6,91.9,Arunachal Sector,train_test_network.csv,12,0,1.0,0.0,6.67,0,0,INJECTION,0,0.0,1.0,1.0,CRITICAL,0
Lipulekh Pass,30.2,80.3,Uttarakhand Pass,train_test_network.csv,12,0,1.0,0.0,6.67,0,0,INJECTION,0,0.0,1.0,1.0,CRITICAL,0
Wagah Border,31.6,74.6,Punjab Sector,train_test_network.csv,12,0,1.0,0.0,6.67,0,0,INJECTION,0,0.0,1.0,1.0,CRITICAL,0
Doklam Plateau,27.3,89.1,Sikkim Ridge,train_test_network.csv,12,0,0.0,0.0,6.67,0,0,RANSOMWARE,0,0.0,1.0,1.0,CRITICAL,0
Lipulekh Pass,30.2,80.3,Uttarakhand Pass,train_test_network.csv,12,0,0.54,0.0,6.67,0,0,DDOS,0,0.0,1.0,1.0,CRITICAL,0
Nathula Pass,27.4,88.8,Sikkim Ridge,train_test_network.csv,12,0,0.0,0.0,6.67,0,0,DDOS,0,0.0,1.0,1.0,CRITICAL,0
Tawang Sector,27.6,91.9,Arunachal Sector,train_test_network.csv,12,0,0.0,0.0,6.67,0,0,NORMAL,0,0.0,1.0,0.0,LOW,0
